INSERT INTO `oh_grouppermission` (`GP_ID`, `GP_UG_ID_A`, `GP_P_ID_A`, `GP_ACTIVE`, `GP_CREATED_BY`, `GP_CREATED_DATE`, `GP_LAST_MODIFIED_BY`, `GP_LAST_MODIFIED_DATE`) VALUES (1,'admin',1,'1',NULL,NULL,NULL,NULL);
INSERT INTO `oh_grouppermission` (`GP_ID`, `GP_UG_ID_A`, `GP_P_ID_A`, `GP_ACTIVE`, `GP_CREATED_BY`, `GP_CREATED_DATE`, `GP_LAST_MODIFIED_BY`, `GP_LAST_MODIFIED_DATE`) VALUES (2,'admin',2,'1',NULL,NULL,NULL,NULL);
INSERT INTO `oh_grouppermission` (`GP_ID`, `GP_UG_ID_A`, `GP_P_ID_A`, `GP_ACTIVE`, `GP_CREATED_BY`, `GP_CREATED_DATE`, `GP_LAST_MODIFIED_BY`, `GP_LAST_MODIFIED_DATE`) VALUES (3,'admin',3,'1',NULL,NULL,NULL,NULL);
INSERT INTO `oh_grouppermission` (`GP_ID`, `GP_UG_ID_A`, `GP_P_ID_A`, `GP_ACTIVE`, `GP_CREATED_BY`, `GP_CREATED_DATE`, `GP_LAST_MODIFIED_BY`, `GP_LAST_MODIFIED_DATE`) VALUES (4,'admin',4,'1',NULL,NULL,NULL,NULL);
INSERT INTO `oh_grouppermission` (`GP_ID`, `GP_UG_ID_A`, `GP_P_ID_A`, `GP_ACTIVE`, `GP_CREATED_BY`, `GP_CREATED_DATE`, `GP_LAST_MODIFIED_BY`, `GP_LAST_MODIFIED_DATE`) VALUES (5,'admin',5,'1',NULL,NULL,NULL,NULL);
INSERT INTO `oh_grouppermission` (`GP_ID`, `GP_UG_ID_A`, `GP_P_ID_A`, `GP_ACTIVE`, `GP_CREATED_BY`, `GP_CREATED_DATE`, `GP_LAST_MODIFIED_BY`, `GP_LAST_MODIFIED_DATE`) VALUES (6,'admin',6,'1',NULL,NULL,NULL,NULL);
INSERT INTO `oh_grouppermission` (`GP_ID`, `GP_UG_ID_A`, `GP_P_ID_A`, `GP_ACTIVE`, `GP_CREATED_BY`, `GP_CREATED_DATE`, `GP_LAST_MODIFIED_BY`, `GP_LAST_MODIFIED_DATE`) VALUES (7,'admin',7,'1',NULL,NULL,NULL,NULL);
INSERT INTO `oh_grouppermission` (`GP_ID`, `GP_UG_ID_A`, `GP_P_ID_A`, `GP_ACTIVE`, `GP_CREATED_BY`, `GP_CREATED_DATE`, `GP_LAST_MODIFIED_BY`, `GP_LAST_MODIFIED_DATE`) VALUES (8,'admin',8,'1',NULL,NULL,NULL,NULL);
INSERT INTO `oh_grouppermission` (`GP_ID`, `GP_UG_ID_A`, `GP_P_ID_A`, `GP_ACTIVE`, `GP_CREATED_BY`, `GP_CREATED_DATE`, `GP_LAST_MODIFIED_BY`, `GP_LAST_MODIFIED_DATE`) VALUES (9,'admin',9,'1',NULL,NULL,NULL,NULL);
INSERT INTO `oh_grouppermission` (`GP_ID`, `GP_UG_ID_A`, `GP_P_ID_A`, `GP_ACTIVE`, `GP_CREATED_BY`, `GP_CREATED_DATE`, `GP_LAST_MODIFIED_BY`, `GP_LAST_MODIFIED_DATE`) VALUES (10,'admin',10,'1',NULL,NULL,NULL,NULL);
INSERT INTO `oh_grouppermission` (`GP_ID`, `GP_UG_ID_A`, `GP_P_ID_A`, `GP_ACTIVE`, `GP_CREATED_BY`, `GP_CREATED_DATE`, `GP_LAST_MODIFIED_BY`, `GP_LAST_MODIFIED_DATE`) VALUES (11,'admin',11,'1',NULL,NULL,NULL,NULL);
INSERT INTO `oh_grouppermission` (`GP_ID`, `GP_UG_ID_A`, `GP_P_ID_A`, `GP_ACTIVE`, `GP_CREATED_BY`, `GP_CREATED_DATE`, `GP_LAST_MODIFIED_BY`, `GP_LAST_MODIFIED_DATE`) VALUES (12,'admin',12,'1',NULL,NULL,NULL,NULL);
INSERT INTO `oh_grouppermission` (`GP_ID`, `GP_UG_ID_A`, `GP_P_ID_A`, `GP_ACTIVE`, `GP_CREATED_BY`, `GP_CREATED_DATE`, `GP_LAST_MODIFIED_BY`, `GP_LAST_MODIFIED_DATE`) VALUES (13,'admin',13,'1',NULL,NULL,NULL,NULL);
INSERT INTO `oh_grouppermission` (`GP_ID`, `GP_UG_ID_A`, `GP_P_ID_A`, `GP_ACTIVE`, `GP_CREATED_BY`, `GP_CREATED_DATE`, `GP_LAST_MODIFIED_BY`, `GP_LAST_MODIFIED_DATE`) VALUES (14,'admin',14,'1',NULL,NULL,NULL,NULL);
INSERT INTO `oh_grouppermission` (`GP_ID`, `GP_UG_ID_A`, `GP_P_ID_A`, `GP_ACTIVE`, `GP_CREATED_BY`, `GP_CREATED_DATE`, `GP_LAST_MODIFIED_BY`, `GP_LAST_MODIFIED_DATE`) VALUES (15,'admin',15,'1',NULL,NULL,NULL,NULL);
INSERT INTO `oh_grouppermission` (`GP_ID`, `GP_UG_ID_A`, `GP_P_ID_A`, `GP_ACTIVE`, `GP_CREATED_BY`, `GP_CREATED_DATE`, `GP_LAST_MODIFIED_BY`, `GP_LAST_MODIFIED_DATE`) VALUES (16,'admin',16,'1',NULL,NULL,NULL,NULL);
INSERT INTO `oh_grouppermission` (`GP_ID`, `GP_UG_ID_A`, `GP_P_ID_A`, `GP_ACTIVE`, `GP_CREATED_BY`, `GP_CREATED_DATE`, `GP_LAST_MODIFIED_BY`, `GP_LAST_MODIFIED_DATE`) VALUES (17,'admin',17,'1',NULL,NULL,NULL,NULL);
INSERT INTO `oh_grouppermission` (`GP_ID`, `GP_UG_ID_A`, `GP_P_ID_A`, `GP_ACTIVE`, `GP_CREATED_BY`, `GP_CREATED_DATE`, `GP_LAST_MODIFIED_BY`, `GP_LAST_MODIFIED_DATE`) VALUES (18,'admin',18,'1',NULL,NULL,NULL,NULL);
INSERT INTO `oh_grouppermission` (`GP_ID`, `GP_UG_ID_A`, `GP_P_ID_A`, `GP_ACTIVE`, `GP_CREATED_BY`, `GP_CREATED_DATE`, `GP_LAST_MODIFIED_BY`, `GP_LAST_MODIFIED_DATE`) VALUES (19,'admin',19,'1',NULL,NULL,NULL,NULL);
INSERT INTO `oh_grouppermission` (`GP_ID`, `GP_UG_ID_A`, `GP_P_ID_A`, `GP_ACTIVE`, `GP_CREATED_BY`, `GP_CREATED_DATE`, `GP_LAST_MODIFIED_BY`, `GP_LAST_MODIFIED_DATE`) VALUES (20,'admin',20,'1',NULL,NULL,NULL,NULL);
INSERT INTO `oh_grouppermission` (`GP_ID`, `GP_UG_ID_A`, `GP_P_ID_A`, `GP_ACTIVE`, `GP_CREATED_BY`, `GP_CREATED_DATE`, `GP_LAST_MODIFIED_BY`, `GP_LAST_MODIFIED_DATE`) VALUES (21,'admin',21,'1',NULL,NULL,NULL,NULL);
INSERT INTO `oh_grouppermission` (`GP_ID`, `GP_UG_ID_A`, `GP_P_ID_A`, `GP_ACTIVE`, `GP_CREATED_BY`, `GP_CREATED_DATE`, `GP_LAST_MODIFIED_BY`, `GP_LAST_MODIFIED_DATE`) VALUES (22,'admin',22,'1',NULL,NULL,NULL,NULL);
INSERT INTO `oh_grouppermission` (`GP_ID`, `GP_UG_ID_A`, `GP_P_ID_A`, `GP_ACTIVE`, `GP_CREATED_BY`, `GP_CREATED_DATE`, `GP_LAST_MODIFIED_BY`, `GP_LAST_MODIFIED_DATE`) VALUES (23,'admin',23,'1',NULL,NULL,NULL,NULL);
INSERT INTO `oh_grouppermission` (`GP_ID`, `GP_UG_ID_A`, `GP_P_ID_A`, `GP_ACTIVE`, `GP_CREATED_BY`, `GP_CREATED_DATE`, `GP_LAST_MODIFIED_BY`, `GP_LAST_MODIFIED_DATE`) VALUES (24,'admin',24,'1',NULL,NULL,NULL,NULL);
INSERT INTO `oh_grouppermission` (`GP_ID`, `GP_UG_ID_A`, `GP_P_ID_A`, `GP_ACTIVE`, `GP_CREATED_BY`, `GP_CREATED_DATE`, `GP_LAST_MODIFIED_BY`, `GP_LAST_MODIFIED_DATE`) VALUES (25,'admin',25,'1',NULL,NULL,NULL,NULL);
INSERT INTO `oh_grouppermission` (`GP_ID`, `GP_UG_ID_A`, `GP_P_ID_A`, `GP_ACTIVE`, `GP_CREATED_BY`, `GP_CREATED_DATE`, `GP_LAST_MODIFIED_BY`, `GP_LAST_MODIFIED_DATE`) VALUES (26,'admin',26,'1',NULL,NULL,NULL,NULL);
INSERT INTO `oh_grouppermission` (`GP_ID`, `GP_UG_ID_A`, `GP_P_ID_A`, `GP_ACTIVE`, `GP_CREATED_BY`, `GP_CREATED_DATE`, `GP_LAST_MODIFIED_BY`, `GP_LAST_MODIFIED_DATE`) VALUES (27,'admin',27,'1',NULL,NULL,NULL,NULL);
INSERT INTO `oh_grouppermission` (`GP_ID`, `GP_UG_ID_A`, `GP_P_ID_A`, `GP_ACTIVE`, `GP_CREATED_BY`, `GP_CREATED_DATE`, `GP_LAST_MODIFIED_BY`, `GP_LAST_MODIFIED_DATE`) VALUES (28,'admin',28,'1',NULL,NULL,NULL,NULL);
INSERT INTO `oh_grouppermission` (`GP_ID`, `GP_UG_ID_A`, `GP_P_ID_A`, `GP_ACTIVE`, `GP_CREATED_BY`, `GP_CREATED_DATE`, `GP_LAST_MODIFIED_BY`, `GP_LAST_MODIFIED_DATE`) VALUES (29,'admin',29,'1',NULL,NULL,NULL,NULL);
INSERT INTO `oh_grouppermission` (`GP_ID`, `GP_UG_ID_A`, `GP_P_ID_A`, `GP_ACTIVE`, `GP_CREATED_BY`, `GP_CREATED_DATE`, `GP_LAST_MODIFIED_BY`, `GP_LAST_MODIFIED_DATE`) VALUES (30,'admin',30,'1',NULL,NULL,NULL,NULL);
INSERT INTO `oh_grouppermission` (`GP_ID`, `GP_UG_ID_A`, `GP_P_ID_A`, `GP_ACTIVE`, `GP_CREATED_BY`, `GP_CREATED_DATE`, `GP_LAST_MODIFIED_BY`, `GP_LAST_MODIFIED_DATE`) VALUES (215,'doctor',1,'1',NULL,NULL,NULL,NULL);
INSERT INTO `oh_grouppermission` (`GP_ID`, `GP_UG_ID_A`, `GP_P_ID_A`, `GP_ACTIVE`, `GP_CREATED_BY`, `GP_CREATED_DATE`, `GP_LAST_MODIFIED_BY`, `GP_LAST_MODIFIED_DATE`) VALUES (216,'doctor',2,'1',NULL,NULL,NULL,NULL);
INSERT INTO `oh_grouppermission` (`GP_ID`, `GP_UG_ID_A`, `GP_P_ID_A`, `GP_ACTIVE`, `GP_CREATED_BY`, `GP_CREATED_DATE`, `GP_LAST_MODIFIED_BY`, `GP_LAST_MODIFIED_DATE`) VALUES (217,'doctor',3,'1',NULL,NULL,NULL,NULL);
INSERT INTO `oh_grouppermission` (`GP_ID`, `GP_UG_ID_A`, `GP_P_ID_A`, `GP_ACTIVE`, `GP_CREATED_BY`, `GP_CREATED_DATE`, `GP_LAST_MODIFIED_BY`, `GP_LAST_MODIFIED_DATE`) VALUES (218,'doctor',4,'1',NULL,NULL,NULL,NULL);
INSERT INTO `oh_grouppermission` (`GP_ID`, `GP_UG_ID_A`, `GP_P_ID_A`, `GP_ACTIVE`, `GP_CREATED_BY`, `GP_CREATED_DATE`, `GP_LAST_MODIFIED_BY`, `GP_LAST_MODIFIED_DATE`) VALUES (219,'doctor',6,'1',NULL,NULL,NULL,NULL);
INSERT INTO `oh_grouppermission` (`GP_ID`, `GP_UG_ID_A`, `GP_P_ID_A`, `GP_ACTIVE`, `GP_CREATED_BY`, `GP_CREATED_DATE`, `GP_LAST_MODIFIED_BY`, `GP_LAST_MODIFIED_DATE`) VALUES (220,'doctor',9,'1',NULL,NULL,NULL,NULL);
INSERT INTO `oh_grouppermission` (`GP_ID`, `GP_UG_ID_A`, `GP_P_ID_A`, `GP_ACTIVE`, `GP_CREATED_BY`, `GP_CREATED_DATE`, `GP_LAST_MODIFIED_BY`, `GP_LAST_MODIFIED_DATE`) VALUES (221,'doctor',12,'1',NULL,NULL,NULL,NULL);
INSERT INTO `oh_grouppermission` (`GP_ID`, `GP_UG_ID_A`, `GP_P_ID_A`, `GP_ACTIVE`, `GP_CREATED_BY`, `GP_CREATED_DATE`, `GP_LAST_MODIFIED_BY`, `GP_LAST_MODIFIED_DATE`) VALUES (222,'doctor',16,'1',NULL,NULL,NULL,NULL);
INSERT INTO `oh_grouppermission` (`GP_ID`, `GP_UG_ID_A`, `GP_P_ID_A`, `GP_ACTIVE`, `GP_CREATED_BY`, `GP_CREATED_DATE`, `GP_LAST_MODIFIED_BY`, `GP_LAST_MODIFIED_DATE`) VALUES (223,'doctor',20,'1',NULL,NULL,NULL,NULL);
INSERT INTO `oh_grouppermission` (`GP_ID`, `GP_UG_ID_A`, `GP_P_ID_A`, `GP_ACTIVE`, `GP_CREATED_BY`, `GP_CREATED_DATE`, `GP_LAST_MODIFIED_BY`, `GP_LAST_MODIFIED_DATE`) VALUES (224,'doctor',24,'1',NULL,NULL,NULL,NULL);
INSERT INTO `oh_grouppermission` (`GP_ID`, `GP_UG_ID_A`, `GP_P_ID_A`, `GP_ACTIVE`, `GP_CREATED_BY`, `GP_CREATED_DATE`, `GP_LAST_MODIFIED_BY`, `GP_LAST_MODIFIED_DATE`) VALUES (225,'doctor',28,'1',NULL,NULL,NULL,NULL);
INSERT INTO `oh_permissions` (`P_ID_A`, `P_NAME`, `P_DESCRIPTION`, `P_ACTIVE`, `P_CREATED_BY`, `P_CREATED_DATE`, `P_LAST_MODIFIED_BY`, `P_LAST_MODIFIED_DATE`) VALUES (1,'admissions.create','','1',NULL,NULL,NULL,NULL);
INSERT INTO `oh_permissions` (`P_ID_A`, `P_NAME`, `P_DESCRIPTION`, `P_ACTIVE`, `P_CREATED_BY`, `P_CREATED_DATE`, `P_LAST_MODIFIED_BY`, `P_LAST_MODIFIED_DATE`) VALUES (2,'admissions.read','','1',NULL,NULL,NULL,NULL);
INSERT INTO `oh_permissions` (`P_ID_A`, `P_NAME`, `P_DESCRIPTION`, `P_ACTIVE`, `P_CREATED_BY`, `P_CREATED_DATE`, `P_LAST_MODIFIED_BY`, `P_LAST_MODIFIED_DATE`) VALUES (3,'admissions.update','','1',NULL,NULL,NULL,NULL);
INSERT INTO `oh_permissions` (`P_ID_A`, `P_NAME`, `P_DESCRIPTION`, `P_ACTIVE`, `P_CREATED_BY`, `P_CREATED_DATE`, `P_LAST_MODIFIED_BY`, `P_LAST_MODIFIED_DATE`) VALUES (4,'admissions.delete','','1',NULL,NULL,NULL,NULL);
INSERT INTO `oh_permissions` (`P_ID_A`, `P_NAME`, `P_DESCRIPTION`, `P_ACTIVE`, `P_CREATED_BY`, `P_CREATED_DATE`, `P_LAST_MODIFIED_BY`, `P_LAST_MODIFIED_DATE`) VALUES (5,'admissiontypes.create','','1',NULL,NULL,NULL,NULL);
INSERT INTO `oh_permissions` (`P_ID_A`, `P_NAME`, `P_DESCRIPTION`, `P_ACTIVE`, `P_CREATED_BY`, `P_CREATED_DATE`, `P_LAST_MODIFIED_BY`, `P_LAST_MODIFIED_DATE`) VALUES (6,'admissiontypes.read','','1',NULL,NULL,NULL,NULL);
INSERT INTO `oh_permissions` (`P_ID_A`, `P_NAME`, `P_DESCRIPTION`, `P_ACTIVE`, `P_CREATED_BY`, `P_CREATED_DATE`, `P_LAST_MODIFIED_BY`, `P_LAST_MODIFIED_DATE`) VALUES (7,'admissiontypes.update','','1',NULL,NULL,NULL,NULL);
INSERT INTO `oh_permissions` (`P_ID_A`, `P_NAME`, `P_DESCRIPTION`, `P_ACTIVE`, `P_CREATED_BY`, `P_CREATED_DATE`, `P_LAST_MODIFIED_BY`, `P_LAST_MODIFIED_DATE`) VALUES (8,'admissiontypes.delete','','1',NULL,NULL,NULL,NULL);
INSERT INTO `oh_permissions` (`P_ID_A`, `P_NAME`, `P_DESCRIPTION`, `P_ACTIVE`, `P_CREATED_BY`, `P_CREATED_DATE`, `P_LAST_MODIFIED_BY`, `P_LAST_MODIFIED_DATE`) VALUES (9,'agetypes.read','','1',NULL,NULL,NULL,NULL);
INSERT INTO `oh_permissions` (`P_ID_A`, `P_NAME`, `P_DESCRIPTION`, `P_ACTIVE`, `P_CREATED_BY`, `P_CREATED_DATE`, `P_LAST_MODIFIED_BY`, `P_LAST_MODIFIED_DATE`) VALUES (10,'agetypes.update','','1',NULL,NULL,NULL,NULL);
INSERT INTO `oh_permissions` (`P_ID_A`, `P_NAME`, `P_DESCRIPTION`, `P_ACTIVE`, `P_CREATED_BY`, `P_CREATED_DATE`, `P_LAST_MODIFIED_BY`, `P_LAST_MODIFIED_DATE`) VALUES (11,'dischargetypes.create','','1',NULL,NULL,NULL,NULL);
INSERT INTO `oh_permissions` (`P_ID_A`, `P_NAME`, `P_DESCRIPTION`, `P_ACTIVE`, `P_CREATED_BY`, `P_CREATED_DATE`, `P_LAST_MODIFIED_BY`, `P_LAST_MODIFIED_DATE`) VALUES (12,'dischargetypes.read','','1',NULL,NULL,NULL,NULL);
INSERT INTO `oh_permissions` (`P_ID_A`, `P_NAME`, `P_DESCRIPTION`, `P_ACTIVE`, `P_CREATED_BY`, `P_CREATED_DATE`, `P_LAST_MODIFIED_BY`, `P_LAST_MODIFIED_DATE`) VALUES (13,'dischargetypes.update','','1',NULL,NULL,NULL,NULL);
INSERT INTO `oh_permissions` (`P_ID_A`, `P_NAME`, `P_DESCRIPTION`, `P_ACTIVE`, `P_CREATED_BY`, `P_CREATED_DATE`, `P_LAST_MODIFIED_BY`, `P_LAST_MODIFIED_DATE`) VALUES (14,'dischargetypes.delete','','1',NULL,NULL,NULL,NULL);
INSERT INTO `oh_permissions` (`P_ID_A`, `P_NAME`, `P_DESCRIPTION`, `P_ACTIVE`, `P_CREATED_BY`, `P_CREATED_DATE`, `P_LAST_MODIFIED_BY`, `P_LAST_MODIFIED_DATE`) VALUES (15,'diseases.create','','1',NULL,NULL,NULL,NULL);
INSERT INTO `oh_permissions` (`P_ID_A`, `P_NAME`, `P_DESCRIPTION`, `P_ACTIVE`, `P_CREATED_BY`, `P_CREATED_DATE`, `P_LAST_MODIFIED_BY`, `P_LAST_MODIFIED_DATE`) VALUES (16,'diseases.read','','1',NULL,NULL,NULL,NULL);
INSERT INTO `oh_permissions` (`P_ID_A`, `P_NAME`, `P_DESCRIPTION`, `P_ACTIVE`, `P_CREATED_BY`, `P_CREATED_DATE`, `P_LAST_MODIFIED_BY`, `P_LAST_MODIFIED_DATE`) VALUES (17,'diseases.update','','1',NULL,NULL,NULL,NULL);
INSERT INTO `oh_permissions` (`P_ID_A`, `P_NAME`, `P_DESCRIPTION`, `P_ACTIVE`, `P_CREATED_BY`, `P_CREATED_DATE`, `P_LAST_MODIFIED_BY`, `P_LAST_MODIFIED_DATE`) VALUES (18,'diseases.delete','','1',NULL,NULL,NULL,NULL);
INSERT INTO `oh_permissions` (`P_ID_A`, `P_NAME`, `P_DESCRIPTION`, `P_ACTIVE`, `P_CREATED_BY`, `P_CREATED_DATE`, `P_LAST_MODIFIED_BY`, `P_LAST_MODIFIED_DATE`) VALUES (19,'diseasetypes.create','','1',NULL,NULL,NULL,NULL);
INSERT INTO `oh_permissions` (`P_ID_A`, `P_NAME`, `P_DESCRIPTION`, `P_ACTIVE`, `P_CREATED_BY`, `P_CREATED_DATE`, `P_LAST_MODIFIED_BY`, `P_LAST_MODIFIED_DATE`) VALUES (20,'diseasetypes.read','','1',NULL,NULL,NULL,NULL);
INSERT INTO `oh_permissions` (`P_ID_A`, `P_NAME`, `P_DESCRIPTION`, `P_ACTIVE`, `P_CREATED_BY`, `P_CREATED_DATE`, `P_LAST_MODIFIED_BY`, `P_LAST_MODIFIED_DATE`) VALUES (21,'diseasetypes.update','','1',NULL,NULL,NULL,NULL);
INSERT INTO `oh_permissions` (`P_ID_A`, `P_NAME`, `P_DESCRIPTION`, `P_ACTIVE`, `P_CREATED_BY`, `P_CREATED_DATE`, `P_LAST_MODIFIED_BY`, `P_LAST_MODIFIED_DATE`) VALUES (22,'diseasetypes.delete','','1',NULL,NULL,NULL,NULL);
INSERT INTO `oh_permissions` (`P_ID_A`, `P_NAME`, `P_DESCRIPTION`, `P_ACTIVE`, `P_CREATED_BY`, `P_CREATED_DATE`, `P_LAST_MODIFIED_BY`, `P_LAST_MODIFIED_DATE`) VALUES (23,'deliveryresulttypes.create','','1',NULL,NULL,NULL,NULL);
INSERT INTO `oh_permissions` (`P_ID_A`, `P_NAME`, `P_DESCRIPTION`, `P_ACTIVE`, `P_CREATED_BY`, `P_CREATED_DATE`, `P_LAST_MODIFIED_BY`, `P_LAST_MODIFIED_DATE`) VALUES (24,'deliveryresulttypes.read','','1',NULL,NULL,NULL,NULL);
INSERT INTO `oh_permissions` (`P_ID_A`, `P_NAME`, `P_DESCRIPTION`, `P_ACTIVE`, `P_CREATED_BY`, `P_CREATED_DATE`, `P_LAST_MODIFIED_BY`, `P_LAST_MODIFIED_DATE`) VALUES (25,'deliveryresulttypes.update','','1',NULL,NULL,NULL,NULL);
INSERT INTO `oh_permissions` (`P_ID_A`, `P_NAME`, `P_DESCRIPTION`, `P_ACTIVE`, `P_CREATED_BY`, `P_CREATED_DATE`, `P_LAST_MODIFIED_BY`, `P_LAST_MODIFIED_DATE`) VALUES (26,'deliveryresulttypes.delete','','1',NULL,NULL,NULL,NULL);
INSERT INTO `oh_permissions` (`P_ID_A`, `P_NAME`, `P_DESCRIPTION`, `P_ACTIVE`, `P_CREATED_BY`, `P_CREATED_DATE`, `P_LAST_MODIFIED_BY`, `P_LAST_MODIFIED_DATE`) VALUES (27,'deliverytypes.create','','1',NULL,NULL,NULL,NULL);
INSERT INTO `oh_permissions` (`P_ID_A`, `P_NAME`, `P_DESCRIPTION`, `P_ACTIVE`, `P_CREATED_BY`, `P_CREATED_DATE`, `P_LAST_MODIFIED_BY`, `P_LAST_MODIFIED_DATE`) VALUES (28,'deliverytypes.read','','1',NULL,NULL,NULL,NULL);
INSERT INTO `oh_permissions` (`P_ID_A`, `P_NAME`, `P_DESCRIPTION`, `P_ACTIVE`, `P_CREATED_BY`, `P_CREATED_DATE`, `P_LAST_MODIFIED_BY`, `P_LAST_MODIFIED_DATE`) VALUES (29,'deliverytypes.update','','1',NULL,NULL,NULL,NULL);
INSERT INTO `oh_permissions` (`P_ID_A`, `P_NAME`, `P_DESCRIPTION`, `P_ACTIVE`, `P_CREATED_BY`, `P_CREATED_DATE`, `P_LAST_MODIFIED_BY`, `P_LAST_MODIFIED_DATE`) VALUES (30,'deliverytypes.delete','','1',NULL,NULL,NULL,NULL);
INSERT INTO `oh_user` (`US_ID_A`, `US_UG_ID_A`, `US_PASSWD`, `US_DESC`, `US_CREATED_BY`, `US_CREATED_DATE`, `US_LAST_MODIFIED_BY`, `US_LAST_MODIFIED_DATE`, `US_ACTIVE`, `US_FAILED_ATTEMPTS`, `US_ACCOUNT_LOCKED`, `US_LOCK_TIME`, `US_LAST_LOGIN`) VALUES ('admin','admin','$2a$10$FI/PMO0oSHHosF2PX8l3QuB0DJepVfnynbLZ9Zm2711bF2ch8db2S','administrator',NULL,NULL,NULL,NULL,1,0,0,NULL,NULL);
INSERT INTO `oh_user` (`US_ID_A`, `US_UG_ID_A`, `US_PASSWD`, `US_DESC`, `US_CREATED_BY`, `US_CREATED_DATE`, `US_LAST_MODIFIED_BY`, `US_LAST_MODIFIED_DATE`, `US_ACTIVE`, `US_FAILED_ATTEMPTS`, `US_ACCOUNT_LOCKED`, `US_LOCK_TIME`, `US_LAST_LOGIN`) VALUES ('doctor','doctor','$2a$04$iqB3DZzyvQos4wCQrSHKyuf/Spr8LyOFF23dihNbS1AWpkIPu..MG','doctor',NULL,NULL,NULL,NULL,1,0,0,NULL,NULL);
INSERT INTO `oh_usergroup` (`UG_ID_A`, `UG_DESC`, `UG_CREATED_BY`, `UG_CREATED_DATE`, `UG_LAST_MODIFIED_BY`, `UG_LAST_MODIFIED_DATE`, `UG_ACTIVE`) VALUES ('admin','USER with all the privileges',NULL,NULL,NULL,NULL,1);
INSERT INTO `oh_usergroup` (`UG_ID_A`, `UG_DESC`, `UG_CREATED_BY`, `UG_CREATED_DATE`, `UG_LAST_MODIFIED_BY`, `UG_LAST_MODIFIED_DATE`, `UG_ACTIVE`) VALUES ('doctor','Access everywhere except the laboratory',NULL,NULL,NULL,NULL,1);
