-- MariaDB dump 10.19  Distrib 10.6.13-MariaDB, for Win64 (AMD64)
--
-- Host: localhost    Database: oh
-- ------------------------------------------------------
-- Server version	10.6.13-MariaDB

/*!40101 SET @OLD_CHARACTER_SET_CLIENT=@@CHARACTER_SET_CLIENT */;
/*!40101 SET @OLD_CHARACTER_SET_RESULTS=@@CHARACTER_SET_RESULTS */;
/*!40101 SET @OLD_COLLATION_CONNECTION=@@COLLATION_CONNECTION */;
/*!40101 SET NAMES utf8mb4 */;
/*!40103 SET @OLD_TIME_ZONE=@@TIME_ZONE */;
/*!40103 SET TIME_ZONE='+00:00' */;
/*!40014 SET @OLD_UNIQUE_CHECKS=@@UNIQUE_CHECKS, UNIQUE_CHECKS=0 */;
/*!40014 SET @OLD_FOREIGN_KEY_CHECKS=@@FOREIGN_KEY_CHECKS, FOREIGN_KEY_CHECKS=0 */;
/*!40101 SET @OLD_SQL_MODE=@@SQL_MODE, SQL_MODE='NO_AUTO_VALUE_ON_ZERO' */;
/*!40111 SET @OLD_SQL_NOTES=@@SQL_NOTES, SQL_NOTES=0 */;

--
-- Table structure for table `oh_admission`
--

DROP TABLE IF EXISTS `oh_admission`;
/*!40101 SET @saved_cs_client     = @@character_set_client */;
/*!40101 SET character_set_client = utf8 */;
CREATE TABLE `oh_admission` (
  `ADM_ID` int(11) NOT NULL AUTO_INCREMENT,
  `ADM_IN` int(11) NOT NULL DEFAULT 0,
  `ADM_TYPE` char(1) NOT NULL DEFAULT 'N',
  `ADM_WRD_ID_A` char(3) NOT NULL DEFAULT '',
  `ADM_YPROG` int(11) NOT NULL DEFAULT 0,
  `ADM_PAT_ID` int(11) NOT NULL DEFAULT 0,
  `ADM_DATE_ADM` datetime NOT NULL,
  `ADM_ADMT_ID_A_ADM` varchar(10) NOT NULL DEFAULT '',
  `ADM_FHU` varchar(50) DEFAULT NULL,
  `ADM_IN_DIS_ID_A` varchar(10) DEFAULT NULL,
  `ADM_OUT_DIS_ID_A` varchar(10) DEFAULT NULL,
  `ADM_OUT_DIS_ID_A_2` varchar(10) DEFAULT NULL,
  `ADM_OUT_DIS_ID_A_3` varchar(10) DEFAULT NULL,
  `ADM_DATE_DIS` datetime DEFAULT NULL,
  `ADM_DIST_ID_A` varchar(10) DEFAULT NULL,
  `ADM_NOTE` text DEFAULT NULL,
  `ADM_TRANS` float DEFAULT 0,
  `ADM_PRG_DATE_VIS` datetime DEFAULT NULL,
  `ADM_PRG_PTT_ID_A` varchar(10) DEFAULT NULL,
  `ADM_PRG_DATE_DEL` datetime DEFAULT NULL,
  `ADM_PRG_DLT_ID_A` char(1) DEFAULT NULL,
  `ADM_PRG_DRT_ID_A` char(1) DEFAULT NULL,
  `ADM_PRG_WEIGHT` float DEFAULT NULL,
  `ADM_PRG_DATE_CTRL1` datetime DEFAULT NULL,
  `ADM_PRG_DATE_CTRL2` datetime DEFAULT NULL,
  `ADM_PRG_DATE_ABORT` datetime DEFAULT NULL,
  `ADM_USR_ID_A` varchar(50) NOT NULL DEFAULT 'admin',
  `ADM_LOCK` int(11) NOT NULL DEFAULT 0,
  `ADM_DELETED` char(1) NOT NULL DEFAULT 'N',
  `ADM_CREATED_BY` varchar(50) DEFAULT NULL,
  `ADM_CREATED_DATE` datetime DEFAULT NULL,
  `ADM_LAST_MODIFIED_BY` varchar(50) DEFAULT NULL,
  `ADM_LAST_MODIFIED_DATE` datetime DEFAULT NULL,
  `ADM_ACTIVE` tinyint(1) NOT NULL DEFAULT 1,
  PRIMARY KEY (`ADM_ID`),
  KEY `FK_ADMISSION_DISCHARGETYPE` (`ADM_DIST_ID_A`),
  KEY `FK_ADMISSION_DELIVERYTYPE` (`ADM_PRG_DLT_ID_A`),
  KEY `FK_ADMISSION_DELIVERYRESULTTYPE` (`ADM_PRG_DRT_ID_A`),
  KEY `FK_ADMISSION_ADMISSIONTYPE` (`ADM_ADMT_ID_A_ADM`),
  KEY `FK_ADMISSION_PREGNANTTREATMENTTYPE` (`ADM_PRG_PTT_ID_A`),
  KEY `FK_ADMISSION_IN_DISEASE` (`ADM_IN_DIS_ID_A`),
  KEY `FK_ADMISSION_OUT_DISEASE1` (`ADM_OUT_DIS_ID_A`),
  KEY `FK_ADMISSION_OUT_DISEASE2` (`ADM_OUT_DIS_ID_A_2`),
  KEY `FK_ADMISSION_OUT_DISEASE3` (`ADM_OUT_DIS_ID_A_3`),
  KEY `FK_ADMISSION_PATIENT` (`ADM_PAT_ID`),
  KEY `FK_ADMISSION_WARD_idx` (`ADM_WRD_ID_A`),
  KEY `FK_ADMISSION_USER_IDX` (`ADM_USR_ID_A`),
  KEY `FK_ADMISSION_CREATED_BY_IDX` (`ADM_CREATED_BY`),
  KEY `FK_ADMISSION_LAST_MODIFIED_BY_IDX` (`ADM_LAST_MODIFIED_BY`),
  CONSTRAINT `FK_ADMISSION_ADMISSIONTYPE` FOREIGN KEY (`ADM_ADMT_ID_A_ADM`) REFERENCES `oh_admissiontype` (`ADMT_ID_A`) ON DELETE NO ACTION ON UPDATE NO ACTION,
  CONSTRAINT `FK_ADMISSION_CREATED_BY` FOREIGN KEY (`ADM_CREATED_BY`) REFERENCES `oh_user` (`US_ID_A`) ON DELETE NO ACTION ON UPDATE NO ACTION,
  CONSTRAINT `FK_ADMISSION_DELIVERYRESULTTYPE` FOREIGN KEY (`ADM_PRG_DRT_ID_A`) REFERENCES `oh_deliveryresulttype` (`DRT_ID_A`) ON DELETE NO ACTION ON UPDATE NO ACTION,
  CONSTRAINT `FK_ADMISSION_DELIVERYTYPE` FOREIGN KEY (`ADM_PRG_DLT_ID_A`) REFERENCES `oh_deliverytype` (`DLT_ID_A`) ON DELETE NO ACTION ON UPDATE NO ACTION,
  CONSTRAINT `FK_ADMISSION_DISCHARGETYPE` FOREIGN KEY (`ADM_DIST_ID_A`) REFERENCES `oh_dischargetype` (`DIST_ID_A`) ON DELETE NO ACTION ON UPDATE NO ACTION,
  CONSTRAINT `FK_ADMISSION_IN_DISEASE` FOREIGN KEY (`ADM_IN_DIS_ID_A`) REFERENCES `oh_disease` (`DIS_ID_A`) ON DELETE NO ACTION ON UPDATE NO ACTION,
  CONSTRAINT `FK_ADMISSION_LAST_MODIFIED_BY` FOREIGN KEY (`ADM_LAST_MODIFIED_BY`) REFERENCES `oh_user` (`US_ID_A`) ON DELETE NO ACTION ON UPDATE NO ACTION,
  CONSTRAINT `FK_ADMISSION_OUT_DISEASE1` FOREIGN KEY (`ADM_OUT_DIS_ID_A`) REFERENCES `oh_disease` (`DIS_ID_A`) ON DELETE NO ACTION ON UPDATE NO ACTION,
  CONSTRAINT `FK_ADMISSION_OUT_DISEASE2` FOREIGN KEY (`ADM_OUT_DIS_ID_A_2`) REFERENCES `oh_disease` (`DIS_ID_A`) ON DELETE NO ACTION ON UPDATE NO ACTION,
  CONSTRAINT `FK_ADMISSION_OUT_DISEASE3` FOREIGN KEY (`ADM_OUT_DIS_ID_A_3`) REFERENCES `oh_disease` (`DIS_ID_A`) ON DELETE NO ACTION ON UPDATE NO ACTION,
  CONSTRAINT `FK_ADMISSION_PATIENT` FOREIGN KEY (`ADM_PAT_ID`) REFERENCES `oh_patient` (`PAT_ID`) ON DELETE CASCADE ON UPDATE CASCADE,
  CONSTRAINT `FK_ADMISSION_PREGNANTTREATMENTTYPE` FOREIGN KEY (`ADM_PRG_PTT_ID_A`) REFERENCES `oh_pregnanttreatmenttype` (`PTT_ID_A`) ON DELETE NO ACTION ON UPDATE NO ACTION,
  CONSTRAINT `FK_ADMISSION_USER` FOREIGN KEY (`ADM_USR_ID_A`) REFERENCES `oh_user` (`US_ID_A`) ON DELETE NO ACTION ON UPDATE NO ACTION,
  CONSTRAINT `FK_ADMISSION_WARD` FOREIGN KEY (`ADM_WRD_ID_A`) REFERENCES `oh_ward` (`WRD_ID_A`) ON DELETE NO ACTION ON UPDATE NO ACTION
) ENGINE=InnoDB AUTO_INCREMENT=513 DEFAULT CHARSET=utf8mb3 COLLATE=utf8mb3_general_ci;
/*!40101 SET character_set_client = @saved_cs_client */;

--
-- Dumping data for table `oh_admission`
--

LOCK TABLES `oh_admission` WRITE;
/*!40000 ALTER TABLE `oh_admission` DISABLE KEYS */;
INSERT INTO `oh_admission` (`ADM_ID`, `ADM_IN`, `ADM_TYPE`, `ADM_WRD_ID_A`, `ADM_YPROG`, `ADM_PAT_ID`, `ADM_DATE_ADM`, `ADM_ADMT_ID_A_ADM`, `ADM_FHU`, `ADM_IN_DIS_ID_A`, `ADM_OUT_DIS_ID_A`, `ADM_OUT_DIS_ID_A_2`, `ADM_OUT_DIS_ID_A_3`, `ADM_DATE_DIS`, `ADM_DIST_ID_A`, `ADM_NOTE`, `ADM_TRANS`, `ADM_PRG_DATE_VIS`, `ADM_PRG_PTT_ID_A`, `ADM_PRG_DATE_DEL`, `ADM_PRG_DLT_ID_A`, `ADM_PRG_DRT_ID_A`, `ADM_PRG_WEIGHT`, `ADM_PRG_DATE_CTRL1`, `ADM_PRG_DATE_CTRL2`, `ADM_PRG_DATE_ABORT`, `ADM_USR_ID_A`, `ADM_LOCK`, `ADM_DELETED`, `ADM_CREATED_BY`, `ADM_CREATED_DATE`, `ADM_LAST_MODIFIED_BY`, `ADM_LAST_MODIFIED_DATE`, `ADM_ACTIVE`) VALUES (47,1,'N','I',2,43,'2022-10-19 00:34:25','I',NULL,'15',NULL,NULL,NULL,NULL,NULL,NULL,0,NULL,NULL,NULL,NULL,NULL,NULL,NULL,NULL,NULL,'admin',0,'N','admin','2022-10-19 00:34:25','admin',NULL,1),(48,1,'N','I',2,44,'2022-10-25 05:17:54','I',NULL,'127',NULL,NULL,NULL,NULL,NULL,NULL,0,NULL,NULL,NULL,NULL,NULL,NULL,NULL,NULL,NULL,'admin',0,'N','admin','2022-10-25 05:17:54','admin',NULL,1),(49,0,'N','I',837,45,'2022-10-09 00:46:17','I',NULL,'30','30',NULL,NULL,'2022-10-13 20:41:05','EQ',NULL,0,NULL,NULL,NULL,NULL,NULL,NULL,NULL,NULL,NULL,'admin',3,'N','admin','2022-10-09 00:46:17','admin','2022-10-13 20:41:05',1),(50,1,'N','I',2,46,'2022-10-20 03:57:42','I',NULL,'23',NULL,NULL,NULL,NULL,NULL,NULL,0,NULL,NULL,NULL,NULL,NULL,NULL,NULL,NULL,NULL,'admin',0,'N','admin','2022-10-20 03:57:42','admin',NULL,1),(51,1,'N','I',2,47,'2022-10-20 01:29:38','I',NULL,'43',NULL,NULL,NULL,NULL,NULL,NULL,0,NULL,NULL,NULL,NULL,NULL,NULL,NULL,NULL,NULL,'admin',0,'N','admin','2022-10-20 01:29:38','admin',NULL,1),(52,1,'N','I',2,48,'2022-10-20 03:35:08','I',NULL,'42',NULL,NULL,NULL,NULL,NULL,NULL,0,NULL,NULL,NULL,NULL,NULL,NULL,NULL,NULL,NULL,'admin',0,'N','admin','2022-10-20 03:35:08','admin',NULL,1),(53,0,'N','I',840,49,'2022-10-20 05:26:45','I',NULL,'15','100',NULL,NULL,'2022-10-24 19:13:01','EQ',NULL,0,NULL,NULL,NULL,NULL,NULL,NULL,NULL,NULL,NULL,'admin',3,'N','admin','2022-10-20 05:26:45','admin','2022-10-24 19:13:01',1),(54,0,'N','I',2,50,'2022-10-20 00:28:24','I',NULL,'47','47',NULL,NULL,'2022-10-25 17:01:53','B',NULL,0,NULL,NULL,NULL,NULL,NULL,NULL,NULL,NULL,NULL,'admin',1,'N','admin','2022-10-20 00:28:24','admin','2022-10-25 17:01:53',1),(55,1,'N','I',2,51,'2022-10-21 02:01:42','I',NULL,'47',NULL,NULL,NULL,NULL,NULL,NULL,0,NULL,NULL,NULL,NULL,NULL,NULL,NULL,NULL,NULL,'admin',0,'N','admin','2022-10-21 02:01:42','admin',NULL,1),(56,0,'N','I',844,53,'2022-10-18 00:43:21','I',NULL,'15','39',NULL,NULL,'2022-10-22 17:30:22','D',NULL,0,NULL,NULL,NULL,NULL,NULL,NULL,NULL,NULL,NULL,'admin',2,'N','admin','2022-10-18 00:43:21','admin','2022-10-22 17:30:22',1),(57,0,'N','C',845,54,'2022-10-21 05:31:37','I',NULL,'39','39',NULL,NULL,'2022-10-24 19:26:10','EQ',NULL,0,NULL,NULL,NULL,NULL,NULL,NULL,NULL,NULL,NULL,'admin',5,'N','admin','2022-10-21 05:31:37','admin','2022-10-24 19:26:10',1),(58,0,'N','I',828,52,'2022-10-18 01:28:04','I',NULL,'15','68',NULL,NULL,'2022-10-24 20:39:46','EQ',NULL,0,NULL,NULL,NULL,NULL,NULL,NULL,NULL,NULL,NULL,'admin',2,'N','admin','2022-10-18 01:28:04','admin','2022-10-24 20:39:46',1),(59,0,'N','I',715,50,'2022-09-17 06:45:29','I',NULL,'47','95',NULL,NULL,'2022-10-04 21:00:17','EQ',NULL,0,NULL,NULL,NULL,NULL,NULL,NULL,NULL,NULL,NULL,'admin',2,'N','admin','2022-09-17 06:45:29','admin','2022-10-04 21:00:17',1),(60,0,'N','I',846,55,'2022-10-21 05:23:12','I',NULL,'18','18',NULL,NULL,'2022-10-26 19:02:07','EQ',NULL,0,NULL,NULL,NULL,NULL,NULL,NULL,NULL,NULL,NULL,'admin',1,'N','admin','2022-10-21 05:23:12','admin','2022-10-26 19:02:07',1),(61,1,'N','I',2,56,'2022-10-21 06:39:35','I',NULL,'12',NULL,NULL,NULL,NULL,NULL,NULL,0,NULL,NULL,NULL,NULL,NULL,NULL,NULL,NULL,NULL,'admin',0,'N','admin','2022-10-21 06:39:35','admin',NULL,1),(62,0,'N','I',848,57,'2022-10-22 01:08:21','I',NULL,'15','15',NULL,NULL,'2022-10-24 22:09:45','D',NULL,0,NULL,NULL,NULL,NULL,NULL,NULL,NULL,NULL,NULL,'admin',7,'N','admin','2022-10-22 01:08:21','admin','2022-10-24 22:09:45',1),(63,0,'N','I',849,58,'2022-10-22 01:43:00','I',NULL,'24','24',NULL,NULL,'2022-10-28 22:42:23','EQ',NULL,0,NULL,NULL,NULL,NULL,NULL,NULL,NULL,NULL,NULL,'admin',1,'N','admin','2022-10-22 01:43:00','admin','2022-10-28 22:42:23',1),(64,0,'N','I',850,59,'2022-10-23 05:09:56','I',NULL,'47','90',NULL,NULL,'2022-10-28 23:02:38','B',NULL,0,NULL,NULL,NULL,NULL,NULL,NULL,NULL,NULL,NULL,'admin',1,'N','admin','2022-10-23 05:09:56','admin','2022-10-28 23:02:38',1),(65,1,'N','I',2,60,'2022-10-23 04:40:43','I',NULL,'15',NULL,NULL,NULL,NULL,NULL,NULL,0,NULL,NULL,NULL,NULL,NULL,NULL,NULL,NULL,NULL,'admin',0,'N','admin','2022-10-23 04:40:43','admin',NULL,1),(66,1,'N','I',2,61,'2022-10-24 07:53:46','I',NULL,'34',NULL,NULL,NULL,NULL,NULL,NULL,0,NULL,NULL,NULL,NULL,NULL,NULL,NULL,NULL,NULL,'admin',0,'N','admin','2022-10-24 07:53:46','admin',NULL,1),(67,1,'N','C',2,62,'2022-10-24 01:26:43','I',NULL,'43',NULL,NULL,NULL,NULL,NULL,NULL,0,NULL,NULL,NULL,NULL,NULL,NULL,NULL,NULL,NULL,'admin',0,'N','admin','2022-10-24 01:26:43','admin',NULL,1),(68,0,'N','I',854,63,'2022-10-24 07:32:17','I',NULL,'46','39',NULL,NULL,'2022-10-28 23:06:01','B',NULL,0,NULL,NULL,NULL,NULL,NULL,NULL,NULL,NULL,NULL,'admin',1,'N','admin','2022-10-24 07:32:17','admin','2022-10-28 23:06:01',1),(69,1,'N','C',2,64,'2022-10-24 01:21:17','I',NULL,'34',NULL,NULL,NULL,NULL,NULL,NULL,0,NULL,NULL,NULL,NULL,NULL,NULL,NULL,NULL,NULL,'admin',0,'N','admin','2022-10-24 01:21:17','admin',NULL,1),(70,0,'N','C',856,65,'2022-10-24 00:09:35','I',NULL,'12','12',NULL,NULL,'2022-10-28 22:22:11','EQ',NULL,0,NULL,NULL,NULL,NULL,NULL,NULL,NULL,NULL,NULL,'admin',1,'N','admin','2022-10-24 00:09:35','admin','2022-10-28 22:22:11',1),(71,1,'N','I',2,66,'2022-10-24 04:44:03','I',NULL,'15',NULL,NULL,NULL,NULL,NULL,NULL,0,NULL,NULL,NULL,NULL,NULL,NULL,NULL,NULL,NULL,'admin',0,'N','admin','2022-10-24 04:44:03','admin',NULL,1),(72,1,'N','I',2,67,'2022-10-24 07:11:32','I',NULL,'47',NULL,NULL,NULL,NULL,NULL,NULL,0,NULL,NULL,NULL,NULL,NULL,NULL,NULL,NULL,NULL,'admin',0,'N','admin','2022-10-24 07:11:32','admin',NULL,1),(73,0,'N','I',859,68,'2022-10-24 05:45:33','I',NULL,'23','23',NULL,NULL,'2022-10-28 18:32:51','EQ',NULL,0,NULL,NULL,NULL,NULL,NULL,NULL,NULL,NULL,NULL,'admin',1,'N','admin','2022-10-24 05:45:33','admin','2022-10-28 18:32:51',1),(74,1,'N','I',2,69,'2022-10-25 07:13:07','I',NULL,'34',NULL,NULL,NULL,NULL,NULL,NULL,0,NULL,NULL,NULL,NULL,NULL,NULL,NULL,NULL,NULL,'admin',0,'N','admin','2022-10-25 07:13:07','admin',NULL,1),(75,1,'N','I',2,70,'2022-10-25 02:48:57','I',NULL,'39',NULL,NULL,NULL,NULL,NULL,NULL,0,NULL,NULL,NULL,NULL,NULL,NULL,NULL,NULL,NULL,'admin',0,'N','admin','2022-10-25 02:48:57','admin',NULL,1),(76,1,'N','I',2,71,'2022-10-25 00:25:24','I',NULL,'15',NULL,NULL,NULL,NULL,NULL,NULL,0,NULL,NULL,NULL,NULL,NULL,NULL,NULL,NULL,NULL,'admin',0,'N','admin','2022-10-25 00:25:24','admin',NULL,1),(77,0,'N','I',2,72,'2022-10-07 01:40:11','I',NULL,'15','15',NULL,NULL,'2022-10-10 22:37:44','B',NULL,0,NULL,NULL,NULL,NULL,NULL,NULL,NULL,NULL,NULL,'admin',0,'N','admin','2022-10-07 01:40:11','admin','2022-10-10 22:37:44',1),(78,1,'N','I',2,73,'2022-10-07 07:04:44','I',NULL,'44',NULL,NULL,NULL,NULL,NULL,NULL,0,NULL,NULL,NULL,NULL,NULL,NULL,NULL,NULL,NULL,'admin',1,'N','admin','2022-10-07 07:04:44','admin',NULL,1),(79,0,'N','F',0,74,'2022-10-01 06:23:08','I',NULL,'39','39',NULL,NULL,'2022-10-04 19:30:06','B',NULL,0,NULL,NULL,NULL,NULL,NULL,NULL,NULL,NULL,NULL,'admin',1,'N','admin','2022-10-01 06:23:08','admin','2022-10-04 19:30:06',1),(80,0,'N','F',0,75,'2022-10-01 02:41:28','I',NULL,'39','39',NULL,NULL,'2022-10-10 19:37:18','B',NULL,0,NULL,NULL,NULL,NULL,NULL,NULL,NULL,NULL,NULL,'admin',0,'N','admin','2022-10-01 02:41:28','admin','2022-10-10 19:37:18',1),(81,0,'N','F',0,76,'2022-10-03 02:17:57','I',NULL,'39','39',NULL,NULL,'2022-10-07 22:36:12','B',NULL,0,NULL,NULL,NULL,NULL,NULL,NULL,NULL,NULL,NULL,'admin',0,'N','admin','2022-10-03 02:17:57','admin','2022-10-07 22:36:12',1),(82,1,'N','F',0,77,'2022-10-26 03:25:19','I',NULL,'48',NULL,NULL,NULL,NULL,NULL,NULL,0,NULL,NULL,NULL,NULL,NULL,NULL,NULL,NULL,NULL,'admin',0,'N','admin','2022-10-26 03:25:19','admin',NULL,1),(83,1,'N','F',0,78,'2022-10-03 02:12:47','I',NULL,'48',NULL,NULL,NULL,NULL,NULL,NULL,0,NULL,NULL,NULL,NULL,NULL,NULL,NULL,NULL,NULL,'admin',0,'N','admin','2022-10-03 02:12:47','admin',NULL,1),(84,1,'N','F',0,79,'2022-10-04 00:47:57','I',NULL,'48',NULL,NULL,NULL,NULL,NULL,NULL,0,NULL,NULL,NULL,NULL,NULL,NULL,NULL,NULL,NULL,'admin',0,'N','admin','2022-10-04 00:47:57','admin',NULL,1),(85,1,'N','F',0,80,'2022-10-04 05:21:24','I',NULL,'15',NULL,NULL,NULL,NULL,NULL,NULL,0,NULL,NULL,NULL,NULL,NULL,NULL,NULL,NULL,NULL,'admin',0,'N','admin','2022-10-04 05:21:24','admin',NULL,1),(86,1,'N','F',0,81,'2022-10-04 00:23:09','I',NULL,'44',NULL,NULL,NULL,NULL,NULL,NULL,0,NULL,NULL,NULL,NULL,NULL,NULL,NULL,NULL,NULL,'admin',0,'N','admin','2022-10-04 00:23:09','admin',NULL,1),(87,0,'N','F',0,82,'2022-10-04 01:51:34','I',NULL,'16','16',NULL,NULL,'2022-10-10 23:09:07','B',NULL,0,NULL,NULL,NULL,NULL,NULL,NULL,NULL,NULL,NULL,'admin',0,'N','admin','2022-10-04 01:51:34','admin','2022-10-10 23:09:07',1),(88,1,'N','F',0,83,'2022-10-05 00:08:25','I',NULL,'16',NULL,NULL,NULL,NULL,NULL,NULL,0,NULL,NULL,NULL,NULL,NULL,NULL,NULL,NULL,NULL,'admin',1,'N','admin','2022-10-05 00:08:25','admin',NULL,1),(89,1,'N','F',0,84,'2022-10-05 03:07:21','I',NULL,'22',NULL,NULL,NULL,NULL,NULL,NULL,0,NULL,NULL,NULL,NULL,NULL,NULL,NULL,NULL,NULL,'admin',0,'N','admin','2022-10-05 03:07:21','admin',NULL,1),(90,1,'N','F',0,85,'2022-10-06 07:11:33','I',NULL,'48',NULL,NULL,NULL,NULL,NULL,NULL,0,NULL,NULL,NULL,NULL,NULL,NULL,NULL,NULL,NULL,'admin',0,'N','admin','2022-10-06 07:11:33','admin',NULL,1),(91,1,'N','F',0,86,'2022-10-06 02:35:42','I',NULL,'40',NULL,NULL,NULL,NULL,NULL,NULL,0,NULL,NULL,NULL,NULL,NULL,NULL,NULL,NULL,NULL,'admin',0,'N','admin','2022-10-06 02:35:42','admin',NULL,1),(92,1,'N','F',0,87,'2022-10-06 07:23:51','I',NULL,'48',NULL,NULL,NULL,NULL,NULL,NULL,0,NULL,NULL,NULL,NULL,NULL,NULL,NULL,NULL,NULL,'admin',0,'N','admin','2022-10-06 07:23:51','admin',NULL,1),(93,1,'N','F',0,88,'2022-10-06 05:12:09','I',NULL,'24',NULL,NULL,NULL,NULL,NULL,NULL,0,NULL,NULL,NULL,NULL,NULL,NULL,NULL,NULL,NULL,'admin',0,'N','admin','2022-10-06 05:12:09','admin',NULL,1),(94,1,'N','F',0,89,'2022-10-07 03:49:14','I',NULL,'15',NULL,NULL,NULL,NULL,NULL,NULL,0,NULL,NULL,NULL,NULL,NULL,NULL,NULL,NULL,NULL,'admin',1,'N','admin','2022-10-07 03:49:14','admin',NULL,1),(95,1,'N','F',0,90,'2022-10-07 03:29:42','I',NULL,'42',NULL,NULL,NULL,NULL,NULL,NULL,0,NULL,NULL,NULL,NULL,NULL,NULL,NULL,NULL,NULL,'admin',0,'N','admin','2022-10-07 03:29:42','admin',NULL,1),(96,0,'N','F',0,91,'2022-10-06 06:00:47','I',NULL,'39','39',NULL,NULL,'2022-10-10 23:56:56','B',NULL,0,NULL,NULL,NULL,NULL,NULL,NULL,NULL,NULL,NULL,'admin',0,'N','admin','2022-10-06 06:00:47','admin','2022-10-10 23:56:56',1),(97,1,'N','F',0,92,'2022-10-08 03:34:52','I',NULL,'14',NULL,NULL,NULL,NULL,NULL,NULL,0,NULL,NULL,NULL,NULL,NULL,NULL,NULL,NULL,NULL,'admin',0,'N','admin','2022-10-08 03:34:52','admin',NULL,1),(98,1,'N','F',0,93,'2022-10-10 07:52:00','I',NULL,'39',NULL,NULL,NULL,NULL,NULL,NULL,0,NULL,NULL,NULL,NULL,NULL,NULL,NULL,NULL,NULL,'admin',0,'N','admin','2022-10-10 07:52:00','admin',NULL,1),(99,1,'N','F',0,94,'2022-10-10 04:35:25','I',NULL,'49',NULL,NULL,NULL,NULL,NULL,NULL,0,NULL,NULL,NULL,NULL,NULL,NULL,NULL,NULL,NULL,'admin',0,'N','admin','2022-10-10 04:35:25','admin',NULL,1),(100,1,'N','F',0,95,'2022-10-10 07:21:05','I',NULL,'12',NULL,NULL,NULL,NULL,NULL,NULL,0,NULL,NULL,NULL,NULL,NULL,NULL,NULL,NULL,NULL,'admin',0,'N','admin','2022-10-10 07:21:05','admin',NULL,1),(101,1,'N','F',0,96,'2022-10-10 06:59:09','I',NULL,'49',NULL,NULL,NULL,NULL,NULL,NULL,0,NULL,NULL,NULL,NULL,NULL,NULL,NULL,NULL,NULL,'admin',0,'N','admin','2022-10-10 06:59:09','admin',NULL,1),(102,1,'N','F',0,97,'2022-10-11 04:52:31','I',NULL,'15',NULL,NULL,NULL,NULL,NULL,NULL,0,NULL,NULL,NULL,NULL,NULL,NULL,NULL,NULL,NULL,'admin',0,'N','admin','2022-10-11 04:52:31','admin',NULL,1),(103,1,'N','F',0,98,'2022-10-11 03:25:08','I',NULL,'39',NULL,NULL,NULL,NULL,NULL,NULL,0,NULL,NULL,NULL,NULL,NULL,NULL,NULL,NULL,NULL,'admin',0,'N','admin','2022-10-11 03:25:08','admin',NULL,1),(104,1,'N','F',0,99,'2022-10-12 02:28:08','I',NULL,'15',NULL,NULL,NULL,NULL,NULL,NULL,0,NULL,NULL,NULL,NULL,NULL,NULL,NULL,NULL,NULL,'admin',0,'N','admin','2022-10-12 02:28:08','admin',NULL,1),(105,1,'N','F',0,100,'2022-10-12 02:05:15','I',NULL,'15',NULL,NULL,NULL,NULL,NULL,NULL,0,NULL,NULL,NULL,NULL,NULL,NULL,NULL,NULL,NULL,'admin',0,'N','admin','2022-10-12 02:05:15','admin',NULL,1),(106,1,'N','F',0,101,'2022-10-13 03:01:53','I',NULL,'48',NULL,NULL,NULL,NULL,NULL,NULL,0,NULL,NULL,NULL,NULL,NULL,NULL,NULL,NULL,NULL,'admin',0,'N','admin','2022-10-13 03:01:53','admin',NULL,1),(107,1,'N','F',0,102,'2022-10-13 00:53:40','I',NULL,'49',NULL,NULL,NULL,NULL,NULL,NULL,0,NULL,NULL,NULL,NULL,NULL,NULL,NULL,NULL,NULL,'admin',0,'N','admin','2022-10-13 00:53:40','admin',NULL,1),(108,1,'N','F',0,103,'2022-10-14 03:22:43','I',NULL,'39',NULL,NULL,NULL,NULL,NULL,NULL,0,NULL,NULL,NULL,NULL,NULL,NULL,NULL,NULL,NULL,'admin',0,'N','admin','2022-10-14 03:22:43','admin',NULL,1),(109,1,'N','F',0,104,'2022-10-14 06:12:36','I',NULL,'44',NULL,NULL,NULL,NULL,NULL,NULL,0,NULL,NULL,NULL,NULL,NULL,NULL,NULL,NULL,NULL,'admin',0,'N','admin','2022-10-14 06:12:36','admin',NULL,1),(110,0,'N','F',0,105,'2022-10-15 04:54:50','I',NULL,'15','15',NULL,NULL,'2022-10-15 19:17:18','D',NULL,0,NULL,NULL,NULL,NULL,NULL,NULL,NULL,NULL,NULL,'admin',0,'N','admin','2022-10-15 04:54:50','admin','2022-10-15 19:17:18',1),(111,1,'N','F',0,106,'2022-10-16 05:56:22','I',NULL,'40',NULL,NULL,NULL,NULL,NULL,NULL,0,NULL,NULL,NULL,NULL,NULL,NULL,NULL,NULL,NULL,'admin',0,'N','admin','2022-10-16 05:56:22','admin',NULL,1),(112,1,'N','F',0,107,'2022-10-16 06:57:23','I',NULL,'15',NULL,NULL,NULL,NULL,NULL,NULL,0,NULL,NULL,NULL,NULL,NULL,NULL,NULL,NULL,NULL,'admin',1,'N','admin','2022-10-16 06:57:23','admin',NULL,1),(113,0,'N','F',721,108,'2022-10-16 00:57:46','I',NULL,'19','19',NULL,NULL,'2022-11-02 21:35:46','EQ',NULL,0,NULL,NULL,NULL,NULL,NULL,NULL,NULL,NULL,NULL,'admin',2,'N','admin','2022-10-16 00:57:46','admin','2022-11-02 21:35:46',1),(114,1,'N','F',0,109,'2022-10-17 07:56:45','I',NULL,'15',NULL,NULL,NULL,NULL,NULL,NULL,0,NULL,NULL,NULL,NULL,NULL,NULL,NULL,NULL,NULL,'admin',0,'N','admin','2022-10-17 07:56:45','admin',NULL,1),(115,1,'N','F',0,110,'2022-10-17 04:50:26','I',NULL,'48',NULL,NULL,NULL,NULL,NULL,NULL,0,NULL,NULL,NULL,NULL,NULL,NULL,NULL,NULL,NULL,'admin',0,'N','admin','2022-10-17 04:50:26','admin',NULL,1),(116,1,'N','F',0,111,'2022-10-17 00:21:56','I',NULL,'16',NULL,NULL,NULL,NULL,NULL,NULL,0,NULL,NULL,NULL,NULL,NULL,NULL,NULL,NULL,NULL,'admin',0,'N','admin','2022-10-17 00:21:56','admin',NULL,1),(117,1,'N','F',0,112,'2022-10-17 03:18:22','I',NULL,'30',NULL,NULL,NULL,NULL,NULL,NULL,0,NULL,NULL,NULL,NULL,NULL,NULL,NULL,NULL,NULL,'admin',0,'N','admin','2022-10-17 03:18:22','admin',NULL,1),(118,1,'N','F',0,113,'2022-10-18 07:26:04','I',NULL,'30',NULL,NULL,NULL,NULL,NULL,NULL,0,NULL,NULL,NULL,NULL,NULL,NULL,NULL,NULL,NULL,'admin',0,'N','admin','2022-10-18 07:26:04','admin',NULL,1),(119,1,'N','F',0,114,'2022-10-19 03:15:15','I',NULL,'15',NULL,NULL,NULL,NULL,NULL,NULL,0,NULL,NULL,NULL,NULL,NULL,NULL,NULL,NULL,NULL,'admin',0,'N','admin','2022-10-19 03:15:15','admin',NULL,1),(120,1,'N','F',0,115,'2022-10-19 01:58:03','I',NULL,'49',NULL,NULL,NULL,NULL,NULL,NULL,0,NULL,NULL,NULL,NULL,NULL,NULL,NULL,NULL,NULL,'admin',0,'N','admin','2022-10-19 01:58:03','admin',NULL,1),(121,1,'N','F',0,116,'2022-10-20 00:04:28','I',NULL,'47',NULL,NULL,NULL,NULL,NULL,NULL,0,NULL,NULL,NULL,NULL,NULL,NULL,NULL,NULL,NULL,'admin',0,'N','admin','2022-10-20 00:04:28','admin',NULL,1),(122,1,'N','F',0,117,'2022-10-21 02:28:14','I',NULL,'40',NULL,NULL,NULL,NULL,NULL,NULL,0,NULL,NULL,NULL,NULL,NULL,NULL,NULL,NULL,NULL,'admin',0,'N','admin','2022-10-21 02:28:14','admin',NULL,1),(123,1,'N','F',0,118,'2022-10-21 04:07:44','I',NULL,'29',NULL,NULL,NULL,NULL,NULL,NULL,0,NULL,NULL,NULL,NULL,NULL,NULL,NULL,NULL,NULL,'admin',0,'N','admin','2022-10-21 04:07:44','admin',NULL,1),(124,1,'N','F',0,119,'2022-10-21 05:13:59','I',NULL,'49',NULL,NULL,NULL,NULL,NULL,NULL,0,NULL,NULL,NULL,NULL,NULL,NULL,NULL,NULL,NULL,'admin',0,'N','admin','2022-10-21 05:13:59','admin',NULL,1),(125,0,'N','F',0,120,'2022-10-23 05:46:42','I',NULL,'14','14',NULL,NULL,'2022-11-02 19:06:52','EQ',NULL,0,NULL,NULL,NULL,NULL,NULL,NULL,NULL,NULL,NULL,'admin',1,'N','admin','2022-10-23 05:46:42','admin','2022-11-02 19:06:52',1),(126,1,'N','F',0,121,'2022-10-23 05:11:36','I',NULL,'16',NULL,NULL,NULL,NULL,NULL,NULL,0,NULL,NULL,NULL,NULL,NULL,NULL,NULL,NULL,NULL,'admin',0,'N','admin','2022-10-23 05:11:36','admin',NULL,1),(127,1,'N','F',0,122,'2022-10-23 00:37:53','I',NULL,'49',NULL,NULL,NULL,NULL,NULL,NULL,0,NULL,NULL,NULL,NULL,NULL,NULL,NULL,NULL,NULL,'admin',0,'N','admin','2022-10-23 00:37:53','admin',NULL,1),(128,0,'N','F',0,123,'2022-10-23 03:34:40','I',NULL,'40','64',NULL,NULL,'2022-11-02 20:47:06','EQ',NULL,0,NULL,NULL,NULL,NULL,NULL,NULL,NULL,NULL,NULL,'admin',2,'N','admin','2022-10-23 03:34:40','admin','2022-11-02 20:47:06',1),(129,1,'N','F',0,124,'2022-10-24 07:59:39','I',NULL,'40',NULL,NULL,NULL,NULL,NULL,NULL,0,NULL,NULL,NULL,NULL,NULL,NULL,NULL,NULL,NULL,'admin',0,'N','admin','2022-10-24 07:59:39','admin',NULL,1),(130,1,'N','F',0,126,'2022-10-24 05:14:15','I',NULL,'36',NULL,NULL,NULL,NULL,NULL,NULL,0,NULL,NULL,NULL,NULL,NULL,NULL,NULL,NULL,NULL,'admin',0,'N','admin','2022-10-24 05:14:15','admin',NULL,1),(131,1,'N','F',0,127,'2022-10-24 02:12:21','I',NULL,'36',NULL,NULL,NULL,NULL,NULL,NULL,0,NULL,NULL,NULL,NULL,NULL,NULL,NULL,NULL,NULL,'admin',0,'N','admin','2022-10-24 02:12:21','admin',NULL,1),(132,1,'N','F',0,128,'2022-10-24 03:18:59','I',NULL,'39',NULL,NULL,NULL,NULL,NULL,NULL,0,NULL,NULL,NULL,NULL,NULL,NULL,NULL,NULL,NULL,'admin',0,'N','admin','2022-10-24 03:18:59','admin',NULL,1),(133,1,'N','F',0,129,'2022-10-24 01:57:51','I',NULL,'15',NULL,NULL,NULL,NULL,NULL,NULL,0,NULL,NULL,NULL,NULL,NULL,NULL,NULL,NULL,NULL,'admin',0,'N','admin','2022-10-24 01:57:51','admin',NULL,1),(134,1,'N','F',0,130,'2022-10-24 07:52:19','I',NULL,'24',NULL,NULL,NULL,NULL,NULL,NULL,0,NULL,NULL,NULL,NULL,NULL,NULL,NULL,NULL,NULL,'admin',0,'N','admin','2022-10-24 07:52:19','admin',NULL,1),(135,1,'N','F',0,131,'2022-10-25 01:28:03','I',NULL,'16',NULL,NULL,NULL,NULL,NULL,NULL,0,NULL,NULL,NULL,NULL,NULL,NULL,NULL,NULL,NULL,'admin',0,'N','admin','2022-10-25 01:28:03','admin',NULL,1),(136,0,'N','I',2,132,'2022-10-07 07:43:17','I',NULL,'40','40',NULL,NULL,'2022-10-14 22:34:53','B',NULL,0,NULL,NULL,NULL,NULL,NULL,NULL,NULL,NULL,NULL,'admin',0,'N','admin','2022-10-07 07:43:17','admin','2022-10-14 22:34:53',1),(137,0,'N','I',2,133,'2022-10-07 02:12:16','R',NULL,'24','24',NULL,NULL,'2022-10-10 19:33:06','D',NULL,0,NULL,NULL,NULL,NULL,NULL,NULL,NULL,NULL,NULL,'admin',0,'N','admin','2022-10-07 02:12:16','admin','2022-10-10 19:33:06',1),(138,0,'N','I',2,134,'2022-10-07 03:51:29','I',NULL,'24','24',NULL,NULL,'2022-10-17 20:00:52','D',NULL,0,NULL,NULL,NULL,NULL,NULL,NULL,NULL,NULL,NULL,'admin',0,'N','admin','2022-10-07 03:51:29','admin','2022-10-17 20:00:52',1),(139,0,'N','I',2,135,'2022-10-08 04:40:37','I',NULL,'15','15',NULL,NULL,'2022-10-12 17:25:00','D',NULL,0,NULL,NULL,NULL,NULL,NULL,NULL,NULL,NULL,NULL,'admin',0,'N','admin','2022-10-08 04:40:37','admin','2022-10-12 17:25:00',1),(140,0,'N','I',2,136,'2022-10-09 03:48:39','I',NULL,'17','17',NULL,NULL,'2022-10-14 17:02:28','D',NULL,0,NULL,NULL,NULL,NULL,NULL,NULL,NULL,NULL,NULL,'admin',0,'N','admin','2022-10-09 03:48:39','admin','2022-10-14 17:02:28',1),(141,0,'N','I',2,137,'2022-10-09 05:01:23','I',NULL,'47','47',NULL,NULL,'2022-10-14 22:57:18','B',NULL,0,NULL,NULL,NULL,NULL,NULL,NULL,NULL,NULL,NULL,'admin',0,'N','admin','2022-10-09 05:01:23','admin','2022-10-14 22:57:18',1),(142,0,'N','I',2,138,'2022-10-09 05:41:01','I',NULL,'15','15',NULL,NULL,'2022-10-17 18:39:06','B',NULL,0,NULL,NULL,NULL,NULL,NULL,NULL,NULL,NULL,NULL,'admin',0,'N','admin','2022-10-09 05:41:01','admin','2022-10-17 18:39:06',1),(143,0,'N','I',2,139,'2022-10-10 05:20:58','I',NULL,'23','23',NULL,NULL,'2022-10-13 21:23:37','B',NULL,0,NULL,NULL,NULL,NULL,NULL,NULL,NULL,NULL,NULL,'admin',0,'N','admin','2022-10-10 05:20:58','admin','2022-10-13 21:23:37',1),(144,0,'N','I',2,140,'2022-10-10 01:41:44','I',NULL,'47','47',NULL,NULL,'2022-10-19 20:00:46','B',NULL,0,NULL,NULL,NULL,NULL,NULL,NULL,NULL,NULL,NULL,'admin',0,'N','admin','2022-10-10 01:41:44','admin','2022-10-19 20:00:46',1),(145,0,'N','I',2,141,'2022-10-10 00:25:47','I',NULL,'25','25',NULL,NULL,'2022-10-10 18:52:58','D',NULL,0,NULL,NULL,NULL,NULL,NULL,NULL,NULL,NULL,NULL,'admin',0,'N','admin','2022-10-10 00:25:47','admin','2022-10-10 18:52:58',1),(146,0,'N','I',2,142,'2022-10-10 05:03:45','I',NULL,'15','15',NULL,NULL,'2022-10-12 17:22:32','D',NULL,0,NULL,NULL,NULL,NULL,NULL,NULL,NULL,NULL,NULL,'admin',0,'N','admin','2022-10-10 05:03:45','admin','2022-10-12 17:22:32',1),(147,0,'N','I',791,143,'2022-10-10 00:01:22','I',NULL,'47','90',NULL,NULL,'2022-10-28 20:13:47','EQ',NULL,0,NULL,NULL,NULL,NULL,NULL,NULL,NULL,NULL,NULL,'admin',2,'N','admin','2022-10-10 00:01:22','admin','2022-10-28 20:13:47',1),(148,0,'N','I',2,144,'2022-10-10 00:55:38','I',NULL,'48','49',NULL,NULL,'2022-10-13 18:01:17','B',NULL,0,NULL,NULL,NULL,NULL,NULL,NULL,NULL,NULL,NULL,'admin',0,'N','admin','2022-10-10 00:55:38','admin','2022-10-13 18:01:17',1),(149,1,'N','I',2,145,'2022-10-10 04:34:04','I',NULL,'14',NULL,NULL,NULL,NULL,NULL,NULL,0,NULL,NULL,NULL,NULL,NULL,NULL,NULL,NULL,NULL,'admin',0,'N','admin','2022-10-10 04:34:04','admin',NULL,1),(150,0,'N','I',2,146,'2022-10-11 04:03:25','I',NULL,'15','15',NULL,NULL,'2022-10-13 19:25:07','D',NULL,0,NULL,NULL,NULL,NULL,NULL,NULL,NULL,NULL,NULL,'admin',0,'N','admin','2022-10-11 04:03:25','admin','2022-10-13 19:25:07',1),(151,0,'N','I',2,147,'2022-10-11 06:34:53','I',NULL,'15','15',NULL,NULL,'2022-10-21 19:01:42','B',NULL,0,NULL,NULL,NULL,NULL,NULL,NULL,NULL,NULL,NULL,'admin',0,'N','admin','2022-10-11 06:34:53','admin','2022-10-21 19:01:42',1),(152,0,'N','I',2,148,'2022-10-11 04:44:11','I',NULL,'15','15',NULL,NULL,'2022-10-19 19:53:11','B',NULL,0,NULL,NULL,NULL,NULL,NULL,NULL,NULL,NULL,NULL,'admin',0,'N','admin','2022-10-11 04:44:11','admin','2022-10-19 19:53:11',1),(153,0,'N','I',2,149,'2022-10-12 03:56:15','I',NULL,'48','48',NULL,NULL,'2022-10-16 18:20:47','EQ',NULL,0,NULL,NULL,NULL,NULL,NULL,NULL,NULL,NULL,NULL,'admin',0,'N','admin','2022-10-12 03:56:15','admin','2022-10-16 18:20:47',1),(154,0,'N','I',2,150,'2022-10-12 05:28:43','I',NULL,'48','48',NULL,NULL,'2022-10-21 22:04:26','B',NULL,0,NULL,NULL,NULL,NULL,NULL,NULL,NULL,NULL,NULL,'admin',0,'N','admin','2022-10-12 05:28:43','admin','2022-10-21 22:04:26',1),(155,0,'N','I',2,151,'2022-10-12 07:34:52','I',NULL,'39','39',NULL,NULL,'2022-10-16 17:19:46','B',NULL,0,NULL,NULL,NULL,NULL,NULL,NULL,NULL,NULL,NULL,'admin',0,'N','admin','2022-10-12 07:34:52','admin','2022-10-16 17:19:46',1),(156,0,'N','I',2,152,'2022-10-12 05:28:10','I',NULL,'12','12',NULL,NULL,'2022-10-12 17:25:32','D',NULL,0,NULL,NULL,NULL,NULL,NULL,NULL,NULL,NULL,NULL,'admin',0,'N','admin','2022-10-12 05:28:10','admin','2022-10-12 17:25:32',1),(157,0,'N','I',801,153,'2022-10-12 04:36:17','I',NULL,'44','44',NULL,NULL,'2022-10-25 18:08:25','EQ',NULL,0,NULL,NULL,NULL,NULL,NULL,NULL,NULL,NULL,NULL,'admin',1,'N','admin','2022-10-12 04:36:17','admin','2022-10-25 18:08:25',1),(158,0,'N','I',802,154,'2022-10-12 06:36:53','I',NULL,'14','14',NULL,NULL,'2022-10-28 21:25:27','B',NULL,0,NULL,NULL,NULL,NULL,NULL,NULL,NULL,NULL,NULL,'admin',1,'N','admin','2022-10-12 06:36:53','admin','2022-10-28 21:25:27',1),(159,0,'N','I',803,155,'2022-10-13 03:15:34','I',NULL,'14','47',NULL,NULL,'2022-10-19 21:41:59','EQ',NULL,0,NULL,NULL,NULL,NULL,NULL,NULL,NULL,NULL,NULL,'admin',2,'N','admin','2022-10-13 03:15:34','admin','2022-10-19 21:41:59',1),(160,0,'N','I',2,156,'2022-10-13 04:27:13','I',NULL,'48','48',NULL,NULL,'2022-10-19 20:13:34','B',NULL,0,NULL,NULL,NULL,NULL,NULL,NULL,NULL,NULL,NULL,'admin',0,'N','admin','2022-10-13 04:27:13','admin','2022-10-19 20:13:34',1),(161,1,'N','I',2,158,'2022-10-14 04:29:21','I',NULL,'14',NULL,NULL,NULL,NULL,NULL,NULL,0,NULL,NULL,NULL,NULL,NULL,NULL,NULL,NULL,NULL,'admin',0,'N','admin','2022-10-14 04:29:21','admin',NULL,1),(162,0,'N','I',807,159,'2022-10-14 01:05:09','I',NULL,'14','14',NULL,NULL,'2022-10-28 19:01:52','B',NULL,0,NULL,NULL,NULL,NULL,NULL,NULL,NULL,NULL,NULL,'admin',1,'N','admin','2022-10-14 01:05:09','admin','2022-10-28 19:01:52',1),(163,1,'N','I',2,160,'2022-10-14 07:57:43','I',NULL,'48',NULL,NULL,NULL,NULL,NULL,NULL,0,NULL,NULL,NULL,NULL,NULL,NULL,NULL,NULL,NULL,'admin',0,'N','admin','2022-10-14 07:57:43','admin',NULL,1),(164,1,'N','I',2,161,'2022-10-14 04:33:09','I',NULL,'39',NULL,NULL,NULL,NULL,NULL,NULL,0,NULL,NULL,NULL,NULL,NULL,NULL,NULL,NULL,NULL,'admin',0,'N','admin','2022-10-14 04:33:09','admin',NULL,1),(165,1,'N','C',2022,162,'2022-10-26 06:52:38','I',NULL,'39',NULL,NULL,NULL,NULL,NULL,NULL,0,NULL,NULL,NULL,NULL,NULL,NULL,NULL,NULL,NULL,'admin',0,'N','admin','2022-10-26 06:52:38','admin',NULL,1),(166,0,'P','M',2,163,'2022-10-22 04:43:40','I',NULL,'26','16',NULL,NULL,'2022-10-23 17:28:39','B',NULL,0,'2022-10-22 05:28:56','S2','2022-10-23 10:37:50','N','A',3.4,NULL,NULL,NULL,'admin',0,'N','admin','2022-10-22 04:43:40','admin','2022-10-23 17:28:39',1),(167,1,'P','M',2,164,'2022-10-22 03:00:29','A',NULL,'26',NULL,NULL,NULL,NULL,NULL,NULL,0,'2022-10-22 07:18:06',NULL,'2022-10-24 12:01:29',NULL,NULL,NULL,NULL,NULL,NULL,'admin',0,'N','admin','2022-10-22 03:00:29','admin',NULL,1),(168,0,'P','M',2,165,'2022-10-22 00:51:26','I',NULL,'26','26',NULL,NULL,'2022-10-24 20:17:42','B',NULL,0,'2022-10-22 01:26:22','S2','2022-10-22 02:47:33','N','A',3.1,NULL,NULL,NULL,'admin',0,'N','admin','2022-10-22 00:51:26','admin','2022-10-24 20:17:42',1),(169,0,'P','I',2,166,'2022-10-23 03:15:42','I',NULL,'48','16',NULL,NULL,'2022-10-26 18:02:29','B',NULL,0,'2022-10-23 11:31:41',NULL,NULL,'N','A',3.33,NULL,NULL,NULL,'admin',0,'N','admin','2022-10-23 03:15:42','admin','2022-10-26 18:02:29',1),(170,0,'P','M',2,167,'2022-10-23 05:44:14','I',NULL,'16','16',NULL,NULL,'2022-10-27 19:19:21','B',NULL,0,'2022-10-24 20:27:50',NULL,'2022-10-26 13:02:59','N','A',2.5,NULL,NULL,NULL,'admin',0,'N','admin','2022-10-23 05:44:14','admin','2022-10-27 19:19:21',1),(171,0,'P','M',2,168,'2022-10-23 02:54:04','I',NULL,'127','127',NULL,NULL,'2022-10-25 18:29:18','B',NULL,0,'2022-10-24 05:42:48',NULL,'2022-10-24 23:04:30','N','A',3.1,NULL,NULL,NULL,'admin',0,'N','admin','2022-10-23 02:54:04','admin','2022-10-25 18:29:18',1),(172,0,'P','M',2,169,'2022-10-23 05:17:37','I',NULL,'58','16',NULL,NULL,'2022-10-25 17:28:28','B',NULL,0,'2022-10-23 15:04:51',NULL,'2022-10-23 22:27:52','N','A',3.45,NULL,NULL,NULL,'admin',0,'N','admin','2022-10-23 05:17:37','admin','2022-10-25 17:28:28',1),(173,0,'P','M',2,170,'2022-10-23 01:45:52','I',NULL,'46','46',NULL,NULL,'2022-10-25 21:54:26','B',NULL,0,'2022-10-23 02:59:32',NULL,'2022-10-24 19:59:02','N','A',3.3,NULL,NULL,NULL,'admin',0,'N','admin','2022-10-23 01:45:52','admin','2022-10-25 21:54:26',1),(174,0,'P','M',2,171,'2022-10-23 00:56:32','I',NULL,'39','16',NULL,NULL,'2022-10-24 19:06:45','B',NULL,0,'2022-10-23 02:30:19',NULL,'2022-10-23 04:31:56','N','A',3,NULL,NULL,NULL,'admin',0,'N','admin','2022-10-23 00:56:32','admin','2022-10-24 19:06:45',1),(175,1,'P','M',2,171,'2022-10-23 07:25:06','I',NULL,'16',NULL,NULL,NULL,NULL,NULL,NULL,0,'2022-10-23 11:50:21',NULL,'2022-10-25 08:37:36','N','A',3.03,NULL,NULL,NULL,'admin',0,'N','admin','2022-10-23 07:25:06','admin',NULL,1),(176,1,'P','M',2,172,'2022-10-23 02:15:52','A',NULL,'127',NULL,NULL,NULL,NULL,NULL,NULL,0,'2022-10-23 06:22:15',NULL,'2022-10-24 06:59:33','V',NULL,3.12,NULL,NULL,NULL,'admin',0,'N','admin','2022-10-23 02:15:52','admin',NULL,1),(177,0,'P','M',2,173,'2022-10-24 05:04:03','I',NULL,'47','47',NULL,NULL,'2022-10-26 19:50:27','B',NULL,0,'2022-10-24 19:36:27',NULL,'2022-10-25 13:43:33','N','A',3,NULL,NULL,NULL,'admin',0,'N','admin','2022-10-24 05:04:03','admin','2022-10-26 19:50:27',1),(178,1,'P','M',2,173,'2022-10-24 02:32:41','I',NULL,'16',NULL,NULL,NULL,NULL,NULL,NULL,0,'2022-10-25 21:58:19',NULL,'2022-10-26 09:00:56','N',NULL,3,NULL,NULL,NULL,'admin',0,'N','admin','2022-10-24 02:32:41','admin',NULL,1),(179,0,'P','M',2,174,'2022-10-24 05:31:14','I',NULL,'42','42',NULL,NULL,'2022-10-25 17:52:01','B',NULL,0,'2022-10-24 18:04:05',NULL,'2022-10-25 00:48:22','N','A',2.7,NULL,NULL,NULL,'admin',0,'N','admin','2022-10-24 05:31:14','admin','2022-10-25 17:52:01',1),(180,0,'P','M',2,175,'2022-10-24 03:58:08','I',NULL,'12','12',NULL,NULL,'2022-10-26 19:48:46','B',NULL,0,NULL,NULL,'2022-10-25 14:54:48',NULL,NULL,NULL,NULL,NULL,NULL,'admin',0,'N','admin','2022-10-24 03:58:08','admin','2022-10-26 19:48:46',1),(181,0,'P','M',2,176,'2022-10-24 03:16:57','I',NULL,'39','39',NULL,NULL,'2022-10-26 21:27:45','B',NULL,0,'2022-10-24 00:27:32',NULL,'2022-10-24 00:00:15','N','A',4.1,NULL,NULL,NULL,'admin',0,'N','admin','2022-10-24 03:16:57','admin','2022-10-26 21:27:45',1),(182,1,'P','M',2,177,'2022-10-24 04:30:24','I',NULL,'47',NULL,NULL,NULL,NULL,NULL,NULL,0,'2022-10-24 19:56:55',NULL,'2022-10-26 00:02:01',NULL,'A',2.7,NULL,NULL,NULL,'admin',0,'N','admin','2022-10-24 04:30:24','admin',NULL,1),(183,1,'P','M',2,178,'2022-10-25 04:41:09','I',NULL,'22',NULL,NULL,NULL,NULL,NULL,NULL,0,NULL,NULL,'2022-10-27 21:03:16',NULL,NULL,NULL,NULL,NULL,NULL,'admin',0,'N','admin','2022-10-25 04:41:09','admin',NULL,1),(184,0,'P','M',2,179,'2022-10-25 01:54:35','I',NULL,'16','16',NULL,NULL,'2022-10-26 23:52:26','B',NULL,0,'2022-10-25 03:02:47',NULL,'2022-10-25 07:53:48','N','A',2.7,NULL,NULL,NULL,'admin',0,'N','admin','2022-10-25 01:54:35','admin','2022-10-26 23:52:26',1),(185,1,'N','I',2,182,'2022-10-27 03:29:28','I',NULL,'48',NULL,NULL,NULL,NULL,NULL,NULL,0,NULL,NULL,NULL,NULL,NULL,NULL,NULL,NULL,NULL,'admin',0,'N','admin','2022-10-27 03:29:28','admin',NULL,1),(186,1,'N','I',2,183,'2022-10-27 03:43:33','I',NULL,'14',NULL,NULL,NULL,NULL,NULL,NULL,0,NULL,NULL,NULL,NULL,NULL,NULL,NULL,NULL,NULL,'admin',0,'N','admin','2022-10-27 03:43:33','admin',NULL,1),(190,1,'N','I',2,188,'2022-10-28 00:09:22','I',NULL,'16',NULL,NULL,NULL,NULL,NULL,NULL,0,NULL,NULL,NULL,NULL,NULL,NULL,NULL,NULL,NULL,'admin',0,'N','admin','2022-10-28 00:09:22','admin',NULL,1),(191,1,'N','I',2,189,'2022-10-28 05:36:14','I',NULL,'44',NULL,NULL,NULL,NULL,NULL,NULL,0,NULL,NULL,NULL,NULL,NULL,NULL,NULL,NULL,NULL,'admin',0,'N','admin','2022-10-28 05:36:14','admin',NULL,1),(192,1,'N','I',2,190,'2022-10-28 03:33:04','I',NULL,'43',NULL,NULL,NULL,NULL,NULL,NULL,0,NULL,NULL,NULL,NULL,NULL,NULL,NULL,NULL,NULL,'admin',0,'N','admin','2022-10-28 03:33:04','admin',NULL,1),(193,1,'N','I',2,191,'2022-10-28 00:56:39','R',NULL,'47',NULL,NULL,NULL,NULL,NULL,NULL,0,NULL,NULL,NULL,NULL,NULL,NULL,NULL,NULL,NULL,'admin',0,'N','admin','2022-10-28 00:56:39','admin',NULL,1),(194,0,'N','I',873,192,'2022-10-26 02:04:02','I',NULL,'14','14',NULL,NULL,'2022-10-31 23:58:56','B',NULL,0,NULL,NULL,NULL,NULL,NULL,NULL,NULL,NULL,NULL,'admin',1,'N','admin','2022-10-26 02:04:02','admin','2022-10-31 23:58:56',1),(195,0,'N','I',874,193,'2022-10-28 07:30:13','A',NULL,'14','14',NULL,NULL,'2022-10-29 17:17:18','D',NULL,0,NULL,NULL,NULL,NULL,NULL,NULL,NULL,NULL,NULL,'admin',2,'N','admin','2022-10-28 07:30:13','admin','2022-10-29 17:17:18',1),(196,1,'N','I',2,194,'2022-10-30 07:18:59','I',NULL,'47',NULL,NULL,NULL,NULL,NULL,NULL,0,NULL,NULL,NULL,NULL,NULL,NULL,NULL,NULL,NULL,'admin',0,'N','admin','2022-10-30 07:18:59','admin',NULL,1),(197,1,'N','I',2,195,'2022-10-30 06:04:17','I',NULL,'39',NULL,NULL,NULL,NULL,NULL,NULL,0,NULL,NULL,NULL,NULL,NULL,NULL,NULL,NULL,NULL,'admin',0,'N','admin','2022-10-30 06:04:17','admin',NULL,1),(198,1,'N','I',2,196,'2022-10-30 00:24:29','I',NULL,'48',NULL,NULL,NULL,NULL,NULL,NULL,0,NULL,NULL,NULL,NULL,NULL,NULL,NULL,NULL,NULL,'admin',0,'N','admin','2022-10-30 00:24:29','admin',NULL,1),(199,1,'N','I',2,197,'2022-10-30 07:49:35','I',NULL,'19',NULL,NULL,NULL,NULL,NULL,NULL,0,NULL,NULL,NULL,NULL,NULL,NULL,NULL,NULL,NULL,'admin',0,'N','admin','2022-10-30 07:49:35','admin',NULL,1),(200,1,'N','I',2,198,'2022-10-30 05:54:29','I',NULL,'37',NULL,NULL,NULL,NULL,NULL,NULL,0,NULL,NULL,NULL,NULL,NULL,NULL,NULL,NULL,NULL,'admin',0,'N','admin','2022-10-30 05:54:29','admin',NULL,1),(201,1,'N','I',2,199,'2022-10-30 06:03:39','I',NULL,'37',NULL,NULL,NULL,NULL,NULL,NULL,0,NULL,NULL,NULL,NULL,NULL,NULL,NULL,NULL,NULL,'admin',0,'N','admin','2022-10-30 06:03:39','admin',NULL,1),(202,1,'N','I',2,200,'2022-10-30 04:34:48','I',NULL,'3',NULL,NULL,NULL,NULL,NULL,NULL,0,NULL,NULL,NULL,NULL,NULL,NULL,NULL,NULL,NULL,'admin',0,'N','admin','2022-10-30 04:34:48','admin',NULL,1),(204,1,'N','F',0,202,'2022-10-28 04:43:02','I',NULL,'26',NULL,NULL,NULL,NULL,NULL,NULL,0,NULL,NULL,NULL,NULL,NULL,NULL,NULL,NULL,NULL,'admin',0,'N','admin','2022-10-28 04:43:02','admin',NULL,1),(205,1,'N','F',0,203,'2022-10-30 01:50:50','I',NULL,'44',NULL,NULL,NULL,NULL,NULL,NULL,0,NULL,NULL,NULL,NULL,NULL,NULL,NULL,NULL,NULL,'admin',0,'N','admin','2022-10-30 01:50:50','admin',NULL,1),(206,1,'N','F',0,204,'2022-10-30 03:05:02','I',NULL,'44',NULL,NULL,NULL,NULL,NULL,NULL,0,NULL,NULL,NULL,NULL,NULL,NULL,NULL,NULL,NULL,'admin',0,'N','admin','2022-10-30 03:05:02','admin',NULL,1),(207,1,'N','F',0,205,'2022-10-31 01:52:43','R',NULL,'39',NULL,NULL,NULL,NULL,NULL,NULL,0,NULL,NULL,NULL,NULL,NULL,NULL,NULL,NULL,NULL,'admin',0,'N','admin','2022-10-31 01:52:43','admin',NULL,1),(208,1,'N','F',0,206,'2022-10-31 00:08:29','A',NULL,'15',NULL,NULL,NULL,NULL,NULL,NULL,0,NULL,NULL,NULL,NULL,NULL,NULL,NULL,NULL,NULL,'admin',0,'N','admin','2022-10-31 00:08:29','admin',NULL,1),(209,1,'N','F',0,208,'2022-10-31 03:04:16','I',NULL,'15',NULL,NULL,NULL,NULL,NULL,NULL,0,NULL,NULL,NULL,NULL,NULL,NULL,NULL,NULL,NULL,'admin',0,'N','admin','2022-10-31 03:04:16','admin',NULL,1),(213,1,'N','I',887,214,'2022-11-01 06:55:52','I',NULL,'44',NULL,NULL,NULL,NULL,NULL,NULL,0,NULL,NULL,NULL,NULL,NULL,NULL,NULL,NULL,NULL,'admin',0,'N','admin','2022-11-01 06:55:52','admin',NULL,1),(214,1,'N','I',884,215,'2022-10-31 01:26:33','I',NULL,'48',NULL,NULL,NULL,NULL,NULL,NULL,0,NULL,NULL,NULL,NULL,NULL,NULL,NULL,NULL,NULL,'admin',0,'N','admin','2022-10-31 01:26:33','admin',NULL,1),(215,1,'N','I',884,216,'2022-10-31 02:25:09','I',NULL,'44',NULL,NULL,NULL,NULL,NULL,NULL,0,NULL,NULL,NULL,NULL,NULL,NULL,NULL,NULL,NULL,'admin',0,'N','admin','2022-10-31 02:25:09','admin',NULL,1),(216,1,'N','C',885,217,'2022-10-31 07:46:06','I',NULL,'40',NULL,NULL,NULL,NULL,NULL,NULL,0,NULL,NULL,NULL,NULL,NULL,NULL,NULL,NULL,NULL,'admin',0,'N','admin','2022-10-31 07:46:06','admin',NULL,1),(217,1,'N','I',886,218,'2022-10-31 07:35:06','I',NULL,'43',NULL,NULL,NULL,NULL,NULL,NULL,0,NULL,NULL,NULL,NULL,NULL,NULL,NULL,NULL,NULL,'admin',0,'N','admin','2022-10-31 07:35:06','admin',NULL,1),(218,1,'N','I',888,219,'2022-11-01 06:37:10','I',NULL,'19',NULL,NULL,NULL,NULL,NULL,NULL,0,NULL,NULL,NULL,NULL,NULL,NULL,NULL,NULL,NULL,'admin',0,'N','admin','2022-11-01 06:37:10','admin',NULL,1),(219,1,'N','I',889,220,'2022-11-02 02:20:35','I',NULL,'39',NULL,NULL,NULL,NULL,NULL,NULL,0,NULL,NULL,NULL,NULL,NULL,NULL,NULL,NULL,NULL,'admin',0,'N','admin','2022-11-02 02:20:35','admin',NULL,1),(220,1,'N','I',890,221,'2022-11-02 07:51:22','I',NULL,'15',NULL,NULL,NULL,NULL,NULL,NULL,0,NULL,NULL,NULL,NULL,NULL,NULL,NULL,NULL,NULL,'admin',0,'N','admin','2022-11-02 07:51:22','admin',NULL,1),(221,1,'N','I',891,222,'2022-11-02 00:15:08','I',NULL,'44',NULL,NULL,NULL,NULL,NULL,NULL,0,NULL,NULL,NULL,NULL,NULL,NULL,NULL,NULL,NULL,'admin',0,'N','admin','2022-11-02 00:15:08','admin',NULL,1),(222,1,'N','C',892,223,'2022-11-02 01:41:36','I',NULL,'15',NULL,NULL,NULL,NULL,NULL,NULL,0,NULL,NULL,NULL,NULL,NULL,NULL,NULL,NULL,NULL,'admin',0,'N','admin','2022-11-02 01:41:36','admin',NULL,1),(223,1,'N','I',893,224,'2022-11-02 07:42:33','I',NULL,'17',NULL,NULL,NULL,NULL,NULL,NULL,0,NULL,NULL,NULL,NULL,NULL,NULL,NULL,NULL,NULL,'admin',0,'N','admin','2022-11-02 07:42:33','admin',NULL,1),(224,1,'N','C',4703,225,'2022-11-01 01:28:00','I',NULL,'30',NULL,NULL,NULL,NULL,NULL,NULL,0,NULL,NULL,NULL,NULL,NULL,NULL,NULL,NULL,NULL,'admin',0,'N','admin','2022-11-01 01:28:00','admin',NULL,1),(225,1,'N','C',4704,226,'2022-11-01 00:12:22','I',NULL,'39',NULL,NULL,NULL,NULL,NULL,NULL,0,NULL,NULL,NULL,NULL,NULL,NULL,NULL,NULL,NULL,'admin',0,'N','admin','2022-11-01 00:12:22','admin',NULL,1),(226,1,'N','C',4705,227,'2022-11-01 04:37:51','I',NULL,'39',NULL,NULL,NULL,NULL,NULL,NULL,0,NULL,NULL,NULL,NULL,NULL,NULL,NULL,NULL,NULL,'admin',0,'N','admin','2022-11-01 04:37:51','admin',NULL,1),(227,1,'N','C',4706,228,'2022-11-01 06:32:09','I',NULL,'39',NULL,NULL,NULL,NULL,NULL,NULL,0,NULL,NULL,NULL,NULL,NULL,NULL,NULL,NULL,NULL,'admin',0,'N','admin','2022-11-01 06:32:09','admin',NULL,1),(228,1,'N','C',4707,229,'2022-11-01 02:47:10','I',NULL,'39',NULL,NULL,NULL,NULL,NULL,NULL,0,NULL,NULL,NULL,NULL,NULL,NULL,NULL,NULL,NULL,'admin',0,'N','admin','2022-11-01 02:47:10','admin',NULL,1),(229,1,'N','C',4708,230,'2022-11-01 02:19:27','I',NULL,'30',NULL,NULL,NULL,NULL,NULL,NULL,0,NULL,NULL,NULL,NULL,NULL,NULL,NULL,NULL,NULL,'admin',0,'N','admin','2022-11-01 02:19:27','admin',NULL,1),(230,1,'N','C',4709,231,'2022-11-01 03:15:45','I',NULL,'39',NULL,NULL,NULL,NULL,NULL,NULL,0,NULL,NULL,NULL,NULL,NULL,NULL,NULL,NULL,NULL,'admin',1,'N','admin','2022-11-01 03:15:45','admin',NULL,1),(231,1,'N','C',4710,232,'2022-11-01 01:20:22','I',NULL,'39',NULL,NULL,NULL,NULL,NULL,NULL,0,NULL,NULL,NULL,NULL,NULL,NULL,NULL,NULL,NULL,'admin',0,'N','admin','2022-11-01 01:20:22','admin',NULL,1),(232,1,'N','C',4711,233,'2022-11-01 04:54:37','I',NULL,'39',NULL,NULL,NULL,NULL,NULL,NULL,0,NULL,NULL,NULL,NULL,NULL,NULL,NULL,NULL,NULL,'admin',0,'N','admin','2022-11-01 04:54:37','admin',NULL,1),(233,1,'N','C',4712,234,'2022-11-01 04:31:59','I',NULL,'39',NULL,NULL,NULL,NULL,NULL,NULL,0,NULL,NULL,NULL,NULL,NULL,NULL,NULL,NULL,NULL,'admin',0,'N','admin','2022-11-01 04:31:59','admin',NULL,1),(234,1,'N','C',4713,235,'2022-11-01 07:56:07','I',NULL,'39',NULL,NULL,NULL,NULL,NULL,NULL,0,NULL,NULL,NULL,NULL,NULL,NULL,NULL,NULL,NULL,'admin',0,'N','admin','2022-11-01 07:56:07','admin',NULL,1),(235,1,'N','C',4714,236,'2022-11-01 02:04:36','I',NULL,'12',NULL,NULL,NULL,NULL,NULL,NULL,0,NULL,NULL,NULL,NULL,NULL,NULL,NULL,NULL,NULL,'admin',0,'N','admin','2022-11-01 02:04:36','admin',NULL,1),(236,1,'N','C',4715,237,'2022-11-01 02:34:41','I',NULL,'39',NULL,NULL,NULL,NULL,NULL,NULL,0,NULL,NULL,NULL,NULL,NULL,NULL,NULL,NULL,NULL,'admin',0,'N','admin','2022-11-01 02:34:41','admin',NULL,1),(237,1,'N','C',4716,238,'2022-11-01 06:39:39','I',NULL,'12',NULL,NULL,NULL,NULL,NULL,NULL,0,NULL,NULL,NULL,NULL,NULL,NULL,NULL,NULL,NULL,'admin',0,'N','admin','2022-11-01 06:39:39','admin',NULL,1),(238,1,'N','C',4717,239,'2022-11-01 01:34:11','I',NULL,'39',NULL,NULL,NULL,NULL,NULL,NULL,0,NULL,NULL,NULL,NULL,NULL,NULL,NULL,NULL,NULL,'admin',0,'N','admin','2022-11-01 01:34:11','admin',NULL,1),(239,1,'N','C',4718,240,'2022-11-01 03:51:59','I',NULL,'30',NULL,NULL,NULL,NULL,NULL,NULL,0,NULL,NULL,NULL,NULL,NULL,NULL,NULL,NULL,NULL,'admin',0,'N','admin','2022-11-01 03:51:59','admin',NULL,1),(240,1,'N','C',4719,241,'2022-11-01 06:37:24','I',NULL,'30',NULL,NULL,NULL,NULL,NULL,NULL,0,NULL,NULL,NULL,NULL,NULL,NULL,NULL,NULL,NULL,'admin',0,'N','admin','2022-11-01 06:37:24','admin',NULL,1),(241,1,'N','C',4720,242,'2022-11-01 05:31:03','I',NULL,'30',NULL,NULL,NULL,NULL,NULL,NULL,0,NULL,NULL,NULL,NULL,NULL,NULL,NULL,NULL,NULL,'admin',0,'N','admin','2022-11-01 05:31:03','admin',NULL,1),(242,1,'N','C',4721,243,'2022-11-01 07:43:04','I',NULL,'39',NULL,NULL,NULL,NULL,NULL,NULL,0,NULL,NULL,NULL,NULL,NULL,NULL,NULL,NULL,NULL,'admin',0,'N','admin','2022-11-01 07:43:04','admin',NULL,1),(243,1,'N','C',4722,244,'2022-11-01 06:02:09','I',NULL,'39',NULL,NULL,NULL,NULL,NULL,NULL,0,NULL,NULL,NULL,NULL,NULL,NULL,NULL,NULL,NULL,'admin',0,'N','admin','2022-11-01 06:02:09','admin',NULL,1),(244,1,'N','C',4723,245,'2022-11-02 07:01:36','I',NULL,'42',NULL,NULL,NULL,NULL,NULL,NULL,0,NULL,NULL,NULL,NULL,NULL,NULL,NULL,NULL,NULL,'admin',0,'N','admin','2022-11-02 07:01:36','admin',NULL,1),(245,1,'N','C',4724,246,'2022-11-02 01:01:33','I',NULL,'39',NULL,NULL,NULL,NULL,NULL,NULL,0,NULL,NULL,NULL,NULL,NULL,NULL,NULL,NULL,NULL,'admin',0,'N','admin','2022-11-02 01:01:33','admin',NULL,1),(246,1,'N','C',4725,247,'2022-11-02 00:02:57','I',NULL,'39',NULL,NULL,NULL,NULL,NULL,NULL,0,NULL,NULL,NULL,NULL,NULL,NULL,NULL,NULL,NULL,'admin',0,'N','admin','2022-11-02 00:02:57','admin',NULL,1),(247,1,'N','C',4726,248,'2022-11-02 05:10:07','I',NULL,'12',NULL,NULL,NULL,NULL,NULL,NULL,0,NULL,NULL,NULL,NULL,NULL,NULL,NULL,NULL,NULL,'admin',0,'N','admin','2022-11-02 05:10:07','admin',NULL,1),(248,1,'N','C',4727,249,'2022-11-02 01:41:44','I',NULL,'39',NULL,NULL,NULL,NULL,NULL,NULL,0,NULL,NULL,NULL,NULL,NULL,NULL,NULL,NULL,NULL,'admin',0,'N','admin','2022-11-02 01:41:44','admin',NULL,1),(249,1,'N','C',4728,250,'2022-11-02 00:58:22','I',NULL,'39',NULL,NULL,NULL,NULL,NULL,NULL,0,NULL,NULL,NULL,NULL,NULL,NULL,NULL,NULL,NULL,'admin',0,'N','admin','2022-11-02 00:58:22','admin',NULL,1),(250,1,'N','C',4729,251,'2022-11-02 07:46:36','I',NULL,'39',NULL,NULL,NULL,NULL,NULL,NULL,0,NULL,NULL,NULL,NULL,NULL,NULL,NULL,NULL,NULL,'admin',0,'N','admin','2022-11-02 07:46:36','admin',NULL,1),(251,1,'N','C',4730,252,'2022-11-02 03:57:54','I',NULL,'39',NULL,NULL,NULL,NULL,NULL,NULL,0,NULL,NULL,NULL,NULL,NULL,NULL,NULL,NULL,NULL,'admin',0,'N','admin','2022-11-02 03:57:54','admin',NULL,1),(252,1,'N','C',4731,253,'2022-11-02 04:29:44','I',NULL,'39',NULL,NULL,NULL,NULL,NULL,NULL,0,NULL,NULL,NULL,NULL,NULL,NULL,NULL,NULL,NULL,'admin',0,'N','admin','2022-11-02 04:29:44','admin',NULL,1),(253,1,'N','C',4732,254,'2022-11-02 02:34:59','I',NULL,'39',NULL,NULL,NULL,NULL,NULL,NULL,0,NULL,NULL,NULL,NULL,NULL,NULL,NULL,NULL,NULL,'admin',0,'N','admin','2022-11-02 02:34:59','admin',NULL,1),(254,1,'N','C',4733,256,'2022-11-02 07:25:41','I',NULL,'13',NULL,NULL,NULL,NULL,NULL,NULL,0,NULL,NULL,NULL,NULL,NULL,NULL,NULL,NULL,NULL,'admin',0,'N','admin','2022-11-02 07:25:41','admin',NULL,1),(255,0,'N','C',4734,257,'2022-11-02 05:23:31','I',NULL,'12','12',NULL,NULL,'2022-11-02 18:29:46','D',NULL,0,NULL,NULL,NULL,NULL,NULL,NULL,NULL,NULL,NULL,'admin',0,'N','admin','2022-11-02 05:23:31','admin','2022-11-02 18:29:46',1),(256,1,'N','C',4735,258,'2022-11-02 04:40:30','I',NULL,'39',NULL,NULL,NULL,NULL,NULL,NULL,0,NULL,NULL,NULL,NULL,NULL,NULL,NULL,NULL,NULL,'admin',0,'N','admin','2022-11-02 04:40:30','admin',NULL,1),(257,1,'P','M',2,255,'2022-11-02 07:11:59','I',NULL,'47',NULL,NULL,NULL,NULL,NULL,NULL,0,'2022-11-04 05:18:05',NULL,'2022-11-04 11:17:25','N','A',2.5,NULL,NULL,NULL,'admin',0,'N','admin','2022-11-02 07:11:59','admin',NULL,1),(258,1,'N','C',4736,259,'2022-11-02 05:58:24','I',NULL,'39',NULL,NULL,NULL,NULL,NULL,NULL,0,NULL,NULL,NULL,NULL,NULL,NULL,NULL,NULL,NULL,'admin',0,'N','admin','2022-11-02 05:58:24','admin',NULL,1),(259,1,'N','C',4737,261,'2022-11-02 00:16:04','I',NULL,'15',NULL,NULL,NULL,NULL,NULL,NULL,0,NULL,NULL,NULL,NULL,NULL,NULL,NULL,NULL,NULL,'admin',0,'N','admin','2022-11-02 00:16:04','admin',NULL,1),(260,1,'N','C',4738,262,'2022-11-02 07:25:09','I',NULL,'39',NULL,NULL,NULL,NULL,NULL,NULL,0,NULL,NULL,NULL,NULL,NULL,NULL,NULL,NULL,NULL,'admin',0,'N','admin','2022-11-02 07:25:09','admin',NULL,1),(261,1,'P','M',2,260,'2022-11-02 04:17:34','I',NULL,'39',NULL,NULL,NULL,NULL,NULL,NULL,0,'2022-11-02 01:22:52',NULL,'2022-11-02 00:53:22','N','A',2.9,NULL,NULL,NULL,'admin',0,'N','admin','2022-11-02 04:17:34','admin',NULL,1),(262,1,'N','C',4739,263,'2022-11-02 07:12:23','I',NULL,'39',NULL,NULL,NULL,NULL,NULL,NULL,0,NULL,NULL,NULL,NULL,NULL,NULL,NULL,NULL,NULL,'admin',0,'N','admin','2022-11-02 07:12:23','admin',NULL,1),(263,1,'N','C',4740,265,'2022-11-02 07:09:14','I',NULL,'39',NULL,NULL,NULL,NULL,NULL,NULL,0,NULL,NULL,NULL,NULL,NULL,NULL,NULL,NULL,NULL,'admin',0,'N','admin','2022-11-02 07:09:14','admin',NULL,1),(264,1,'P','M',2,264,'2022-11-02 06:09:01','I',NULL,'47',NULL,NULL,NULL,NULL,NULL,NULL,0,NULL,NULL,'2022-11-04 10:14:46',NULL,NULL,NULL,NULL,NULL,NULL,'admin',0,'N','admin','2022-11-02 06:09:01','admin',NULL,1),(265,1,'N','C',4741,266,'2022-11-02 01:17:25','I',NULL,'12',NULL,NULL,NULL,NULL,NULL,NULL,0,NULL,NULL,NULL,NULL,NULL,NULL,NULL,NULL,NULL,'admin',0,'N','admin','2022-11-02 01:17:25','admin',NULL,1),(266,1,'N','C',4742,267,'2022-11-02 04:00:01','I',NULL,'39',NULL,NULL,NULL,NULL,NULL,NULL,0,NULL,NULL,NULL,NULL,NULL,NULL,NULL,NULL,NULL,'admin',0,'N','admin','2022-11-02 04:00:01','admin',NULL,1),(267,1,'N','C',4743,268,'2022-11-02 00:07:49','I',NULL,'15',NULL,NULL,NULL,NULL,NULL,NULL,0,NULL,NULL,NULL,NULL,NULL,NULL,NULL,NULL,NULL,'admin',0,'N','admin','2022-11-02 00:07:49','admin',NULL,1),(268,1,'N','F',760,269,'2022-11-02 04:39:04','I',NULL,'44',NULL,NULL,NULL,NULL,NULL,NULL,0,NULL,NULL,NULL,NULL,NULL,NULL,NULL,NULL,NULL,'admin',0,'N','admin','2022-11-02 04:39:04','admin',NULL,1),(269,1,'N','C',4744,270,'2022-11-02 06:51:54','I',NULL,'15',NULL,NULL,NULL,NULL,NULL,NULL,0,NULL,NULL,NULL,NULL,NULL,NULL,NULL,NULL,NULL,'admin',0,'N','admin','2022-11-02 06:51:54','admin',NULL,1),(270,1,'N','F',761,271,'2022-11-03 04:22:16','I',NULL,'44',NULL,NULL,NULL,NULL,NULL,NULL,0,NULL,NULL,NULL,NULL,NULL,NULL,NULL,NULL,NULL,'admin',0,'N','admin','2022-11-03 04:22:16','admin',NULL,1),(271,1,'N','F',762,273,'2022-11-03 01:15:40','I',NULL,'58',NULL,NULL,NULL,NULL,NULL,NULL,0,NULL,NULL,NULL,NULL,NULL,NULL,NULL,NULL,NULL,'admin',0,'N','admin','2022-11-03 01:15:40','admin',NULL,1),(272,1,'N','C',4745,272,'2022-11-03 01:11:31','I',NULL,'39',NULL,NULL,NULL,NULL,NULL,NULL,0,NULL,NULL,NULL,NULL,NULL,NULL,NULL,NULL,NULL,'admin',0,'N','admin','2022-11-03 01:11:31','admin',NULL,1),(273,1,'N','F',763,274,'2022-11-03 02:10:35','I',NULL,'39',NULL,NULL,NULL,NULL,NULL,NULL,0,NULL,NULL,NULL,NULL,NULL,NULL,NULL,NULL,NULL,'admin',0,'N','admin','2022-11-03 02:10:35','admin',NULL,1),(274,1,'N','C',4746,275,'2022-11-03 07:18:25','I',NULL,'42',NULL,NULL,NULL,NULL,NULL,NULL,0,NULL,NULL,NULL,NULL,NULL,NULL,NULL,NULL,NULL,'admin',0,'N','admin','2022-11-03 07:18:25','admin',NULL,1),(275,1,'N','C',4747,276,'2022-11-03 06:00:20','I',NULL,'39',NULL,NULL,NULL,NULL,NULL,NULL,0,NULL,NULL,NULL,NULL,NULL,NULL,NULL,NULL,NULL,'admin',0,'N','admin','2022-11-03 06:00:20','admin',NULL,1),(276,1,'N','C',4748,277,'2022-11-03 00:06:24','I',NULL,'39',NULL,NULL,NULL,NULL,NULL,NULL,0,NULL,NULL,NULL,NULL,NULL,NULL,NULL,NULL,NULL,'admin',0,'N','admin','2022-11-03 00:06:24','admin',NULL,1),(277,1,'N','C',4749,278,'2022-11-03 06:31:02','I',NULL,'39',NULL,NULL,NULL,NULL,NULL,NULL,0,NULL,NULL,NULL,NULL,NULL,NULL,NULL,NULL,NULL,'admin',0,'N','admin','2022-11-03 06:31:02','admin',NULL,1),(278,1,'N','C',4750,279,'2022-11-03 00:15:58','I',NULL,'46',NULL,NULL,NULL,NULL,NULL,NULL,0,NULL,NULL,NULL,NULL,NULL,NULL,NULL,NULL,NULL,'admin',0,'N','admin','2022-11-03 00:15:58','admin',NULL,1),(279,1,'N','C',4751,280,'2022-11-03 05:46:43','I',NULL,'39',NULL,NULL,NULL,NULL,NULL,NULL,0,NULL,NULL,NULL,NULL,NULL,NULL,NULL,NULL,NULL,'admin',0,'N','admin','2022-11-03 05:46:43','admin',NULL,1),(280,1,'N','C',4752,281,'2022-11-03 04:05:44','I',NULL,'39',NULL,NULL,NULL,NULL,NULL,NULL,0,NULL,NULL,NULL,NULL,NULL,NULL,NULL,NULL,NULL,'admin',0,'N','admin','2022-11-03 04:05:44','admin',NULL,1),(281,1,'N','C',4753,282,'2022-11-03 03:08:28','I',NULL,'39',NULL,NULL,NULL,NULL,NULL,NULL,0,NULL,NULL,NULL,NULL,NULL,NULL,NULL,NULL,NULL,'admin',0,'N','admin','2022-11-03 03:08:28','admin',NULL,1),(282,1,'N','C',4754,283,'2022-11-03 03:25:12','I',NULL,'39',NULL,NULL,NULL,NULL,NULL,NULL,0,NULL,NULL,NULL,NULL,NULL,NULL,NULL,NULL,NULL,'admin',0,'N','admin','2022-11-03 03:25:12','admin',NULL,1),(283,1,'N','C',4755,284,'2022-11-03 07:40:35','I',NULL,'39',NULL,NULL,NULL,NULL,NULL,NULL,0,NULL,NULL,NULL,NULL,NULL,NULL,NULL,NULL,NULL,'admin',0,'N','admin','2022-11-03 07:40:35','admin',NULL,1),(284,0,'N','I',793,285,'2022-10-10 04:07:20','I',NULL,'14','14',NULL,NULL,'2022-10-28 23:36:55','B',NULL,0,NULL,NULL,NULL,NULL,NULL,NULL,NULL,NULL,NULL,'admin',0,'N','admin','2022-10-10 04:07:20','admin','2022-10-28 23:36:55',1),(285,1,'N','C',4756,286,'2022-11-03 05:34:54','I',NULL,'30',NULL,NULL,NULL,NULL,NULL,NULL,0,NULL,NULL,NULL,NULL,NULL,NULL,NULL,NULL,NULL,'admin',0,'N','admin','2022-11-03 05:34:54','admin',NULL,1),(286,0,'N','I',820,287,'2022-10-16 07:32:30','I',NULL,'48','46',NULL,NULL,'2022-10-28 17:35:14','B',NULL,0,NULL,NULL,NULL,NULL,NULL,NULL,NULL,NULL,NULL,'admin',0,'N','admin','2022-10-16 07:32:30','admin','2022-10-28 17:35:14',1),(287,0,'N','F',761,288,'2022-10-18 04:57:50','I',NULL,'48','48',NULL,NULL,'2022-10-28 21:05:31','B',NULL,0,NULL,NULL,NULL,NULL,NULL,NULL,NULL,NULL,NULL,'admin',0,'N','admin','2022-10-18 04:57:50','admin','2022-10-28 21:05:31',1),(288,0,'N','I',805,157,'2022-10-13 02:11:38','I',NULL,'108','108',NULL,NULL,'2022-10-28 21:41:49','EQ',NULL,0,NULL,NULL,NULL,NULL,NULL,NULL,NULL,NULL,NULL,'admin',0,'N','admin','2022-10-13 02:11:38','admin','2022-10-28 21:41:49',1),(289,0,'N','I',745,289,'2022-09-28 04:04:43','I',NULL,'102','102',NULL,NULL,'2022-10-28 21:12:34','EQ',NULL,0,NULL,NULL,NULL,NULL,NULL,NULL,NULL,NULL,NULL,'admin',0,'N','admin','2022-09-28 04:04:43','admin','2022-10-28 21:12:34',1),(290,0,'N','I',813,290,'2022-10-16 05:48:39','I',NULL,'49','49',NULL,NULL,'2022-10-28 23:57:21','EQ',NULL,0,NULL,NULL,NULL,NULL,NULL,NULL,NULL,NULL,NULL,'admin',0,'N','admin','2022-10-16 05:48:39','admin','2022-10-28 23:57:21',1),(291,0,'N','F',741,291,'2022-10-25 00:49:08','I',NULL,'14','14',NULL,NULL,'2022-10-28 18:09:00','EQ',NULL,0,NULL,NULL,NULL,NULL,NULL,NULL,NULL,NULL,NULL,'admin',0,'N','admin','2022-10-25 00:49:08','admin','2022-10-28 18:09:00',1),(292,0,'N','I',810,292,'2022-10-14 02:39:43','I',NULL,'104','104',NULL,NULL,'2022-10-26 22:53:03','EQ',NULL,0,NULL,NULL,NULL,NULL,NULL,NULL,NULL,NULL,NULL,'admin',0,'N','admin','2022-10-14 02:39:43','admin','2022-10-26 22:53:03',1),(293,0,'N','I',747,293,'2022-09-28 02:51:13','I',NULL,'44','44',NULL,NULL,'2022-10-25 21:58:10','EQ',NULL,0,NULL,NULL,NULL,NULL,NULL,NULL,NULL,NULL,NULL,'admin',0,'N','admin','2022-09-28 02:51:13','admin','2022-10-25 21:58:10',1),(294,0,'N','F',748,294,'2022-09-29 06:16:58','I',NULL,'44','29',NULL,NULL,'2022-10-25 17:11:42','EQ',NULL,0,NULL,NULL,NULL,NULL,NULL,NULL,NULL,NULL,NULL,'admin',0,'N','admin','2022-09-29 06:16:58','admin','2022-10-25 17:11:42',1),(295,0,'N','I',751,295,'2022-10-01 06:51:08','I',NULL,'84','84',NULL,NULL,'2022-10-25 17:04:00','EQ',NULL,0,NULL,NULL,NULL,NULL,NULL,NULL,NULL,NULL,NULL,'admin',0,'N','admin','2022-10-01 06:51:08','admin','2022-10-25 17:04:00',1),(296,0,'N','C',749,296,'2022-09-30 07:24:48','I',NULL,'23','23',NULL,NULL,'2022-10-24 23:44:58','EQ',NULL,0,NULL,NULL,NULL,NULL,NULL,NULL,NULL,NULL,NULL,'admin',0,'N','admin','2022-09-30 07:24:48','admin','2022-10-24 23:44:58',1),(297,0,'N','I',830,297,'2022-10-10 00:30:36','I',NULL,'40','40',NULL,NULL,'2022-10-24 22:32:45','EQ',NULL,0,NULL,NULL,NULL,NULL,NULL,NULL,NULL,NULL,NULL,'admin',0,'N','admin','2022-10-10 00:30:36','admin','2022-10-24 22:32:45',1),(298,0,'N','F',822,298,'2022-10-17 04:18:37','I',NULL,'48','47',NULL,NULL,'2022-10-24 17:28:53','EQ',NULL,0,NULL,NULL,NULL,NULL,NULL,NULL,NULL,NULL,NULL,'admin',0,'N','admin','2022-10-17 04:18:37','admin','2022-10-24 17:28:53',1),(299,0,'N','I',823,299,'2022-10-17 04:01:18','I',NULL,'40','40',NULL,NULL,'2022-10-24 23:46:10','EQ',NULL,0,NULL,NULL,NULL,NULL,NULL,NULL,NULL,NULL,NULL,'admin',0,'N','admin','2022-10-17 04:01:18','admin','2022-10-24 23:46:10',1),(300,0,'N','I',776,300,'2022-10-07 07:10:40','I',NULL,'39','39',NULL,NULL,'2022-10-24 21:24:10','EQ',NULL,0,NULL,NULL,NULL,NULL,NULL,NULL,NULL,NULL,NULL,'admin',0,'N','admin','2022-10-07 07:10:40','admin','2022-10-24 21:24:10',1),(301,0,'N','I',764,301,'2022-10-18 07:49:25','I',NULL,'90','90',NULL,NULL,'2022-10-24 18:42:20','EQ',NULL,0,NULL,NULL,NULL,NULL,NULL,NULL,NULL,NULL,NULL,'admin',0,'N','admin','2022-10-18 07:49:25','admin','2022-10-24 18:42:20',1),(302,0,'N','F',815,302,'2022-10-16 01:35:06','I',NULL,'39','46',NULL,NULL,'2022-10-24 19:19:10','EQ',NULL,0,NULL,NULL,NULL,NULL,NULL,NULL,NULL,NULL,NULL,'admin',0,'N','admin','2022-10-16 01:35:06','admin','2022-10-24 19:19:10',1),(303,0,'N','I',811,303,'2022-10-15 00:27:17','I',NULL,'24','24',NULL,NULL,'2022-10-24 23:28:53','EQ',NULL,0,NULL,NULL,NULL,NULL,NULL,NULL,NULL,NULL,NULL,'admin',0,'N','admin','2022-10-15 00:27:17','admin','2022-10-24 23:28:53',1),(304,0,'N','I',632,304,'2022-10-17 05:31:06','I',NULL,'48','48',NULL,NULL,'2022-10-24 21:26:52','EQ',NULL,0,NULL,NULL,NULL,NULL,NULL,NULL,NULL,NULL,NULL,'admin',0,'N','admin','2022-10-17 05:31:06','admin','2022-10-24 21:26:52',1),(305,0,'N','F',828,305,'2022-10-18 02:13:38','I',NULL,'68','68',NULL,NULL,'2022-10-24 19:47:42','EQ',NULL,0,NULL,NULL,NULL,NULL,NULL,NULL,NULL,NULL,NULL,'admin',0,'N','admin','2022-10-18 02:13:38','admin','2022-10-24 19:47:42',1),(306,0,'N','I',773,306,'2022-10-05 02:34:53','I',NULL,'90','90',NULL,NULL,'2022-10-21 17:37:53','EQ',NULL,0,NULL,NULL,NULL,NULL,NULL,NULL,NULL,NULL,NULL,'admin',0,'N','admin','2022-10-05 02:34:53','admin','2022-10-21 17:37:53',1),(307,0,'N','C',819,307,'2022-10-16 06:13:31','I',NULL,'108','108',NULL,NULL,'2022-10-21 18:46:19','EQ',NULL,0,NULL,NULL,NULL,NULL,NULL,NULL,NULL,NULL,NULL,'admin',0,'N','admin','2022-10-16 06:13:31','admin','2022-10-21 18:46:19',1),(308,0,'N','I',775,308,'2022-10-04 07:22:58','I',NULL,'88','88',NULL,NULL,'2022-10-19 23:57:58','EQ',NULL,0,NULL,NULL,NULL,NULL,NULL,NULL,NULL,NULL,NULL,'admin',0,'N','admin','2022-10-04 07:22:58','admin','2022-10-19 23:57:58',1),(309,0,'N','I',766,309,'2022-10-05 02:14:18','I',NULL,'14','14',NULL,NULL,'2022-10-19 18:30:51','EQ',NULL,0,NULL,NULL,NULL,NULL,NULL,NULL,NULL,NULL,NULL,'admin',0,'N','admin','2022-10-05 02:14:18','admin','2022-10-19 18:30:51',1),(310,0,'N','I',740,310,'2022-09-27 05:02:35','I',NULL,'100','100',NULL,NULL,'2022-10-19 17:40:24','EQ',NULL,0,NULL,NULL,NULL,NULL,NULL,NULL,NULL,NULL,NULL,'admin',0,'N','admin','2022-09-27 05:02:35','admin','2022-10-19 17:40:24',1),(311,0,'N','I',770,311,'2022-10-05 02:30:03','I',NULL,'95','95',NULL,NULL,'2022-10-19 22:49:25','EQ',NULL,0,NULL,NULL,NULL,NULL,NULL,NULL,NULL,NULL,NULL,'admin',0,'N','admin','2022-10-05 02:30:03','admin','2022-10-19 22:49:25',1),(312,0,'N','I',638,312,'2022-08-18 05:22:30','I',NULL,'44','44',NULL,NULL,'2022-10-17 23:05:54','EQ',NULL,0,NULL,NULL,NULL,NULL,NULL,NULL,NULL,NULL,NULL,'admin',0,'N','admin','2022-08-18 05:22:30','admin','2022-10-17 23:05:54',1),(313,0,'N','I',774,313,'2022-10-06 03:22:23','I',NULL,'49','49',NULL,NULL,'2022-10-16 23:01:14','EQ',NULL,0,NULL,NULL,NULL,NULL,NULL,NULL,NULL,NULL,NULL,'admin',0,'N','admin','2022-10-06 03:22:23','admin','2022-10-16 23:01:14',1),(314,0,'N','I',769,314,'2022-10-05 00:44:25','I',NULL,'84','84',NULL,NULL,'2022-10-16 21:48:27','EQ',NULL,0,NULL,NULL,NULL,NULL,NULL,NULL,NULL,NULL,NULL,'admin',0,'N','admin','2022-10-05 00:44:25','admin','2022-10-16 21:48:27',1),(315,0,'N','I',760,315,'2022-10-04 01:34:58','I',NULL,'48','48',NULL,NULL,'2022-10-14 22:58:32','D',NULL,0,NULL,NULL,NULL,NULL,NULL,NULL,NULL,NULL,NULL,'admin',0,'N','admin','2022-10-04 01:34:58','admin','2022-10-14 22:58:32',1),(316,0,'N','I',756,316,'2022-10-03 05:41:33','I',NULL,'90','90',NULL,NULL,'2022-10-14 18:27:17','EQ',NULL,0,NULL,NULL,NULL,NULL,NULL,NULL,NULL,NULL,NULL,'admin',0,'N','admin','2022-10-03 05:41:33','admin','2022-10-14 18:27:17',1),(317,0,'N','I',712,317,'2022-09-15 07:42:51','I',NULL,'16','16',NULL,NULL,'2022-10-14 20:20:54','EQ',NULL,0,NULL,NULL,NULL,NULL,NULL,NULL,NULL,NULL,NULL,'admin',0,'N','admin','2022-09-15 07:42:51','admin','2022-10-14 20:20:54',1),(318,0,'N','I',736,318,'2022-09-25 05:29:38','I',NULL,'87','87',NULL,NULL,'2022-10-14 22:22:37','EQ',NULL,0,NULL,NULL,NULL,NULL,NULL,NULL,NULL,NULL,NULL,'admin',0,'N','admin','2022-09-25 05:29:38','admin','2022-10-14 22:22:37',1),(319,0,'N','I',725,319,'2022-09-21 04:19:38','I',NULL,'18','18',NULL,NULL,'2022-10-02 19:50:24','EQ',NULL,0,NULL,NULL,NULL,NULL,NULL,NULL,NULL,NULL,NULL,'admin',0,'N','admin','2022-09-21 04:19:38','admin','2022-10-02 19:50:24',1),(320,0,'N','F',735,320,'2022-09-25 05:09:15','I',NULL,'39','39',NULL,NULL,'2022-10-02 22:04:09','EQ',NULL,0,NULL,NULL,NULL,NULL,NULL,NULL,NULL,NULL,NULL,'admin',0,'N','admin','2022-09-25 05:09:15','admin','2022-10-02 22:04:09',1),(321,0,'N','I',702,321,'2022-09-11 04:47:20','I',NULL,'14','14',NULL,NULL,'2022-10-04 19:49:30','EQ',NULL,0,NULL,NULL,NULL,NULL,NULL,NULL,NULL,NULL,NULL,'admin',0,'N','admin','2022-09-11 04:47:20','admin','2022-10-04 19:49:30',1),(322,0,'N','I',754,322,'2022-10-02 00:28:57','I',NULL,'84','84',NULL,NULL,'2022-10-04 22:55:05','D',NULL,0,NULL,NULL,NULL,NULL,NULL,NULL,NULL,NULL,NULL,'admin',0,'N','admin','2022-10-02 00:28:57','admin','2022-10-04 22:55:05',1),(323,0,'N','I',758,323,'2022-10-03 04:02:45','R',NULL,'48','48',NULL,NULL,'2022-10-04 17:06:54','B',NULL,0,NULL,NULL,NULL,NULL,NULL,NULL,NULL,NULL,NULL,'admin',0,'N','admin','2022-10-03 04:02:45','admin','2022-10-04 17:06:54',1),(324,0,'N','I',724,324,'2022-09-21 02:46:53','I',NULL,'87','87',NULL,NULL,'2022-10-04 20:49:16','EQ',NULL,0,NULL,NULL,NULL,NULL,NULL,NULL,NULL,NULL,NULL,'admin',0,'N','admin','2022-09-21 02:46:53','admin','2022-10-04 20:49:16',1),(325,0,'N','I',721,325,'2022-09-20 01:46:10','I',NULL,'87','87',NULL,NULL,'2022-10-04 21:45:38','EQ',NULL,0,NULL,NULL,NULL,NULL,NULL,NULL,NULL,NULL,NULL,'admin',0,'N','admin','2022-09-20 01:46:10','admin','2022-10-04 21:45:38',1),(326,0,'N','I',753,326,'2022-10-02 00:30:15','I',NULL,'9','9',NULL,NULL,'2022-10-05 22:20:21','D',NULL,0,NULL,NULL,NULL,NULL,NULL,NULL,NULL,NULL,NULL,'admin',0,'N','admin','2022-10-02 00:30:15','admin','2022-10-05 22:20:21',1),(327,0,'N','I',750,327,'2022-10-01 05:12:42','I',NULL,'39','39',NULL,NULL,'2022-10-05 22:24:51','EQ',NULL,0,NULL,NULL,NULL,NULL,NULL,NULL,NULL,NULL,NULL,'admin',0,'N','admin','2022-10-01 05:12:42','admin','2022-10-05 22:24:51',1),(328,0,'N','I',772,328,'2022-10-05 00:32:48','I',NULL,'15','15',NULL,NULL,'2022-10-05 21:03:10','EQ',NULL,0,NULL,NULL,NULL,NULL,NULL,NULL,NULL,NULL,NULL,'admin',0,'N','admin','2022-10-05 00:32:48','admin','2022-10-05 21:03:10',1),(329,0,'N','I',752,329,'2022-10-02 03:05:55','I',NULL,'15','104',NULL,NULL,'2022-10-06 21:01:20','D',NULL,0,NULL,NULL,NULL,NULL,NULL,NULL,NULL,NULL,NULL,'admin',0,'N','admin','2022-10-02 03:05:55','admin','2022-10-06 21:01:20',1),(330,0,'N','I',765,330,'2022-10-04 05:51:09','I',NULL,'100','100',NULL,NULL,'2022-10-06 17:57:08','D',NULL,0,NULL,NULL,NULL,NULL,NULL,NULL,NULL,NULL,NULL,'admin',0,'N','admin','2022-10-04 05:51:09','admin','2022-10-06 17:57:08',1),(331,0,'N','I',722,331,'2022-09-20 03:58:01','I',NULL,'68','68',NULL,NULL,'2022-10-08 23:41:41','D',NULL,0,NULL,NULL,NULL,NULL,NULL,NULL,NULL,NULL,NULL,'admin',0,'N','admin','2022-09-20 03:58:01','admin','2022-10-08 23:41:41',1),(332,0,'N','I',777,332,'2022-10-07 02:16:39','I',NULL,'39','39',NULL,NULL,'2022-10-10 19:37:01','D',NULL,0,NULL,NULL,NULL,NULL,NULL,NULL,NULL,NULL,NULL,'admin',0,'N','admin','2022-10-07 02:16:39','admin','2022-10-10 19:37:01',1),(333,0,'N','I',763,333,'2022-10-04 07:29:13','I',NULL,'48','48',NULL,NULL,'2022-10-10 17:00:00','EQ',NULL,0,NULL,NULL,NULL,NULL,NULL,NULL,NULL,NULL,NULL,'admin',0,'N','admin','2022-10-04 07:29:13','admin','2022-10-10 17:00:00',1),(334,0,'N','I',768,334,'2022-10-05 06:36:09','I',NULL,'39','39',NULL,NULL,'2022-10-10 23:09:01','EQ',NULL,0,NULL,NULL,NULL,NULL,NULL,NULL,NULL,NULL,NULL,'admin',0,'N','admin','2022-10-05 06:36:09','admin','2022-10-10 23:09:01',1),(335,0,'N','I',742,335,'2022-09-27 02:33:08','I',NULL,'16','16',NULL,NULL,'2022-10-10 19:45:00','EQ',NULL,0,NULL,NULL,NULL,NULL,NULL,NULL,NULL,NULL,NULL,'admin',0,'N','admin','2022-09-27 02:33:08','admin','2022-10-10 19:45:00',1),(336,0,'N','I',743,336,'2022-09-27 00:57:11','I',NULL,'64','64',NULL,NULL,'2022-10-10 19:17:58','EQ',NULL,0,NULL,NULL,NULL,NULL,NULL,NULL,NULL,NULL,NULL,'admin',0,'N','admin','2022-09-27 00:57:11','admin','2022-10-10 19:17:58',1),(337,0,'N','I',771,337,'2022-10-05 05:06:31','I',NULL,'15','104',NULL,NULL,'2022-10-10 20:14:51','EQ',NULL,0,NULL,NULL,NULL,NULL,NULL,NULL,NULL,NULL,NULL,'admin',0,'N','admin','2022-10-05 05:06:31','admin','2022-10-10 20:14:51',1),(338,0,'N','I',732,338,'2022-09-25 06:41:02','I',NULL,'87','87',NULL,NULL,'2022-10-11 19:20:22','EQ',NULL,0,NULL,NULL,NULL,NULL,NULL,NULL,NULL,NULL,NULL,'admin',0,'N','admin','2022-09-25 06:41:02','admin','2022-10-11 19:20:22',1),(339,0,'N','I',734,339,'2022-09-25 02:05:36','I',NULL,'15','15',NULL,NULL,'2022-10-11 18:57:18','EQ',NULL,0,NULL,NULL,NULL,NULL,NULL,NULL,NULL,NULL,NULL,'admin',0,'N','admin','2022-09-25 02:05:36','admin','2022-10-11 18:57:18',1),(340,1,'N','C',4757,341,'2022-11-04 06:24:58','I',NULL,'15',NULL,NULL,NULL,NULL,NULL,NULL,0,NULL,NULL,NULL,NULL,NULL,NULL,NULL,NULL,NULL,'admin',0,'N','admin','2022-11-04 06:24:58','admin',NULL,1),(341,1,'N','C',4758,342,'2022-11-04 01:47:59','I',NULL,'39',NULL,NULL,NULL,NULL,NULL,NULL,0,NULL,NULL,NULL,NULL,NULL,NULL,NULL,NULL,NULL,'admin',0,'N','admin','2022-11-04 01:47:59','admin',NULL,1),(342,1,'N','C',4759,343,'2022-11-04 05:45:03','I',NULL,'39',NULL,NULL,NULL,NULL,NULL,NULL,0,NULL,NULL,NULL,NULL,NULL,NULL,NULL,NULL,NULL,'admin',0,'N','admin','2022-11-04 05:45:03','admin',NULL,1),(343,0,'N','I',730,344,'2022-09-23 07:21:21','I',NULL,'87','87',NULL,NULL,'2022-10-11 19:45:22','EQ',NULL,0,NULL,NULL,NULL,NULL,NULL,NULL,NULL,NULL,NULL,'admin',0,'N','admin','2022-09-23 07:21:21','admin','2022-10-11 19:45:22',1),(344,1,'P','M',1822,345,'2022-11-02 03:31:33','I',NULL,'39',NULL,NULL,NULL,NULL,NULL,NULL,0,NULL,NULL,'2022-11-02 08:11:36',NULL,NULL,NULL,NULL,NULL,NULL,'admin',1,'N','admin','2022-11-02 03:31:33','admin',NULL,1),(345,1,'P','M',1823,346,'2022-11-02 03:33:45','I',NULL,'26',NULL,NULL,NULL,NULL,NULL,NULL,0,NULL,NULL,'2022-11-02 16:37:44',NULL,NULL,NULL,NULL,NULL,NULL,'admin',0,'N','admin','2022-11-02 03:33:45','admin',NULL,1),(346,1,'P','M',1824,347,'2022-11-02 07:14:05','I',NULL,'26',NULL,NULL,NULL,NULL,NULL,NULL,0,NULL,NULL,'2022-11-04 10:29:52',NULL,NULL,NULL,NULL,NULL,NULL,'admin',0,'N','admin','2022-11-02 07:14:05','admin',NULL,1),(347,1,'P','M',1825,348,'2022-11-02 01:29:11','I',NULL,'127',NULL,NULL,NULL,NULL,NULL,NULL,0,NULL,NULL,'2022-11-03 02:32:09','N',NULL,2.9,NULL,NULL,NULL,'admin',0,'N','admin','2022-11-02 01:29:11','admin',NULL,1),(348,1,'P','M',1826,349,'2022-11-02 01:43:40','I',NULL,'46',NULL,NULL,NULL,NULL,NULL,NULL,0,NULL,NULL,'2022-11-03 05:07:10','N',NULL,3.9,NULL,NULL,NULL,'admin',0,'N','admin','2022-11-02 01:43:40','admin',NULL,1),(349,1,'P','M',1827,350,'2022-11-03 04:10:48','I',NULL,'42',NULL,NULL,NULL,NULL,NULL,NULL,0,'2022-11-04 18:37:27',NULL,'2022-11-05 17:55:24','C','A',3.14,NULL,NULL,NULL,'admin',0,'N','admin','2022-11-03 04:10:48','admin',NULL,1),(350,1,'P','M',1828,351,'2022-10-26 07:43:00','I',NULL,'39',NULL,NULL,NULL,NULL,NULL,NULL,0,NULL,NULL,'2022-10-27 02:11:29',NULL,NULL,NULL,NULL,NULL,NULL,'admin',0,'N','admin','2022-10-26 07:43:00','admin',NULL,1),(351,1,'P','M',1829,352,'2022-11-03 02:02:38','I',NULL,'58',NULL,NULL,NULL,NULL,NULL,NULL,0,NULL,NULL,'2022-11-03 05:07:13','N','A',4.1,NULL,NULL,NULL,'admin',0,'N','admin','2022-11-03 02:02:38','admin',NULL,1),(352,0,'P','M',1830,353,'2022-11-03 03:04:08','I',NULL,'26','26',NULL,NULL,'2022-11-05 17:54:55','EQ',NULL,0,NULL,NULL,'2022-11-04 17:52:35','V','S',NULL,NULL,NULL,NULL,'admin',0,'N','admin','2022-11-03 03:04:08','admin','2022-11-05 17:54:55',1),(353,1,'P','M',1831,354,'2022-11-03 01:12:48','I',NULL,'66',NULL,NULL,NULL,NULL,NULL,NULL,0,NULL,NULL,'2022-11-03 18:57:41','C','A',2,NULL,NULL,NULL,'admin',0,'N','admin','2022-11-03 01:12:48','admin',NULL,1),(354,1,'P','M',1832,355,'2022-11-03 04:51:36','I',NULL,'127',NULL,NULL,NULL,NULL,NULL,NULL,0,NULL,NULL,'2022-11-03 07:22:43','C','A',2.6,NULL,NULL,NULL,'admin',0,'N','admin','2022-11-03 04:51:36','admin',NULL,1),(355,1,'P','M',1833,356,'2022-11-04 04:39:35','I',NULL,'47',NULL,NULL,NULL,NULL,NULL,NULL,0,NULL,NULL,'2022-11-06 03:56:35','N','A',3.7,NULL,NULL,NULL,'admin',0,'N','admin','2022-11-04 04:39:35','admin',NULL,1),(356,1,'P','M',1834,357,'2022-11-04 00:43:07','I',NULL,'26',NULL,NULL,NULL,NULL,NULL,NULL,0,NULL,NULL,'2022-11-04 21:30:45',NULL,NULL,NULL,NULL,NULL,NULL,'admin',0,'N','admin','2022-11-04 00:43:07','admin',NULL,1),(357,1,'P','M',1835,358,'2022-11-04 05:36:52','I',NULL,'26',NULL,NULL,NULL,NULL,NULL,NULL,0,NULL,NULL,'2022-11-04 23:40:01','C','A',3.1,NULL,NULL,NULL,'admin',0,'N','admin','2022-11-04 05:36:52','admin',NULL,1),(358,1,'P','M',1836,359,'2022-11-04 01:55:00','I',NULL,'47',NULL,NULL,NULL,NULL,NULL,NULL,0,NULL,NULL,'2022-11-06 05:43:51',NULL,NULL,NULL,NULL,NULL,NULL,'admin',0,'N','admin','2022-11-04 01:55:00','admin',NULL,1),(359,1,'P','M',1837,360,'2022-11-05 00:44:23','I',NULL,'42',NULL,NULL,NULL,NULL,NULL,NULL,0,NULL,NULL,'2022-11-07 05:35:10','N','A',3.44,NULL,NULL,NULL,'admin',0,'N','admin','2022-11-05 00:44:23','admin',NULL,1),(360,1,'P','M',1838,361,'2022-11-05 05:56:57','I',NULL,'16',NULL,NULL,NULL,NULL,NULL,NULL,0,NULL,NULL,'2022-11-06 10:40:20','N','B',NULL,NULL,NULL,NULL,'admin',3,'N','admin','2022-11-05 05:56:57','admin',NULL,1),(361,1,'P','M',1839,362,'2022-11-06 03:31:36','I',NULL,'58',NULL,NULL,NULL,NULL,NULL,NULL,0,NULL,NULL,'2022-11-06 12:32:09','N','A',3.56,NULL,NULL,NULL,'admin',0,'N','admin','2022-11-06 03:31:36','admin',NULL,1),(362,1,'P','M',1840,363,'2022-11-06 07:47:09','I',NULL,'46',NULL,NULL,NULL,NULL,NULL,NULL,0,NULL,NULL,'2022-11-07 06:35:45','C','A',NULL,NULL,NULL,NULL,'admin',1,'N','admin','2022-11-06 07:47:09','admin',NULL,1),(363,1,'P','M',1841,364,'2022-11-06 04:20:59','I',NULL,'66',NULL,NULL,NULL,NULL,NULL,NULL,0,NULL,NULL,'2022-11-07 19:18:21','C',NULL,NULL,NULL,NULL,NULL,'admin',0,'N','admin','2022-11-06 04:20:59','admin',NULL,1),(364,1,'P','M',1842,365,'2022-11-06 06:23:27','I',NULL,'39',NULL,NULL,NULL,NULL,NULL,NULL,0,NULL,NULL,'2022-11-08 04:40:28',NULL,NULL,NULL,NULL,NULL,NULL,'admin',0,'N','admin','2022-11-06 06:23:27','admin',NULL,1),(366,1,'P','M',1843,366,'2022-11-06 02:54:18','I',NULL,'42',NULL,NULL,NULL,NULL,NULL,NULL,0,NULL,NULL,'2022-11-08 13:23:19','N','A',3.33,NULL,NULL,NULL,'admin',0,'N','admin','2022-11-06 02:54:18','admin',NULL,1),(367,1,'P','M',1844,367,'2022-11-06 03:21:10','I',NULL,'16',NULL,NULL,NULL,NULL,NULL,NULL,0,NULL,NULL,'2022-11-06 04:51:13','N','A',3.08,NULL,NULL,NULL,'admin',0,'N','admin','2022-11-06 03:21:10','admin',NULL,1),(368,1,'P','M',1845,368,'2022-11-06 00:02:55','I',NULL,'58',NULL,NULL,NULL,NULL,NULL,NULL,0,NULL,NULL,'2022-11-08 08:02:05','C','A',3.2,NULL,NULL,NULL,'admin',1,'N','admin','2022-11-06 00:02:55','admin',NULL,1),(369,1,'P','M',1846,369,'2022-11-06 06:11:07','I',NULL,'16',NULL,NULL,NULL,NULL,NULL,NULL,0,NULL,NULL,'2022-11-08 01:32:50','N','A',3.7,NULL,NULL,NULL,'admin',0,'N','admin','2022-11-06 06:11:07','admin',NULL,1),(370,1,'P','M',1847,370,'2022-11-07 06:46:52','I',NULL,'46',NULL,NULL,NULL,NULL,NULL,NULL,0,NULL,NULL,'2022-11-07 07:33:54','N','A',3.05,NULL,NULL,NULL,'admin',0,'N','admin','2022-11-07 06:46:52','admin',NULL,1),(371,1,'N','F',0,371,'2022-11-02 07:20:57','I',NULL,'48',NULL,NULL,NULL,NULL,NULL,NULL,0,NULL,NULL,NULL,NULL,NULL,NULL,NULL,NULL,NULL,'admin',0,'N','admin','2022-11-02 07:20:57','admin',NULL,1),(372,1,'N','F',0,373,'2022-11-02 00:24:12','I',NULL,'44',NULL,NULL,NULL,NULL,NULL,NULL,0,NULL,NULL,NULL,NULL,NULL,NULL,NULL,NULL,NULL,'admin',0,'N','admin','2022-11-02 00:24:12','admin',NULL,1),(373,1,'N','I',887,372,'2022-11-01 03:58:09','I',NULL,'84',NULL,NULL,NULL,NULL,NULL,NULL,0,NULL,NULL,NULL,NULL,NULL,NULL,NULL,NULL,NULL,'admin',0,'N','admin','2022-11-01 03:58:09','admin',NULL,1),(374,1,'N','F',0,374,'2022-11-03 02:38:10','I',NULL,'44',NULL,NULL,NULL,NULL,NULL,NULL,0,NULL,NULL,NULL,NULL,NULL,NULL,NULL,NULL,NULL,'admin',0,'N','admin','2022-11-03 02:38:10','admin',NULL,1),(375,1,'N','I',888,375,'2022-11-01 01:16:23','I',NULL,'16',NULL,NULL,NULL,NULL,NULL,NULL,0,NULL,NULL,NULL,NULL,NULL,NULL,NULL,NULL,NULL,'admin',0,'N','admin','2022-11-01 01:16:23','admin',NULL,1),(376,1,'N','F',764,376,'2022-11-04 06:27:26','I',NULL,'48',NULL,NULL,NULL,NULL,NULL,NULL,0,NULL,NULL,NULL,NULL,NULL,NULL,NULL,NULL,NULL,'admin',0,'N','admin','2022-11-04 06:27:26','admin',NULL,1),(377,1,'N','F',765,377,'2022-11-04 04:28:00','I',NULL,'39',NULL,NULL,NULL,NULL,NULL,NULL,0,NULL,NULL,NULL,NULL,NULL,NULL,NULL,NULL,NULL,'admin',0,'N','admin','2022-11-04 04:28:00','admin',NULL,1),(378,1,'N','I',894,378,'2022-11-03 02:57:44','R',NULL,'84',NULL,NULL,NULL,NULL,NULL,NULL,0,NULL,NULL,NULL,NULL,NULL,NULL,NULL,NULL,NULL,'admin',0,'N','admin','2022-11-03 02:57:44','admin',NULL,1),(379,1,'N','C',4760,380,'2022-11-04 01:24:42','I',NULL,'39',NULL,NULL,NULL,NULL,NULL,NULL,0,NULL,NULL,NULL,NULL,NULL,NULL,NULL,NULL,NULL,'admin',1,'N','admin','2022-11-04 01:24:42','admin',NULL,1),(380,1,'N','I',895,381,'2022-11-04 06:10:16','I',NULL,'39',NULL,NULL,NULL,NULL,NULL,NULL,0,NULL,NULL,NULL,NULL,NULL,NULL,NULL,NULL,NULL,'admin',0,'N','admin','2022-11-04 06:10:16','admin',NULL,1),(381,1,'N','F',766,379,'2022-11-04 02:37:15','I',NULL,'48','48',NULL,NULL,NULL,NULL,NULL,0,NULL,NULL,NULL,NULL,NULL,NULL,NULL,NULL,NULL,'admin',0,'N','admin','2022-11-04 02:37:15','admin',NULL,1),(382,1,'N','C',4761,382,'2022-11-04 02:35:30','I',NULL,'39',NULL,NULL,NULL,NULL,NULL,NULL,0,NULL,NULL,NULL,NULL,NULL,NULL,NULL,NULL,NULL,'admin',1,'N','admin','2022-11-04 02:35:30','admin',NULL,1),(383,1,'N','I',896,383,'2022-11-04 05:05:42','I',NULL,'104',NULL,NULL,NULL,NULL,NULL,NULL,0,NULL,NULL,NULL,NULL,NULL,NULL,NULL,NULL,NULL,'admin',0,'N','admin','2022-11-04 05:05:42','admin',NULL,1),(384,1,'N','F',767,384,'2022-11-04 01:42:02','I',NULL,'48',NULL,NULL,NULL,NULL,NULL,NULL,0,NULL,NULL,NULL,NULL,NULL,NULL,NULL,NULL,NULL,'admin',0,'N','admin','2022-11-04 01:42:02','admin',NULL,1),(385,1,'N','C',4762,386,'2022-11-04 01:13:05','I',NULL,'39',NULL,NULL,NULL,NULL,NULL,NULL,0,NULL,NULL,NULL,NULL,NULL,NULL,NULL,NULL,NULL,'admin',1,'N','admin','2022-11-04 01:13:05','admin',NULL,1),(386,1,'N','C',897,385,'2022-11-04 00:59:18','I',NULL,'49',NULL,NULL,NULL,NULL,NULL,NULL,0,NULL,NULL,NULL,NULL,NULL,NULL,NULL,NULL,NULL,'admin',0,'N','admin','2022-11-04 00:59:18','admin',NULL,1),(387,1,'N','C',4763,388,'2022-11-04 01:17:15','I',NULL,'39',NULL,NULL,NULL,NULL,NULL,NULL,0,NULL,NULL,NULL,NULL,NULL,NULL,NULL,NULL,NULL,'admin',0,'N','admin','2022-11-04 01:17:15','admin',NULL,1),(388,1,'N','I',898,389,'2022-11-04 03:28:22','I',NULL,'15',NULL,NULL,NULL,NULL,NULL,NULL,0,NULL,NULL,NULL,NULL,NULL,NULL,NULL,NULL,NULL,'admin',0,'N','admin','2022-11-04 03:28:22','admin',NULL,1),(389,1,'N','F',768,387,'2022-11-04 05:30:07','I',NULL,'86',NULL,NULL,NULL,NULL,NULL,NULL,0,NULL,NULL,NULL,NULL,NULL,NULL,NULL,NULL,NULL,'admin',0,'N','admin','2022-11-04 05:30:07','admin',NULL,1),(390,1,'N','C',4764,390,'2022-11-04 01:05:30','I',NULL,'39',NULL,NULL,NULL,NULL,NULL,NULL,0,NULL,NULL,NULL,NULL,NULL,NULL,NULL,NULL,NULL,'admin',0,'N','admin','2022-11-04 01:05:30','admin',NULL,1),(391,1,'N','F',769,391,'2022-11-05 04:57:09','I',NULL,'3',NULL,NULL,NULL,NULL,NULL,NULL,0,NULL,NULL,NULL,NULL,NULL,NULL,NULL,NULL,NULL,'admin',0,'N','admin','2022-11-05 04:57:09','admin',NULL,1),(392,1,'N','F',781,302,'2022-11-04 05:29:15','I',NULL,'39',NULL,NULL,NULL,NULL,NULL,NULL,0,NULL,NULL,NULL,NULL,NULL,NULL,NULL,NULL,NULL,'admin',1,'N','admin','2022-11-04 05:29:15','admin',NULL,1),(393,1,'N','C',4765,392,'2022-11-04 04:34:48','I',NULL,'15',NULL,NULL,NULL,NULL,NULL,NULL,0,NULL,NULL,NULL,NULL,NULL,NULL,NULL,NULL,NULL,'admin',0,'N','admin','2022-11-04 04:34:48','admin',NULL,1),(394,1,'N','F',770,393,'2022-11-06 06:26:18','I',NULL,'48',NULL,NULL,NULL,NULL,NULL,NULL,0,NULL,NULL,NULL,NULL,NULL,NULL,NULL,NULL,NULL,'admin',0,'N','admin','2022-11-06 06:26:18','admin',NULL,1),(395,1,'N','I',900,394,'2022-11-06 02:27:04','I',NULL,'49',NULL,NULL,NULL,NULL,NULL,NULL,0,NULL,NULL,NULL,NULL,NULL,NULL,NULL,NULL,NULL,'admin',0,'N','admin','2022-11-06 02:27:04','admin',NULL,1),(396,1,'N','C',4766,396,'2022-11-05 00:56:27','I',NULL,'39',NULL,NULL,NULL,NULL,NULL,NULL,0,NULL,NULL,NULL,NULL,NULL,NULL,NULL,NULL,NULL,'admin',0,'N','admin','2022-11-05 00:56:27','admin',NULL,1),(397,1,'N','F',771,397,'2022-11-06 05:21:02','I',NULL,'39',NULL,NULL,NULL,NULL,NULL,NULL,0,NULL,NULL,NULL,NULL,NULL,NULL,NULL,NULL,NULL,'admin',0,'N','admin','2022-11-06 05:21:02','admin',NULL,1),(398,1,'N','C',4767,395,'2022-11-05 07:55:51','I',NULL,'39',NULL,NULL,NULL,NULL,NULL,NULL,0,NULL,NULL,NULL,NULL,NULL,NULL,NULL,NULL,NULL,'admin',0,'N','admin','2022-11-05 07:55:51','admin',NULL,1),(399,1,'N','F',772,399,'2022-11-06 07:36:08','I',NULL,'16',NULL,NULL,NULL,NULL,NULL,NULL,0,NULL,NULL,NULL,NULL,NULL,NULL,NULL,NULL,NULL,'admin',0,'N','admin','2022-11-06 07:36:08','admin',NULL,1),(400,1,'N','C',4768,400,'2022-11-05 06:13:09','I',NULL,'39',NULL,NULL,NULL,NULL,NULL,NULL,0,NULL,NULL,NULL,NULL,NULL,NULL,NULL,NULL,NULL,'admin',0,'N','admin','2022-11-05 06:13:09','admin',NULL,1),(401,1,'N','F',773,401,'2022-11-06 00:17:22','I',NULL,'16',NULL,NULL,NULL,NULL,NULL,NULL,0,NULL,NULL,NULL,NULL,NULL,NULL,NULL,NULL,NULL,'admin',0,'N','admin','2022-11-06 00:17:22','admin',NULL,1),(402,1,'N','C',4769,402,'2022-11-05 06:47:21','I',NULL,'39',NULL,NULL,NULL,NULL,NULL,NULL,0,NULL,NULL,NULL,NULL,NULL,NULL,NULL,NULL,NULL,'admin',0,'N','admin','2022-11-05 06:47:21','admin',NULL,1),(403,1,'N','C',901,398,'2022-11-06 01:04:41','I',NULL,'48',NULL,NULL,NULL,NULL,NULL,NULL,0,NULL,NULL,NULL,NULL,NULL,NULL,NULL,NULL,NULL,'admin',0,'N','admin','2022-11-06 01:04:41','admin',NULL,1),(404,1,'N','I',917,403,'2022-11-06 01:01:23','I',NULL,'15',NULL,NULL,NULL,NULL,NULL,NULL,0,NULL,NULL,NULL,NULL,NULL,NULL,NULL,NULL,NULL,'admin',1,'N','admin','2022-11-06 01:01:23','admin',NULL,1),(405,1,'N','C',4770,404,'2022-11-05 01:52:53','I',NULL,'39',NULL,NULL,NULL,NULL,NULL,NULL,0,NULL,NULL,NULL,NULL,NULL,NULL,NULL,NULL,NULL,'admin',0,'N','admin','2022-11-05 01:52:53','admin',NULL,1),(406,1,'N','F',775,406,'2022-11-06 06:20:15','I',NULL,'110',NULL,NULL,NULL,NULL,NULL,NULL,0,NULL,NULL,NULL,NULL,NULL,NULL,NULL,NULL,NULL,'admin',0,'N','admin','2022-11-06 06:20:15','admin',NULL,1),(407,1,'N','I',902,405,'2022-11-06 02:02:38','I',NULL,'39',NULL,NULL,NULL,NULL,NULL,NULL,0,NULL,NULL,NULL,NULL,NULL,NULL,NULL,NULL,NULL,'admin',1,'N','admin','2022-11-06 02:02:38','admin',NULL,1),(408,1,'N','C',4771,407,'2022-11-05 07:12:26','I',NULL,'39',NULL,NULL,NULL,NULL,NULL,NULL,0,NULL,NULL,NULL,NULL,NULL,NULL,NULL,NULL,NULL,'admin',0,'N','admin','2022-11-05 07:12:26','admin',NULL,1),(409,1,'N','F',776,408,'2022-11-06 05:54:17','I',NULL,'81',NULL,NULL,NULL,NULL,NULL,NULL,0,NULL,NULL,NULL,NULL,NULL,NULL,NULL,NULL,NULL,'admin',0,'N','admin','2022-11-06 05:54:17','admin',NULL,1),(410,1,'N','C',4772,410,'2022-11-05 07:54:06','I',NULL,'39',NULL,NULL,NULL,NULL,NULL,NULL,0,NULL,NULL,NULL,NULL,NULL,NULL,NULL,NULL,NULL,'admin',0,'N','admin','2022-11-05 07:54:06','admin',NULL,1),(411,1,'N','F',777,411,'2022-11-07 05:47:40','I',NULL,'105',NULL,NULL,NULL,NULL,NULL,NULL,0,NULL,NULL,NULL,NULL,NULL,NULL,NULL,NULL,NULL,'admin',0,'N','admin','2022-11-07 05:47:40','admin',NULL,1),(412,1,'N','I',903,409,'2022-11-06 05:16:03','I',NULL,'47',NULL,NULL,NULL,NULL,NULL,NULL,0,NULL,NULL,NULL,NULL,NULL,NULL,NULL,NULL,NULL,'admin',0,'N','admin','2022-11-06 05:16:03','admin',NULL,1),(413,1,'N','C',4773,412,'2022-11-05 00:57:15','R',NULL,'39',NULL,NULL,NULL,NULL,NULL,NULL,0,NULL,NULL,NULL,NULL,NULL,NULL,NULL,NULL,NULL,'admin',0,'N','admin','2022-11-05 00:57:15','admin',NULL,1),(414,1,'N','I',904,413,'2022-11-06 04:58:08','I',NULL,'42',NULL,NULL,NULL,NULL,NULL,NULL,0,NULL,NULL,NULL,NULL,NULL,NULL,NULL,NULL,NULL,'admin',0,'N','admin','2022-11-06 04:58:08','admin',NULL,1),(415,1,'N','I',905,414,'2022-11-06 05:58:55','I',NULL,'47',NULL,NULL,NULL,NULL,NULL,NULL,0,NULL,NULL,NULL,NULL,NULL,NULL,NULL,NULL,NULL,'admin',0,'N','admin','2022-11-06 05:58:55','admin',NULL,1),(416,1,'N','C',4774,415,'2022-11-05 07:00:09','I',NULL,'39',NULL,NULL,NULL,NULL,NULL,NULL,0,NULL,NULL,NULL,NULL,NULL,NULL,NULL,NULL,NULL,'admin',0,'N','admin','2022-11-05 07:00:09','admin',NULL,1),(417,1,'N','I',906,416,'2022-11-06 01:04:03','I',NULL,'60',NULL,NULL,NULL,NULL,NULL,NULL,0,NULL,NULL,NULL,NULL,NULL,NULL,NULL,NULL,NULL,'admin',0,'N','admin','2022-11-06 01:04:03','admin',NULL,1),(418,1,'N','C',4775,417,'2022-11-05 00:19:50','I',NULL,'15',NULL,NULL,NULL,NULL,NULL,NULL,0,NULL,NULL,NULL,NULL,NULL,NULL,NULL,NULL,NULL,'admin',0,'N','admin','2022-11-05 00:19:50','admin',NULL,1),(419,1,'N','C',4776,418,'2022-11-05 06:26:59','I',NULL,'39',NULL,NULL,NULL,NULL,NULL,NULL,0,NULL,NULL,NULL,NULL,NULL,NULL,NULL,NULL,NULL,'admin',0,'N','admin','2022-11-05 06:26:59','admin',NULL,1),(420,1,'N','C',4777,420,'2022-11-05 07:15:27','I',NULL,'39',NULL,NULL,NULL,NULL,NULL,NULL,0,NULL,NULL,NULL,NULL,NULL,NULL,NULL,NULL,NULL,'admin',0,'N','admin','2022-11-05 07:15:27','admin',NULL,1),(421,1,'N','I',907,419,'2022-11-06 00:56:16','I',NULL,'90',NULL,NULL,NULL,NULL,NULL,NULL,0,NULL,NULL,NULL,NULL,NULL,NULL,NULL,NULL,NULL,'admin',0,'N','admin','2022-11-06 00:56:16','admin',NULL,1),(422,1,'N','C',4778,421,'2022-11-05 06:55:00','I',NULL,'15',NULL,NULL,NULL,NULL,NULL,NULL,0,NULL,NULL,NULL,NULL,NULL,NULL,NULL,NULL,NULL,'admin',1,'N','admin','2022-11-05 06:55:00','admin',NULL,1),(423,1,'N','I',908,422,'2022-11-06 07:46:15','I',NULL,'39',NULL,NULL,NULL,NULL,NULL,NULL,0,NULL,NULL,NULL,NULL,NULL,NULL,NULL,NULL,NULL,'admin',0,'N','admin','2022-11-06 07:46:15','admin',NULL,1),(424,1,'N','I',909,423,'2022-11-07 02:06:13','I',NULL,'90',NULL,NULL,NULL,NULL,NULL,NULL,0,NULL,NULL,NULL,NULL,NULL,NULL,NULL,NULL,NULL,'admin',0,'N','admin','2022-11-07 02:06:13','admin',NULL,1),(425,1,'N','I',910,424,'2022-11-07 03:12:22','I',NULL,'39',NULL,NULL,NULL,NULL,NULL,NULL,0,NULL,NULL,NULL,NULL,NULL,NULL,NULL,NULL,NULL,'admin',0,'N','admin','2022-11-07 03:12:22','admin',NULL,1),(426,1,'N','C',4779,426,'2022-11-05 01:43:12','I',NULL,'39',NULL,NULL,NULL,NULL,NULL,NULL,0,NULL,NULL,NULL,NULL,NULL,NULL,NULL,NULL,NULL,'admin',0,'N','admin','2022-11-05 01:43:12','admin',NULL,1),(427,1,'N','C',4780,427,'2022-11-05 06:58:52','I',NULL,'39',NULL,NULL,NULL,NULL,NULL,NULL,0,NULL,NULL,NULL,NULL,NULL,NULL,NULL,NULL,NULL,'admin',0,'N','admin','2022-11-05 06:58:52','admin',NULL,1),(428,1,'N','C',4781,428,'2022-11-06 05:44:47','I',NULL,'39',NULL,NULL,NULL,NULL,NULL,NULL,0,NULL,NULL,NULL,NULL,NULL,NULL,NULL,NULL,NULL,'admin',0,'N','admin','2022-11-06 05:44:47','admin',NULL,1),(429,1,'N','C',4782,429,'2022-11-08 07:47:17','I',NULL,'39',NULL,NULL,NULL,NULL,NULL,NULL,0,NULL,NULL,NULL,NULL,NULL,NULL,NULL,NULL,NULL,'admin',0,'N','admin','2022-11-08 07:47:17','admin',NULL,1),(430,1,'N','C',4783,430,'2022-11-06 05:42:06','I',NULL,'39',NULL,NULL,NULL,NULL,NULL,NULL,0,NULL,NULL,NULL,NULL,NULL,NULL,NULL,NULL,NULL,'admin',0,'N','admin','2022-11-06 05:42:06','admin',NULL,1),(431,1,'N','C',4784,431,'2022-11-06 05:08:39','I',NULL,'39',NULL,NULL,NULL,NULL,NULL,NULL,0,NULL,NULL,NULL,NULL,NULL,NULL,NULL,NULL,NULL,'admin',0,'N','admin','2022-11-06 05:08:39','admin',NULL,1),(432,1,'N','C',4785,432,'2022-11-06 00:36:57','I',NULL,'39',NULL,NULL,NULL,NULL,NULL,NULL,0,NULL,NULL,NULL,NULL,NULL,NULL,NULL,NULL,NULL,'admin',0,'N','admin','2022-11-06 00:36:57','admin',NULL,1),(433,1,'N','C',4786,433,'2022-11-06 03:38:47','I',NULL,'39',NULL,NULL,NULL,NULL,NULL,NULL,0,NULL,NULL,NULL,NULL,NULL,NULL,NULL,NULL,NULL,'admin',0,'N','admin','2022-11-06 03:38:47','admin',NULL,1),(434,1,'N','C',4787,434,'2022-11-06 00:23:07','I',NULL,'39',NULL,NULL,NULL,NULL,NULL,NULL,0,NULL,NULL,NULL,NULL,NULL,NULL,NULL,NULL,NULL,'admin',0,'N','admin','2022-11-06 00:23:07','admin',NULL,1),(435,1,'N','C',4788,435,'2022-11-06 06:59:15','I',NULL,'39',NULL,NULL,NULL,NULL,NULL,NULL,0,NULL,NULL,NULL,NULL,NULL,NULL,NULL,NULL,NULL,'admin',0,'N','admin','2022-11-06 06:59:15','admin',NULL,1),(436,1,'N','C',4789,436,'2022-11-08 01:46:52','I',NULL,'39',NULL,NULL,NULL,NULL,NULL,NULL,0,NULL,NULL,NULL,NULL,NULL,NULL,NULL,NULL,NULL,'admin',0,'N','admin','2022-11-08 01:46:52','admin',NULL,1),(437,1,'N','C',4790,437,'2022-11-06 03:56:38','I',NULL,'39',NULL,NULL,NULL,NULL,NULL,NULL,0,NULL,NULL,NULL,NULL,NULL,NULL,NULL,NULL,NULL,'admin',0,'N','admin','2022-11-06 03:56:38','admin',NULL,1),(438,1,'N','C',4791,438,'2022-11-06 06:22:35','I',NULL,'39',NULL,NULL,NULL,NULL,NULL,NULL,0,NULL,NULL,NULL,NULL,NULL,NULL,NULL,NULL,NULL,'admin',0,'N','admin','2022-11-06 06:22:35','admin',NULL,1),(439,1,'N','C',4792,439,'2022-11-06 04:02:58','I',NULL,'30',NULL,NULL,NULL,NULL,NULL,NULL,0,NULL,NULL,NULL,NULL,NULL,NULL,NULL,NULL,NULL,'admin',0,'N','admin','2022-11-06 04:02:58','admin',NULL,1),(440,1,'N','C',4793,440,'2022-11-06 01:07:09','I',NULL,'39',NULL,NULL,NULL,NULL,NULL,NULL,0,NULL,NULL,NULL,NULL,NULL,NULL,NULL,NULL,NULL,'admin',0,'N','admin','2022-11-06 01:07:09','admin',NULL,1),(441,1,'N','C',4794,441,'2022-11-06 01:26:51','I',NULL,'39',NULL,NULL,NULL,NULL,NULL,NULL,0,NULL,NULL,NULL,NULL,NULL,NULL,NULL,NULL,NULL,'admin',0,'N','admin','2022-11-06 01:26:51','admin',NULL,1),(442,1,'N','C',4795,442,'2022-11-07 03:52:47','I',NULL,'61',NULL,NULL,NULL,NULL,NULL,NULL,0,NULL,NULL,NULL,NULL,NULL,NULL,NULL,NULL,NULL,'admin',0,'N','admin','2022-11-07 03:52:47','admin',NULL,1),(443,1,'N','C',4796,443,'2022-11-07 07:03:24','I',NULL,'39',NULL,NULL,NULL,NULL,NULL,NULL,0,NULL,NULL,NULL,NULL,NULL,NULL,NULL,NULL,NULL,'admin',0,'N','admin','2022-11-07 07:03:24','admin',NULL,1),(444,1,'N','C',4797,444,'2022-11-07 07:38:41','I',NULL,'30',NULL,NULL,NULL,NULL,NULL,NULL,0,NULL,NULL,NULL,NULL,NULL,NULL,NULL,NULL,NULL,'admin',0,'N','admin','2022-11-07 07:38:41','admin',NULL,1),(445,1,'N','C',4798,445,'2022-11-07 01:03:10','I',NULL,'47',NULL,NULL,NULL,NULL,NULL,NULL,0,NULL,NULL,NULL,NULL,NULL,NULL,NULL,NULL,NULL,'admin',0,'N','admin','2022-11-07 01:03:10','admin',NULL,1),(446,1,'N','C',4799,446,'2022-11-07 06:19:49','I',NULL,'39',NULL,NULL,NULL,NULL,NULL,NULL,0,NULL,NULL,NULL,NULL,NULL,NULL,NULL,NULL,NULL,'admin',0,'N','admin','2022-11-07 06:19:49','admin',NULL,1),(447,1,'N','C',4800,447,'2022-11-07 04:29:34','I',NULL,'39',NULL,NULL,NULL,NULL,NULL,NULL,0,NULL,NULL,NULL,NULL,NULL,NULL,NULL,NULL,NULL,'admin',0,'N','admin','2022-11-07 04:29:34','admin',NULL,1),(448,1,'N','C',4801,448,'2022-11-07 03:28:24','I',NULL,'39',NULL,NULL,NULL,NULL,NULL,NULL,0,NULL,NULL,NULL,NULL,NULL,NULL,NULL,NULL,NULL,'admin',0,'N','admin','2022-11-07 03:28:24','admin',NULL,1),(449,1,'N','C',4802,449,'2022-11-07 03:53:17','I',NULL,'23',NULL,NULL,NULL,NULL,NULL,NULL,0,NULL,NULL,NULL,NULL,NULL,NULL,NULL,NULL,NULL,'admin',0,'N','admin','2022-11-07 03:53:17','admin',NULL,1),(450,1,'N','C',4803,450,'2022-11-07 01:01:16','I',NULL,'39',NULL,NULL,NULL,NULL,NULL,NULL,0,NULL,NULL,NULL,NULL,NULL,NULL,NULL,NULL,NULL,'admin',0,'N','admin','2022-11-07 01:01:16','admin',NULL,1),(451,1,'N','C',4804,451,'2022-11-07 01:26:28','I',NULL,'39',NULL,NULL,NULL,NULL,NULL,NULL,0,NULL,NULL,NULL,NULL,NULL,NULL,NULL,NULL,NULL,'admin',0,'N','admin','2022-11-07 01:26:28','admin',NULL,1),(452,1,'N','C',4805,452,'2022-11-07 04:08:34','I',NULL,'39',NULL,NULL,NULL,NULL,NULL,NULL,0,NULL,NULL,NULL,NULL,NULL,NULL,NULL,NULL,NULL,'admin',0,'N','admin','2022-11-07 04:08:34','admin',NULL,1),(453,1,'N','C',4806,453,'2022-11-07 00:23:25','I',NULL,'39',NULL,NULL,NULL,NULL,NULL,NULL,0,NULL,NULL,NULL,NULL,NULL,NULL,NULL,NULL,NULL,'admin',0,'N','admin','2022-11-07 00:23:25','admin',NULL,1),(454,1,'N','C',4807,454,'2022-11-07 05:31:24','I',NULL,'47',NULL,NULL,NULL,NULL,NULL,NULL,0,NULL,NULL,NULL,NULL,NULL,NULL,NULL,NULL,NULL,'admin',0,'N','admin','2022-11-07 05:31:24','admin',NULL,1),(455,1,'N','C',4808,455,'2022-11-07 02:26:46','I',NULL,'42',NULL,NULL,NULL,NULL,NULL,NULL,0,NULL,NULL,NULL,NULL,NULL,NULL,NULL,NULL,NULL,'admin',0,'N','admin','2022-11-07 02:26:46','admin',NULL,1),(456,1,'N','C',4809,456,'2022-11-07 03:39:37','I',NULL,'58',NULL,NULL,NULL,NULL,NULL,NULL,0,NULL,NULL,NULL,NULL,NULL,NULL,NULL,NULL,NULL,'admin',0,'N','admin','2022-11-07 03:39:37','admin',NULL,1),(457,1,'N','C',4810,457,'2022-11-07 02:57:46','I',NULL,'127',NULL,NULL,NULL,NULL,NULL,NULL,0,NULL,NULL,NULL,NULL,NULL,NULL,NULL,NULL,NULL,'admin',0,'N','admin','2022-11-07 02:57:46','admin',NULL,1),(458,1,'N','C',4811,458,'2022-11-07 03:50:03','I',NULL,'16',NULL,NULL,NULL,NULL,NULL,NULL,0,NULL,NULL,NULL,NULL,NULL,NULL,NULL,NULL,NULL,'admin',0,'N','admin','2022-11-07 03:50:03','admin',NULL,1),(459,1,'N','C',4812,459,'2022-11-08 02:16:56','I',NULL,'39',NULL,NULL,NULL,NULL,NULL,NULL,0,NULL,NULL,NULL,NULL,NULL,NULL,NULL,NULL,NULL,'admin',0,'N','admin','2022-11-08 02:16:56','admin',NULL,1),(460,1,'N','C',4813,460,'2022-11-07 07:54:32','I',NULL,'39',NULL,NULL,NULL,NULL,NULL,NULL,0,NULL,NULL,NULL,NULL,NULL,NULL,NULL,NULL,NULL,'admin',0,'N','admin','2022-11-07 07:54:32','admin',NULL,1),(461,1,'N','C',4814,461,'2022-11-07 00:41:51','I',NULL,'47',NULL,NULL,NULL,NULL,NULL,NULL,0,NULL,NULL,NULL,NULL,NULL,NULL,NULL,NULL,NULL,'admin',0,'N','admin','2022-11-07 00:41:51','admin',NULL,1),(462,1,'N','F',778,462,'2022-11-08 03:45:39','I',NULL,'48',NULL,NULL,NULL,NULL,NULL,NULL,0,NULL,NULL,NULL,NULL,NULL,NULL,NULL,NULL,NULL,'admin',0,'N','admin','2022-11-08 03:45:39','admin',NULL,1),(463,1,'N','F',779,463,'2022-11-08 00:42:45','I',NULL,'48',NULL,NULL,NULL,NULL,NULL,NULL,0,NULL,NULL,NULL,NULL,NULL,NULL,NULL,NULL,NULL,'admin',0,'N','admin','2022-11-08 00:42:45','admin',NULL,1),(464,1,'N','F',780,464,'2022-11-08 00:16:46','I',NULL,'16',NULL,NULL,NULL,NULL,NULL,NULL,0,NULL,NULL,NULL,NULL,NULL,NULL,NULL,NULL,NULL,'admin',0,'N','admin','2022-11-08 00:16:46','admin',NULL,1),(465,1,'N','C',912,465,'2022-11-08 07:15:35','I',NULL,'49',NULL,NULL,NULL,NULL,NULL,NULL,0,NULL,NULL,NULL,NULL,NULL,NULL,NULL,NULL,NULL,'admin',0,'N','admin','2022-11-08 07:15:35','admin',NULL,1),(466,1,'N','C',4815,466,'2022-11-08 03:27:37','I',NULL,'39',NULL,NULL,NULL,NULL,NULL,NULL,0,NULL,NULL,NULL,NULL,NULL,NULL,NULL,NULL,NULL,'admin',0,'N','admin','2022-11-08 03:27:37','admin',NULL,1),(467,1,'N','C',913,467,'2022-11-08 03:31:21','I',NULL,'90',NULL,NULL,NULL,NULL,NULL,NULL,0,NULL,NULL,NULL,NULL,NULL,NULL,NULL,NULL,NULL,'admin',0,'N','admin','2022-11-08 03:31:21','admin',NULL,1),(468,1,'N','I',914,469,'2022-11-08 07:13:56','I',NULL,'16',NULL,NULL,NULL,NULL,NULL,NULL,0,NULL,NULL,NULL,NULL,NULL,NULL,NULL,NULL,NULL,'admin',0,'N','admin','2022-11-08 07:13:56','admin',NULL,1),(469,1,'N','I',915,470,'2022-11-08 01:35:35','I',NULL,'90',NULL,NULL,NULL,NULL,NULL,NULL,0,NULL,NULL,NULL,NULL,NULL,NULL,NULL,NULL,NULL,'admin',0,'N','admin','2022-11-08 01:35:35','admin',NULL,1),(470,1,'N','C',4816,471,'2022-11-08 02:16:10','I',NULL,'39',NULL,NULL,NULL,NULL,NULL,NULL,0,NULL,NULL,NULL,NULL,NULL,NULL,NULL,NULL,NULL,'admin',0,'N','admin','2022-11-08 02:16:10','admin',NULL,1),(471,1,'N','C',4817,472,'2022-11-08 06:34:05','I',NULL,'39',NULL,NULL,NULL,NULL,NULL,NULL,0,NULL,NULL,NULL,NULL,NULL,NULL,NULL,NULL,NULL,'admin',0,'N','admin','2022-11-08 06:34:05','admin',NULL,1),(472,1,'N','C',4818,473,'2022-11-08 02:01:57','I',NULL,'39',NULL,NULL,NULL,NULL,NULL,NULL,0,NULL,NULL,NULL,NULL,NULL,NULL,NULL,NULL,NULL,'admin',0,'N','admin','2022-11-08 02:01:57','admin',NULL,1),(473,1,'N','C',4819,474,'2022-11-08 06:27:31','I',NULL,'39',NULL,NULL,NULL,NULL,NULL,NULL,0,NULL,NULL,NULL,NULL,NULL,NULL,NULL,NULL,NULL,'admin',0,'N','admin','2022-11-08 06:27:31','admin',NULL,1),(474,1,'N','C',4820,475,'2022-11-08 02:11:41','I',NULL,'39',NULL,NULL,NULL,NULL,NULL,NULL,0,NULL,NULL,NULL,NULL,NULL,NULL,NULL,NULL,NULL,'admin',0,'N','admin','2022-11-08 02:11:41','admin',NULL,1),(475,1,'N','C',4821,476,'2022-11-08 07:35:56','I',NULL,'39',NULL,NULL,NULL,NULL,NULL,NULL,0,NULL,NULL,NULL,NULL,NULL,NULL,NULL,NULL,NULL,'admin',0,'N','admin','2022-11-08 07:35:56','admin',NULL,1),(476,1,'N','C',4822,477,'2022-11-08 07:24:35','I',NULL,'39',NULL,NULL,NULL,NULL,NULL,NULL,0,NULL,NULL,NULL,NULL,NULL,NULL,NULL,NULL,NULL,'admin',0,'N','admin','2022-11-08 07:24:35','admin',NULL,1),(477,1,'N','C',4823,479,'2022-11-08 06:15:06','I',NULL,'39',NULL,NULL,NULL,NULL,NULL,NULL,0,NULL,NULL,NULL,NULL,NULL,NULL,NULL,NULL,NULL,'admin',0,'N','admin','2022-11-08 06:15:06','admin',NULL,1),(478,1,'N','C',4824,480,'2022-11-08 01:01:49','I',NULL,'39',NULL,NULL,NULL,NULL,NULL,NULL,0,NULL,NULL,NULL,NULL,NULL,NULL,NULL,NULL,NULL,'admin',0,'N','admin','2022-11-08 01:01:49','admin',NULL,1),(479,1,'N','C',4825,482,'2022-11-08 02:23:45','I',NULL,'39',NULL,NULL,NULL,NULL,NULL,NULL,0,NULL,NULL,NULL,NULL,NULL,NULL,NULL,NULL,NULL,'admin',0,'N','admin','2022-11-08 02:23:45','admin',NULL,1),(480,0,'N','C',4555,483,'2022-10-22 00:53:21','I',NULL,'39','39',NULL,NULL,'2022-11-03 20:18:33','EQ',NULL,0,NULL,NULL,NULL,NULL,NULL,NULL,NULL,NULL,NULL,'admin',0,'N','admin','2022-10-22 00:53:21','admin','2022-11-03 20:18:33',1),(481,0,'N','C',4603,484,'2022-10-25 05:15:28','I',NULL,'30','30',NULL,NULL,'2022-11-03 23:47:58','EQ',NULL,0,NULL,NULL,NULL,NULL,NULL,NULL,NULL,NULL,NULL,'admin',0,'N','admin','2022-10-25 05:15:28','admin','2022-11-03 23:47:58',1),(482,0,'N','C',4655,485,'2022-10-28 07:37:16','I',NULL,'39','39',NULL,NULL,'2022-11-03 20:04:08','EQ',NULL,0,NULL,NULL,NULL,NULL,NULL,NULL,NULL,NULL,NULL,'admin',0,'N','admin','2022-10-28 07:37:16','admin','2022-11-03 20:04:08',1),(483,0,'N','C',4981,486,'2022-10-30 06:20:00','I',NULL,'39','39',NULL,NULL,'2022-11-03 18:56:47','EQ',NULL,0,NULL,NULL,NULL,NULL,NULL,NULL,NULL,NULL,NULL,'admin',0,'N','admin','2022-10-30 06:20:00','admin','2022-11-03 18:56:47',1),(484,0,'N','C',4666,487,'2022-10-29 00:48:09','I',NULL,'39','39',NULL,NULL,'2022-11-03 17:31:32','EQ',NULL,0,NULL,NULL,NULL,NULL,NULL,NULL,NULL,NULL,NULL,'admin',0,'N','admin','2022-10-29 00:48:09','admin','2022-11-03 17:31:32',1),(485,0,'N','C',4581,488,'2022-10-24 01:00:48','I',NULL,'49','49',NULL,NULL,'2022-11-03 20:47:21','EQ',NULL,0,NULL,NULL,NULL,NULL,NULL,NULL,NULL,NULL,NULL,'admin',0,'N','admin','2022-10-24 01:00:48','admin','2022-11-03 20:47:21',1),(486,0,'N','C',4875,489,'2022-10-30 02:39:35','I',NULL,'87','87',NULL,NULL,'2022-11-03 20:22:09','EQ',NULL,0,NULL,NULL,NULL,NULL,NULL,NULL,NULL,NULL,NULL,'admin',0,'N','admin','2022-10-30 02:39:35','admin','2022-11-03 20:22:09',1),(487,0,'N','C',4665,490,'2022-10-29 02:15:28','I',NULL,'39','39',NULL,NULL,'2022-11-03 22:28:40','EQ',NULL,0,NULL,NULL,NULL,NULL,NULL,NULL,NULL,NULL,NULL,'admin',0,'N','admin','2022-10-29 02:15:28','admin','2022-11-03 22:28:40',1),(488,0,'N','C',4642,491,'2022-10-27 03:18:38','I',NULL,'39','39',NULL,NULL,'2022-11-02 20:16:54','EQ',NULL,0,NULL,NULL,NULL,NULL,NULL,NULL,NULL,NULL,NULL,'admin',0,'N','admin','2022-10-27 03:18:38','admin','2022-11-02 20:16:54',1),(489,0,'N','C',4653,492,'2022-10-28 01:46:46','I',NULL,'39','39',NULL,NULL,'2022-11-02 23:58:31','EQ',NULL,0,NULL,NULL,NULL,NULL,NULL,NULL,NULL,NULL,NULL,'admin',0,'N','admin','2022-10-28 01:46:46','admin','2022-11-02 23:58:31',1),(490,0,'N','C',4636,493,'2022-01-27 06:57:57','I',NULL,'39','39',NULL,NULL,'2022-11-02 21:01:52','EQ',NULL,0,NULL,NULL,NULL,NULL,NULL,NULL,NULL,NULL,NULL,'admin',0,'N','admin','2022-01-27 06:57:57','admin','2022-11-02 21:01:52',1),(491,0,'N','C',4494,494,'2022-10-19 05:29:27','I',NULL,'30','30',NULL,NULL,'2022-11-02 23:13:47','EQ',NULL,0,NULL,NULL,NULL,NULL,NULL,NULL,NULL,NULL,NULL,'admin',1,'N','admin','2022-10-19 05:29:27','admin','2022-11-02 23:13:47',1),(492,0,'N','C',4586,495,'2022-10-24 06:33:23','I',NULL,'39','39',NULL,NULL,'2022-11-02 22:03:17','EQ',NULL,0,NULL,NULL,NULL,NULL,NULL,NULL,NULL,NULL,NULL,'admin',0,'N','admin','2022-10-24 06:33:23','admin','2022-11-02 22:03:17',1),(493,0,'N','C',4610,496,'2022-10-25 00:18:35','I',NULL,'30','30',NULL,NULL,'2022-11-02 23:35:07','EQ',NULL,0,NULL,NULL,NULL,NULL,NULL,NULL,NULL,NULL,NULL,'admin',0,'N','admin','2022-10-25 00:18:35','admin','2022-11-02 23:35:07',1),(494,0,'N','C',4986,497,'2022-10-30 05:52:47','I',NULL,'39','39',NULL,NULL,'2022-11-02 20:45:39','EQ',NULL,0,NULL,NULL,NULL,NULL,NULL,NULL,NULL,NULL,NULL,'admin',0,'N','admin','2022-10-30 05:52:47','admin','2022-11-02 20:45:39',1),(495,0,'N','C',4404,498,'2022-10-15 04:28:10','I',NULL,'40','40',NULL,NULL,'2022-11-02 23:02:57','EQ',NULL,0,NULL,NULL,NULL,NULL,NULL,NULL,NULL,NULL,NULL,'admin',0,'N','admin','2022-10-15 04:28:10','admin','2022-11-02 23:02:57',1),(496,0,'N','C',4650,499,'2022-10-28 04:42:29','I',NULL,'39','39',NULL,NULL,'2022-11-02 21:57:48','EQ',NULL,0,NULL,NULL,NULL,NULL,NULL,NULL,NULL,NULL,NULL,'admin',0,'N','admin','2022-10-28 04:42:29','admin','2022-11-02 21:57:48',1),(497,0,'N','C',4961,500,'2022-10-29 02:07:58','I',NULL,'39','39',NULL,NULL,'2022-11-02 23:40:08','EQ',NULL,0,NULL,NULL,NULL,NULL,NULL,NULL,NULL,NULL,NULL,'admin',0,'N','admin','2022-10-29 02:07:58','admin','2022-11-02 23:40:08',1),(498,0,'N','C',4713,501,'2022-11-01 04:32:21','I',NULL,'39','39',NULL,NULL,'2022-11-02 21:27:16','D',NULL,0,NULL,NULL,NULL,NULL,NULL,NULL,NULL,NULL,NULL,'admin',1,'Y','admin','2022-11-01 04:32:21','admin','2022-11-02 21:27:16',1),(499,0,'N','C',4731,502,'2022-11-02 00:17:52','I',NULL,'39','39',NULL,NULL,'2022-11-02 19:15:54','D',NULL,0,NULL,NULL,NULL,NULL,NULL,NULL,NULL,NULL,NULL,'admin',0,'N','admin','2022-11-02 00:17:52','admin','2022-11-02 19:15:54',1),(500,0,'N','C',4550,503,'2022-10-22 03:52:18','I',NULL,'39','39',NULL,NULL,'2022-11-03 21:57:44','EQ',NULL,0,NULL,NULL,NULL,NULL,NULL,NULL,NULL,NULL,NULL,'admin',0,'N','admin','2022-10-22 03:52:18','admin','2022-11-03 21:57:44',1),(501,0,'N','C',4987,504,'2022-10-02 02:27:55','I',NULL,'81','81',NULL,NULL,'2022-11-02 21:00:56','EQ',NULL,0,NULL,NULL,NULL,NULL,NULL,NULL,NULL,NULL,NULL,'admin',0,'N','admin','2022-10-02 02:27:55','admin','2022-11-02 21:00:56',1),(502,0,'N','C',4952,505,'2022-10-28 00:42:39','I',NULL,'39','39',NULL,NULL,'2022-11-02 22:11:29','EQ',NULL,0,NULL,NULL,NULL,NULL,NULL,NULL,NULL,NULL,NULL,'admin',0,'N','admin','2022-10-28 00:42:39','admin','2022-11-02 22:11:29',1),(503,0,'N','C',4628,506,'2022-10-25 04:09:33','I',NULL,'39','39',NULL,NULL,'2022-11-02 23:54:38','EQ',NULL,0,NULL,NULL,NULL,NULL,NULL,NULL,NULL,NULL,NULL,'admin',0,'N','admin','2022-10-25 04:09:33','admin','2022-11-02 23:54:38',1),(504,0,'N','I',757,507,'2022-10-31 02:39:49','I',NULL,'39','29',NULL,NULL,'2022-11-01 21:58:40','D',NULL,0,NULL,NULL,NULL,NULL,NULL,NULL,NULL,NULL,NULL,'admin',0,'N','admin','2022-10-31 02:39:49','admin','2022-11-01 21:58:40',1),(505,0,'N','F',753,508,'2022-10-27 00:50:25','I',NULL,'12','12',NULL,NULL,'2022-11-02 21:09:28','EQ',NULL,0,NULL,NULL,NULL,NULL,NULL,NULL,NULL,NULL,NULL,'admin',0,'N','admin','2022-10-27 00:50:25','admin','2022-11-02 21:09:28',1),(506,1,'N','I',916,501,'2022-11-19 01:20:25','A',NULL,'106',NULL,NULL,NULL,NULL,NULL,NULL,NULL,NULL,NULL,NULL,NULL,NULL,NULL,NULL,NULL,NULL,'admin',1,'Y','admin','2022-11-19 01:20:25','admin',NULL,1),(507,1,'N','I',918,522,'2022-11-22 17:58:14','I',NULL,'58',NULL,NULL,NULL,NULL,NULL,NULL,NULL,NULL,NULL,NULL,NULL,NULL,NULL,NULL,NULL,NULL,'admin',0,'N','admin','2022-11-22 17:58:14','admin',NULL,1),(508,1,'N','F',1,533,'2021-11-09 14:46:07','I',NULL,'13',NULL,NULL,NULL,NULL,NULL,NULL,NULL,NULL,NULL,NULL,NULL,NULL,NULL,NULL,NULL,NULL,'admin',0,'N','admin','2021-11-09 14:46:07','admin',NULL,1),(509,1,'N','F',2,539,'2021-11-09 17:43:06','R',NULL,'28',NULL,NULL,NULL,NULL,NULL,NULL,NULL,NULL,NULL,NULL,NULL,NULL,NULL,NULL,NULL,NULL,'admin',0,'N','admin','2021-11-09 17:43:06','admin',NULL,1),(510,1,'N','F',3,540,'2021-11-09 18:29:23','A',NULL,'117',NULL,NULL,NULL,NULL,NULL,NULL,NULL,NULL,NULL,NULL,NULL,NULL,NULL,NULL,NULL,NULL,'admin',0,'N','admin','2021-11-09 18:29:23','admin',NULL,1),(511,1,'N','I',1,542,'2021-11-10 17:09:12','I',NULL,'49',NULL,NULL,NULL,NULL,NULL,NULL,NULL,NULL,NULL,NULL,NULL,NULL,NULL,NULL,NULL,NULL,'admin',0,'N','admin','2021-11-10 17:09:12','admin',NULL,1),(512,1,'N','F',1,553,'2023-02-04 02:27:00','A',NULL,'49',NULL,NULL,NULL,NULL,NULL,NULL,NULL,NULL,NULL,NULL,NULL,NULL,NULL,NULL,NULL,NULL,'admin',0,'N','admin','2023-02-04 02:27:51','admin','2023-02-04 02:27:51',1);
/*!40000 ALTER TABLE `oh_admission` ENABLE KEYS */;
UNLOCK TABLES;

--
-- Table structure for table `oh_admissiontype`
--

DROP TABLE IF EXISTS `oh_admissiontype`;
/*!40101 SET @saved_cs_client     = @@character_set_client */;
/*!40101 SET character_set_client = utf8 */;
CREATE TABLE `oh_admissiontype` (
  `ADMT_ID_A` varchar(10) NOT NULL,
  `ADMT_DESC` varchar(50) NOT NULL,
  `ADMT_CREATED_BY` varchar(50) DEFAULT NULL,
  `ADMT_CREATED_DATE` datetime DEFAULT NULL,
  `ADMT_LAST_MODIFIED_BY` varchar(50) DEFAULT NULL,
  `ADMT_LAST_MODIFIED_DATE` datetime DEFAULT NULL,
  `ADMT_ACTIVE` tinyint(1) NOT NULL DEFAULT 1,
  PRIMARY KEY (`ADMT_ID_A`),
  KEY `FK_ADMISSIONTYPE_CREATED_BY_IDX` (`ADMT_CREATED_BY`),
  KEY `FK_ADMISSIONTYPE_LAST_MODIFIED_BY_IDX` (`ADMT_LAST_MODIFIED_BY`),
  CONSTRAINT `FK_ADMISSIONTYPE_CREATED_BY` FOREIGN KEY (`ADMT_CREATED_BY`) REFERENCES `oh_user` (`US_ID_A`) ON DELETE NO ACTION ON UPDATE NO ACTION,
  CONSTRAINT `FK_ADMISSIONTYPE_LAST_MODIFIED_BY` FOREIGN KEY (`ADMT_LAST_MODIFIED_BY`) REFERENCES `oh_user` (`US_ID_A`) ON DELETE NO ACTION ON UPDATE NO ACTION
) ENGINE=InnoDB DEFAULT CHARSET=utf8mb3 COLLATE=utf8mb3_general_ci;
/*!40101 SET character_set_client = @saved_cs_client */;

--
-- Dumping data for table `oh_admissiontype`
--

LOCK TABLES `oh_admissiontype` WRITE;
/*!40000 ALTER TABLE `oh_admissiontype` DISABLE KEYS */;
INSERT INTO `oh_admissiontype` (`ADMT_ID_A`, `ADMT_DESC`, `ADMT_CREATED_BY`, `ADMT_CREATED_DATE`, `ADMT_LAST_MODIFIED_BY`, `ADMT_LAST_MODIFIED_DATE`, `ADMT_ACTIVE`) VALUES ('A','AMBULANCE',NULL,NULL,NULL,NULL,1),('I','SELF',NULL,NULL,NULL,NULL,1),('R','REFERRAL',NULL,NULL,NULL,NULL,1);
/*!40000 ALTER TABLE `oh_admissiontype` ENABLE KEYS */;
UNLOCK TABLES;

--
-- Table structure for table `oh_agetype`
--

DROP TABLE IF EXISTS `oh_agetype`;
/*!40101 SET @saved_cs_client     = @@character_set_client */;
/*!40101 SET character_set_client = utf8 */;
CREATE TABLE `oh_agetype` (
  `AT_CODE` varchar(4) NOT NULL DEFAULT '',
  `AT_FROM` int(11) NOT NULL DEFAULT 0,
  `AT_TO` int(11) NOT NULL DEFAULT 0,
  `AT_DESC` varchar(100) NOT NULL DEFAULT '',
  `AT_CREATED_BY` varchar(50) DEFAULT NULL,
  `AT_CREATED_DATE` datetime DEFAULT NULL,
  `AT_LAST_MODIFIED_BY` varchar(50) DEFAULT NULL,
  `AT_LAST_MODIFIED_DATE` datetime DEFAULT NULL,
  `AT_ACTIVE` tinyint(1) NOT NULL DEFAULT 1,
  PRIMARY KEY (`AT_CODE`),
  KEY `FK_AGETYPE_CREATED_BY_IDX` (`AT_CREATED_BY`),
  KEY `FK_AGETYPE_LAST_MODIFIED_BY_IDX` (`AT_LAST_MODIFIED_BY`),
  CONSTRAINT `FK_AGETYPE_CREATED_BY` FOREIGN KEY (`AT_CREATED_BY`) REFERENCES `oh_user` (`US_ID_A`) ON DELETE NO ACTION ON UPDATE NO ACTION,
  CONSTRAINT `FK_AGETYPE_LAST_MODIFIED_BY` FOREIGN KEY (`AT_LAST_MODIFIED_BY`) REFERENCES `oh_user` (`US_ID_A`) ON DELETE NO ACTION ON UPDATE NO ACTION
) ENGINE=InnoDB DEFAULT CHARSET=utf8mb3 COLLATE=utf8mb3_general_ci;
/*!40101 SET character_set_client = @saved_cs_client */;

--
-- Dumping data for table `oh_agetype`
--

LOCK TABLES `oh_agetype` WRITE;
/*!40000 ALTER TABLE `oh_agetype` DISABLE KEYS */;
INSERT INTO `oh_agetype` (`AT_CODE`, `AT_FROM`, `AT_TO`, `AT_DESC`, `AT_CREATED_BY`, `AT_CREATED_DATE`, `AT_LAST_MODIFIED_BY`, `AT_LAST_MODIFIED_DATE`, `AT_ACTIVE`) VALUES ('d0',0,0,'angal.agetype.newborn',NULL,NULL,NULL,NULL,1),('d1',1,5,'angal.agetype.earlychildhood',NULL,NULL,NULL,NULL,1),('d2',6,12,'angal.agetype.latechildhood',NULL,NULL,NULL,NULL,1),('d3',13,24,'angal.agetype.adolescents',NULL,NULL,NULL,NULL,1),('d4',25,59,'angal.agetype.adult',NULL,NULL,NULL,NULL,1),('d5',60,99,'angal.agetype.elderly',NULL,NULL,NULL,NULL,1);
/*!40000 ALTER TABLE `oh_agetype` ENABLE KEYS */;
UNLOCK TABLES;

--
-- Table structure for table `oh_billitems`
--

DROP TABLE IF EXISTS `oh_billitems`;
/*!40101 SET @saved_cs_client     = @@character_set_client */;
/*!40101 SET character_set_client = utf8 */;
CREATE TABLE `oh_billitems` (
  `BLI_ID` int(11) NOT NULL AUTO_INCREMENT,
  `BLI_ID_BILL` int(11) DEFAULT NULL,
  `BLI_IS_PRICE` tinyint(1) NOT NULL,
  `BLI_ID_PRICE` varchar(10) DEFAULT NULL,
  `BLI_ITEM_DESC` varchar(100) DEFAULT NULL,
  `BLI_ITEM_AMOUNT` double NOT NULL,
  `BLI_QTY` int(11) NOT NULL,
  `BLI_CREATED_BY` varchar(50) DEFAULT NULL,
  `BLI_CREATED_DATE` datetime DEFAULT NULL,
  `BLI_LAST_MODIFIED_BY` varchar(50) DEFAULT NULL,
  `BLI_LAST_MODIFIED_DATE` datetime DEFAULT NULL,
  `BLI_ACTIVE` tinyint(1) NOT NULL DEFAULT 1,
  PRIMARY KEY (`BLI_ID`),
  KEY `FK_BILLITEMS_BILLS` (`BLI_ID_BILL`),
  KEY `FK_BILLITEMS_CREATED_BY_IDX` (`BLI_CREATED_BY`),
  KEY `FK_BILLITEMS_LAST_MODIFIED_BY_IDX` (`BLI_LAST_MODIFIED_BY`),
  CONSTRAINT `FK_BILLITEMS_BILLS` FOREIGN KEY (`BLI_ID_BILL`) REFERENCES `oh_bills` (`BLL_ID`) ON DELETE CASCADE ON UPDATE CASCADE,
  CONSTRAINT `FK_BILLITEMS_CREATED_BY` FOREIGN KEY (`BLI_CREATED_BY`) REFERENCES `oh_user` (`US_ID_A`) ON DELETE NO ACTION ON UPDATE NO ACTION,
  CONSTRAINT `FK_BILLITEMS_LAST_MODIFIED_BY` FOREIGN KEY (`BLI_LAST_MODIFIED_BY`) REFERENCES `oh_user` (`US_ID_A`) ON DELETE NO ACTION ON UPDATE NO ACTION
) ENGINE=InnoDB AUTO_INCREMENT=167 DEFAULT CHARSET=utf8mb3 COLLATE=utf8mb3_general_ci;
/*!40101 SET character_set_client = @saved_cs_client */;

--
-- Dumping data for table `oh_billitems`
--

LOCK TABLES `oh_billitems` WRITE;
/*!40000 ALTER TABLE `oh_billitems` DISABLE KEYS */;
INSERT INTO `oh_billitems` (`BLI_ID`, `BLI_ID_BILL`, `BLI_IS_PRICE`, `BLI_ID_PRICE`, `BLI_ITEM_DESC`, `BLI_ITEM_AMOUNT`, `BLI_QTY`, `BLI_CREATED_BY`, `BLI_CREATED_DATE`, `BLI_LAST_MODIFIED_BY`, `BLI_LAST_MODIFIED_DATE`, `BLI_ACTIVE`) VALUES (53,16,1,'EXA07.02','7.2 SUGAR',8,1,'admin','2022-11-21 03:37:53','admin','2022-11-23 15:49:56',1),(54,17,1,'MED197','Cloramphenicol 1% Eye Ointment 3.5g',5,2,'admin','2022-11-21 21:59:57','admin','2022-11-23 15:49:52',1),(55,17,1,'EXA07.01','7.1 PROTEIN',8,1,'admin','2022-11-21 21:59:57','admin','2022-11-23 15:49:52',1),(56,18,1,'MED110','Atenolol 100mg Tab',22,1,'admin','2022-11-21 22:01:55','admin','2022-11-23 15:49:32',1),(57,18,1,'MED21','Potassium Oxalate',22,2,'admin','2022-11-21 22:01:55','admin','2022-11-23 15:49:32',1),(58,18,1,'OTH1','Amount per day',0,2,'admin','2022-11-21 22:01:55','admin','2022-11-21 22:01:55',1),(59,18,1,'OPE38','Mechanical',80,1,'admin','2022-11-21 22:01:55','admin','2022-11-23 15:49:32',1),(60,19,1,'OPE37','Intestinal obstruction',85,1,'admin','2022-11-21 22:02:53','admin','2022-11-23 15:52:06',1),(61,19,1,'EXA03.022','3.22 MICROFILARIA',12,1,'admin','2022-11-21 22:02:53','admin','2022-11-23 15:52:06',1),(62,19,1,'MED28','Trisodium Citrate',38,1,'admin','2022-11-21 22:02:53','admin','2022-11-23 15:52:06',1),(63,20,1,'MED219','Hydrocortisone 1% Ointment 15g',8,2,'admin','2022-11-21 22:05:25','admin','2022-11-23 15:49:20',1),(64,20,1,'EXA03.01','3.1 Blood Slide (Malaria)',10,1,'admin','2022-11-21 22:05:25','admin','2022-11-23 15:49:20',1),(65,21,1,'MED2','Acetic Acid Glacial 1 ltr',18,1,'admin','2022-11-21 22:08:16','admin','2022-11-23 15:49:16',1),(66,21,1,'EXA05.06','5.6 WAYSON',20,1,'admin','2022-11-21 22:08:16','admin','2022-11-23 15:49:16',1),(67,21,0,'','Special service',1,1,'admin','2022-11-21 22:08:16','admin','2022-11-21 22:08:16',1),(68,22,1,'MED111','Bendrofluazide 5mg Tab',12,2,'admin','2022-11-22 02:38:22','admin','2022-11-23 15:49:12',1),(69,22,1,'OPE15','Peritonitis',180,1,'admin','2022-11-22 02:38:22','admin','2022-11-23 15:49:12',1),(70,22,1,'OTH1','Amount per day',0,5,'admin','2022-11-22 02:38:22','admin','2022-11-22 02:38:22',1),(71,23,1,'MED127','Cimetidine 400mg Tab',60,4,'admin','2022-11-22 17:59:12','admin','2022-11-23 15:49:08',1),(72,23,1,'OPE25','uretheral stricture-bougienage',130,1,'admin','2022-11-22 17:59:12','admin','2022-11-23 19:44:50',1),(73,10,1,'MED163','Hyoscine 10mg Tab',13,1,'admin','2022-11-23 14:18:17','admin','2022-11-23 19:32:14',1),(74,10,1,'MED111','Bendrofluazide 5mg Tab',12,1,'admin','2022-11-23 14:20:53','admin','2022-11-23 19:32:14',1),(75,8,1,'OTH1','Amount per day',0,2,'admin','2022-11-23 14:33:21','admin','2022-11-23 14:33:21',1),(76,7,1,'MED412','Glucose Test Strips (Hyloguard)',0,4,'admin','2022-11-23 15:51:00','admin','2022-11-23 15:51:00',1),(77,7,1,'EXA03.01','3.1 Blood Slide (Malaria)',10,1,'admin','2022-11-23 15:51:00','admin','2022-11-23 15:51:00',1),(78,7,1,'EXA07.04.1','7.4.1 CREATININA',8,1,'admin','2022-11-23 15:51:00','admin','2022-11-23 15:51:00',1),(79,7,1,'EXA07.02','7.2 SUGAR',8,1,'admin','2022-11-23 15:51:00','admin','2022-11-23 15:51:00',1),(80,3,1,'MED77','Metoclopramide 5mg/ml 100ml Amp',0,2,'admin','2022-11-23 15:51:44','admin','2022-11-23 15:51:44',1),(81,3,1,'OPE44','Cholecystitis',0,1,'admin','2022-11-23 15:51:44','admin','2022-11-23 15:51:44',1),(82,6,1,'MED410','Creatinine 200ml (Calorimetric)',0,4,'admin','2022-11-23 15:53:07','admin','2022-11-23 15:53:07',1),(83,6,1,'EXA03.02','3.2 Blood Slide (OTHERS, E.G. TRIUPHANOSOMIAS, MICRIFILARIA, LEISHMANIA, BORRELIA)',12,1,'admin','2022-11-23 15:53:07','admin','2022-11-23 15:53:07',1),(84,5,1,'EXA01.03','1.3 Differential ',12,1,'admin','2022-11-23 15:53:46','admin','2022-11-23 15:53:46',1),(85,5,1,'MED91','Suxamethonium 500mg Vial',40,1,'admin','2022-11-23 15:53:46','admin','2022-11-23 19:41:34',1),(86,5,1,'MED388','Suture Silk (1) S595',6,2,'admin','2022-11-23 15:53:46','admin','2022-11-23 19:41:34',1),(87,4,1,'MED67','Insulin Mixtard 30/70 100IU/ml 5x3ml catridges',30,2,'admin','2022-11-23 15:54:16','admin','2022-11-23 15:54:16',1),(88,4,1,'EXA07.02','7.2 SUGAR',8,1,'admin','2022-11-23 15:54:16','admin','2022-11-23 15:54:16',1),(89,3,1,'EXA03.01','3.1 Blood Slide (Malaria)',10,1,'admin','2022-11-23 15:54:26','admin','2022-11-23 15:54:26',1),(90,26,1,'EXA03.01','3.1 Blood Slide (Malaria)',10,1,'admin','2022-11-23 16:01:45','admin','2022-11-23 16:01:45',1),(91,26,1,'MED118','Charcoal 250mg Tab',15,4,'admin','2022-11-23 16:01:45','admin','2022-11-23 19:08:42',1),(92,26,1,'MED415','Paracetamol 500 MG',22,2,'admin','2022-11-23 16:01:45','admin','2022-11-23 19:17:22',1),(93,1,1,'MED344','Nesk Support Small',20,1,'admin','2022-11-23 18:51:24','admin','2022-11-23 19:26:49',1),(94,1,1,'EXA07.03.1','7.3.1 BILIRUBIN TOTAL',8,1,'admin','2022-11-23 18:51:24','admin','2022-11-23 18:51:24',1),(95,2,1,'MED273','Adhesive Tape 2.5cm x 5m',0,1,'admin','2022-11-23 18:52:12','admin','2022-11-23 18:52:12',1),(96,2,1,'OPE51','Debridement',0,1,'admin','2022-11-23 18:52:12','admin','2022-11-23 18:52:12',1),(97,2,1,'EXA02.01','2.1 Grouping',10,1,'admin','2022-11-23 18:52:12','admin','2022-11-23 18:52:12',1),(98,2,1,'EXA04.02','4.2 C&S FOR SALMONELA TYPHI',18,1,'admin','2022-11-23 18:52:12','admin','2022-11-23 18:52:12',1),(99,24,1,'MED81','Pethidine 100mg/ml 2ml Amp',32,2,'admin','2022-11-23 18:53:11','admin','2022-11-23 19:19:16',1),(100,24,1,'EXA04.03','4.3 C&S FOR VIBRO CHOLERA',18,1,'admin','2022-11-23 18:53:11','admin','2022-11-23 18:53:11',1),(101,24,1,'MED171','Ranitidine 150mg Tab',27,2,'admin','2022-11-23 18:53:11','admin','2022-11-23 19:19:16',1),(102,25,1,'MED42','Amphotericin B 50mg Vial',0,1,'admin','2022-11-23 18:53:45','admin','2022-11-23 18:53:45',1),(103,25,1,'MED408','Anti Serum AB 10ml',8,2,'admin','2022-11-23 18:53:45','admin','2022-11-23 18:53:45',1),(104,25,1,'EXA04.01','4.1 CULTURE AND SENSITIVITY (C&S) FOR HAEMOPHILUS INFUENZA TYPE B',18,1,'admin','2022-11-23 18:53:45','admin','2022-11-23 18:53:45',1),(105,23,1,'MED4','Copper 11 Sulphate 500g',21,4,'admin','2022-11-23 19:21:25','admin','2022-11-23 19:23:43',1),(106,27,1,'MED111','Bendrofluazide 5mg Tab',12,2,'admin','2021-03-13 22:44:52','admin','2021-03-13 22:44:52',1),(107,27,1,'EXA05.05','5.5 ZN',20,1,'admin','2021-03-13 22:44:52','admin','2021-03-13 22:44:52',1),(108,28,1,'MED130','Cloxacillin 250mg Tab',0,2,'admin','2021-03-13 22:46:25','admin','2021-03-13 22:46:25',1),(109,28,1,'MED79','Morphine 15mg/ml 1ml Amp',0,1,'admin','2021-03-13 22:46:25','admin','2021-03-13 22:46:25',1),(110,28,1,'EXA07.04.2','7.4.2 UREA',8,1,'admin','2021-03-13 22:46:25','admin','2021-03-13 22:46:25',1),(111,28,0,'','test',1,1,'admin','2021-03-13 22:46:25','admin','2021-03-13 22:46:25',1),(112,29,1,'OPE34','Epigastrical Hernia',100,1,'admin','2021-03-15 00:52:24','admin','2021-03-15 00:52:24',1),(113,29,1,'MED273','Adhesive Tape 2.5cm x 5m',1,4,'admin','2021-03-15 00:52:24','admin','2021-03-15 00:52:24',1),(114,29,1,'MED94','Thiopental Sodium 500mg Vial',0,1,'admin','2021-03-15 00:52:24','admin','2021-03-15 00:52:24',1),(115,30,1,'OPE47','Upper limb',200,1,'admin','2021-03-15 00:53:12','admin','2021-03-15 00:53:12',1),(116,30,1,'MED250','Needles Luer G20 Disposable',0,2,'admin','2021-03-15 00:53:12','admin','2021-03-15 00:53:12',1),(117,30,1,'MED173','Salbutamol 4mg Tab',0,1,'admin','2021-03-15 00:53:12','admin','2021-03-15 00:53:12',1),(118,31,1,'MED96','Sodium Chloride 0.9% IV 500ml',0,1,'admin','2021-03-15 00:54:12','admin','2021-03-15 00:54:12',1),(119,31,1,'MED27','Sodium Carbonate Anhydrous',0,2,'admin','2021-03-15 00:54:12','admin','2021-03-15 00:54:12',1),(120,31,1,'EXA05.03','5.3 INDIA INK',12,1,'admin','2021-03-15 00:54:12','admin','2021-03-15 00:54:12',1),(121,32,1,'MED356','Tablet Counting Tray',0,1,'admin','2021-03-15 01:05:48','admin','2021-03-15 01:05:48',1),(122,32,1,'MED9','Iodin Crystal 100g',0,1,'admin','2021-03-15 01:05:48','admin','2021-03-15 01:05:48',1),(123,32,1,'MED28','Trisodium Citrate',38,2,'admin','2021-03-15 01:05:48','admin','2021-03-15 01:05:48',1),(124,33,1,'MED98','Acetazolamide 250mg Tab',0,4,'admin','2021-03-15 01:07:40','admin','2021-03-15 01:07:40',1),(125,33,1,'MED414','Aciclovir cream',0,2,'admin','2021-03-15 01:07:40','admin','2021-03-15 01:07:40',1),(126,34,1,'EXA04.03','4.3 C&S FOR VIBRO CHOLERA',18,1,'admin','2021-03-15 13:37:08','admin','2021-03-15 13:37:08',1),(127,35,1,'MED47','Benzyl Penicillin 5 MIU Vial',0,2,'admin','2021-03-15 13:38:46','admin','2021-03-15 13:38:46',1),(128,36,1,'OPE15','Peritonitis',180,1,'admin','2021-03-15 14:52:58','admin','2021-03-15 14:52:58',1),(129,37,1,'MED348','Apron Plastic Re-usable',0,1,'admin','2021-03-15 20:05:00','admin','2021-03-15 20:05:00',1),(130,37,1,'MED385','Suture Cutgut Chromic (2/0) RN22230TH',0,2,'admin','2021-03-15 20:05:00','admin','2021-03-15 20:05:00',1),(131,37,1,'MED165','Impramine 25mg Tab',0,2,'admin','2021-03-15 20:05:00','admin','2021-03-15 20:05:00',1),(132,37,1,'MED173','Salbutamol 4mg Tab',0,3,'admin','2021-03-15 20:05:00','admin','2021-03-15 20:05:00',1),(133,38,1,'OPE2','emergency',50,1,'admin','2021-03-15 21:55:39','admin','2021-03-15 21:55:39',1),(134,39,1,'EXA03.01','3.1 Blood Slide (Malaria)',10,1,'admin','2021-03-15 21:56:27','admin','2021-03-15 21:56:27',1),(135,39,1,'MED349','Apron Plastic Re-usable local',0,1,'admin','2021-03-15 21:56:27','admin','2021-03-15 21:56:27',1),(136,40,1,'MED201','Beclamethasone 50mcg Innhaler',0,1,'admin','2021-03-15 22:10:48','admin','2021-03-15 22:10:48',1),(137,40,1,'MED72','Lignocaine 2% 20ml Vial',0,1,'admin','2021-03-15 22:10:48','admin','2021-03-15 22:10:48',1),(138,41,1,'OPE48','Lower limb',100,1,'admin','2021-03-15 22:36:27','admin','2021-03-15 22:36:27',1),(139,42,1,'MED276','Cotton Wool 200G',0,2,'admin','2021-08-17 15:37:27','admin','2021-08-17 15:37:27',1),(140,42,1,'OPE38','Mechanical',80,1,'admin','2021-08-17 15:37:27','admin','2021-08-17 15:37:27',1),(141,42,1,'EXA02.01','2.1 Grouping',10,1,'admin','2021-08-17 15:37:27','admin','2021-08-17 15:37:27',1),(142,43,1,'MED414','Aciclovir cream',0,1,'admin','2021-11-09 15:39:34','admin','2021-11-09 15:39:34',1),(143,43,1,'OPE38','Mechanical',80,1,'admin','2021-11-09 15:39:34','admin','2021-11-09 15:39:34',1),(144,43,1,'OTH1','Amount per day',0,5,'admin','2021-11-09 15:39:34','admin','2021-11-09 15:39:34',1),(145,44,1,'MED113','Benzhexol 5mg Tab',50,3,'admin','2021-11-09 15:41:27','admin','2021-11-09 15:41:27',1),(146,44,0,'','Service',1,1,'admin','2021-11-09 15:41:27','admin','2021-11-09 15:41:27',1),(147,45,1,'MED111','Bendrofluazide 5mg Tab',12,5,'admin','2021-11-09 17:22:47','admin','2021-11-09 17:22:47',1),(148,46,1,'OPE1','Caesarian section',80,1,'admin','2021-11-09 17:44:50','admin','2021-11-09 17:44:50',1),(149,46,1,'MED98','Acetazolamide 250mg Tab',0,2,'admin','2021-11-09 17:44:50','admin','2021-11-09 17:44:50',1),(150,46,1,'MED388','Suture Silk (1) S595',6,2,'admin','2021-11-09 17:44:50','admin','2021-11-09 17:44:50',1),(151,46,1,'EXA02.01','2.1 Grouping',10,1,'admin','2021-11-09 17:44:50','admin','2021-11-09 17:44:50',1),(152,47,1,'OPE38','Mechanical',80,1,'admin','2021-11-09 18:30:24','admin','2021-11-09 18:30:24',1),(153,47,1,'MED114','Bisacodyl 5mg Tab',0,2,'admin','2021-11-09 18:30:24','admin','2021-11-09 18:30:24',1),(154,47,1,'MED398','X-Ray Film 43x35cm',0,2,'admin','2021-11-09 18:30:24','admin','2021-11-09 18:30:24',1),(155,48,1,'MED125','Chlorpromazine 25mg Tab',12,3,'admin','2021-11-10 15:51:29','admin','2021-11-10 15:51:29',1),(156,48,1,'MED9','Iodin Crystal 100g',0,1,'admin','2021-11-10 15:51:29','admin','2021-11-10 15:51:29',1),(157,49,1,'OPE53','Surgical toilet  & suture',50,1,'admin','2021-11-10 17:10:12','admin','2021-11-10 17:10:12',1),(158,49,1,'EXA03.02','3.2 Blood Slide (OTHERS, E.G. TRIUPHANOSOMIAS, MICRIFILARIA, LEISHMANIA, BORRELIA)',12,1,'admin','2021-11-10 17:10:12','admin','2021-11-10 17:10:12',1),(159,50,1,'MED346','Neck Support Large',0,1,'admin','2023-02-02 22:36:03','admin','2023-02-02 22:36:03',1),(160,51,1,'MED334','Hot water Bottle 2Ltr',0,2,'admin','2023-02-04 00:05:31','admin','2023-02-04 00:05:31',1),(161,51,1,'OPE2','emergency',50,1,'admin','2023-02-04 00:05:31','admin','2023-02-04 00:05:31',1),(162,52,1,'MED238','Anti Serum A 10ml',8,1,'admin','2023-02-04 02:26:51','admin','2023-02-04 02:26:51',1),(163,52,1,'OPE43','Appendicitis',80,1,'admin','2023-02-04 02:26:51','admin','2023-02-04 02:26:51',1),(164,52,1,'EXA03.02','3.2 Blood Slide (OTHERS, E.G. TRIUPHANOSOMIAS, MICRIFILARIA, LEISHMANIA, BORRELIA)',12,1,'admin','2023-02-04 02:26:51','admin','2023-02-04 02:26:51',1),(165,52,1,'OTH1','Amount per day',0,12,'admin','2023-02-04 02:26:51','admin','2023-02-04 02:26:51',1),(166,52,0,'','Attendance',30,1,'admin','2023-02-04 02:26:51','admin','2023-02-04 02:26:51',1);
/*!40000 ALTER TABLE `oh_billitems` ENABLE KEYS */;
UNLOCK TABLES;

--
-- Table structure for table `oh_billpayments`
--

DROP TABLE IF EXISTS `oh_billpayments`;
/*!40101 SET @saved_cs_client     = @@character_set_client */;
/*!40101 SET character_set_client = utf8 */;
CREATE TABLE `oh_billpayments` (
  `BLP_ID` int(11) NOT NULL AUTO_INCREMENT,
  `BLP_ID_BILL` int(11) DEFAULT NULL,
  `BLP_DATE` datetime NOT NULL,
  `BLP_AMOUNT` double NOT NULL,
  `BLP_USR_ID_A` varchar(50) NOT NULL DEFAULT 'admin',
  `BLP_CREATED_BY` varchar(50) DEFAULT NULL,
  `BLP_CREATED_DATE` datetime DEFAULT NULL,
  `BLP_LAST_MODIFIED_BY` varchar(50) DEFAULT NULL,
  `BLP_LAST_MODIFIED_DATE` datetime DEFAULT NULL,
  `BLP_ACTIVE` tinyint(1) NOT NULL DEFAULT 1,
  PRIMARY KEY (`BLP_ID`),
  KEY `FK_BILLPAYMENTS_BILLS` (`BLP_ID_BILL`),
  KEY `FK_BILLPAYMENTS_USER_IDX` (`BLP_USR_ID_A`),
  KEY `FK_BILLPAYMENTS_CREATED_BY_IDX` (`BLP_CREATED_BY`),
  KEY `FK_BILLPAYMENTS_LAST_MODIFIED_BY_IDX` (`BLP_LAST_MODIFIED_BY`),
  CONSTRAINT `FK_BILLPAYMENTS_BILLS` FOREIGN KEY (`BLP_ID_BILL`) REFERENCES `oh_bills` (`BLL_ID`) ON DELETE CASCADE ON UPDATE CASCADE,
  CONSTRAINT `FK_BILLPAYMENTS_CREATED_BY` FOREIGN KEY (`BLP_CREATED_BY`) REFERENCES `oh_user` (`US_ID_A`) ON DELETE NO ACTION ON UPDATE NO ACTION,
  CONSTRAINT `FK_BILLPAYMENTS_LAST_MODIFIED_BY` FOREIGN KEY (`BLP_LAST_MODIFIED_BY`) REFERENCES `oh_user` (`US_ID_A`) ON DELETE NO ACTION ON UPDATE NO ACTION,
  CONSTRAINT `FK_BILLPAYMENTS_USER` FOREIGN KEY (`BLP_USR_ID_A`) REFERENCES `oh_user` (`US_ID_A`) ON DELETE NO ACTION ON UPDATE NO ACTION
) ENGINE=InnoDB AUTO_INCREMENT=299 DEFAULT CHARSET=utf8mb3 COLLATE=utf8mb3_general_ci;
/*!40101 SET character_set_client = @saved_cs_client */;

--
-- Dumping data for table `oh_billpayments`
--

LOCK TABLES `oh_billpayments` WRITE;
/*!40000 ALTER TABLE `oh_billpayments` DISABLE KEYS */;
INSERT INTO `oh_billpayments` (`BLP_ID`, `BLP_ID_BILL`, `BLP_DATE`, `BLP_AMOUNT`, `BLP_USR_ID_A`, `BLP_CREATED_BY`, `BLP_CREATED_DATE`, `BLP_LAST_MODIFIED_BY`, `BLP_LAST_MODIFIED_DATE`, `BLP_ACTIVE`) VALUES (88,3,'2022-11-20 00:28:59',120,'admin','admin','2022-11-23 15:54:26','admin','2022-11-23 15:54:26',1),(90,2,'2022-11-23 18:52:10',30,'admin','admin','2022-11-23 18:52:12','admin','2022-11-23 18:52:12',1),(94,25,'2022-11-19 01:46:47',1,'admin','admin','2022-11-23 18:53:45','admin','2022-11-23 18:53:45',1),(120,6,'2022-11-20 00:32:08',80,'admin','admin','2022-11-23 19:26:45','admin','2022-11-23 19:26:45',1),(121,1,'2022-11-23 18:51:22',20,'admin','admin','2022-11-23 19:26:49','admin','2022-11-23 19:26:49',1),(151,13,'2022-11-21 02:04:22',200,'admin','admin','2022-11-23 19:33:33','admin','2022-11-23 19:33:33',1),(152,13,'2022-11-21 02:04:27',-200,'admin','admin','2022-11-23 19:33:33','admin','2022-11-23 19:33:33',1),(162,5,'2022-11-20 00:31:14',180,'admin','admin','2022-11-23 19:41:34','admin','2022-11-23 19:41:34',1),(163,5,'2022-11-20 02:13:51',-180,'admin','admin','2022-11-23 19:41:34','admin','2022-11-23 19:41:34',1),(164,8,'2022-11-20 00:38:16',500,'admin','admin','2022-11-23 19:42:23','admin','2022-11-23 19:42:23',1),(165,8,'2022-11-23 14:33:33',-250,'admin','admin','2022-11-23 19:42:23','admin','2022-11-23 19:42:23',1),(166,9,'2022-11-20 00:43:59',80,'admin','admin','2022-11-23 19:43:42','admin','2022-11-23 19:43:42',1),(167,10,'2022-11-20 00:45:05',50,'admin','admin','2022-11-23 19:43:48','admin','2022-11-23 19:43:48',1),(168,10,'2022-11-23 14:20:13',-50,'admin','admin','2022-11-23 19:43:48','admin','2022-11-23 19:43:48',1),(169,11,'2022-11-20 02:10:08',175,'admin','admin','2022-11-23 19:43:53','admin','2022-11-23 19:43:53',1),(170,11,'2022-11-20 02:10:13',-25,'admin','admin','2022-11-23 19:43:53','admin','2022-11-23 19:43:53',1),(171,12,'2022-11-20 02:41:17',250,'admin','admin','2022-11-23 19:43:57','admin','2022-11-23 19:43:57',1),(172,12,'2022-11-20 02:41:22',-250,'admin','admin','2022-11-23 19:43:57','admin','2022-11-23 19:43:57',1),(173,15,'2022-11-21 03:31:00',250,'admin','admin','2022-11-23 19:44:13','admin','2022-11-23 19:44:13',1),(174,15,'2022-11-21 03:31:06',-300,'admin','admin','2022-11-23 19:44:13','admin','2022-11-23 19:44:13',1),(175,16,'2022-11-21 03:37:37',100,'admin','admin','2022-11-23 19:44:18','admin','2022-11-23 19:44:18',1),(176,16,'2022-11-21 03:37:41',-100,'admin','admin','2022-11-23 19:44:18','admin','2022-11-23 19:44:18',1),(177,17,'2022-11-21 21:59:41',50,'admin','admin','2022-11-23 19:44:22','admin','2022-11-23 19:44:22',1),(178,17,'2022-11-21 21:59:46',-60,'admin','admin','2022-11-23 19:44:22','admin','2022-11-23 19:44:22',1),(179,17,'2022-11-21 21:59:49',10,'admin','admin','2022-11-23 19:44:22','admin','2022-11-23 19:44:22',1),(180,18,'2022-11-21 22:01:25',280,'admin','admin','2022-11-23 19:44:28','admin','2022-11-23 19:44:28',1),(181,18,'2022-11-21 22:01:47',-200,'admin','admin','2022-11-23 19:44:28','admin','2022-11-23 19:44:28',1),(182,19,'2022-11-21 22:02:47',100,'admin','admin','2022-11-23 19:44:32','admin','2022-11-23 19:44:32',1),(183,19,'2022-11-21 22:03:13',-100,'admin','admin','2022-11-23 19:44:32','admin','2022-11-23 19:44:32',1),(184,20,'2022-11-21 22:05:23',80,'admin','admin','2022-11-23 19:44:36','admin','2022-11-23 19:44:36',1),(185,22,'2022-11-22 02:38:10',100,'admin','admin','2022-11-23 19:44:45','admin','2022-11-23 19:44:45',1),(186,22,'2022-11-22 02:38:15',-120,'admin','admin','2022-11-23 19:44:45','admin','2022-11-23 19:44:45',1),(187,23,'2022-11-22 17:59:11',250,'admin','admin','2022-11-23 19:44:50','admin','2022-11-23 19:44:50',1),(188,24,'2022-11-20 00:26:33',100,'admin','admin','2022-11-23 19:44:56','admin','2022-11-23 19:44:56',1),(189,24,'2022-11-20 02:11:34',200,'admin','admin','2022-11-23 19:44:56','admin','2022-11-23 19:44:56',1),(190,24,'2022-11-20 02:13:11',-300,'admin','admin','2022-11-23 19:44:56','admin','2022-11-23 19:44:56',1),(191,27,'2021-03-13 22:44:45',20,'admin','admin','2021-03-13 22:44:52','admin','2021-03-13 22:44:52',1),(192,27,'2021-03-13 22:44:50',-30,'admin','admin','2021-03-13 22:44:52','admin','2021-03-13 22:44:52',1),(193,27,'2021-03-13 22:44:52',54,'admin','admin','2021-03-13 22:44:52','admin','2021-03-13 22:44:52',1),(194,28,'2021-03-13 22:46:19',80,'admin','admin','2021-03-13 22:46:25','admin','2021-03-13 22:46:25',1),(195,28,'2021-03-13 22:46:24',-60,'admin','admin','2021-03-13 22:46:25','admin','2021-03-13 22:46:25',1),(196,29,'2021-03-15 00:52:09',100,'admin','admin','2021-03-15 00:52:24','admin','2021-03-15 00:52:24',1),(197,29,'2021-03-15 00:52:14',-100,'admin','admin','2021-03-15 00:52:24','admin','2021-03-15 00:52:24',1),(198,29,'2021-03-15 00:52:23',104,'admin','admin','2021-03-15 00:52:24','admin','2021-03-15 00:52:24',1),(199,30,'2021-03-15 00:53:08',200,'admin','admin','2021-03-15 00:53:12','admin','2021-03-15 00:53:12',1),(200,31,'2021-03-15 00:54:10',50,'admin','admin','2021-03-15 00:54:12','admin','2021-03-15 00:54:12',1),(204,32,'2021-03-15 01:05:25',45,'admin','admin','2021-03-15 01:06:58','admin','2021-03-15 01:06:58',1),(205,32,'2021-03-15 01:05:43',-50,'admin','admin','2021-03-15 01:06:58','admin','2021-03-15 01:06:58',1),(206,32,'2021-03-15 01:05:47',81,'admin','admin','2021-03-15 01:06:58','admin','2021-03-15 01:06:58',1),(227,33,'2021-03-15 01:07:38',25,'admin','admin','2021-03-15 01:09:31','admin','2021-03-15 01:09:31',1),(228,33,'2021-03-15 01:08:01',-20,'admin','admin','2021-03-15 01:09:31','admin','2021-03-15 01:09:31',1),(229,33,'2021-03-15 01:08:28',10,'admin','admin','2021-03-15 01:09:31','admin','2021-03-15 01:09:31',1),(230,33,'2021-03-15 01:08:45',-50,'admin','admin','2021-03-15 01:09:31','admin','2021-03-15 01:09:31',1),(231,33,'2021-03-15 01:08:59',35,'admin','admin','2021-03-15 01:09:31','admin','2021-03-15 01:09:31',1),(232,34,'2021-03-15 13:36:51',18,'admin','admin','2021-03-15 13:37:08','admin','2021-03-15 13:37:08',1),(233,35,'2021-03-15 13:37:57',20,'admin','admin','2021-03-15 13:38:46','admin','2021-03-15 13:38:46',1),(234,35,'2021-03-15 13:38:37',-20,'admin','admin','2021-03-15 13:38:46','admin','2021-03-15 13:38:46',1),(235,36,'2021-03-15 14:52:42',180,'admin','admin','2021-03-15 14:52:58','admin','2021-03-15 14:52:58',1),(238,37,'2021-03-15 20:04:47',85,'admin','admin','2021-03-15 20:05:36','admin','2021-03-15 20:05:36',1),(239,37,'2021-03-15 20:04:59',-85,'admin','admin','2021-03-15 20:05:36','admin','2021-03-15 20:05:36',1),(240,38,'2021-03-15 21:55:27',50,'admin','admin','2021-03-15 21:55:39','admin','2021-03-15 21:55:39',1),(241,38,'2021-03-15 21:55:33',-40,'admin','admin','2021-03-15 21:55:39','admin','2021-03-15 21:55:39',1),(242,38,'2021-03-15 21:55:38',40,'admin','admin','2021-03-15 21:55:39','admin','2021-03-15 21:55:39',1),(243,39,'2021-03-15 21:56:23',10,'admin','admin','2021-03-15 21:56:27','admin','2021-03-15 21:56:27',1),(244,40,'2021-03-15 22:10:23',22,'admin','admin','2021-03-15 22:10:48','admin','2021-03-15 22:10:48',1),(245,40,'2021-03-15 22:10:44',-20,'admin','admin','2021-03-15 22:10:48','admin','2021-03-15 22:10:48',1),(246,40,'2021-03-15 22:10:46',-2,'admin','admin','2021-03-15 22:10:48','admin','2021-03-15 22:10:48',1),(247,41,'2021-03-15 22:36:23',100,'admin','admin','2021-03-15 22:36:27','admin','2021-03-15 22:36:27',1),(280,42,'2021-08-17 15:37:20',100,'admin','admin','2021-08-17 15:41:24','admin','2021-08-17 15:41:24',1),(281,42,'2021-08-17 15:37:25',-100,'admin','admin','2021-08-17 15:41:24','admin','2021-08-17 15:41:24',1),(282,42,'2021-08-17 15:38:11',90,'admin','admin','2021-08-17 15:41:24','admin','2021-08-17 15:41:24',1),(283,43,'2021-11-09 15:39:31',50,'admin','admin','2021-11-09 15:39:34','admin','2021-11-09 15:39:34',1),(284,44,'2021-11-09 15:41:26',151,'admin','admin','2021-11-09 15:41:27','admin','2021-11-09 15:41:27',1),(285,45,'2021-11-09 17:22:43',60,'admin','admin','2021-11-09 17:22:47','admin','2021-11-09 17:22:47',1),(286,46,'2021-11-09 17:44:37',110,'admin','admin','2021-11-09 17:44:50','admin','2021-11-09 17:44:50',1),(287,46,'2021-11-09 17:44:47',-80,'admin','admin','2021-11-09 17:44:50','admin','2021-11-09 17:44:50',1),(288,47,'2021-11-09 18:30:15',100,'admin','admin','2021-11-09 18:30:24','admin','2021-11-09 18:30:24',1),(289,47,'2021-11-09 18:30:19',-100,'admin','admin','2021-11-09 18:30:24','admin','2021-11-09 18:30:24',1),(290,47,'2021-11-09 18:30:23',80,'admin','admin','2021-11-09 18:30:24','admin','2021-11-09 18:30:24',1),(291,48,'2021-11-10 15:51:18',40,'admin','admin','2021-11-10 15:51:29','admin','2021-11-10 15:51:29',1),(292,49,'2021-11-10 17:10:08',-62,'admin','admin','2021-11-10 17:10:12','admin','2021-11-10 17:10:12',1),(293,49,'2021-11-10 17:10:11',124,'admin','admin','2021-11-10 17:10:12','admin','2021-11-10 17:10:12',1),(294,50,'2023-02-02 22:36:01',120,'admin','admin','2023-02-02 22:36:03','admin','2023-02-02 22:36:03',1),(295,51,'2023-02-04 00:05:26',35,'admin','admin','2023-02-04 00:05:31','admin','2023-02-04 00:05:31',1),(296,51,'2023-02-04 00:05:30',15,'admin','admin','2023-02-04 00:05:31','admin','2023-02-04 00:05:31',1),(298,52,'2023-02-04 02:26:50',100,'admin','admin','2023-02-04 02:28:56','admin','2023-02-04 02:28:56',1);
/*!40000 ALTER TABLE `oh_billpayments` ENABLE KEYS */;
UNLOCK TABLES;

--
-- Table structure for table `oh_bills`
--

DROP TABLE IF EXISTS `oh_bills`;
/*!40101 SET @saved_cs_client     = @@character_set_client */;
/*!40101 SET character_set_client = utf8 */;
CREATE TABLE `oh_bills` (
  `BLL_ID` int(11) NOT NULL AUTO_INCREMENT,
  `BLL_DATE` datetime NOT NULL,
  `BLL_UPDATE` datetime NOT NULL,
  `BLL_IS_LST` tinyint(1) NOT NULL,
  `BLL_ID_LST` int(11) DEFAULT NULL,
  `BLL_LST_NAME` varchar(50) DEFAULT NULL,
  `BLL_IS_PAT` tinyint(1) NOT NULL,
  `BLL_ID_PAT` int(11) DEFAULT NULL,
  `BLL_PAT_NAME` varchar(100) DEFAULT NULL,
  `BLL_STATUS` varchar(1) DEFAULT NULL,
  `BLL_AMOUNT` double DEFAULT NULL,
  `BLL_BALANCE` double DEFAULT NULL,
  `BLL_USR_ID_A` varchar(50) NOT NULL DEFAULT 'admin',
  `BLL_ADM_ID` int(11) DEFAULT NULL,
  `BLL_CREATED_BY` varchar(50) DEFAULT NULL,
  `BLL_CREATED_DATE` datetime DEFAULT NULL,
  `BLL_LAST_MODIFIED_BY` varchar(50) DEFAULT NULL,
  `BLL_LAST_MODIFIED_DATE` datetime DEFAULT NULL,
  `BLL_ACTIVE` tinyint(1) NOT NULL DEFAULT 1,
  PRIMARY KEY (`BLL_ID`),
  KEY `FK_BILLS_PATIENT` (`BLL_ID_PAT`),
  KEY `FK_BILLS_PRICELISTS` (`BLL_ID_LST`),
  KEY `FK_BILLS_ADMISSION_idx` (`BLL_ADM_ID`),
  KEY `FK_BILLS_USER_IDX` (`BLL_USR_ID_A`),
  KEY `FK_BILLS_CREATED_BY_IDX` (`BLL_CREATED_BY`),
  KEY `FK_BILLS_LAST_MODIFIED_BY_IDX` (`BLL_LAST_MODIFIED_BY`),
  CONSTRAINT `FK_BILLS_ADMISSION` FOREIGN KEY (`BLL_ADM_ID`) REFERENCES `oh_admission` (`ADM_ID`) ON DELETE NO ACTION ON UPDATE NO ACTION,
  CONSTRAINT `FK_BILLS_CREATED_BY` FOREIGN KEY (`BLL_CREATED_BY`) REFERENCES `oh_user` (`US_ID_A`) ON DELETE NO ACTION ON UPDATE NO ACTION,
  CONSTRAINT `FK_BILLS_LAST_MODIFIED_BY` FOREIGN KEY (`BLL_LAST_MODIFIED_BY`) REFERENCES `oh_user` (`US_ID_A`) ON DELETE NO ACTION ON UPDATE NO ACTION,
  CONSTRAINT `FK_BILLS_PATIENT` FOREIGN KEY (`BLL_ID_PAT`) REFERENCES `oh_patient` (`PAT_ID`) ON DELETE CASCADE ON UPDATE CASCADE,
  CONSTRAINT `FK_BILLS_PRICELISTS` FOREIGN KEY (`BLL_ID_LST`) REFERENCES `oh_pricelists` (`LST_ID`) ON DELETE NO ACTION ON UPDATE NO ACTION,
  CONSTRAINT `FK_BILLS_USER` FOREIGN KEY (`BLL_USR_ID_A`) REFERENCES `oh_user` (`US_ID_A`) ON DELETE NO ACTION ON UPDATE NO ACTION
) ENGINE=InnoDB AUTO_INCREMENT=53 DEFAULT CHARSET=utf8mb3 COLLATE=utf8mb3_general_ci;
/*!40101 SET character_set_client = @saved_cs_client */;

--
-- Dumping data for table `oh_bills`
--

LOCK TABLES `oh_bills` WRITE;
/*!40000 ALTER TABLE `oh_bills` DISABLE KEYS */;
INSERT INTO `oh_bills` (`BLL_ID`, `BLL_DATE`, `BLL_UPDATE`, `BLL_IS_LST`, `BLL_ID_LST`, `BLL_LST_NAME`, `BLL_IS_PAT`, `BLL_ID_PAT`, `BLL_PAT_NAME`, `BLL_STATUS`, `BLL_AMOUNT`, `BLL_BALANCE`, `BLL_USR_ID_A`, `BLL_ADM_ID`, `BLL_CREATED_BY`, `BLL_CREATED_DATE`, `BLL_LAST_MODIFIED_BY`, `BLL_LAST_MODIFIED_DATE`, `BLL_ACTIVE`) VALUES (1,'2022-11-19 01:45:33','2022-11-23 18:51:22',1,1,'Basic',1,514,'Mario Rossi','O',28,8,'admin',NULL,NULL,NULL,'admin','2022-11-23 19:26:49',1),(2,'2022-11-20 00:26:01','2022-11-23 18:52:10',1,1,'Basic',1,245,'Vanish Katrina','O',28,-2,'admin',244,NULL,NULL,'admin','2022-11-23 18:52:12',1),(3,'2022-11-20 00:28:30','2022-11-20 00:28:59',1,1,'Basic',1,503,'Charlie Sturgeon','O',10,-110,'admin',NULL,NULL,NULL,'admin','2022-11-23 15:54:26',1),(4,'2022-11-20 00:30:23','2022-11-20 00:30:23',1,1,'Basic',1,445,'Rodolfo Scoggins','O',68,68,'admin',445,NULL,NULL,'admin','2022-11-23 15:54:16',1),(5,'2022-11-20 00:30:47','2022-11-20 02:13:51',1,1,'Basic',1,125,'Kristie Muldoon','O',64,64,'admin',NULL,NULL,NULL,'admin','2022-11-23 19:41:34',1),(6,'2022-11-20 00:31:44','2022-11-20 00:32:08',1,1,'Basic',1,301,'Noe Kruse','O',12,-68,'admin',NULL,NULL,NULL,'admin','2022-11-23 19:26:45',1),(7,'2022-11-20 00:36:56','2022-11-20 00:36:56',1,1,'Basic',1,167,'Richard Gauldin','O',26,26,'admin',NULL,NULL,NULL,'admin','2022-11-23 15:52:19',1),(8,'2022-11-20 00:37:45','2022-11-23 14:33:33',1,1,'Basic',1,141,'Brandie Lutz','O',180,-70,'admin',NULL,NULL,NULL,'admin','2022-11-23 19:42:23',1),(9,'2022-11-20 00:43:04','2022-11-20 00:43:59',1,1,'Basic',1,191,'Leonard Badgett','O',46,-34,'admin',193,NULL,NULL,'admin','2022-11-23 19:43:42',1),(10,'2022-11-20 00:44:37','2022-11-23 14:20:13',1,1,'Basic',1,180,'Brock Boyter','O',145,145,'admin',NULL,NULL,NULL,'admin','2022-11-23 19:43:48',1),(11,'2022-11-20 02:09:17','2022-11-20 02:10:13',1,1,'Basic',1,189,'Jake Tibbetts','O',224,74,'admin',191,NULL,NULL,'admin','2022-11-23 19:43:53',1),(12,'2022-11-20 02:40:44','2022-11-20 02:41:22',1,1,'Basic',1,514,'Mario Rossi','O',46,46,'admin',NULL,NULL,NULL,'admin','2022-11-23 19:43:57',1),(13,'2022-11-21 02:03:41','2022-11-21 02:04:27',1,1,'Basic',1,515,'Alvaro Robertson','O',42,42,'admin',NULL,NULL,NULL,'admin','2022-11-23 19:33:33',1),(14,'2022-11-21 02:21:07','2022-11-21 02:21:07',1,1,'Basic',1,516,'Genna Susterlind','O',16,16,'admin',NULL,NULL,NULL,'admin','2022-11-23 19:33:30',1),(15,'2022-11-21 03:30:23','2022-11-21 03:31:06',1,1,'Basic',1,373,'Eleanora Albrecht','O',144,194,'admin',372,NULL,NULL,'admin','2022-11-23 19:44:13',1),(16,'2022-11-21 03:37:14','2022-11-21 03:37:41',1,1,'Basic',1,169,'Darrell Mondy','O',308,308,'admin',NULL,NULL,NULL,'admin','2022-11-23 19:44:18',1),(17,'2022-11-21 21:59:18','2022-11-21 21:59:49',1,1,'Basic',1,519,'Jeanna Rickember','O',18,18,'admin',NULL,NULL,NULL,'admin','2022-11-23 19:44:22',1),(18,'2022-11-21 22:00:18','2022-11-21 22:01:47',1,1,'Basic',1,319,'Solomon Stackpole','O',146,66,'admin',NULL,NULL,NULL,'admin','2022-11-23 19:44:28',1),(19,'2022-11-21 22:02:01','2022-11-21 22:03:13',1,1,'Basic',1,130,'Otha Duer','O',135,135,'admin',134,NULL,NULL,'admin','2022-11-23 19:44:32',1),(20,'2022-11-21 22:05:03','2022-11-21 22:05:23',1,1,'Basic',1,187,'Bethel Booker','O',26,-54,'admin',NULL,NULL,NULL,'admin','2022-11-23 19:44:36',1),(21,'2022-11-21 22:07:15','2022-11-21 22:07:15',1,1,'Basic',1,512,'Enriquetta Millman','O',39,39,'admin',NULL,NULL,NULL,'admin','2022-11-23 19:44:41',1),(22,'2022-11-22 02:37:34','2022-11-22 02:38:15',1,1,'Basic',1,521,'Betta Jamison','O',204,224,'admin',NULL,NULL,NULL,'admin','2022-11-23 19:44:45',1),(23,'2022-11-22 17:58:46','2022-11-22 17:59:11',1,1,'Basic',1,522,'Harry Colterson','O',454,204,'admin',507,NULL,NULL,'admin','2022-11-23 19:44:50',1),(24,'2022-11-20 00:26:01','2022-11-20 02:13:11',1,1,'Basic',1,151,'Lien Notter','O',136,136,'admin',NULL,NULL,NULL,'admin','2022-11-23 19:44:56',1),(25,'2022-11-19 01:45:33','2022-11-19 01:46:47',1,1,'Basic',1,217,'Mcsherry Mortimer','O',34,33,'admin',216,NULL,NULL,'admin','2022-11-23 18:53:45',1),(26,'2022-11-19 16:01:16','2022-11-19 16:01:16',1,1,'Basic',1,523,'Quinlan Coors','O',114,114,'admin',NULL,NULL,NULL,'admin','2022-11-23 19:17:22',1),(27,'2021-03-13 22:44:24','2021-03-13 22:44:52',1,1,'Basic',1,524,'Geremia Dickinson','C',44,0,'admin',NULL,'admin','2021-03-13 22:44:52','admin','2021-03-13 22:44:52',1),(28,'2021-03-13 22:45:47','2021-03-13 22:46:24',1,1,'Basic',1,409,'Anibal Gillon','O',9,-11,'admin',412,'admin','2021-03-13 22:46:25','admin','2021-03-13 22:46:25',1),(29,'2021-03-13 00:51:11','2021-03-15 00:52:23',1,1,'Basic',1,179,'Jetter Stanley','C',104,0,'admin',NULL,'admin','2021-03-15 00:52:24','admin','2021-03-15 00:52:24',1),(30,'2021-03-13 00:52:34','2021-03-15 00:53:08',1,1,'Basic',1,236,'Andra Devilbiss','C',200,0,'admin',235,'admin','2021-03-15 00:53:12','admin','2021-03-15 00:53:12',1),(31,'2021-03-13 00:53:41','2021-03-15 00:54:10',1,1,'Basic',1,288,'Sowers Yevette','O',12,-38,'admin',NULL,'admin','2021-03-15 00:54:12','admin','2021-03-15 00:54:12',1),(32,'2021-03-13 01:04:48','2021-03-15 01:05:47',1,1,'Basic',1,527,'Marcus Kellop','C',76,0,'admin',NULL,NULL,NULL,'admin','2021-03-15 01:06:58',1),(33,'2021-03-13 01:07:12','2021-03-15 01:08:59',1,1,'Basic',1,98,'Claris Grund','C',0,0,'admin',103,NULL,NULL,'admin','2021-03-15 01:09:31',1),(34,'2021-03-15 13:36:32','2021-03-15 13:36:51',1,1,'Basic',1,153,'Carie Geissler','C',18,0,'admin',NULL,'admin','2021-03-15 13:37:07','admin','2021-03-15 13:37:07',1),(35,'2021-03-15 13:37:31','2021-03-15 13:38:37',1,1,'Basic',1,205,'Wilmer Stanislawski','O',0,0,'admin',207,'admin','2021-03-15 13:38:46','admin','2021-03-15 13:38:46',1),(36,'2021-03-15 14:52:15','2021-03-15 14:52:42',1,1,'Basic',1,150,'Keasler Shakia','C',180,0,'admin',NULL,'admin','2021-03-15 14:52:58','admin','2021-03-15 14:52:58',1),(37,'2021-03-15 20:03:56','2021-03-15 20:04:59',1,1,'Basic',1,198,'Noble Basye','C',0,0,'admin',200,NULL,NULL,'admin','2021-03-15 20:05:36',1),(38,'2021-03-15 21:54:57','2021-03-15 21:55:38',1,1,'Basic',1,158,'Kenneth Waring','C',50,0,'admin',161,'admin','2021-03-15 21:55:39','admin','2021-03-15 21:55:39',1),(39,'2021-03-15 21:56:05','2021-03-15 21:56:23',1,1,'Basic',1,165,'Maxwell Lockamy','C',10,0,'admin',NULL,'admin','2021-03-15 21:56:27','admin','2021-03-15 21:56:27',1),(40,'2021-03-15 22:09:47','2021-03-15 22:10:46',1,1,'Basic',1,515,'Alvaro Robertson','C',0,0,'admin',NULL,'admin','2021-03-15 22:10:48','admin','2021-03-15 22:10:48',1),(41,'2021-03-15 22:36:07','2021-03-15 22:36:23',1,1,'Basic',1,305,'Grose Rosalba','C',100,0,'admin',NULL,'admin','2021-03-15 22:36:27','admin','2021-03-15 22:36:27',1),(42,'2021-08-17 15:36:48','2021-08-17 15:38:11',1,1,'Basic',1,531,'Maximilian Huntis','C',90,0,'admin',NULL,NULL,NULL,'admin','2021-08-17 15:41:24',1),(43,'2021-11-09 15:39:06','2021-11-09 15:39:31',1,1,'Basic',1,534,'Mirta Veluma','O',80,30,'admin',NULL,'admin','2021-11-09 15:39:34','admin','2021-11-09 15:39:34',1),(44,'2021-11-09 15:40:58','2021-11-09 15:41:26',1,1,'Basic',1,535,'Kenny Flanagan','C',151,0,'admin',NULL,'admin','2021-11-09 15:41:27','admin','2021-11-09 15:41:27',1),(45,'2021-11-09 17:22:31','2021-11-09 17:22:43',1,1,'Basic',1,537,'Wally Simpsons','C',60,0,'admin',NULL,'admin','2021-11-09 17:22:47','admin','2021-11-09 17:22:47',1),(46,'2021-11-09 17:44:01','2021-11-09 17:44:47',1,1,'Basic',1,539,'Philomena Redondo','O',102,72,'admin',509,'admin','2021-11-09 17:44:50','admin','2021-11-09 17:44:50',1),(47,'2021-11-09 18:29:46','2021-11-09 18:30:23',1,1,'Basic',1,540,'Redy Villen','C',80,0,'admin',510,'admin','2021-11-09 18:30:24','admin','2021-11-09 18:30:24',1),(48,'2021-11-10 15:50:58','2021-11-10 15:51:18',1,1,'Basic',1,541,'Philomena Jenkins','O',36,-4,'admin',NULL,'admin','2021-11-10 15:51:29','admin','2021-11-10 15:51:29',1),(49,'2021-11-10 17:09:38','2021-11-10 17:10:11',1,1,'Basic',1,542,'Jeff Buskey','C',62,0,'admin',511,'admin','2021-11-10 17:10:12','admin','2021-11-10 17:10:12',1),(50,'2023-02-02 22:35:52','2023-02-02 22:36:01',1,1,'Basic',1,543,'Jeremy Keenan','O',0,-120,'admin',NULL,'admin','2023-02-02 22:36:02','admin','2023-02-02 22:36:02',1),(51,'2023-02-04 00:04:46','2023-02-04 00:05:30',1,1,'Basic',1,542,'Jeff Buskey','C',50,0,'admin',511,'admin','2023-02-04 00:05:31','admin','2023-02-04 00:05:31',1),(52,'2023-02-04 02:26:06','2023-02-04 02:26:50',1,1,'Basic',1,553,'Yellen Unison','O',130,30,'admin',512,NULL,NULL,'admin','2023-02-04 02:28:56',1);
/*!40000 ALTER TABLE `oh_bills` ENABLE KEYS */;
UNLOCK TABLES;

--
-- Table structure for table `oh_deliveryresulttype`
--

DROP TABLE IF EXISTS `oh_deliveryresulttype`;
/*!40101 SET @saved_cs_client     = @@character_set_client */;
/*!40101 SET character_set_client = utf8 */;
CREATE TABLE `oh_deliveryresulttype` (
  `DRT_ID_A` char(1) NOT NULL,
  `DRT_DESC` varchar(50) NOT NULL,
  `DRT_CREATED_BY` varchar(50) DEFAULT NULL,
  `DRT_CREATED_DATE` datetime DEFAULT NULL,
  `DRT_LAST_MODIFIED_BY` varchar(50) DEFAULT NULL,
  `DRT_LAST_MODIFIED_DATE` datetime DEFAULT NULL,
  `DRT_ACTIVE` tinyint(1) NOT NULL DEFAULT 1,
  PRIMARY KEY (`DRT_ID_A`),
  KEY `FK_DELIVERYRESULTTYPE_CREATED_BY_IDX` (`DRT_CREATED_BY`),
  KEY `FK_DELIVERYRESULTTYPE_LAST_MODIFIED_BY_IDX` (`DRT_LAST_MODIFIED_BY`),
  CONSTRAINT `FK_DELIVERYRESULTTYPE_CREATED_BY` FOREIGN KEY (`DRT_CREATED_BY`) REFERENCES `oh_user` (`US_ID_A`) ON DELETE NO ACTION ON UPDATE NO ACTION,
  CONSTRAINT `FK_DELIVERYRESULTTYPE_LAST_MODIFIED_BY` FOREIGN KEY (`DRT_LAST_MODIFIED_BY`) REFERENCES `oh_user` (`US_ID_A`) ON DELETE NO ACTION ON UPDATE NO ACTION
) ENGINE=InnoDB DEFAULT CHARSET=utf8mb3 COLLATE=utf8mb3_general_ci;
/*!40101 SET character_set_client = @saved_cs_client */;

--
-- Dumping data for table `oh_deliveryresulttype`
--

LOCK TABLES `oh_deliveryresulttype` WRITE;
/*!40000 ALTER TABLE `oh_deliveryresulttype` DISABLE KEYS */;
INSERT INTO `oh_deliveryresulttype` (`DRT_ID_A`, `DRT_DESC`, `DRT_CREATED_BY`, `DRT_CREATED_DATE`, `DRT_LAST_MODIFIED_BY`, `DRT_LAST_MODIFIED_DATE`, `DRT_ACTIVE`) VALUES ('A','LIVE BIRTH',NULL,NULL,NULL,NULL,1),('B','MASTERATED STILL BIRTH',NULL,NULL,NULL,NULL,1),('M','MATERNAL DEATH',NULL,NULL,NULL,NULL,1),('N','NEWBORN DEATH',NULL,NULL,NULL,NULL,1),('S','FRESH STILL BIRTH',NULL,NULL,NULL,NULL,1);
/*!40000 ALTER TABLE `oh_deliveryresulttype` ENABLE KEYS */;
UNLOCK TABLES;

--
-- Table structure for table `oh_deliverytype`
--

DROP TABLE IF EXISTS `oh_deliverytype`;
/*!40101 SET @saved_cs_client     = @@character_set_client */;
/*!40101 SET character_set_client = utf8 */;
CREATE TABLE `oh_deliverytype` (
  `DLT_ID_A` char(1) NOT NULL,
  `DLT_DESC` varchar(50) NOT NULL,
  `DLT_CREATED_BY` varchar(50) DEFAULT NULL,
  `DLT_CREATED_DATE` datetime DEFAULT NULL,
  `DLT_LAST_MODIFIED_BY` varchar(50) DEFAULT NULL,
  `DLT_LAST_MODIFIED_DATE` datetime DEFAULT NULL,
  `DLT_ACTIVE` tinyint(1) NOT NULL DEFAULT 1,
  PRIMARY KEY (`DLT_ID_A`),
  KEY `FK_DELIVERYTYPE_CREATED_BY_IDX` (`DLT_CREATED_BY`),
  KEY `FK_DELIVERYTYPE_LAST_MODIFIED_BY_IDX` (`DLT_LAST_MODIFIED_BY`),
  CONSTRAINT `FK_DELIVERYTYPE_CREATED_BY` FOREIGN KEY (`DLT_CREATED_BY`) REFERENCES `oh_user` (`US_ID_A`) ON DELETE NO ACTION ON UPDATE NO ACTION,
  CONSTRAINT `FK_DELIVERYTYPE_LAST_MODIFIED_BY` FOREIGN KEY (`DLT_LAST_MODIFIED_BY`) REFERENCES `oh_user` (`US_ID_A`) ON DELETE NO ACTION ON UPDATE NO ACTION
) ENGINE=InnoDB DEFAULT CHARSET=utf8mb3 COLLATE=utf8mb3_general_ci;
/*!40101 SET character_set_client = @saved_cs_client */;

--
-- Dumping data for table `oh_deliverytype`
--

LOCK TABLES `oh_deliverytype` WRITE;
/*!40000 ALTER TABLE `oh_deliverytype` DISABLE KEYS */;
INSERT INTO `oh_deliverytype` (`DLT_ID_A`, `DLT_DESC`, `DLT_CREATED_BY`, `DLT_CREATED_DATE`, `DLT_LAST_MODIFIED_BY`, `DLT_LAST_MODIFIED_DATE`, `DLT_ACTIVE`) VALUES ('C','DELIVERY ASSISTED BY CESARIAN SECTION',NULL,NULL,NULL,NULL,1),('N','NORMAL DELIVERY',NULL,NULL,NULL,NULL,1),('V','DELIVERY ASSISTED BY VACUUM EXTRACTION',NULL,NULL,NULL,NULL,1);
/*!40000 ALTER TABLE `oh_deliverytype` ENABLE KEYS */;
UNLOCK TABLES;

--
-- Table structure for table `oh_dicom`
--

DROP TABLE IF EXISTS `oh_dicom`;
/*!40101 SET @saved_cs_client     = @@character_set_client */;
/*!40101 SET character_set_client = utf8 */;
CREATE TABLE `oh_dicom` (
  `DM_PAT_ID` int(11) NOT NULL,
  `DM_FILE_ID` bigint(20) NOT NULL AUTO_INCREMENT,
  `DM_FILE_NOME` varchar(255) NOT NULL,
  `DM_FILE_ACCESSION_NUMBER` varchar(255) DEFAULT NULL,
  `DM_FILE_INSTITUTION_NAME` varchar(255) DEFAULT NULL,
  `DM_FILE_PAT_UID` varchar(255) DEFAULT NULL,
  `DM_FILE_PAT_NAME` varchar(255) DEFAULT NULL,
  `DM_FILE_PAT_ADDR` varchar(255) DEFAULT NULL,
  `DM_FILE_PAT_AGE` varchar(255) DEFAULT NULL,
  `DM_FILE_PAT_SEX` varchar(255) DEFAULT NULL,
  `DM_FILE_PAT_BIRTHDATE` varchar(255) DEFAULT NULL,
  `DM_FILE_ST_UID` varchar(255) NOT NULL,
  `DM_FILE_ST_DATE` datetime DEFAULT NULL,
  `DM_FILE_ST_DESCR` varchar(255) DEFAULT NULL,
  `DM_FILE_SER_UID` varchar(255) NOT NULL,
  `DM_FILE_SER_INST_UID` varchar(255) NOT NULL,
  `DM_FILE_SER_NUMBER` varchar(255) DEFAULT NULL,
  `DM_FILE_SER_DESC_COD_SEQ` varchar(255) DEFAULT NULL,
  `DM_FILE_SER_DATE` datetime DEFAULT NULL,
  `DM_FILE_SER_DESC` varchar(255) DEFAULT NULL,
  `DM_FILE_INST_UID` varchar(255) NOT NULL,
  `DM_FILE_MODALIITY` varchar(255) DEFAULT NULL,
  `DM_THUMBNAIL` blob DEFAULT NULL,
  `DM_DCMT_ID` varchar(3) DEFAULT NULL,
  `DM_CREATED_BY` varchar(50) DEFAULT NULL,
  `DM_CREATED_DATE` datetime DEFAULT NULL,
  `DM_LAST_MODIFIED_BY` varchar(50) DEFAULT NULL,
  `DM_LAST_MODIFIED_DATE` datetime DEFAULT NULL,
  `DM_ACTIVE` tinyint(1) NOT NULL DEFAULT 1,
  PRIMARY KEY (`DM_FILE_ID`),
  KEY `FK_DICOM_DICOMTYPE_idx` (`DM_DCMT_ID`),
  KEY `FK_DICOM_CREATED_BY_IDX` (`DM_CREATED_BY`),
  KEY `FK_DICOM_LAST_MODIFIED_BY_IDX` (`DM_LAST_MODIFIED_BY`),
  CONSTRAINT `FK_DICOM_CREATED_BY` FOREIGN KEY (`DM_CREATED_BY`) REFERENCES `oh_user` (`US_ID_A`) ON DELETE NO ACTION ON UPDATE NO ACTION,
  CONSTRAINT `FK_DICOM_DICOMTYPE` FOREIGN KEY (`DM_DCMT_ID`) REFERENCES `oh_dicomtype` (`DCMT_ID`) ON DELETE NO ACTION ON UPDATE NO ACTION,
  CONSTRAINT `FK_DICOM_LAST_MODIFIED_BY` FOREIGN KEY (`DM_LAST_MODIFIED_BY`) REFERENCES `oh_user` (`US_ID_A`) ON DELETE NO ACTION ON UPDATE NO ACTION
) ENGINE=InnoDB DEFAULT CHARSET=utf8mb3 COLLATE=utf8mb3_general_ci;
/*!40101 SET character_set_client = @saved_cs_client */;

--
-- Dumping data for table `oh_dicom`
--

LOCK TABLES `oh_dicom` WRITE;
/*!40000 ALTER TABLE `oh_dicom` DISABLE KEYS */;
/*!40000 ALTER TABLE `oh_dicom` ENABLE KEYS */;
UNLOCK TABLES;

--
-- Table structure for table `oh_dicom_data`
--

DROP TABLE IF EXISTS `oh_dicom_data`;
/*!40101 SET @saved_cs_client     = @@character_set_client */;
/*!40101 SET character_set_client = utf8 */;
CREATE TABLE `oh_dicom_data` (
  `DMD_DATA_ID` bigint(20) NOT NULL AUTO_INCREMENT,
  `DMD_FILE_ID` bigint(20) DEFAULT NULL,
  `DMD_DATA` longblob DEFAULT NULL,
  PRIMARY KEY (`DMD_DATA_ID`),
  KEY `FK_DICOM_DATA_DICOM` (`DMD_FILE_ID`),
  CONSTRAINT `FK_DICOM_DATA_DICOM` FOREIGN KEY (`DMD_FILE_ID`) REFERENCES `oh_dicom` (`DM_FILE_ID`) ON DELETE CASCADE ON UPDATE CASCADE
) ENGINE=InnoDB DEFAULT CHARSET=utf8mb3 COLLATE=utf8mb3_general_ci;
/*!40101 SET character_set_client = @saved_cs_client */;

--
-- Dumping data for table `oh_dicom_data`
--

LOCK TABLES `oh_dicom_data` WRITE;
/*!40000 ALTER TABLE `oh_dicom_data` DISABLE KEYS */;
/*!40000 ALTER TABLE `oh_dicom_data` ENABLE KEYS */;
UNLOCK TABLES;

--
-- Table structure for table `oh_dicomtype`
--

DROP TABLE IF EXISTS `oh_dicomtype`;
/*!40101 SET @saved_cs_client     = @@character_set_client */;
/*!40101 SET character_set_client = utf8 */;
CREATE TABLE `oh_dicomtype` (
  `DCMT_ID` varchar(3) NOT NULL,
  `DCMT_DESC` varchar(50) NOT NULL,
  PRIMARY KEY (`DCMT_ID`)
) ENGINE=InnoDB DEFAULT CHARSET=utf8mb3 COLLATE=utf8mb3_general_ci;
/*!40101 SET character_set_client = @saved_cs_client */;

--
-- Dumping data for table `oh_dicomtype`
--

LOCK TABLES `oh_dicomtype` WRITE;
/*!40000 ALTER TABLE `oh_dicomtype` DISABLE KEYS */;
INSERT INTO `oh_dicomtype` (`DCMT_ID`, `DCMT_DESC`) VALUES ('CTS','CT-Scan'),('DEF','Default'),('GEN','General'),('NRM','NM Resonance'),('XRA','X-Ray');
/*!40000 ALTER TABLE `oh_dicomtype` ENABLE KEYS */;
UNLOCK TABLES;

--
-- Table structure for table `oh_dischargetype`
--

DROP TABLE IF EXISTS `oh_dischargetype`;
/*!40101 SET @saved_cs_client     = @@character_set_client */;
/*!40101 SET character_set_client = utf8 */;
CREATE TABLE `oh_dischargetype` (
  `DIST_ID_A` varchar(10) NOT NULL,
  `DIST_DESC` varchar(50) NOT NULL,
  `DIST_CREATED_BY` varchar(50) DEFAULT NULL,
  `DIST_CREATED_DATE` datetime DEFAULT NULL,
  `DIST_LAST_MODIFIED_BY` varchar(50) DEFAULT NULL,
  `DIST_LAST_MODIFIED_DATE` datetime DEFAULT NULL,
  `DIST_ACTIVE` tinyint(1) NOT NULL DEFAULT 1,
  PRIMARY KEY (`DIST_ID_A`),
  KEY `FK_DISCHARGETYPE_CREATED_BY_IDX` (`DIST_CREATED_BY`),
  KEY `FK_DISCHARGETYPE_LAST_MODIFIED_BY_IDX` (`DIST_LAST_MODIFIED_BY`),
  CONSTRAINT `FK_DISCHARGETYPE_CREATED_BY` FOREIGN KEY (`DIST_CREATED_BY`) REFERENCES `oh_user` (`US_ID_A`) ON DELETE NO ACTION ON UPDATE NO ACTION,
  CONSTRAINT `FK_DISCHARGETYPE_LAST_MODIFIED_BY` FOREIGN KEY (`DIST_LAST_MODIFIED_BY`) REFERENCES `oh_user` (`US_ID_A`) ON DELETE NO ACTION ON UPDATE NO ACTION
) ENGINE=InnoDB DEFAULT CHARSET=utf8mb3 COLLATE=utf8mb3_general_ci;
/*!40101 SET character_set_client = @saved_cs_client */;

--
-- Dumping data for table `oh_dischargetype`
--

LOCK TABLES `oh_dischargetype` WRITE;
/*!40000 ALTER TABLE `oh_dischargetype` DISABLE KEYS */;
INSERT INTO `oh_dischargetype` (`DIST_ID_A`, `DIST_DESC`, `DIST_CREATED_BY`, `DIST_CREATED_DATE`, `DIST_LAST_MODIFIED_BY`, `DIST_LAST_MODIFIED_DATE`, `DIST_ACTIVE`) VALUES ('B','REFERRED',NULL,NULL,NULL,NULL,1),('D','DEAD',NULL,NULL,NULL,NULL,1),('EQ','NORMAL DISCHARGE',NULL,NULL,NULL,NULL,1),('ES','ESCAPE',NULL,NULL,NULL,NULL,1);
/*!40000 ALTER TABLE `oh_dischargetype` ENABLE KEYS */;
UNLOCK TABLES;

--
-- Table structure for table `oh_disease`
--

DROP TABLE IF EXISTS `oh_disease`;
/*!40101 SET @saved_cs_client     = @@character_set_client */;
/*!40101 SET character_set_client = utf8 */;
CREATE TABLE `oh_disease` (
  `DIS_ID_A` varchar(10) NOT NULL,
  `DIS_DESC` varchar(160) NOT NULL,
  `DIS_DCL_ID_A` char(2) NOT NULL,
  `DIS_LOCK` int(11) NOT NULL DEFAULT 0,
  `DIS_OPD_INCLUDE` int(11) NOT NULL DEFAULT 0,
  `DIS_IPD_IN_INCLUDE` int(11) NOT NULL DEFAULT 0,
  `DIS_IPD_OUT_INCLUDE` int(11) NOT NULL DEFAULT 0,
  `DIS_CREATED_BY` varchar(50) DEFAULT NULL,
  `DIS_CREATED_DATE` datetime DEFAULT NULL,
  `DIS_LAST_MODIFIED_BY` varchar(50) DEFAULT NULL,
  `DIS_LAST_MODIFIED_DATE` datetime DEFAULT NULL,
  `DIS_ACTIVE` tinyint(1) NOT NULL DEFAULT 1,
  PRIMARY KEY (`DIS_ID_A`),
  KEY `FK_DISEASE_DISEASETYPE` (`DIS_DCL_ID_A`),
  KEY `FK_DISEASE_CREATED_BY_IDX` (`DIS_CREATED_BY`),
  KEY `FK_DISEASE_LAST_MODIFIED_BY_IDX` (`DIS_LAST_MODIFIED_BY`),
  CONSTRAINT `FK_DISEASE_CREATED_BY` FOREIGN KEY (`DIS_CREATED_BY`) REFERENCES `oh_user` (`US_ID_A`) ON DELETE NO ACTION ON UPDATE NO ACTION,
  CONSTRAINT `FK_DISEASE_DISEASETYPE` FOREIGN KEY (`DIS_DCL_ID_A`) REFERENCES `oh_diseasetype` (`DCL_ID_A`) ON DELETE NO ACTION ON UPDATE CASCADE,
  CONSTRAINT `FK_DISEASE_LAST_MODIFIED_BY` FOREIGN KEY (`DIS_LAST_MODIFIED_BY`) REFERENCES `oh_user` (`US_ID_A`) ON DELETE NO ACTION ON UPDATE NO ACTION
) ENGINE=InnoDB DEFAULT CHARSET=utf8mb3 COLLATE=utf8mb3_general_ci;
/*!40101 SET character_set_client = @saved_cs_client */;

--
-- Dumping data for table `oh_disease`
--

LOCK TABLES `oh_disease` WRITE;
/*!40000 ALTER TABLE `oh_disease` DISABLE KEYS */;
INSERT INTO `oh_disease` (`DIS_ID_A`, `DIS_DESC`, `DIS_DCL_ID_A`, `DIS_LOCK`, `DIS_OPD_INCLUDE`, `DIS_IPD_IN_INCLUDE`, `DIS_IPD_OUT_INCLUDE`, `DIS_CREATED_BY`, `DIS_CREATED_DATE`, `DIS_LAST_MODIFIED_BY`, `DIS_LAST_MODIFIED_DATE`, `DIS_ACTIVE`) VALUES ('1','Acute Flaccid Paralysis','ND',0,1,1,1,NULL,NULL,NULL,NULL,1),('10','Viral Haemorragic Fever','ND',0,1,1,1,NULL,NULL,NULL,NULL,1),('100','Other malignant neoplasm','NC',0,1,1,1,NULL,NULL,NULL,NULL,1),('101','Curable Ulcers','NC',0,1,1,1,NULL,NULL,NULL,NULL,1),('102','Cerebro-vascular event','NC',0,1,1,1,NULL,NULL,NULL,NULL,1),('103','Cardiac arrest','NC',0,1,1,1,NULL,NULL,NULL,NULL,1),('104','Gastro-intestinal bleeding','NC',0,1,1,1,NULL,NULL,NULL,NULL,1),('105','Respiratory distress','NC',0,1,1,1,NULL,NULL,NULL,NULL,1),('106','Acute renal failure','NC',1,0,1,1,NULL,NULL,NULL,NULL,1),('107','Acute sepsis','NC',1,0,1,1,NULL,NULL,NULL,NULL,1),('108','Schostosomiasis','NC',0,1,1,1,NULL,NULL,NULL,NULL,1),('11','Yellow Fever','ND',0,1,1,1,NULL,NULL,NULL,NULL,1),('110','Pelvic Inflammatory DISEASEs (PID)','OC',0,1,1,1,NULL,NULL,NULL,NULL,1),('111','Tetanus (over 28 days age)','OC',1,1,1,1,NULL,NULL,NULL,NULL,1),('112','Obstructed Labour','MP',0,1,1,1,NULL,NULL,NULL,NULL,1),('113','Other types of meningitis','OC',0,1,1,1,NULL,NULL,NULL,NULL,1),('114','Schistosomiasis','OC',0,1,1,1,NULL,NULL,NULL,NULL,1),('115','Sleeping sickness','OC',0,1,1,1,NULL,NULL,NULL,NULL,1),('116','Malaria in pregnancy','MP',0,1,1,1,NULL,NULL,NULL,NULL,1),('117','Injuries - (road traffic accident)','NC',0,1,1,1,NULL,NULL,NULL,NULL,1),('12','Anaemia','NC',0,1,1,1,NULL,NULL,NULL,NULL,1),('127','Covid-19','ND',0,1,1,0,'admin','2022-11-22 02:56:26','admin','2022-11-22 02:56:26',1),('13','Dental DISEASE and conditions','NC',0,1,1,1,NULL,NULL,NULL,NULL,1),('14','Diabetes Mellitus','NC',0,1,1,1,NULL,NULL,NULL,NULL,1),('15','Gastro-intestinal DISEASEss (non infective)','NC',1,1,1,1,NULL,NULL,NULL,NULL,1),('16','Hypertension','NC',0,1,1,1,NULL,NULL,NULL,NULL,1),('17','Mental Illness','NC',0,1,1,1,NULL,NULL,NULL,NULL,1),('18','Epilepsy','NC',0,1,1,1,NULL,NULL,NULL,NULL,1),('19','Other cardio-vascular DISEASEs','NC',0,1,1,1,NULL,NULL,NULL,NULL,1),('2','Cholera','ND',0,1,1,1,NULL,NULL,NULL,NULL,1),('20','Severe malnutrition (marasmus,kwashiorkor,marasmic-kwash)','NC',6,1,0,0,NULL,NULL,NULL,NULL,1),('22','Trauma-Domestic Violence','NC',0,1,1,1,NULL,NULL,NULL,NULL,1),('23','Trauma-other intensional','NC',0,1,1,1,NULL,NULL,NULL,NULL,1),('24','Trauma Road traffic accidents','NC',0,1,1,1,NULL,NULL,NULL,NULL,1),('25','Trauma Other Non intensional','NC',0,1,1,1,NULL,NULL,NULL,NULL,1),('26','Other complications of pregnancy','MP',1,0,1,1,NULL,NULL,NULL,NULL,1),('27','Perinatal conditions','MP',0,1,1,1,NULL,NULL,NULL,NULL,1),('28','Abortions','MP',0,1,1,1,NULL,NULL,NULL,NULL,1),('29','AIDS','OC',0,1,1,1,NULL,NULL,NULL,NULL,1),('3','Diarrhoea-Dysentry','ND',2,1,1,1,NULL,NULL,NULL,NULL,1),('30','Diarrhoea-Not bloody','OC',0,1,1,1,NULL,NULL,NULL,NULL,1),('31','Diarrhoea-Persistent','OC',0,1,1,1,NULL,NULL,NULL,NULL,1),('32','Ear Infection','OC',1,0,1,1,NULL,NULL,NULL,NULL,1),('33','Eye Infection','OC',0,1,1,1,NULL,NULL,NULL,NULL,1),('34','Genital Inf.-Urethral discharge','OC',1,0,1,1,NULL,NULL,NULL,NULL,1),('35','Genital Inf.-Vaginal discharge','OC',1,0,1,1,NULL,NULL,NULL,NULL,1),('36','Genital Inf.-Ulcerative','OC',1,0,1,1,NULL,NULL,NULL,NULL,1),('37','Intestinal Worms','OC',0,1,1,1,NULL,NULL,NULL,NULL,1),('38','Leprosy','OC',0,1,1,1,NULL,NULL,NULL,NULL,1),('39','Malaria','OC',0,1,1,1,NULL,NULL,NULL,NULL,1),('4','Guinea Worm','ND',0,1,1,1,NULL,NULL,NULL,NULL,1),('40','No pneumonia-cold or cough','OC',0,1,1,1,NULL,NULL,NULL,NULL,1),('41','Onchocerciasis','OC',0,1,1,1,NULL,NULL,NULL,NULL,1),('42','Pneumonia','OC',0,1,1,1,NULL,NULL,NULL,NULL,1),('43','Skin DISEASEs','OC',0,1,1,1,NULL,NULL,NULL,NULL,1),('44','Tuberculosis','OC',2,1,1,1,NULL,NULL,NULL,NULL,1),('46','Typhoid Fever','OC',0,1,1,1,NULL,NULL,NULL,NULL,1),('47','Urinary Tract Infections (UTI)','OC',2,1,1,1,NULL,NULL,NULL,NULL,1),('48','Others(non specified)','OC',1,0,1,1,NULL,NULL,NULL,NULL,1),('49','All Other DISEASEs','AO',2,1,1,1,NULL,NULL,NULL,NULL,1),('5','Measles','ND',0,1,1,1,NULL,NULL,NULL,NULL,1),('50','Other emerging infectious DISEASE','ND',0,1,1,1,NULL,NULL,NULL,NULL,1),('56','Death in OPD','OC',0,1,1,1,NULL,NULL,NULL,NULL,1),('57','ENT Conditions','OC',0,1,1,1,NULL,NULL,NULL,NULL,1),('58','Eye Conditions','OC',0,1,1,1,NULL,NULL,NULL,NULL,1),('59','Sexually transmited infections (STI)','OC',1,1,1,1,NULL,NULL,NULL,NULL,1),('6','Meningitis','ND',0,1,1,1,NULL,NULL,NULL,NULL,1),('60','Hepatitis','OC',1,0,1,1,NULL,NULL,NULL,NULL,1),('61','Osteomyelitis','OC',1,0,1,1,NULL,NULL,NULL,NULL,1),('62','Peritonitis','OC',1,0,1,1,NULL,NULL,NULL,NULL,1),('63','Pyrexiaof unknown origin (PUO)','OC',1,0,1,1,NULL,NULL,NULL,NULL,1),('64','Septicaemia','OC',1,0,1,1,NULL,NULL,NULL,NULL,1),('65','High blood pressure in pregnancy','MP',0,1,1,1,NULL,NULL,NULL,NULL,1),('66','Haemorrhage related to pregnancy (APH/PPH)','MP',0,1,1,1,NULL,NULL,NULL,NULL,1),('67','Sepsis related to pregnancy','MP',1,0,1,1,NULL,NULL,NULL,NULL,1),('68','Asthma','NC',0,1,1,1,NULL,NULL,NULL,NULL,1),('69','Oral DISEASEs and condition','NC',0,1,1,1,NULL,NULL,NULL,NULL,1),('7','Tetanus neonatal (less 28 days age)','ND',3,1,1,1,NULL,NULL,NULL,NULL,1),('70','Endocrine and metabolic disorders (other)','NC',0,1,1,1,NULL,NULL,NULL,NULL,1),('71','Anxiety disorders','NC',0,1,1,1,NULL,NULL,NULL,NULL,1),('72','Mania','NC',0,1,1,1,NULL,NULL,NULL,NULL,1),('73','Depression','NC',0,1,1,1,NULL,NULL,NULL,NULL,1),('74','Schizophrenia','NC',0,1,1,1,NULL,NULL,NULL,NULL,1),('75','Alcohol and drug abuse','NC',0,1,1,1,NULL,NULL,NULL,NULL,1),('76','Childhood and mentle disorders','NC',0,1,1,1,NULL,NULL,NULL,NULL,1),('77','Severe malnutrition (kwashiorkor)','NC',2,0,1,1,NULL,NULL,NULL,NULL,1),('78','Severe malnutrition (marasmus)','NC',3,0,1,1,NULL,NULL,NULL,NULL,1),('79','Severe malnutrition (marasmic-kwash)','NC',2,0,1,1,NULL,NULL,NULL,NULL,1),('8','Plague','ND',0,1,1,1,NULL,NULL,NULL,NULL,1),('80','Low weight for age','NC',0,1,1,1,NULL,NULL,NULL,NULL,1),('81','Injuries - (trauma due to other causes)','NC',0,1,1,1,NULL,NULL,NULL,NULL,1),('82','Animal/snake bite','NC',0,1,1,1,NULL,NULL,NULL,NULL,1),('83','Poisoning','NC',1,0,1,1,NULL,NULL,NULL,NULL,1),('84','Liver cirrhosis','NC',0,1,1,1,NULL,NULL,NULL,NULL,1),('85','Hepatocellular carcinoma','NC',0,1,1,1,NULL,NULL,NULL,NULL,1),('86','Liver DISEASE s (other)','NC',0,1,1,1,NULL,NULL,NULL,NULL,1),('87','Hernias','NC',0,1,1,1,NULL,NULL,NULL,NULL,1),('88','DISEASEs of the appendix','NC',0,1,1,1,NULL,NULL,NULL,NULL,1),('89','Musculo skeletal and connective tissue DISEASE','NC',0,1,1,1,NULL,NULL,NULL,NULL,1),('9','Rabies','ND',0,1,1,1,NULL,NULL,NULL,NULL,1),('90','Genitourinary system DISEASEs ( non infective )','NC',0,1,1,1,NULL,NULL,NULL,NULL,1),('91','Congenital malformations and chromosome abnormalities','ND',1,0,1,1,NULL,NULL,NULL,NULL,1),('92','Complication and surgical care','NC',0,1,1,1,NULL,NULL,NULL,NULL,1),('93','Benine neoplasm\"s ( all type )','NC',0,1,1,1,NULL,NULL,NULL,NULL,1),('94','Cancer of the breast','NC',0,1,1,1,NULL,NULL,NULL,NULL,1),('95','Cancer of the prostate','ND',1,0,1,1,NULL,NULL,NULL,NULL,1),('96','Malignant neoplasm of the digestive organs','NC',0,1,1,1,NULL,NULL,NULL,NULL,1),('97','Malignant of the lungs','NC',0,1,1,1,NULL,NULL,NULL,NULL,1),('98','Caposis and other skin cancers','NC',0,1,1,1,NULL,NULL,NULL,NULL,1),('99','Malignant neoplasm of Haemopoetic tissue','NC',0,1,1,1,NULL,NULL,NULL,NULL,1);
/*!40000 ALTER TABLE `oh_disease` ENABLE KEYS */;
UNLOCK TABLES;

--
-- Table structure for table `oh_diseasetype`
--

DROP TABLE IF EXISTS `oh_diseasetype`;
/*!40101 SET @saved_cs_client     = @@character_set_client */;
/*!40101 SET character_set_client = utf8 */;
CREATE TABLE `oh_diseasetype` (
  `DCL_ID_A` char(2) NOT NULL,
  `DCL_DESC` varchar(110) NOT NULL,
  `DCL_CREATED_BY` varchar(50) DEFAULT NULL,
  `DCL_CREATED_DATE` datetime DEFAULT NULL,
  `DCL_LAST_MODIFIED_BY` varchar(50) DEFAULT NULL,
  `DCL_LAST_MODIFIED_DATE` datetime DEFAULT NULL,
  `DCL_ACTIVE` tinyint(1) NOT NULL DEFAULT 1,
  PRIMARY KEY (`DCL_ID_A`),
  KEY `FK_DISEASETYPE_CREATED_BY_IDX` (`DCL_CREATED_BY`),
  KEY `FK_DISEASETYPE_LAST_MODIFIED_BY_IDX` (`DCL_LAST_MODIFIED_BY`),
  CONSTRAINT `FK_DISEASETYPE_CREATED_BY` FOREIGN KEY (`DCL_CREATED_BY`) REFERENCES `oh_user` (`US_ID_A`) ON DELETE NO ACTION ON UPDATE NO ACTION,
  CONSTRAINT `FK_DISEASETYPE_LAST_MODIFIED_BY` FOREIGN KEY (`DCL_LAST_MODIFIED_BY`) REFERENCES `oh_user` (`US_ID_A`) ON DELETE NO ACTION ON UPDATE NO ACTION
) ENGINE=InnoDB DEFAULT CHARSET=utf8mb3 COLLATE=utf8mb3_general_ci;
/*!40101 SET character_set_client = @saved_cs_client */;

--
-- Dumping data for table `oh_diseasetype`
--

LOCK TABLES `oh_diseasetype` WRITE;
/*!40000 ALTER TABLE `oh_diseasetype` DISABLE KEYS */;
INSERT INTO `oh_diseasetype` (`DCL_ID_A`, `DCL_DESC`, `DCL_CREATED_BY`, `DCL_CREATED_DATE`, `DCL_LAST_MODIFIED_BY`, `DCL_LAST_MODIFIED_DATE`, `DCL_ACTIVE`) VALUES ('AO','5. All Other',NULL,NULL,NULL,NULL,1),('MP','3.MATERNAL AND PERINATAL DISEASES',NULL,NULL,NULL,NULL,1),('NC','4.NON-COMMUNICABLE DISEASES',NULL,NULL,NULL,NULL,1),('ND','1.NOTIFIABLE DISEASES',NULL,NULL,NULL,NULL,1),('OC','2.OTHER INFECTIOUS/COMMUNICABLE DISEASES',NULL,NULL,NULL,NULL,1);
/*!40000 ALTER TABLE `oh_diseasetype` ENABLE KEYS */;
UNLOCK TABLES;

--
-- Table structure for table `oh_exam`
--

DROP TABLE IF EXISTS `oh_exam`;
/*!40101 SET @saved_cs_client     = @@character_set_client */;
/*!40101 SET character_set_client = utf8 */;
CREATE TABLE `oh_exam` (
  `EXA_ID_A` varchar(10) NOT NULL,
  `EXA_DESC` varchar(100) NOT NULL,
  `EXA_EXC_ID_A` char(2) NOT NULL,
  `EXA_PROC` int(11) NOT NULL,
  `EXA_DEFAULT` varchar(50) DEFAULT NULL,
  `EXA_LOCK` int(11) NOT NULL DEFAULT 0,
  `EXA_CREATED_BY` varchar(50) DEFAULT NULL,
  `EXA_CREATED_DATE` datetime DEFAULT NULL,
  `EXA_LAST_MODIFIED_BY` varchar(50) DEFAULT NULL,
  `EXA_LAST_MODIFIED_DATE` datetime DEFAULT NULL,
  `EXA_ACTIVE` tinyint(1) NOT NULL DEFAULT 1,
  PRIMARY KEY (`EXA_ID_A`),
  KEY `FK_EXAM_EXAMTYPE` (`EXA_EXC_ID_A`),
  KEY `FK_EXAM_CREATED_BY_IDX` (`EXA_CREATED_BY`),
  KEY `FK_EXAM_LAST_MODIFIED_BY_IDX` (`EXA_LAST_MODIFIED_BY`),
  CONSTRAINT `FK_EXAM_CREATED_BY` FOREIGN KEY (`EXA_CREATED_BY`) REFERENCES `oh_user` (`US_ID_A`) ON DELETE NO ACTION ON UPDATE NO ACTION,
  CONSTRAINT `FK_EXAM_EXAMTYPE` FOREIGN KEY (`EXA_EXC_ID_A`) REFERENCES `oh_examtype` (`EXC_ID_A`) ON DELETE NO ACTION ON UPDATE CASCADE,
  CONSTRAINT `FK_EXAM_LAST_MODIFIED_BY` FOREIGN KEY (`EXA_LAST_MODIFIED_BY`) REFERENCES `oh_user` (`US_ID_A`) ON DELETE NO ACTION ON UPDATE NO ACTION
) ENGINE=InnoDB DEFAULT CHARSET=utf8mb3 COLLATE=utf8mb3_general_ci;
/*!40101 SET character_set_client = @saved_cs_client */;

--
-- Dumping data for table `oh_exam`
--

LOCK TABLES `oh_exam` WRITE;
/*!40000 ALTER TABLE `oh_exam` DISABLE KEYS */;
INSERT INTO `oh_exam` (`EXA_ID_A`, `EXA_DESC`, `EXA_EXC_ID_A`, `EXA_PROC`, `EXA_DEFAULT`, `EXA_LOCK`, `EXA_CREATED_BY`, `EXA_CREATED_DATE`, `EXA_LAST_MODIFIED_BY`, `EXA_LAST_MODIFIED_DATE`, `EXA_ACTIVE`) VALUES ('01.01','1.1 HB','HB',1,'>=12 (NORMAL)',1,NULL,NULL,NULL,NULL,1),('01.02','1.2 WBC Count','HB',1,'4000 - 7000 (NORMAL)',1,NULL,NULL,NULL,NULL,1),('01.03','1.3 Differential ','HB',1,'',0,NULL,NULL,NULL,NULL,1),('01.04','1.4 Film Comment','HB',1,'0',1,NULL,NULL,'admin','2022-11-21 22:40:11',1),('01.05','1.5 ESR','HB',1,'NORMAL',1,NULL,NULL,NULL,NULL,1),('01.06','1.6 Sickling Test','HB',1,'NEGATIVE',1,NULL,NULL,NULL,NULL,1),('02.01','2.1 Grouping','BT',1,'',2,NULL,NULL,NULL,NULL,1),('02.02','2.2 Comb\'s Test','BT',1,'NEGATIVE',3,NULL,NULL,NULL,NULL,1),('03.01','3.1 Blood Slide (Malaria)','PA',1,'NEGATIVE',1,NULL,NULL,NULL,NULL,1),('03.02','3.2 Blood Slide (OTHERS, E.G. TRIUPHANOSOMIAS, MICRIFILARIA, LEISHMANIA, BORRELIA)','PA',1,'NEGATIVE',2,NULL,NULL,NULL,NULL,1),('03.021','3.21 Trypanosomiasis','PA',1,'NEGATIVE',2,NULL,NULL,NULL,NULL,1),('03.022','3.22 MICROFILARIA','PA',1,'NEGATIVE',1,NULL,NULL,NULL,NULL,1),('03.023','3.23 LEISHMANIA','PA',1,'NEGATIVE',1,NULL,NULL,NULL,NULL,1),('03.024','3.24 BORRELIA','PA',1,'NEGATIVE',1,NULL,NULL,NULL,NULL,1),('03.03','3.3 STOOL MICROSCOPY','PA',2,'',2,NULL,NULL,NULL,NULL,1),('03.04','3.4 URINE MICROSCOPY','PA',1,'NEGATIVE',1,NULL,NULL,NULL,NULL,1),('03.05','3.5 TISSUE MICROSCOPY','PA',1,'NEGATIVE',1,NULL,NULL,NULL,NULL,1),('03.06','3.6 CSF WET PREP','PA',1,'NEGATIVE',1,NULL,NULL,NULL,NULL,1),('04.01','4.1 CULTURE AND SENSITIVITY (C&S) FOR HAEMOPHILUS INFUENZA TYPE B','BA',1,'NEGATIVE',2,NULL,NULL,NULL,NULL,1),('04.02','4.2 C&S FOR SALMONELA TYPHI','BA',1,'NEGATIVE',1,NULL,NULL,NULL,NULL,1),('04.03','4.3 C&S FOR VIBRO CHOLERA','BA',1,'NEGATIVE',1,NULL,NULL,NULL,NULL,1),('04.04','4.4 C&S FOR SHIGELLA DYSENTERIAE','BA',1,'NEGATIVE',1,NULL,NULL,NULL,NULL,1),('04.05','4.5 C&S FOR NEISSERIA MENINGITIDES','BA',1,'NEGATIVE',1,NULL,NULL,NULL,NULL,1),('04.06','4.6 OTHER C&S ','BA',1,'NEGATIVE',1,NULL,NULL,NULL,NULL,1),('05.01','5.1 WET PREP','MC',1,'NEGATIVE',1,NULL,NULL,NULL,NULL,1),('05.02','5.2 GRAM STAIN','MC',1,'NEGATIVE',1,NULL,NULL,NULL,NULL,1),('05.03','5.3 INDIA INK','MC',1,'NEGATIVE',1,NULL,NULL,NULL,NULL,1),('05.04','5.4 LEISMANIA','MC',1,'NEGATIVE',1,NULL,NULL,NULL,NULL,1),('05.05','5.5 ZN','MC',1,'NEGATIVE',1,NULL,NULL,NULL,NULL,1),('05.06','5.6 WAYSON','MC',1,'NEGATIVE',1,NULL,NULL,NULL,NULL,1),('05.07','5.7 PAP SMEAR','MC',1,'NEGATIVE',1,NULL,NULL,NULL,NULL,1),('06.01','6.1 VDRL/RPR','SE',1,'NEGATIVE',1,NULL,NULL,NULL,NULL,1),('06.02','6.2 TPHA','SE',1,'NEGATIVE',1,NULL,NULL,NULL,NULL,1),('06.03','6.3 HIV','SE',1,'NEGATIVE',1,NULL,NULL,NULL,NULL,1),('06.04','6.4 HEPATITIS','SE',1,'NEGATIVE',1,NULL,NULL,NULL,NULL,1),('06.05','6.5 OTHERS E.G BRUCELLA, RHEUMATOID FACTOR, WEIL FELIX','SE',1,'NEGATIVE',1,NULL,NULL,NULL,NULL,1),('06.06','6.6 PREGNANCY TEST','SE',1,'NEGATIVE',2,NULL,NULL,'admin','2022-11-23 15:55:50',1),('07.01','7.1 PROTEIN','CH',1,'NEGATIVE',1,NULL,NULL,NULL,NULL,1),('07.02','7.2 SUGAR','CH',1,'NORMAL',1,NULL,NULL,NULL,NULL,1),('07.03','7.3 LFTS','CH',1,'NORMAL',1,NULL,NULL,NULL,NULL,1),('07.03.1','7.3.1 BILIRUBIN TOTAL','CH',1,'< 1.2 (NORMAL)',3,NULL,NULL,NULL,NULL,1),('07.03.2','7.3.2 BILIRUBIN DIRECT','CH',1,'< 1.2 (NORMAL)',7,NULL,NULL,NULL,NULL,1),('07.03.3','7.3.3 GOT','CH',1,'<= 50 (NORMAL)',2,NULL,NULL,NULL,NULL,1),('07.03.4','7.3.4 ALT/GPT','CH',1,'<= 50 (NORMAL)',1,NULL,NULL,NULL,NULL,1),('07.04','7.4 RFTS','CH',1,'NORMAL',1,NULL,NULL,NULL,NULL,1),('07.04.1','7.4.1 CREATININA','CH',1,'< 1.4 (NORMAL)',1,NULL,NULL,NULL,NULL,1),('07.04.2','7.4.2 UREA','CH',1,'10-55 (NORMAL)',1,NULL,NULL,NULL,NULL,1),('08.01','8.1 OCCULT BLOOD','OC',1,'NEGATIVE',1,NULL,NULL,NULL,NULL,1),('URI','URINALYSIS','OT',2,'',1,NULL,NULL,NULL,NULL,1);
/*!40000 ALTER TABLE `oh_exam` ENABLE KEYS */;
UNLOCK TABLES;

--
-- Table structure for table `oh_examrow`
--

DROP TABLE IF EXISTS `oh_examrow`;
/*!40101 SET @saved_cs_client     = @@character_set_client */;
/*!40101 SET character_set_client = utf8 */;
CREATE TABLE `oh_examrow` (
  `EXR_ID` int(11) NOT NULL AUTO_INCREMENT,
  `EXR_EXA_ID_A` varchar(10) NOT NULL,
  `EXR_DESC` varchar(50) NOT NULL,
  `EXR_CREATED_BY` varchar(50) DEFAULT NULL,
  `EXR_CREATED_DATE` datetime DEFAULT NULL,
  `EXR_LAST_MODIFIED_BY` varchar(50) DEFAULT NULL,
  `EXR_LAST_MODIFIED_DATE` datetime DEFAULT NULL,
  `EXR_ACTIVE` tinyint(1) NOT NULL DEFAULT 1,
  PRIMARY KEY (`EXR_ID`),
  KEY `FK_EXAMROW_EXAM` (`EXR_EXA_ID_A`),
  KEY `FK_EXAMROW_CREATED_BY_IDX` (`EXR_CREATED_BY`),
  KEY `FK_EXAMROW_LAST_MODIFIED_BY_IDX` (`EXR_LAST_MODIFIED_BY`),
  CONSTRAINT `FK_EXAMROW_CREATED_BY` FOREIGN KEY (`EXR_CREATED_BY`) REFERENCES `oh_user` (`US_ID_A`) ON DELETE NO ACTION ON UPDATE NO ACTION,
  CONSTRAINT `FK_EXAMROW_EXAM` FOREIGN KEY (`EXR_EXA_ID_A`) REFERENCES `oh_exam` (`EXA_ID_A`) ON DELETE NO ACTION ON UPDATE CASCADE,
  CONSTRAINT `FK_EXAMROW_LAST_MODIFIED_BY` FOREIGN KEY (`EXR_LAST_MODIFIED_BY`) REFERENCES `oh_user` (`US_ID_A`) ON DELETE NO ACTION ON UPDATE NO ACTION
) ENGINE=InnoDB AUTO_INCREMENT=213 DEFAULT CHARSET=utf8mb3 COLLATE=utf8mb3_general_ci;
/*!40101 SET character_set_client = @saved_cs_client */;

--
-- Dumping data for table `oh_examrow`
--

LOCK TABLES `oh_examrow` WRITE;
/*!40000 ALTER TABLE `oh_examrow` DISABLE KEYS */;
INSERT INTO `oh_examrow` (`EXR_ID`, `EXR_EXA_ID_A`, `EXR_DESC`, `EXR_CREATED_BY`, `EXR_CREATED_DATE`, `EXR_LAST_MODIFIED_BY`, `EXR_LAST_MODIFIED_DATE`, `EXR_ACTIVE`) VALUES (14,'05.02','NEGATIVE',NULL,NULL,NULL,NULL,1),(15,'05.02','PNEUMOCOCCI',NULL,NULL,NULL,NULL,1),(16,'05.02','MENINGOCOCCI',NULL,NULL,NULL,NULL,1),(17,'05.02','HEMOPHILLUS INFL.',NULL,NULL,NULL,NULL,1),(18,'05.02','CRYPTOCOCCI',NULL,NULL,NULL,NULL,1),(19,'05.02','PLEAMORPHIC BACILLI',NULL,NULL,NULL,NULL,1),(20,'05.02','STAPHYLOCOCCI',NULL,NULL,NULL,NULL,1),(48,'07.03.1','<1.2 (NORMAL)',NULL,NULL,NULL,NULL,1),(49,'07.03.1','1.2 - 5',NULL,NULL,NULL,NULL,1),(50,'07.03.1','> 5',NULL,NULL,NULL,NULL,1),(51,'07.04.1','< 1.4 (NORMAL)',NULL,NULL,NULL,NULL,1),(52,'07.04.1','1.4 - 2.5',NULL,NULL,NULL,NULL,1),(53,'07.04.1','> 2.5',NULL,NULL,NULL,NULL,1),(56,'07.03.3','<= 50 (NORMAL)',NULL,NULL,NULL,NULL,1),(57,'07.03.3','> 50',NULL,NULL,NULL,NULL,1),(60,'01.02','4000 - 7000 (NORMAL)',NULL,NULL,NULL,NULL,1),(61,'01.02','> 7000 (HIGH)',NULL,NULL,NULL,NULL,1),(62,'01.02','< 4000 (LOW)',NULL,NULL,NULL,NULL,1),(76,'URI','SEDIMENTS',NULL,NULL,NULL,NULL,1),(77,'URI','SUGAR',NULL,NULL,NULL,NULL,1),(78,'URI','UROBILINOGEN',NULL,NULL,NULL,NULL,1),(79,'URI','BILIRUBIN',NULL,NULL,NULL,NULL,1),(80,'URI','PROTEIN',NULL,NULL,NULL,NULL,1),(81,'URI','HCG',NULL,NULL,NULL,NULL,1),(83,'07.04.2','> 10',NULL,NULL,NULL,NULL,1),(84,'07.04.2','10-55 (NORMAL)',NULL,NULL,NULL,NULL,1),(85,'07.04.2','< 55',NULL,NULL,NULL,NULL,1),(87,'01.01','6 - 12',NULL,NULL,NULL,NULL,1),(88,'01.01','< 6',NULL,NULL,NULL,NULL,1),(89,'01.01','>=12 (NORMAL)',NULL,NULL,NULL,NULL,1),(90,'01.05','HIGH',NULL,NULL,NULL,NULL,1),(91,'01.05','NORMAL',NULL,NULL,NULL,NULL,1),(92,'01.05','LOW',NULL,NULL,NULL,NULL,1),(93,'01.06','POSITIVE',NULL,NULL,NULL,NULL,1),(94,'01.06','NEGATIVE',NULL,NULL,NULL,NULL,1),(96,'02.01','A RH+',NULL,NULL,NULL,NULL,1),(97,'02.01','A RH-',NULL,NULL,NULL,NULL,1),(98,'02.01','B RH+',NULL,NULL,NULL,NULL,1),(99,'02.01','B RH-',NULL,NULL,NULL,NULL,1),(100,'02.01','AB RH+',NULL,NULL,NULL,NULL,1),(101,'02.01','AB RH-',NULL,NULL,NULL,NULL,1),(102,'02.01','O RH+',NULL,NULL,NULL,NULL,1),(103,'02.01','O RH-',NULL,NULL,NULL,NULL,1),(104,'02.02','NEGATIVE',NULL,NULL,NULL,NULL,1),(105,'02.02','POSITIVE',NULL,NULL,NULL,NULL,1),(106,'03.01','NEGATIVE',NULL,NULL,NULL,NULL,1),(107,'03.01','FEW',NULL,NULL,NULL,NULL,1),(109,'03.01','+',NULL,NULL,NULL,NULL,1),(110,'03.01','++',NULL,NULL,NULL,NULL,1),(111,'03.01','+++',NULL,NULL,NULL,NULL,1),(112,'03.01','++++',NULL,NULL,NULL,NULL,1),(113,'03.02','POSITIVE',NULL,NULL,NULL,NULL,1),(114,'03.02','NEGATIVE',NULL,NULL,NULL,NULL,1),(116,'03.021','NEGATIVE',NULL,NULL,NULL,NULL,1),(117,'03.022','POSITIVE',NULL,NULL,NULL,NULL,1),(118,'03.022','NEGATIVE',NULL,NULL,NULL,NULL,1),(119,'03.023','NEGATIVE',NULL,NULL,NULL,NULL,1),(120,'03.023','POSITIVE',NULL,NULL,NULL,NULL,1),(121,'03.024','NEGATIVE',NULL,NULL,NULL,NULL,1),(122,'03.024','POSITIVE',NULL,NULL,NULL,NULL,1),(125,'03.05','POSITIVE',NULL,NULL,NULL,NULL,1),(126,'03.05','NEGATIVE',NULL,NULL,NULL,NULL,1),(127,'03.06','POSITIVE',NULL,NULL,NULL,NULL,1),(128,'03.06','NEGATIVE',NULL,NULL,NULL,NULL,1),(129,'04.01','POSITIVE',NULL,NULL,NULL,NULL,1),(130,'04.01','NEGATIVE',NULL,NULL,NULL,NULL,1),(131,'04.02','POSITIVE',NULL,NULL,NULL,NULL,1),(132,'04.02','NEGATIVE',NULL,NULL,NULL,NULL,1),(133,'04.03','POSITIVE',NULL,NULL,NULL,NULL,1),(134,'04.03','NEGATIVE',NULL,NULL,NULL,NULL,1),(135,'04.04','POSITIVE',NULL,NULL,NULL,NULL,1),(136,'04.04','NEGATIVE',NULL,NULL,NULL,NULL,1),(137,'04.05','POSITIVE',NULL,NULL,NULL,NULL,1),(138,'04.05','NEGATIVE',NULL,NULL,NULL,NULL,1),(139,'05.01','POSITIVE',NULL,NULL,NULL,NULL,1),(140,'05.01','NEGATIVE',NULL,NULL,NULL,NULL,1),(143,'05.03','POSITIVE',NULL,NULL,NULL,NULL,1),(144,'05.03','NEGATIVE',NULL,NULL,NULL,NULL,1),(145,'05.04','POSITIVE',NULL,NULL,NULL,NULL,1),(146,'05.04','NEGATIVE',NULL,NULL,NULL,NULL,1),(148,'05.05','NEGATIVE',NULL,NULL,NULL,NULL,1),(149,'05.06','POSITIVE',NULL,NULL,NULL,NULL,1),(150,'05.06','NEGATIVE',NULL,NULL,NULL,NULL,1),(151,'05.07','POSITIVE ',NULL,NULL,NULL,NULL,1),(152,'05.07','NEGATIVE',NULL,NULL,NULL,NULL,1),(153,'06.01','POSITIVE',NULL,NULL,NULL,NULL,1),(154,'06.01','NEGATIVE',NULL,NULL,NULL,NULL,1),(155,'06.02','POSITIVE',NULL,NULL,NULL,NULL,1),(156,'06.02','NEGATIVE',NULL,NULL,NULL,NULL,1),(157,'06.03','POSITIVE',NULL,NULL,NULL,NULL,1),(158,'06.03','NEGATIVE',NULL,NULL,NULL,NULL,1),(159,'06.04','POSITIVE',NULL,NULL,NULL,NULL,1),(160,'06.04','NEGATIVE',NULL,NULL,NULL,NULL,1),(161,'06.05','POSITIVE',NULL,NULL,NULL,NULL,1),(162,'06.05','NEGATIVE',NULL,NULL,NULL,NULL,1),(163,'06.06','POSITIVE',NULL,NULL,NULL,NULL,1),(164,'06.06','NEGATIVE',NULL,NULL,NULL,NULL,1),(165,'07.01','POSITIVE',NULL,NULL,NULL,NULL,1),(166,'07.01','NEGATIVE',NULL,NULL,NULL,NULL,1),(169,'07.03','HIGH',NULL,NULL,NULL,NULL,1),(170,'07.03','LOW',NULL,NULL,NULL,NULL,1),(171,'07.03','NORMAL',NULL,NULL,NULL,NULL,1),(172,'07.04','HIGH',NULL,NULL,NULL,NULL,1),(173,'07.04','LOW',NULL,NULL,NULL,NULL,1),(174,'07.04','NORMAL',NULL,NULL,NULL,NULL,1),(175,'08.01','POSITIVE',NULL,NULL,NULL,NULL,1),(176,'08.01','NEGATIVE',NULL,NULL,NULL,NULL,1),(185,'04.06','NORMAL',NULL,NULL,NULL,NULL,1),(186,'05.05','+',NULL,NULL,NULL,NULL,1),(187,'05.05','++',NULL,NULL,NULL,NULL,1),(188,'05.05','+++',NULL,NULL,NULL,NULL,1),(189,'03.03','A..LUMBRICOIDES',NULL,NULL,NULL,NULL,1),(190,'03.03','E.COLI CYSTS',NULL,NULL,NULL,NULL,1),(191,'03.03','E.HISTOLYTICA',NULL,NULL,NULL,NULL,1),(192,'03.03','E.VERMICULARIS',NULL,NULL,NULL,NULL,1),(193,'03.03','G.LAMBLIA',NULL,NULL,NULL,NULL,1),(194,'03.03','T.HOMINIS',NULL,NULL,NULL,NULL,1),(195,'03.03','HOOK WORM',NULL,NULL,NULL,NULL,1),(196,'03.03','S.MANSONI',NULL,NULL,NULL,NULL,1),(197,'03.03','S.STERCORALIS',NULL,NULL,NULL,NULL,1),(198,'03.03','TAENIA SAGINATA',NULL,NULL,NULL,NULL,1),(199,'03.03','TAENIA SOLIUM',NULL,NULL,NULL,NULL,1),(200,'03.03','TRICHURISI TRICHURA',NULL,NULL,NULL,NULL,1),(201,'07.03.2','< 1.2 (NORMAL)',NULL,NULL,NULL,NULL,1),(202,'07.03.2','1.2 - 5',NULL,NULL,NULL,NULL,1),(203,'07.03.2','> 5',NULL,NULL,NULL,NULL,1),(204,'07.03.4','<= 50 (NORMAL)',NULL,NULL,NULL,NULL,1),(205,'07.03.4','> 50',NULL,NULL,NULL,NULL,1),(206,'07.02','HIGH',NULL,NULL,NULL,NULL,1),(207,'07.02','LOW',NULL,NULL,NULL,NULL,1),(208,'07.02','NORMAL',NULL,NULL,NULL,NULL,1),(209,'03.04','POSITIVE',NULL,NULL,NULL,NULL,1),(210,'03.04','NEGATIVE',NULL,NULL,NULL,NULL,1),(211,'03.021','POSITIVE',NULL,NULL,NULL,NULL,1),(212,'03.03','HYMENOLEPIS NANA',NULL,NULL,NULL,NULL,1);
/*!40000 ALTER TABLE `oh_examrow` ENABLE KEYS */;
UNLOCK TABLES;

--
-- Table structure for table `oh_examtype`
--

DROP TABLE IF EXISTS `oh_examtype`;
/*!40101 SET @saved_cs_client     = @@character_set_client */;
/*!40101 SET character_set_client = utf8 */;
CREATE TABLE `oh_examtype` (
  `EXC_ID_A` char(2) NOT NULL,
  `EXC_DESC` varchar(50) NOT NULL,
  `EXC_CREATED_BY` varchar(50) DEFAULT NULL,
  `EXC_CREATED_DATE` datetime DEFAULT NULL,
  `EXC_LAST_MODIFIED_BY` varchar(50) DEFAULT NULL,
  `EXC_LAST_MODIFIED_DATE` datetime DEFAULT NULL,
  `EXC_ACTIVE` tinyint(1) NOT NULL DEFAULT 1,
  PRIMARY KEY (`EXC_ID_A`),
  KEY `FK_EXAMTYPE_CREATED_BY_IDX` (`EXC_CREATED_BY`),
  KEY `FK_EXAMTYPE_LAST_MODIFIED_BY_IDX` (`EXC_LAST_MODIFIED_BY`),
  CONSTRAINT `FK_EXAMTYPE_CREATED_BY` FOREIGN KEY (`EXC_CREATED_BY`) REFERENCES `oh_user` (`US_ID_A`) ON DELETE NO ACTION ON UPDATE NO ACTION,
  CONSTRAINT `FK_EXAMTYPE_LAST_MODIFIED_BY` FOREIGN KEY (`EXC_LAST_MODIFIED_BY`) REFERENCES `oh_user` (`US_ID_A`) ON DELETE NO ACTION ON UPDATE NO ACTION
) ENGINE=InnoDB DEFAULT CHARSET=utf8mb3 COLLATE=utf8mb3_general_ci;
/*!40101 SET character_set_client = @saved_cs_client */;

--
-- Dumping data for table `oh_examtype`
--

LOCK TABLES `oh_examtype` WRITE;
/*!40000 ALTER TABLE `oh_examtype` DISABLE KEYS */;
INSERT INTO `oh_examtype` (`EXC_ID_A`, `EXC_DESC`, `EXC_CREATED_BY`, `EXC_CREATED_DATE`, `EXC_LAST_MODIFIED_BY`, `EXC_LAST_MODIFIED_DATE`, `EXC_ACTIVE`) VALUES ('BA','4.Bacteriology',NULL,NULL,NULL,NULL,1),('BT','2.Blood transfusion',NULL,NULL,NULL,NULL,1),('CH','7. Chemistry',NULL,NULL,NULL,NULL,1),('HB','1.Haematology',NULL,NULL,NULL,NULL,1),('MC','5.Microscopy',NULL,NULL,NULL,NULL,1),('OC','8.Occult Blood',NULL,NULL,NULL,NULL,1),('OL','OLD EXAMS',NULL,NULL,NULL,NULL,1),('OT','OTHER',NULL,NULL,NULL,NULL,1),('PA','3.Parasitology',NULL,NULL,NULL,NULL,1),('SE','6. Serology',NULL,NULL,NULL,NULL,1),('SP','STOOLPARASITES',NULL,NULL,NULL,NULL,1),('UR','URINALYSIS',NULL,NULL,NULL,NULL,1);
/*!40000 ALTER TABLE `oh_examtype` ENABLE KEYS */;
UNLOCK TABLES;

--
-- Table structure for table `oh_groupmenu`
--

DROP TABLE IF EXISTS `oh_groupmenu`;
/*!40101 SET @saved_cs_client     = @@character_set_client */;
/*!40101 SET character_set_client = utf8 */;
CREATE TABLE `oh_groupmenu` (
  `GM_ID` int(11) NOT NULL AUTO_INCREMENT,
  `GM_UG_ID_A` varchar(50) NOT NULL DEFAULT '',
  `GM_MNI_ID_A` varchar(50) NOT NULL DEFAULT '',
  `GM_ACTIVE` tinyint(1) NOT NULL DEFAULT 1,
  `GM_CREATED_BY` varchar(50) DEFAULT NULL,
  `GM_CREATED_DATE` datetime DEFAULT NULL,
  `GM_LAST_MODIFIED_BY` varchar(50) DEFAULT NULL,
  `GM_LAST_MODIFIED_DATE` datetime DEFAULT NULL,
  PRIMARY KEY (`GM_ID`),
  KEY `FK_GROUPMENU_CREATED_BY_IDX` (`GM_CREATED_BY`),
  KEY `FK_GROUPMENU_LAST_MODIFIED_BY_IDX` (`GM_LAST_MODIFIED_BY`),
  CONSTRAINT `FK_GROUPMENU_CREATED_BY` FOREIGN KEY (`GM_CREATED_BY`) REFERENCES `oh_user` (`US_ID_A`) ON DELETE NO ACTION ON UPDATE NO ACTION,
  CONSTRAINT `FK_GROUPMENU_LAST_MODIFIED_BY` FOREIGN KEY (`GM_LAST_MODIFIED_BY`) REFERENCES `oh_user` (`US_ID_A`) ON DELETE NO ACTION ON UPDATE NO ACTION
) ENGINE=InnoDB AUTO_INCREMENT=335 DEFAULT CHARSET=utf8mb3 COLLATE=utf8mb3_general_ci;
/*!40101 SET character_set_client = @saved_cs_client */;

--
-- Dumping data for table `oh_groupmenu`
--

LOCK TABLES `oh_groupmenu` WRITE;
/*!40000 ALTER TABLE `oh_groupmenu` DISABLE KEYS */;
INSERT INTO `oh_groupmenu` (`GM_ID`, `GM_UG_ID_A`, `GM_MNI_ID_A`, `GM_ACTIVE`, `GM_CREATED_BY`, `GM_CREATED_DATE`, `GM_LAST_MODIFIED_BY`, `GM_LAST_MODIFIED_DATE`) VALUES (1,'admin','admtype',1,NULL,NULL,NULL,NULL),(2,'admin','disctype',1,NULL,NULL,NULL,NULL),(4,'admin','admission',1,NULL,NULL,NULL,NULL),(7,'admin','disease',1,NULL,NULL,NULL,NULL),(8,'admin','exams',1,NULL,NULL,NULL,NULL),(9,'admin','exit',1,NULL,NULL,NULL,NULL),(10,'admin','file',1,NULL,NULL,NULL,NULL),(11,'admin','generaldata',1,NULL,NULL,NULL,NULL),(12,'admin','groups',1,NULL,NULL,NULL,NULL),(13,'admin','help',1,NULL,NULL,NULL,NULL),(14,'admin','hospital',1,NULL,NULL,NULL,NULL),(16,'admin','laboratory',1,NULL,NULL,NULL,NULL),(17,'admin','medicals',1,NULL,NULL,NULL,NULL),(18,'admin','medicalstock',1,NULL,NULL,NULL,NULL),(19,'admin','operation',1,NULL,NULL,NULL,NULL),(21,'admin','pharmacy',1,NULL,NULL,NULL,NULL),(22,'admin','statistics',1,NULL,NULL,NULL,NULL),(26,'admin','opd',1,NULL,NULL,NULL,NULL),(27,'admin','users',1,NULL,NULL,NULL,NULL),(28,'admin','usersusers',1,NULL,NULL,NULL,NULL),(29,'admin','vaccine',1,NULL,NULL,NULL,NULL),(30,'admin','ward',1,NULL,NULL,NULL,NULL),(31,'admin','types',1,NULL,NULL,NULL,NULL),(32,'admin','pretreatmenttype',1,NULL,NULL,NULL,NULL),(33,'admin','diseasetype',1,NULL,NULL,NULL,NULL),(34,'admin','medstockmovtype',1,NULL,NULL,NULL,NULL),(35,'admin','examtype',1,NULL,NULL,NULL,NULL),(36,'admin','operationtype',1,NULL,NULL,NULL,NULL),(37,'admin','deliverytype',1,NULL,NULL,NULL,NULL),(38,'admin','medicalstype',1,NULL,NULL,NULL,NULL),(39,'admin','delresulttype',1,NULL,NULL,NULL,NULL),(40,'admin','printing',1,NULL,NULL,NULL,NULL),(41,'admin','examlist1',1,NULL,NULL,NULL,NULL),(42,'admin','diseaselist',1,NULL,NULL,NULL,NULL),(43,'admin','agetype',1,NULL,NULL,NULL,NULL),(44,'admin','medicalsward',1,NULL,NULL,NULL,NULL),(45,'admin','priceslists',1,NULL,NULL,NULL,NULL),(46,'admin','otherprices',1,NULL,NULL,NULL,NULL),(47,'admin','accounting',1,NULL,NULL,NULL,NULL),(48,'admin','newbill',1,NULL,NULL,NULL,NULL),(49,'admin','billsmanager',1,NULL,NULL,NULL,NULL),(50,'admin','data',1,NULL,NULL,NULL,NULL),(51,'admin','btnadmdel',1,NULL,NULL,NULL,NULL),(52,'admin','btnadmadm',1,NULL,NULL,NULL,NULL),(53,'admin','btnadmedit',1,NULL,NULL,NULL,NULL),(54,'admin','btnadmnew',1,NULL,NULL,NULL,NULL),(55,'admin','btnadmopd',1,NULL,NULL,NULL,NULL),(56,'admin','btnadmmer',1,NULL,NULL,NULL,NULL),(57,'admin','btnlaboratorydel',1,NULL,NULL,NULL,NULL),(58,'admin','btnlaboratoryedit',1,NULL,NULL,NULL,NULL),(59,'admin','btnlaboratorynew',1,NULL,NULL,NULL,NULL),(60,'admin','btnopdedit',1,NULL,NULL,NULL,NULL),(61,'admin','btnopddel',1,NULL,NULL,NULL,NULL),(62,'admin','btnopdnew',1,NULL,NULL,NULL,NULL),(63,'admin','btndatamalnut',1,NULL,NULL,NULL,NULL),(64,'admin','btndatadel',1,NULL,NULL,NULL,NULL),(65,'admin','btndataedit',1,NULL,NULL,NULL,NULL),(66,'admin','btndataeditpat',1,NULL,NULL,NULL,NULL),(67,'admin','btnpharmaceuticaldel',1,NULL,NULL,NULL,NULL),(68,'admin','btnpharmaceuticaledit',1,NULL,NULL,NULL,NULL),(69,'admin','btnpharmaceuticalnew',1,NULL,NULL,NULL,NULL),(70,'guest','admtype',0,NULL,NULL,NULL,NULL),(71,'guest','disctype',0,NULL,NULL,NULL,NULL),(72,'guest','admission',1,NULL,NULL,NULL,NULL),(73,'guest','disease',0,NULL,NULL,NULL,NULL),(74,'guest','exams',0,NULL,NULL,NULL,NULL),(75,'guest','exit',1,NULL,NULL,NULL,NULL),(76,'guest','file',1,NULL,NULL,NULL,NULL),(77,'guest','generaldata',0,NULL,NULL,NULL,NULL),(78,'guest','groups',0,NULL,NULL,NULL,NULL),(79,'guest','help',0,NULL,NULL,NULL,NULL),(80,'guest','hospital',0,NULL,NULL,NULL,NULL),(81,'guest','laboratory',1,NULL,NULL,NULL,NULL),(82,'guest','medicals',1,NULL,NULL,NULL,NULL),(83,'guest','medicalstock',0,NULL,NULL,NULL,NULL),(84,'guest','operation',0,NULL,NULL,NULL,NULL),(85,'guest','pharmacy',1,NULL,NULL,NULL,NULL),(86,'guest','statistics',1,NULL,NULL,NULL,NULL),(87,'guest','opd',1,NULL,NULL,NULL,NULL),(88,'guest','users',0,NULL,NULL,NULL,NULL),(89,'guest','usersusers',0,NULL,NULL,NULL,NULL),(90,'guest','vaccine',0,NULL,NULL,NULL,NULL),(91,'guest','ward',0,NULL,NULL,NULL,NULL),(92,'guest','types',0,NULL,NULL,NULL,NULL),(93,'guest','pretreatmenttype',0,NULL,NULL,NULL,NULL),(94,'guest','diseasetype',0,NULL,NULL,NULL,NULL),(95,'guest','medstockmovtype',0,NULL,NULL,NULL,NULL),(96,'guest','examtype',0,NULL,NULL,NULL,NULL),(97,'guest','operationtype',0,NULL,NULL,NULL,NULL),(98,'guest','deliverytype',0,NULL,NULL,NULL,NULL),(99,'guest','medicalstype',0,NULL,NULL,NULL,NULL),(100,'guest','delresulttype',0,NULL,NULL,NULL,NULL),(101,'guest','printing',1,NULL,NULL,NULL,NULL),(102,'guest','examlist1',1,NULL,NULL,NULL,NULL),(103,'guest','diseaselist',1,NULL,NULL,NULL,NULL),(104,'admin','btnadmtherapy',1,NULL,NULL,NULL,NULL),(105,'admin','btnbillnew',1,NULL,NULL,NULL,NULL),(106,'admin','btnbilledit',1,NULL,NULL,NULL,NULL),(107,'admin','btnbilldelete',1,NULL,NULL,NULL,NULL),(108,'admin','btnbillreport',1,NULL,NULL,NULL,NULL),(109,'admin','vaccinetype',1,NULL,NULL,NULL,NULL),(110,'admin','patientvaccine',1,NULL,NULL,NULL,NULL),(111,'admin','btnpatientvaccinenew',1,NULL,NULL,NULL,NULL),(112,'admin','btnpatientvaccineedit',1,NULL,NULL,NULL,NULL),(113,'admin','btnpatientvaccinedel',1,NULL,NULL,NULL,NULL),(115,'admin','communication',1,NULL,NULL,NULL,NULL),(116,'guest','communication',1,NULL,NULL,NULL,NULL),(117,'admin','btnadmbill',1,NULL,NULL,NULL,NULL),(118,'admin','btnbillreceipt',1,NULL,NULL,NULL,NULL),(119,'admin','btnadmpatientfolder',1,NULL,NULL,NULL,NULL),(120,'admin','btnopdnewexamination',1,NULL,NULL,NULL,NULL),(121,'admin','btnopdeditexamination',1,NULL,NULL,NULL,NULL),(122,'admin','btnadmadmexamination',1,NULL,NULL,NULL,NULL),(123,'admin','btnadmexamination',1,NULL,NULL,NULL,NULL),(124,'admin','supplier',1,NULL,NULL,NULL,NULL),(125,'admin','btnpatfoldopdrpt',1,NULL,NULL,NULL,NULL),(126,'admin','btnpatfoldadmrpt',1,NULL,NULL,NULL,NULL),(127,'admin','btnpatfoldpatrpt',1,NULL,NULL,NULL,NULL),(128,'admin','btnpatfolddicom',1,NULL,NULL,NULL,NULL),(129,'admin','smsmanager',1,NULL,NULL,NULL,NULL),(130,'admin','btnpharmstockcharge',1,NULL,NULL,NULL,NULL),(131,'admin','btnpharmstockdischarge',1,NULL,NULL,NULL,NULL),(132,'admin','btnmedicalswardreport',1,NULL,NULL,NULL,NULL),(133,'admin','btnmedicalswardexcel',1,NULL,NULL,NULL,NULL),(134,'admin','btnmedicalswardrectify',1,NULL,NULL,NULL,NULL),(135,'admin','dicomtype',1,NULL,NULL,NULL,NULL),(136,'admin','btnopdnewoperation',1,NULL,NULL,NULL,NULL),(137,'admin','btnopdeditoperation',1,NULL,NULL,NULL,NULL),(138,'admin','worksheet',1,NULL,NULL,NULL,NULL),(139,'admin','cashiersfilter',1,NULL,NULL,NULL,NULL),(140,'admin','editclosedbills',1,NULL,NULL,NULL,NULL),(141,'admin','btnadmdicom',1,NULL,NULL,NULL,NULL),(142,'admin','btnadmlab',1,NULL,NULL,NULL,NULL),(143,'laboratorist','opd',0,NULL,NULL,NULL,NULL),(144,'laboratorist','admission',0,NULL,NULL,NULL,NULL),(145,'laboratorist','laboratory',1,NULL,NULL,NULL,NULL),(146,'laboratorist','pharmacy',0,NULL,NULL,NULL,NULL),(147,'laboratorist','patientvaccine',0,NULL,NULL,NULL,NULL),(148,'laboratorist','accounting',0,NULL,NULL,NULL,NULL),(149,'laboratorist','worksheet',0,NULL,NULL,NULL,NULL),(150,'laboratorist','statistics',0,NULL,NULL,NULL,NULL),(151,'laboratorist','printing',0,NULL,NULL,NULL,NULL),(152,'laboratorist','communication',0,NULL,NULL,NULL,NULL),(153,'laboratorist','generaldata',0,NULL,NULL,NULL,NULL),(154,'laboratorist','help',0,NULL,NULL,NULL,NULL),(155,'laboratorist','btnopdnew',0,NULL,NULL,NULL,NULL),(156,'laboratorist','btnopdedit',0,NULL,NULL,NULL,NULL),(157,'laboratorist','btnopddel',0,NULL,NULL,NULL,NULL),(158,'laboratorist','btnadmnew',0,NULL,NULL,NULL,NULL),(159,'laboratorist','btnadmexamination',0,NULL,NULL,NULL,NULL),(160,'laboratorist','btnadmedit',0,NULL,NULL,NULL,NULL),(161,'laboratorist','btnadmdel',0,NULL,NULL,NULL,NULL),(162,'laboratorist','btnadmmer',0,NULL,NULL,NULL,NULL),(163,'laboratorist','data',0,NULL,NULL,NULL,NULL),(164,'laboratorist','btnadmlab',0,NULL,NULL,NULL,NULL),(165,'laboratorist','btnadmdicom',0,NULL,NULL,NULL,NULL),(166,'laboratorist','btnadmadm',0,NULL,NULL,NULL,NULL),(167,'laboratorist','btnadmbill',0,NULL,NULL,NULL,NULL),(168,'laboratorist','btnadmopd',0,NULL,NULL,NULL,NULL),(169,'laboratorist','btnadmpatientfolder',0,NULL,NULL,NULL,NULL),(170,'laboratorist','btnadmtherapy',0,NULL,NULL,NULL,NULL),(171,'laboratorist','btnlaboratorynew',0,NULL,NULL,NULL,NULL),(172,'laboratorist','btnlaboratoryedit',0,NULL,NULL,NULL,NULL),(173,'laboratorist','btnlaboratorydel',0,NULL,NULL,NULL,NULL),(174,'laboratorist','medicals',0,NULL,NULL,NULL,NULL),(175,'laboratorist','medicalstock',0,NULL,NULL,NULL,NULL),(176,'laboratorist','medicalsward',0,NULL,NULL,NULL,NULL),(177,'laboratorist','btnpatientvaccinenew',0,NULL,NULL,NULL,NULL),(178,'laboratorist','btnpatientvaccineedit',0,NULL,NULL,NULL,NULL),(179,'laboratorist','btnpatientvaccinedel',0,NULL,NULL,NULL,NULL),(180,'laboratorist','newbill',0,NULL,NULL,NULL,NULL),(181,'laboratorist','billsmanager',0,NULL,NULL,NULL,NULL),(182,'laboratorist','examlist1',0,NULL,NULL,NULL,NULL),(183,'laboratorist','diseaselist',0,NULL,NULL,NULL,NULL),(184,'laboratorist','types',0,NULL,NULL,NULL,NULL),(185,'laboratorist','hospital',0,NULL,NULL,NULL,NULL),(186,'laboratorist','ward',0,NULL,NULL,NULL,NULL),(187,'laboratorist','disease',0,NULL,NULL,NULL,NULL),(188,'laboratorist','exams',0,NULL,NULL,NULL,NULL),(189,'laboratorist','operation',0,NULL,NULL,NULL,NULL),(190,'laboratorist','vaccine',0,NULL,NULL,NULL,NULL),(191,'laboratorist','priceslist',0,NULL,NULL,NULL,NULL),(192,'laboratorist','supplier',0,NULL,NULL,NULL,NULL),(193,'laboratorist','smsmanager',0,NULL,NULL,NULL,NULL),(194,'laboratorist','users',0,NULL,NULL,NULL,NULL),(195,'laboratorist','btnopdnewexamination',0,NULL,NULL,NULL,NULL),(196,'laboratorist','btnopdnewoperation',0,NULL,NULL,NULL,NULL),(197,'laboratorist','btnopdeditexamination',0,NULL,NULL,NULL,NULL),(198,'laboratorist','btnopdeditoperation',0,NULL,NULL,NULL,NULL),(199,'laboratorist','btndataeditpat',0,NULL,NULL,NULL,NULL),(200,'laboratorist','btndataedit',0,NULL,NULL,NULL,NULL),(201,'laboratorist','btndatadel',0,NULL,NULL,NULL,NULL),(202,'laboratorist','btndatamalnut',0,NULL,NULL,NULL,NULL),(203,'laboratorist','btnadmadmexamination',0,NULL,NULL,NULL,NULL),(204,'laboratorist','btnpatfoldopdrpt',0,NULL,NULL,NULL,NULL),(205,'laboratorist','btnpatfoldadmrpt',0,NULL,NULL,NULL,NULL),(206,'laboratorist','btnpatfoldpatrpt',0,NULL,NULL,NULL,NULL),(207,'laboratorist','btnpatfolddicom',0,NULL,NULL,NULL,NULL),(208,'laboratorist','btnpharmaceuticalnew',0,NULL,NULL,NULL,NULL),(209,'laboratorist','btnpharmaceuticaledit',0,NULL,NULL,NULL,NULL),(210,'laboratorist','btnpharmaceuticaldel',0,NULL,NULL,NULL,NULL),(211,'laboratorist','btnpharmstockcharge',0,NULL,NULL,NULL,NULL),(212,'laboratorist','btnpharmstockdischarge',0,NULL,NULL,NULL,NULL),(213,'laboratorist','btnmedicalswardrectify',0,NULL,NULL,NULL,NULL),(214,'laboratorist','btnmedicalswardreport',0,NULL,NULL,NULL,NULL),(215,'laboratorist','btnmedicalswardexcel',0,NULL,NULL,NULL,NULL),(216,'laboratorist','cashiersfilter',0,NULL,NULL,NULL,NULL),(217,'laboratorist','btnbillnew',0,NULL,NULL,NULL,NULL),(218,'laboratorist','btnbilledit',0,NULL,NULL,NULL,NULL),(219,'laboratorist','editclosedbills',0,NULL,NULL,NULL,NULL),(220,'laboratorist','btnbilldelete',0,NULL,NULL,NULL,NULL),(221,'laboratorist','btnbillreport',0,NULL,NULL,NULL,NULL),(222,'laboratorist','btnbillreceipt',0,NULL,NULL,NULL,NULL),(223,'laboratorist','admtype',0,NULL,NULL,NULL,NULL),(224,'laboratorist','disctype',0,NULL,NULL,NULL,NULL),(225,'laboratorist','deliverytype',0,NULL,NULL,NULL,NULL),(226,'laboratorist','delresulttype',0,NULL,NULL,NULL,NULL),(227,'laboratorist','diseasetype',0,NULL,NULL,NULL,NULL),(228,'laboratorist','examtype',0,NULL,NULL,NULL,NULL),(229,'laboratorist','medstockmovtype',0,NULL,NULL,NULL,NULL),(230,'laboratorist','medicalstype',0,NULL,NULL,NULL,NULL),(231,'laboratorist','operationtype',0,NULL,NULL,NULL,NULL),(232,'laboratorist','pretreatmenttype',0,NULL,NULL,NULL,NULL),(233,'laboratorist','otherprices',0,NULL,NULL,NULL,NULL),(234,'laboratorist','agetype',0,NULL,NULL,NULL,NULL),(235,'laboratorist','vaccinetype',0,NULL,NULL,NULL,NULL),(236,'laboratorist','dicomtype',0,NULL,NULL,NULL,NULL),(237,'laboratorist','usersusers',0,NULL,NULL,NULL,NULL),(238,'laboratorist','groups',0,NULL,NULL,NULL,NULL),(239,'doctor','opd',1,NULL,NULL,NULL,NULL),(240,'doctor','admission',1,NULL,NULL,NULL,NULL),(241,'doctor','laboratory',0,NULL,NULL,NULL,NULL),(242,'doctor','pharmacy',0,NULL,NULL,NULL,NULL),(243,'doctor','patientvaccine',1,NULL,NULL,NULL,NULL),(244,'doctor','accounting',0,NULL,NULL,NULL,NULL),(245,'doctor','worksheet',1,NULL,NULL,NULL,NULL),(246,'doctor','statistics',1,NULL,NULL,NULL,NULL),(247,'doctor','printing',1,NULL,NULL,NULL,NULL),(248,'doctor','communication',0,NULL,NULL,NULL,NULL),(249,'doctor','generaldata',0,NULL,NULL,NULL,NULL),(250,'doctor','help',1,NULL,NULL,NULL,NULL),(251,'doctor','btnopdnew',1,NULL,NULL,NULL,NULL),(252,'doctor','btnopdedit',1,NULL,NULL,NULL,NULL),(253,'doctor','btnopddel',1,NULL,NULL,NULL,NULL),(254,'doctor','btnadmnew',1,NULL,NULL,NULL,NULL),(255,'doctor','btnadmexamination',1,NULL,NULL,NULL,NULL),(256,'doctor','btnadmedit',1,NULL,NULL,NULL,NULL),(257,'doctor','btnadmdel',1,NULL,NULL,NULL,NULL),(258,'doctor','btnadmmer',0,NULL,NULL,NULL,NULL),(259,'doctor','data',0,NULL,NULL,NULL,NULL),(260,'doctor','btnadmlab',0,NULL,NULL,NULL,NULL),(261,'doctor','btnadmdicom',1,NULL,NULL,NULL,NULL),(262,'doctor','btnadmadm',1,NULL,NULL,NULL,NULL),(263,'doctor','btnadmbill',0,NULL,NULL,NULL,NULL),(264,'doctor','btnadmopd',1,NULL,NULL,NULL,NULL),(265,'doctor','btnadmpatientfolder',1,NULL,NULL,NULL,NULL),(266,'doctor','btnadmtherapy',1,NULL,NULL,NULL,NULL),(267,'doctor','btnlaboratorynew',0,NULL,NULL,NULL,NULL),(268,'doctor','btnlaboratoryedit',0,NULL,NULL,NULL,NULL),(269,'doctor','btnlaboratorydel',0,NULL,NULL,NULL,NULL),(270,'doctor','medicals',0,NULL,NULL,NULL,NULL),(271,'doctor','medicalstock',0,NULL,NULL,NULL,NULL),(272,'doctor','medicalsward',0,NULL,NULL,NULL,NULL),(273,'doctor','btnpatientvaccinenew',1,NULL,NULL,NULL,NULL),(274,'doctor','btnpatientvaccineedit',1,NULL,NULL,NULL,NULL),(275,'doctor','btnpatientvaccinedel',1,NULL,NULL,NULL,NULL),(276,'doctor','newbill',0,NULL,NULL,NULL,NULL),(277,'doctor','billsmanager',0,NULL,NULL,NULL,NULL),(278,'doctor','examlist1',1,NULL,NULL,NULL,NULL),(279,'doctor','diseaselist',1,NULL,NULL,NULL,NULL),(280,'doctor','types',0,NULL,NULL,NULL,NULL),(281,'doctor','hospital',0,NULL,NULL,NULL,NULL),(282,'doctor','ward',0,NULL,NULL,NULL,NULL),(283,'doctor','disease',0,NULL,NULL,NULL,NULL),(284,'doctor','exams',0,NULL,NULL,NULL,NULL),(285,'doctor','operation',0,NULL,NULL,NULL,NULL),(286,'doctor','vaccine',0,NULL,NULL,NULL,NULL),(287,'doctor','priceslist',0,NULL,NULL,NULL,NULL),(288,'doctor','supplier',0,NULL,NULL,NULL,NULL),(289,'doctor','smsmanager',0,NULL,NULL,NULL,NULL),(290,'doctor','users',0,NULL,NULL,NULL,NULL),(291,'doctor','btnopdnewexamination',1,NULL,NULL,NULL,NULL),(292,'doctor','btnopdnewoperation',1,NULL,NULL,NULL,NULL),(293,'doctor','btnopdeditexamination',1,NULL,NULL,NULL,NULL),(294,'doctor','btnopdeditoperation',1,NULL,NULL,NULL,NULL),(295,'doctor','btndataeditpat',0,NULL,NULL,NULL,NULL),(296,'doctor','btndataedit',0,NULL,NULL,NULL,NULL),(297,'doctor','btndatadel',0,NULL,NULL,NULL,NULL),(298,'doctor','btndatamalnut',0,NULL,NULL,NULL,NULL),(299,'doctor','btnadmadmexamination',1,NULL,NULL,NULL,NULL),(300,'doctor','btnpatfoldopdrpt',1,NULL,NULL,NULL,NULL),(301,'doctor','btnpatfoldadmrpt',1,NULL,NULL,NULL,NULL),(302,'doctor','btnpatfoldpatrpt',1,NULL,NULL,NULL,NULL),(303,'doctor','btnpatfolddicom',1,NULL,NULL,NULL,NULL),(304,'doctor','btnpharmaceuticalnew',0,NULL,NULL,NULL,NULL),(305,'doctor','btnpharmaceuticaledit',0,NULL,NULL,NULL,NULL),(306,'doctor','btnpharmaceuticaldel',0,NULL,NULL,NULL,NULL),(307,'doctor','btnpharmstockcharge',0,NULL,NULL,NULL,NULL),(308,'doctor','btnpharmstockdischarge',0,NULL,NULL,NULL,NULL),(309,'doctor','btnmedicalswardrectify',0,NULL,NULL,NULL,NULL),(310,'doctor','btnmedicalswardreport',0,NULL,NULL,NULL,NULL),(311,'doctor','btnmedicalswardexcel',0,NULL,NULL,NULL,NULL),(312,'doctor','cashiersfilter',0,NULL,NULL,NULL,NULL),(313,'doctor','btnbillnew',0,NULL,NULL,NULL,NULL),(314,'doctor','btnbilledit',0,NULL,NULL,NULL,NULL),(315,'doctor','editclosedbills',0,NULL,NULL,NULL,NULL),(316,'doctor','btnbilldelete',0,NULL,NULL,NULL,NULL),(317,'doctor','btnbillreport',0,NULL,NULL,NULL,NULL),(318,'doctor','btnbillreceipt',0,NULL,NULL,NULL,NULL),(319,'doctor','admtype',0,NULL,NULL,NULL,NULL),(320,'doctor','disctype',0,NULL,NULL,NULL,NULL),(321,'doctor','deliverytype',0,NULL,NULL,NULL,NULL),(322,'doctor','delresulttype',0,NULL,NULL,NULL,NULL),(323,'doctor','diseasetype',0,NULL,NULL,NULL,NULL),(324,'doctor','examtype',0,NULL,NULL,NULL,NULL),(325,'doctor','medstockmovtype',0,NULL,NULL,NULL,NULL),(326,'doctor','medicalstype',0,NULL,NULL,NULL,NULL),(327,'doctor','operationtype',0,NULL,NULL,NULL,NULL),(328,'doctor','pretreatmenttype',0,NULL,NULL,NULL,NULL),(329,'doctor','otherprices',0,NULL,NULL,NULL,NULL),(330,'doctor','agetype',0,NULL,NULL,NULL,NULL),(331,'doctor','vaccinetype',0,NULL,NULL,NULL,NULL),(332,'doctor','dicomtype',0,NULL,NULL,NULL,NULL),(333,'doctor','usersusers',0,NULL,NULL,NULL,NULL),(334,'doctor','groups',0,NULL,NULL,NULL,NULL);
/*!40000 ALTER TABLE `oh_groupmenu` ENABLE KEYS */;
UNLOCK TABLES;

--
-- Table structure for table `oh_grouppermission`
--

DROP TABLE IF EXISTS `oh_grouppermission`;
/*!40101 SET @saved_cs_client     = @@character_set_client */;
/*!40101 SET character_set_client = utf8 */;
CREATE TABLE `oh_grouppermission` (
  `GP_ID` int(11) NOT NULL AUTO_INCREMENT,
  `GP_UG_ID_A` varchar(50) NOT NULL DEFAULT '',
  `GP_P_ID_A` int(11) NOT NULL,
  `GP_ACTIVE` char(1) NOT NULL DEFAULT '',
  `GP_CREATED_BY` varchar(50) DEFAULT NULL,
  `GP_CREATED_DATE` datetime DEFAULT NULL,
  `GP_LAST_MODIFIED_BY` varchar(50) DEFAULT NULL,
  `GP_LAST_MODIFIED_DATE` datetime DEFAULT NULL,
  PRIMARY KEY (`GP_ID`),
  KEY `FK_GROUPPERMISSION_CREATED_BY_IDX` (`GP_CREATED_BY`),
  KEY `FK_GROUPPERMISSION_LAST_MODIFIED_BY_IDX` (`GP_LAST_MODIFIED_BY`),
  CONSTRAINT `FK_GROUPPERMISSION_CREATED_BY` FOREIGN KEY (`GP_CREATED_BY`) REFERENCES `oh_user` (`US_ID_A`) ON DELETE NO ACTION ON UPDATE NO ACTION,
  CONSTRAINT `FK_GROUPPERMISSION_LAST_MODIFIED_BY` FOREIGN KEY (`GP_LAST_MODIFIED_BY`) REFERENCES `oh_user` (`US_ID_A`) ON DELETE NO ACTION ON UPDATE NO ACTION
) ENGINE=InnoDB AUTO_INCREMENT=312 DEFAULT CHARSET=utf8mb3 COLLATE=utf8mb3_general_ci;
/*!40101 SET character_set_client = @saved_cs_client */;

--
-- Dumping data for table `oh_grouppermission`
--

LOCK TABLES `oh_grouppermission` WRITE;
/*!40000 ALTER TABLE `oh_grouppermission` DISABLE KEYS */;
INSERT INTO `oh_grouppermission` (`GP_ID`, `GP_UG_ID_A`, `GP_P_ID_A`, `GP_ACTIVE`, `GP_CREATED_BY`, `GP_CREATED_DATE`, `GP_LAST_MODIFIED_BY`, `GP_LAST_MODIFIED_DATE`) VALUES (1,'admin',1,'1',NULL,NULL,NULL,NULL),(2,'admin',2,'1',NULL,NULL,NULL,NULL),(3,'admin',3,'1',NULL,NULL,NULL,NULL),(4,'admin',4,'1',NULL,NULL,NULL,NULL),(5,'admin',5,'1',NULL,NULL,NULL,NULL),(6,'admin',6,'1',NULL,NULL,NULL,NULL),(7,'admin',7,'1',NULL,NULL,NULL,NULL),(8,'admin',8,'1',NULL,NULL,NULL,NULL),(9,'admin',9,'1',NULL,NULL,NULL,NULL),(10,'admin',10,'1',NULL,NULL,NULL,NULL),(11,'admin',11,'1',NULL,NULL,NULL,NULL),(12,'admin',12,'1',NULL,NULL,NULL,NULL),(13,'admin',13,'1',NULL,NULL,NULL,NULL),(14,'admin',14,'1',NULL,NULL,NULL,NULL),(15,'admin',15,'1',NULL,NULL,NULL,NULL),(16,'admin',16,'1',NULL,NULL,NULL,NULL),(17,'admin',17,'1',NULL,NULL,NULL,NULL),(18,'admin',18,'1',NULL,NULL,NULL,NULL),(19,'admin',19,'1',NULL,NULL,NULL,NULL),(20,'admin',20,'1',NULL,NULL,NULL,NULL),(21,'admin',21,'1',NULL,NULL,NULL,NULL),(22,'admin',22,'1',NULL,NULL,NULL,NULL),(23,'admin',23,'1',NULL,NULL,NULL,NULL),(24,'admin',24,'1',NULL,NULL,NULL,NULL),(25,'admin',25,'1',NULL,NULL,NULL,NULL),(26,'admin',26,'1',NULL,NULL,NULL,NULL),(27,'admin',27,'1',NULL,NULL,NULL,NULL),(28,'admin',28,'1',NULL,NULL,NULL,NULL),(29,'admin',29,'1',NULL,NULL,NULL,NULL),(30,'admin',30,'1',NULL,NULL,NULL,NULL),(31,'admin',31,'1',NULL,NULL,NULL,NULL),(32,'admin',32,'1',NULL,NULL,NULL,NULL),(33,'admin',33,'1',NULL,NULL,NULL,NULL),(34,'admin',34,'1',NULL,NULL,NULL,NULL),(35,'admin',35,'1',NULL,NULL,NULL,NULL),(36,'admin',36,'1',NULL,NULL,NULL,NULL),(37,'admin',37,'1',NULL,NULL,NULL,NULL),(38,'admin',38,'1',NULL,NULL,NULL,NULL),(39,'admin',39,'1',NULL,NULL,NULL,NULL),(40,'admin',40,'1',NULL,NULL,NULL,NULL),(41,'admin',41,'1',NULL,NULL,NULL,NULL),(42,'admin',42,'1',NULL,NULL,NULL,NULL),(43,'admin',43,'1',NULL,NULL,NULL,NULL),(44,'admin',44,'1',NULL,NULL,NULL,NULL),(45,'admin',45,'1',NULL,NULL,NULL,NULL),(46,'admin',46,'1',NULL,NULL,NULL,NULL),(47,'admin',47,'1',NULL,NULL,NULL,NULL),(48,'admin',48,'1',NULL,NULL,NULL,NULL),(49,'admin',49,'1',NULL,NULL,NULL,NULL),(50,'admin',50,'1',NULL,NULL,NULL,NULL),(51,'admin',51,'1',NULL,NULL,NULL,NULL),(52,'admin',52,'1',NULL,NULL,NULL,NULL),(53,'admin',53,'1',NULL,NULL,NULL,NULL),(54,'admin',54,'1',NULL,NULL,NULL,NULL),(55,'admin',55,'1',NULL,NULL,NULL,NULL),(56,'admin',56,'1',NULL,NULL,NULL,NULL),(57,'admin',57,'1',NULL,NULL,NULL,NULL),(58,'admin',58,'1',NULL,NULL,NULL,NULL),(59,'admin',59,'1',NULL,NULL,NULL,NULL),(60,'admin',60,'1',NULL,NULL,NULL,NULL),(61,'admin',61,'1',NULL,NULL,NULL,NULL),(62,'admin',62,'1',NULL,NULL,NULL,NULL),(63,'admin',63,'1',NULL,NULL,NULL,NULL),(64,'admin',64,'1',NULL,NULL,NULL,NULL),(65,'admin',65,'1',NULL,NULL,NULL,NULL),(66,'admin',66,'1',NULL,NULL,NULL,NULL),(67,'admin',67,'1',NULL,NULL,NULL,NULL),(68,'admin',68,'1',NULL,NULL,NULL,NULL),(69,'admin',69,'1',NULL,NULL,NULL,NULL),(70,'admin',70,'1',NULL,NULL,NULL,NULL),(71,'admin',71,'1',NULL,NULL,NULL,NULL),(72,'admin',72,'1',NULL,NULL,NULL,NULL),(73,'admin',73,'1',NULL,NULL,NULL,NULL),(74,'admin',74,'1',NULL,NULL,NULL,NULL),(75,'admin',75,'1',NULL,NULL,NULL,NULL),(76,'admin',76,'1',NULL,NULL,NULL,NULL),(77,'admin',77,'1',NULL,NULL,NULL,NULL),(78,'admin',78,'1',NULL,NULL,NULL,NULL),(79,'admin',79,'1',NULL,NULL,NULL,NULL),(80,'admin',80,'1',NULL,NULL,NULL,NULL),(81,'admin',81,'1',NULL,NULL,NULL,NULL),(82,'admin',82,'1',NULL,NULL,NULL,NULL),(83,'admin',83,'1',NULL,NULL,NULL,NULL),(84,'admin',84,'1',NULL,NULL,NULL,NULL),(85,'admin',85,'1',NULL,NULL,NULL,NULL),(86,'admin',86,'1',NULL,NULL,NULL,NULL),(87,'admin',87,'1',NULL,NULL,NULL,NULL),(88,'admin',88,'1',NULL,NULL,NULL,NULL),(89,'admin',89,'1',NULL,NULL,NULL,NULL),(90,'admin',90,'1',NULL,NULL,NULL,NULL),(91,'admin',91,'1',NULL,NULL,NULL,NULL),(92,'admin',92,'1',NULL,NULL,NULL,NULL),(93,'admin',93,'1',NULL,NULL,NULL,NULL),(94,'admin',94,'1',NULL,NULL,NULL,NULL),(95,'admin',95,'1',NULL,NULL,NULL,NULL),(96,'admin',96,'1',NULL,NULL,NULL,NULL),(97,'admin',97,'1',NULL,NULL,NULL,NULL),(98,'admin',98,'1',NULL,NULL,NULL,NULL),(99,'admin',99,'1',NULL,NULL,NULL,NULL),(100,'admin',100,'1',NULL,NULL,NULL,NULL),(101,'admin',101,'1',NULL,NULL,NULL,NULL),(102,'admin',102,'1',NULL,NULL,NULL,NULL),(103,'admin',103,'1',NULL,NULL,NULL,NULL),(104,'admin',104,'1',NULL,NULL,NULL,NULL),(105,'admin',105,'1',NULL,NULL,NULL,NULL),(106,'admin',106,'1',NULL,NULL,NULL,NULL),(107,'admin',107,'1',NULL,NULL,NULL,NULL),(108,'admin',108,'1',NULL,NULL,NULL,NULL),(109,'admin',109,'1',NULL,NULL,NULL,NULL),(110,'admin',110,'1',NULL,NULL,NULL,NULL),(111,'admin',111,'1',NULL,NULL,NULL,NULL),(112,'admin',112,'1',NULL,NULL,NULL,NULL),(113,'admin',113,'1',NULL,NULL,NULL,NULL),(114,'admin',114,'1',NULL,NULL,NULL,NULL),(115,'admin',115,'1',NULL,NULL,NULL,NULL),(116,'admin',116,'1',NULL,NULL,NULL,NULL),(117,'admin',117,'1',NULL,NULL,NULL,NULL),(118,'admin',118,'1',NULL,NULL,NULL,NULL),(119,'admin',119,'1',NULL,NULL,NULL,NULL),(120,'admin',120,'1',NULL,NULL,NULL,NULL),(121,'admin',121,'1',NULL,NULL,NULL,NULL),(122,'admin',122,'1',NULL,NULL,NULL,NULL),(123,'admin',123,'1',NULL,NULL,NULL,NULL),(124,'admin',124,'1',NULL,NULL,NULL,NULL),(125,'admin',125,'1',NULL,NULL,NULL,NULL),(126,'admin',126,'1',NULL,NULL,NULL,NULL),(127,'admin',127,'1',NULL,NULL,NULL,NULL),(128,'admin',128,'1',NULL,NULL,NULL,NULL),(129,'admin',129,'1',NULL,NULL,NULL,NULL),(130,'admin',130,'1',NULL,NULL,NULL,NULL),(131,'admin',131,'1',NULL,NULL,NULL,NULL),(132,'admin',132,'1',NULL,NULL,NULL,NULL),(133,'admin',133,'1',NULL,NULL,NULL,NULL),(134,'admin',134,'1',NULL,NULL,NULL,NULL),(135,'admin',135,'1',NULL,NULL,NULL,NULL),(136,'admin',136,'1',NULL,NULL,NULL,NULL),(137,'admin',137,'1',NULL,NULL,NULL,NULL),(138,'admin',138,'1',NULL,NULL,NULL,NULL),(139,'admin',139,'1',NULL,NULL,NULL,NULL),(140,'admin',130,'1',NULL,NULL,NULL,NULL),(141,'admin',141,'1',NULL,NULL,NULL,NULL),(142,'admin',142,'1',NULL,NULL,NULL,NULL),(143,'admin',143,'1',NULL,NULL,NULL,NULL),(144,'admin',144,'1',NULL,NULL,NULL,NULL),(145,'admin',145,'1',NULL,NULL,NULL,NULL),(146,'admin',146,'1',NULL,NULL,NULL,NULL),(147,'admin',147,'1',NULL,NULL,NULL,NULL),(148,'admin',148,'1',NULL,NULL,NULL,NULL),(149,'admin',149,'1',NULL,NULL,NULL,NULL),(150,'admin',150,'1',NULL,NULL,NULL,NULL),(151,'admin',151,'1',NULL,NULL,NULL,NULL),(152,'admin',152,'1',NULL,NULL,NULL,NULL),(153,'admin',153,'1',NULL,NULL,NULL,NULL),(154,'admin',154,'1',NULL,NULL,NULL,NULL),(155,'admin',155,'1',NULL,NULL,NULL,NULL),(156,'admin',156,'1',NULL,NULL,NULL,NULL),(157,'admin',157,'1',NULL,NULL,NULL,NULL),(158,'admin',158,'1',NULL,NULL,NULL,NULL),(159,'admin',159,'1',NULL,NULL,NULL,NULL),(160,'admin',160,'1',NULL,NULL,NULL,NULL),(161,'admin',161,'1',NULL,NULL,NULL,NULL),(162,'admin',162,'1',NULL,NULL,NULL,NULL),(163,'admin',163,'1',NULL,NULL,NULL,NULL),(164,'admin',164,'1',NULL,NULL,NULL,NULL),(165,'admin',165,'1',NULL,NULL,NULL,NULL),(166,'admin',166,'1',NULL,NULL,NULL,NULL),(167,'guest',2,'1',NULL,NULL,NULL,NULL),(168,'guest',6,'1',NULL,NULL,NULL,NULL),(169,'guest',9,'1',NULL,NULL,NULL,NULL),(170,'guest',12,'1',NULL,NULL,NULL,NULL),(171,'guest',16,'1',NULL,NULL,NULL,NULL),(172,'guest',20,'1',NULL,NULL,NULL,NULL),(173,'guest',24,'1',NULL,NULL,NULL,NULL),(174,'guest',28,'1',NULL,NULL,NULL,NULL),(175,'guest',32,'1',NULL,NULL,NULL,NULL),(176,'guest',36,'1',NULL,NULL,NULL,NULL),(177,'guest',40,'1',NULL,NULL,NULL,NULL),(178,'guest',44,'1',NULL,NULL,NULL,NULL),(179,'guest',48,'1',NULL,NULL,NULL,NULL),(180,'guest',52,'1',NULL,NULL,NULL,NULL),(181,'guest',56,'1',NULL,NULL,NULL,NULL),(182,'guest',60,'1',NULL,NULL,NULL,NULL),(183,'guest',64,'1',NULL,NULL,NULL,NULL),(184,'guest',68,'1',NULL,NULL,NULL,NULL),(185,'guest',72,'1',NULL,NULL,NULL,NULL),(186,'guest',76,'1',NULL,NULL,NULL,NULL),(187,'guest',80,'1',NULL,NULL,NULL,NULL),(188,'guest',84,'1',NULL,NULL,NULL,NULL),(189,'guest',88,'1',NULL,NULL,NULL,NULL),(190,'guest',92,'1',NULL,NULL,NULL,NULL),(191,'guest',96,'1',NULL,NULL,NULL,NULL),(192,'guest',100,'1',NULL,NULL,NULL,NULL),(193,'guest',104,'1',NULL,NULL,NULL,NULL),(194,'guest',108,'1',NULL,NULL,NULL,NULL),(195,'guest',112,'1',NULL,NULL,NULL,NULL),(196,'guest',115,'1',NULL,NULL,NULL,NULL),(197,'guest',116,'1',NULL,NULL,NULL,NULL),(198,'guest',117,'1',NULL,NULL,NULL,NULL),(199,'guest',120,'1',NULL,NULL,NULL,NULL),(200,'guest',121,'1',NULL,NULL,NULL,NULL),(201,'guest',124,'1',NULL,NULL,NULL,NULL),(202,'guest',128,'1',NULL,NULL,NULL,NULL),(203,'guest',132,'1',NULL,NULL,NULL,NULL),(204,'guest',136,'1',NULL,NULL,NULL,NULL),(205,'guest',140,'1',NULL,NULL,NULL,NULL),(206,'guest',144,'1',NULL,NULL,NULL,NULL),(207,'guest',148,'1',NULL,NULL,NULL,NULL),(208,'guest',152,'1',NULL,NULL,NULL,NULL),(209,'guest',156,'1',NULL,NULL,NULL,NULL),(210,'guest',160,'1',NULL,NULL,NULL,NULL),(211,'guest',163,'1',NULL,NULL,NULL,NULL),(212,'guest',164,'1',NULL,NULL,NULL,NULL),(213,'guest',165,'1',NULL,NULL,NULL,NULL),(214,'guest',166,'1',NULL,NULL,NULL,NULL),(215,'doctor',1,'1',NULL,NULL,NULL,NULL),(216,'doctor',2,'1',NULL,NULL,NULL,NULL),(217,'doctor',3,'1',NULL,NULL,NULL,NULL),(218,'doctor',4,'1',NULL,NULL,NULL,NULL),(219,'doctor',6,'1',NULL,NULL,NULL,NULL),(220,'doctor',9,'1',NULL,NULL,NULL,NULL),(221,'doctor',12,'1',NULL,NULL,NULL,NULL),(222,'doctor',16,'1',NULL,NULL,NULL,NULL),(223,'doctor',20,'1',NULL,NULL,NULL,NULL),(224,'doctor',24,'1',NULL,NULL,NULL,NULL),(225,'doctor',28,'1',NULL,NULL,NULL,NULL),(226,'doctor',32,'1',NULL,NULL,NULL,NULL),(227,'doctor',35,'1',NULL,NULL,NULL,NULL),(228,'doctor',36,'1',NULL,NULL,NULL,NULL),(229,'doctor',39,'1',NULL,NULL,NULL,NULL),(230,'doctor',40,'1',NULL,NULL,NULL,NULL),(231,'doctor',41,'1',NULL,NULL,NULL,NULL),(232,'doctor',42,'1',NULL,NULL,NULL,NULL),(233,'doctor',44,'1',NULL,NULL,NULL,NULL),(234,'doctor',48,'1',NULL,NULL,NULL,NULL),(235,'doctor',51,'1',NULL,NULL,NULL,NULL),(236,'doctor',52,'1',NULL,NULL,NULL,NULL),(237,'doctor',53,'1',NULL,NULL,NULL,NULL),(238,'doctor',54,'1',NULL,NULL,NULL,NULL),(239,'doctor',55,'1',NULL,NULL,NULL,NULL),(240,'doctor',56,'1',NULL,NULL,NULL,NULL),(241,'doctor',57,'1',NULL,NULL,NULL,NULL),(242,'doctor',58,'1',NULL,NULL,NULL,NULL),(243,'doctor',60,'1',NULL,NULL,NULL,NULL),(244,'doctor',64,'1',NULL,NULL,NULL,NULL),(245,'doctor',68,'1',NULL,NULL,NULL,NULL),(246,'doctor',72,'1',NULL,NULL,NULL,NULL),(247,'doctor',76,'1',NULL,NULL,NULL,NULL),(248,'doctor',79,'1',NULL,NULL,NULL,NULL),(249,'doctor',80,'1',NULL,NULL,NULL,NULL),(250,'doctor',81,'1',NULL,NULL,NULL,NULL),(251,'doctor',83,'1',NULL,NULL,NULL,NULL),(252,'doctor',84,'1',NULL,NULL,NULL,NULL),(253,'doctor',85,'1',NULL,NULL,NULL,NULL),(254,'doctor',88,'1',NULL,NULL,NULL,NULL),(255,'doctor',91,'1',NULL,NULL,NULL,NULL),(256,'doctor',92,'1',NULL,NULL,NULL,NULL),(257,'doctor',93,'1',NULL,NULL,NULL,NULL),(258,'doctor',95,'1',NULL,NULL,NULL,NULL),(259,'doctor',96,'1',NULL,NULL,NULL,NULL),(260,'doctor',97,'1',NULL,NULL,NULL,NULL),(261,'doctor',99,'1',NULL,NULL,NULL,NULL),(262,'doctor',100,'1',NULL,NULL,NULL,NULL),(263,'doctor',101,'1',NULL,NULL,NULL,NULL),(264,'doctor',102,'1',NULL,NULL,NULL,NULL),(265,'doctor',104,'1',NULL,NULL,NULL,NULL),(266,'doctor',108,'1',NULL,NULL,NULL,NULL),(267,'doctor',112,'1',NULL,NULL,NULL,NULL),(268,'doctor',113,'1',NULL,NULL,NULL,NULL),(269,'doctor',115,'1',NULL,NULL,NULL,NULL),(270,'doctor',116,'1',NULL,NULL,NULL,NULL),(271,'doctor',117,'1',NULL,NULL,NULL,NULL),(272,'doctor',120,'1',NULL,NULL,NULL,NULL),(273,'doctor',121,'1',NULL,NULL,NULL,NULL),(274,'doctor',124,'1',NULL,NULL,NULL,NULL),(275,'doctor',128,'1',NULL,NULL,NULL,NULL),(276,'doctor',132,'1',NULL,NULL,NULL,NULL),(277,'doctor',135,'1',NULL,NULL,NULL,NULL),(278,'doctor',136,'1',NULL,NULL,NULL,NULL),(279,'doctor',137,'1',NULL,NULL,NULL,NULL),(280,'doctor',138,'1',NULL,NULL,NULL,NULL),(281,'doctor',140,'1',NULL,NULL,NULL,NULL),(282,'doctor',143,'1',NULL,NULL,NULL,NULL),(283,'doctor',144,'1',NULL,NULL,NULL,NULL),(284,'doctor',145,'1',NULL,NULL,NULL,NULL),(285,'doctor',146,'1',NULL,NULL,NULL,NULL),(286,'doctor',148,'1',NULL,NULL,NULL,NULL),(287,'doctor',152,'1',NULL,NULL,NULL,NULL),(288,'doctor',155,'1',NULL,NULL,NULL,NULL),(289,'doctor',156,'1',NULL,NULL,NULL,NULL),(290,'doctor',157,'1',NULL,NULL,NULL,NULL),(291,'doctor',158,'1',NULL,NULL,NULL,NULL),(292,'doctor',160,'1',NULL,NULL,NULL,NULL),(293,'doctor',163,'1',NULL,NULL,NULL,NULL),(294,'doctor',165,'1',NULL,NULL,NULL,NULL),(295,'doctor',166,'1',NULL,NULL,NULL,NULL),(296,'laboratorist',32,'1',NULL,NULL,NULL,NULL),(297,'laboratorist',36,'1',NULL,NULL,NULL,NULL),(298,'laboratorist',44,'1',NULL,NULL,NULL,NULL),(299,'laboratorist',51,'1',NULL,NULL,NULL,NULL),(300,'laboratorist',52,'1',NULL,NULL,NULL,NULL),(301,'laboratorist',53,'1',NULL,NULL,NULL,NULL),(302,'laboratorist',54,'1',NULL,NULL,NULL,NULL),(303,'laboratorist',112,'1',NULL,NULL,NULL,NULL),(304,'laboratorist',113,'1',NULL,NULL,NULL,NULL),(305,'laboratorist',115,'1',NULL,NULL,NULL,NULL),(306,'laboratorist',116,'1',NULL,NULL,NULL,NULL),(307,'laboratorist',117,'1',NULL,NULL,NULL,NULL),(308,'laboratorist',132,'1',NULL,NULL,NULL,NULL),(309,'laboratorist',156,'1',NULL,NULL,NULL,NULL),(310,'laboratorist',163,'1',NULL,NULL,NULL,NULL),(311,'laboratorist',164,'1',NULL,NULL,NULL,NULL);
/*!40000 ALTER TABLE `oh_grouppermission` ENABLE KEYS */;
UNLOCK TABLES;

--
-- Table structure for table `oh_help`
--

DROP TABLE IF EXISTS `oh_help`;
/*!40101 SET @saved_cs_client     = @@character_set_client */;
/*!40101 SET character_set_client = utf8 */;
CREATE TABLE `oh_help` (
  `HL_ID` int(11) NOT NULL AUTO_INCREMENT,
  `HL_MASK` int(11) NOT NULL,
  `HL_FIELD` int(11) NOT NULL,
  `HL_LANG` char(2) DEFAULT NULL,
  `HL_MSG` varchar(255) DEFAULT NULL,
  PRIMARY KEY (`HL_ID`)
) ENGINE=InnoDB DEFAULT CHARSET=utf8mb3 COLLATE=utf8mb3_general_ci;
/*!40101 SET character_set_client = @saved_cs_client */;

--
-- Dumping data for table `oh_help`
--

LOCK TABLES `oh_help` WRITE;
/*!40000 ALTER TABLE `oh_help` DISABLE KEYS */;
/*!40000 ALTER TABLE `oh_help` ENABLE KEYS */;
UNLOCK TABLES;

--
-- Table structure for table `oh_hospital`
--

DROP TABLE IF EXISTS `oh_hospital`;
/*!40101 SET @saved_cs_client     = @@character_set_client */;
/*!40101 SET character_set_client = utf8 */;
CREATE TABLE `oh_hospital` (
  `HOS_ID_A` varchar(10) NOT NULL,
  `HOS_NAME` varchar(255) NOT NULL,
  `HOS_ADDR` varchar(255) NOT NULL,
  `HOS_CITY` varchar(255) NOT NULL,
  `HOS_TELE` varchar(50) DEFAULT NULL,
  `HOS_FAX` varchar(50) DEFAULT NULL,
  `HOS_EMAIL` varchar(50) DEFAULT NULL,
  `HOS_CURR_COD` varchar(3) DEFAULT NULL,
  `HOS_VISIT_START` time NOT NULL DEFAULT '06:30:00',
  `HOS_VISIT_END` time NOT NULL DEFAULT '20:00:00',
  `HOS_VISIT_INCREMENT` int(11) NOT NULL DEFAULT 15,
  `HOS_VISIT_DURATION` int(11) NOT NULL DEFAULT 30,
  `HOS_LOCK` int(11) NOT NULL DEFAULT 0,
  `HOS_CREATED_BY` varchar(50) DEFAULT NULL,
  `HOS_CREATED_DATE` datetime DEFAULT NULL,
  `HOS_LAST_MODIFIED_BY` varchar(50) DEFAULT NULL,
  `HOS_LAST_MODIFIED_DATE` datetime DEFAULT NULL,
  `HOS_ACTIVE` tinyint(1) NOT NULL DEFAULT 1,
  PRIMARY KEY (`HOS_ID_A`),
  KEY `FK_HOSPITAL_CREATED_BY_IDX` (`HOS_CREATED_BY`),
  KEY `FK_HOSPITAL_LAST_MODIFIED_BY_IDX` (`HOS_LAST_MODIFIED_BY`),
  CONSTRAINT `FK_HOSPITAL_CREATED_BY` FOREIGN KEY (`HOS_CREATED_BY`) REFERENCES `oh_user` (`US_ID_A`) ON DELETE NO ACTION ON UPDATE NO ACTION,
  CONSTRAINT `FK_HOSPITAL_LAST_MODIFIED_BY` FOREIGN KEY (`HOS_LAST_MODIFIED_BY`) REFERENCES `oh_user` (`US_ID_A`) ON DELETE NO ACTION ON UPDATE NO ACTION
) ENGINE=InnoDB DEFAULT CHARSET=utf8mb3 COLLATE=utf8mb3_general_ci;
/*!40101 SET character_set_client = @saved_cs_client */;

--
-- Dumping data for table `oh_hospital`
--

LOCK TABLES `oh_hospital` WRITE;
/*!40000 ALTER TABLE `oh_hospital` DISABLE KEYS */;
INSERT INTO `oh_hospital` (`HOS_ID_A`, `HOS_NAME`, `HOS_ADDR`, `HOS_CITY`, `HOS_TELE`, `HOS_FAX`, `HOS_EMAIL`, `HOS_CURR_COD`, `HOS_VISIT_START`, `HOS_VISIT_END`, `HOS_VISIT_INCREMENT`, `HOS_VISIT_DURATION`, `HOS_LOCK`, `HOS_CREATED_BY`, `HOS_CREATED_DATE`, `HOS_LAST_MODIFIED_BY`, `HOS_LAST_MODIFIED_DATE`, `HOS_ACTIVE`) VALUES ('STLUKE','St. Luke HOSPITAL - Angal','P.O. BOX 85 - NEBBI','ANGAL','+256 0472621076','+256 0','angal@ucmb.ug.co.','UGX','06:30:00','20:00:00',15,30,1,NULL,NULL,'admin','2022-11-19 02:08:10',1);
/*!40000 ALTER TABLE `oh_hospital` ENABLE KEYS */;
UNLOCK TABLES;

--
-- Table structure for table `oh_laboratory`
--

DROP TABLE IF EXISTS `oh_laboratory`;
/*!40101 SET @saved_cs_client     = @@character_set_client */;
/*!40101 SET character_set_client = utf8 */;
CREATE TABLE `oh_laboratory` (
  `LAB_ID` int(11) NOT NULL AUTO_INCREMENT,
  `LAB_EXA_ID_A` varchar(10) NOT NULL,
  `LAB_DATE` datetime NOT NULL,
  `LAB_RES` varchar(50) NOT NULL,
  `LAB_NOTE` varchar(255) DEFAULT NULL,
  `LAB_PAT_ID` int(11) DEFAULT NULL,
  `LAB_PAT_NAME` varchar(100) DEFAULT NULL,
  `LAB_CROSS1` int(11) DEFAULT NULL,
  `LAB_CROSS2` int(11) DEFAULT NULL,
  `LAB_CROSS3` int(11) DEFAULT NULL,
  `LAB_CROSS4` int(11) DEFAULT NULL,
  `LAB_CROSS5` int(11) DEFAULT NULL,
  `LAB_CROSS6` int(11) DEFAULT NULL,
  `LAB_CROSS7` int(11) DEFAULT NULL,
  `LAB_CROSS8` int(11) DEFAULT NULL,
  `LAB_CROSS9` int(11) DEFAULT NULL,
  `LAB_CROSS10` int(11) DEFAULT NULL,
  `LAB_CROSS11` int(11) DEFAULT NULL,
  `LAB_CROSS12` int(11) DEFAULT NULL,
  `LAB_CROSS13` int(11) DEFAULT NULL,
  `LAB_LOCK` int(11) NOT NULL DEFAULT 0,
  `LAB_AGE` int(11) DEFAULT NULL,
  `LAB_SEX` char(1) DEFAULT NULL,
  `LAB_MATERIAL` varchar(25) DEFAULT NULL,
  `LAB_PAT_INOUT` char(1) DEFAULT NULL,
  `LAB_CREATED_BY` varchar(50) DEFAULT NULL,
  `LAB_CREATED_DATE` datetime DEFAULT NULL,
  `LAB_LAST_MODIFIED_BY` varchar(50) DEFAULT NULL,
  `LAB_LAST_MODIFIED_DATE` datetime DEFAULT NULL,
  `LAB_ACTIVE` tinyint(1) NOT NULL DEFAULT 1,
  `LAB_STATUS` varchar(7) DEFAULT 'draft',
  PRIMARY KEY (`LAB_ID`),
  KEY `FK_LABORATORY_EXAM` (`LAB_EXA_ID_A`),
  KEY `FK_LABORATORY_PATIENT` (`LAB_PAT_ID`),
  KEY `FK_LABORATORY_CREATED_BY_IDX` (`LAB_CREATED_BY`),
  KEY `FK_LABORATORY_LAST_MODIFIED_BY_IDX` (`LAB_LAST_MODIFIED_BY`),
  CONSTRAINT `FK_LABORATORY_CREATED_BY` FOREIGN KEY (`LAB_CREATED_BY`) REFERENCES `oh_user` (`US_ID_A`) ON DELETE NO ACTION ON UPDATE NO ACTION,
  CONSTRAINT `FK_LABORATORY_EXAM` FOREIGN KEY (`LAB_EXA_ID_A`) REFERENCES `oh_exam` (`EXA_ID_A`) ON DELETE NO ACTION ON UPDATE NO ACTION,
  CONSTRAINT `FK_LABORATORY_LAST_MODIFIED_BY` FOREIGN KEY (`LAB_LAST_MODIFIED_BY`) REFERENCES `oh_user` (`US_ID_A`) ON DELETE NO ACTION ON UPDATE NO ACTION,
  CONSTRAINT `FK_LABORATORY_PATIENT` FOREIGN KEY (`LAB_PAT_ID`) REFERENCES `oh_patient` (`PAT_ID`) ON DELETE CASCADE ON UPDATE CASCADE
) ENGINE=InnoDB AUTO_INCREMENT=336 DEFAULT CHARSET=utf8mb3 COLLATE=utf8mb3_general_ci;
/*!40101 SET character_set_client = @saved_cs_client */;

--
-- Dumping data for table `oh_laboratory`
--

LOCK TABLES `oh_laboratory` WRITE;
/*!40000 ALTER TABLE `oh_laboratory` DISABLE KEYS */;
INSERT INTO `oh_laboratory` (`LAB_ID`, `LAB_EXA_ID_A`, `LAB_DATE`, `LAB_RES`, `LAB_NOTE`, `LAB_PAT_ID`, `LAB_PAT_NAME`, `LAB_CROSS1`, `LAB_CROSS2`, `LAB_CROSS3`, `LAB_CROSS4`, `LAB_CROSS5`, `LAB_CROSS6`, `LAB_CROSS7`, `LAB_CROSS8`, `LAB_CROSS9`, `LAB_CROSS10`, `LAB_CROSS11`, `LAB_CROSS12`, `LAB_CROSS13`, `LAB_LOCK`, `LAB_AGE`, `LAB_SEX`, `LAB_MATERIAL`, `LAB_PAT_INOUT`, `LAB_CREATED_BY`, `LAB_CREATED_DATE`, `LAB_LAST_MODIFIED_BY`, `LAB_LAST_MODIFIED_DATE`, `LAB_ACTIVE`, `LAB_STATUS`) VALUES (15,'03.01','2022-11-02 00:50:40','NEGATIVE','',364,'Georgette Tsuji',NULL,NULL,NULL,NULL,NULL,NULL,NULL,NULL,NULL,NULL,NULL,NULL,NULL,1,18,'F','undefined','I',NULL,'2022-11-02 00:50:40','admin','2022-11-21 00:50:40',1,'done'),(16,'01.02','2022-11-02 00:49:12','> 7000 (HIGH)','',336,'Emery Moreles',NULL,NULL,NULL,NULL,NULL,NULL,NULL,NULL,NULL,NULL,NULL,NULL,NULL,1,36,'M','undefined','O',NULL,'2022-11-02 00:49:12','admin','2022-11-21 00:49:12',1,'done'),(17,'URI','2022-11-02 00:50:14','Multiple results','',182,'Tod Baldonado',NULL,NULL,NULL,NULL,NULL,NULL,NULL,NULL,NULL,NULL,NULL,NULL,NULL,1,13,'M','undefined','I',NULL,'2022-11-02 00:50:14','admin','2022-11-21 00:50:14',1,'done'),(18,'03.01','2022-11-02 00:37:32','FEW','4months old',341,'Keneth Bryden',NULL,NULL,NULL,NULL,NULL,NULL,NULL,NULL,NULL,NULL,NULL,NULL,NULL,1,0,'M','undefined','I',NULL,'2022-11-02 00:37:32','admin','2022-11-21 00:37:32',1,'done'),(19,'03.01','2022-11-02 00:42:33','FEW','6months 0ld',404,'Genevie Stermer',NULL,NULL,NULL,NULL,NULL,NULL,NULL,NULL,NULL,NULL,NULL,NULL,NULL,1,0,'F','undefined','I',NULL,'2022-11-02 00:42:33','admin','2022-11-21 00:42:33',1,'done'),(20,'03.022','2022-11-02 00:49:08','NEGATIVE','',348,'Carlo Meche',NULL,NULL,NULL,NULL,NULL,NULL,NULL,NULL,NULL,NULL,NULL,NULL,NULL,1,40,'F','undefined','I',NULL,'2022-11-02 00:49:08','admin','2022-11-21 00:49:08',1,'done'),(21,'03.01','2022-11-02 00:49:53','NEGATIVE','',215,'Mickie Farquhar',NULL,NULL,NULL,NULL,NULL,NULL,NULL,NULL,NULL,NULL,NULL,NULL,NULL,1,39,'M','undefined','I',NULL,'2022-11-02 00:49:53','admin','2022-11-21 00:49:53',1,'done'),(22,'01.02','2022-11-02 00:46:05','> 7000 (HIGH)','',317,'Isaiah Isabelle',NULL,NULL,NULL,NULL,NULL,NULL,NULL,NULL,NULL,NULL,NULL,NULL,NULL,1,72,'M','undefined','O',NULL,'2022-11-02 00:46:05','admin','2022-11-21 00:46:05',1,'done'),(23,'03.01','2022-11-02 00:46:30','NEGATIVE','',204,'Curt Nowak',NULL,NULL,NULL,NULL,NULL,NULL,NULL,NULL,NULL,NULL,NULL,NULL,NULL,1,82,'F','undefined','I',NULL,'2022-11-02 00:46:30','admin','2022-11-21 00:46:30',1,'done'),(24,'03.01','2022-11-02 00:43:17','NEGATIVE','',226,'Chance Hemsley',NULL,NULL,NULL,NULL,NULL,NULL,NULL,NULL,NULL,NULL,NULL,NULL,NULL,1,2,'M','undefined','I',NULL,'2022-11-02 00:43:17','admin','2022-11-21 00:43:17',1,'done'),(25,'03.01','2022-11-02 00:42:38','+++','',393,'Hortense Saucedo',NULL,NULL,NULL,NULL,NULL,NULL,NULL,NULL,NULL,NULL,NULL,NULL,NULL,1,41,'F','undefined','I',NULL,'2022-11-02 00:42:38','admin','2022-11-21 00:42:38',1,'done'),(26,'03.01','2022-11-02 00:43:42','NEGATIVE','',426,'Lemmer Chance',NULL,NULL,NULL,NULL,NULL,NULL,NULL,NULL,NULL,NULL,NULL,NULL,NULL,1,2,'M','undefined','I',NULL,'2022-11-02 00:43:42','admin','2022-11-21 00:43:42',1,'done'),(27,'03.01','2022-11-02 00:46:20','+','',262,'Dean Criger',NULL,NULL,NULL,NULL,NULL,NULL,NULL,NULL,NULL,NULL,NULL,NULL,NULL,1,3,'M','undefined','I',NULL,'2022-11-02 00:46:20','admin','2022-11-21 00:46:20',1,'done'),(28,'03.01','2022-11-02 00:37:36','++','',384,'Astrid Kreiger',NULL,NULL,NULL,NULL,NULL,NULL,NULL,NULL,NULL,NULL,NULL,NULL,NULL,1,19,'F','undefined','I',NULL,'2022-11-02 00:37:36','admin','2022-11-21 00:37:36',1,'done'),(29,'03.01','2022-11-02 00:45:13','+++','',239,'Marylyn Reynold',NULL,NULL,NULL,NULL,NULL,NULL,NULL,NULL,NULL,NULL,NULL,NULL,NULL,1,9,'M','undefined','I',NULL,'2022-11-02 00:45:13','admin','2022-11-21 00:45:13',1,'done'),(30,'URI','2022-11-02 00:45:23','Multiple results','',149,'Glenda Selley',NULL,NULL,NULL,NULL,NULL,NULL,NULL,NULL,NULL,NULL,NULL,NULL,NULL,1,50,'M','undefined','O',NULL,'2022-11-02 00:45:23','admin','2022-11-21 00:45:23',1,'done'),(31,'01.01','2022-11-02 00:44:41','< 6','',347,'Jere Hutcheson',NULL,NULL,NULL,NULL,NULL,NULL,NULL,NULL,NULL,NULL,NULL,NULL,NULL,1,40,'F','undefined','I',NULL,'2022-11-02 00:44:41','admin','2022-11-21 00:44:41',1,'done'),(32,'02.01','2022-11-02 00:43:12','O RH+','',290,'Kenna Joesph',NULL,NULL,NULL,NULL,NULL,NULL,NULL,NULL,NULL,NULL,NULL,NULL,NULL,1,61,'M','undefined','O',NULL,'2022-11-02 00:43:12','admin','2022-11-21 00:43:12',1,'done'),(33,'URI','2022-11-02 00:42:03','Multiple results','',42,'Geremy Anthon',NULL,NULL,NULL,NULL,NULL,NULL,NULL,NULL,NULL,NULL,NULL,NULL,NULL,1,53,'M','undefined','O',NULL,'2022-11-02 00:42:03','admin','2022-11-21 00:42:03',1,'done'),(34,'01.02','2022-11-02 00:43:02','4000 - 7000 (NORMAL)','',326,'Nathanael Raborn',NULL,NULL,NULL,NULL,NULL,NULL,NULL,NULL,NULL,NULL,NULL,NULL,NULL,1,36,'M','undefined','O',NULL,'2022-11-02 00:43:02','admin','2022-11-21 00:43:02',1,'done'),(35,'03.01','2022-11-02 00:37:40','+','6 month old',242,'Ferdinand Bumpers',NULL,NULL,NULL,NULL,NULL,NULL,NULL,NULL,NULL,NULL,NULL,NULL,NULL,1,6,'M','undefined','I',NULL,'2022-11-02 00:37:40','admin','2022-11-21 00:37:40',1,'done'),(36,'03.01','2022-11-02 00:37:28','++','9months old',284,'Denita Allard',NULL,NULL,NULL,NULL,NULL,NULL,NULL,NULL,NULL,NULL,NULL,NULL,NULL,1,0,'M','undefined','I',NULL,'2022-11-02 00:37:28','admin','2022-11-21 00:37:28',1,'done'),(37,'03.01','2022-11-02 00:42:48','NEGATIVE','',228,'Jaqueline Davila',NULL,NULL,NULL,NULL,NULL,NULL,NULL,NULL,NULL,NULL,NULL,NULL,NULL,1,1,'F','undefined','I',NULL,'2022-11-02 00:42:48','admin','2022-11-21 00:42:48',1,'done'),(38,'03.01','2022-11-02 00:43:33','+','',326,'Nathanael Raborn',NULL,NULL,NULL,NULL,NULL,NULL,NULL,NULL,NULL,NULL,NULL,NULL,NULL,1,36,'M','undefined','O',NULL,'2022-11-02 00:43:33','admin','2022-11-21 00:43:33',1,'done'),(39,'03.01','2022-11-02 00:42:57','FEW','',314,'Shon Dark',NULL,NULL,NULL,NULL,NULL,NULL,NULL,NULL,NULL,NULL,NULL,NULL,NULL,1,41,'M','undefined','O',NULL,'2022-11-02 00:42:57','admin','2022-11-21 00:42:57',1,'done'),(40,'03.01','2022-11-02 00:45:40','+','',338,'Raul Koski',NULL,NULL,NULL,NULL,NULL,NULL,NULL,NULL,NULL,NULL,NULL,NULL,NULL,1,33,'M','undefined','O',NULL,'2022-11-02 00:45:40','admin','2022-11-21 00:45:40',1,'done'),(41,'01.01','2022-11-02 00:42:08','6 - 12','2 Years and 4 Months',265,'Mable Keefe',NULL,NULL,NULL,NULL,NULL,NULL,NULL,NULL,NULL,NULL,NULL,NULL,NULL,1,2,'F','undefined','I',NULL,'2022-11-02 00:42:08','admin','2022-11-21 00:42:08',1,'done'),(42,'01.01','2022-11-02 00:43:48','< 6','',222,'Hans Judd',NULL,NULL,NULL,NULL,NULL,NULL,NULL,NULL,NULL,NULL,NULL,NULL,NULL,1,33,'M','undefined','I',NULL,'2022-11-02 00:43:48','admin','2022-11-21 00:43:48',1,'done'),(43,'02.01','2022-11-02 00:44:26','O RH+','',306,'Ahmad Nantz',NULL,NULL,NULL,NULL,NULL,NULL,NULL,NULL,NULL,NULL,NULL,NULL,NULL,1,28,'M','undefined','O',NULL,'2022-11-02 00:44:26','admin','2022-11-21 00:44:26',1,'done'),(44,'03.01','2022-11-02 00:37:45','++','',206,'Fredrick Marsden',NULL,NULL,NULL,NULL,NULL,NULL,NULL,NULL,NULL,NULL,NULL,NULL,NULL,1,39,'F','undefined','I',NULL,'2022-11-02 00:37:45','admin','2022-11-21 00:37:45',1,'done'),(45,'03.01','2022-11-02 00:44:04','NEGATIVE','',218,'Jenni Kinlaw',NULL,NULL,NULL,NULL,NULL,NULL,NULL,NULL,NULL,NULL,NULL,NULL,NULL,1,44,'M','undefined','I',NULL,'2022-11-02 00:44:04','admin','2022-11-21 00:44:04',1,'done'),(46,'01.01','2022-11-02 00:44:58','< 6','',249,'Renna Konieczny',NULL,NULL,NULL,NULL,NULL,NULL,NULL,NULL,NULL,NULL,NULL,NULL,NULL,1,0,'M','undefined','I',NULL,'2022-11-02 00:44:58','admin','2022-11-21 00:44:58',1,'done'),(47,'03.01','2022-11-02 00:43:22','+','',216,'Ellie Jen',NULL,NULL,NULL,NULL,NULL,NULL,NULL,NULL,NULL,NULL,NULL,NULL,NULL,1,35,'M','undefined','I',NULL,'2022-11-02 00:43:22','admin','2022-11-21 00:43:22',1,'done'),(48,'02.01','2022-11-02 00:42:43','A RH+','',437,'Hagwood Velma',NULL,NULL,NULL,NULL,NULL,NULL,NULL,NULL,NULL,NULL,NULL,NULL,NULL,1,7,'F','undefined','I',NULL,'2022-11-02 00:42:43','admin','2022-11-21 00:42:43',1,'done'),(49,'03.01','2022-11-02 00:42:14','NEGATIVE','',226,'Chance Hemsley',NULL,NULL,NULL,NULL,NULL,NULL,NULL,NULL,NULL,NULL,NULL,NULL,NULL,1,2,'M','undefined','I',NULL,'2022-11-02 00:42:14','admin','2022-11-21 00:42:14',1,'done'),(50,'URI','2022-11-02 00:37:50','Multiple results','',44,'Ossie Chick',NULL,NULL,NULL,NULL,NULL,NULL,NULL,NULL,NULL,NULL,NULL,NULL,NULL,1,58,'M','undefined','I',NULL,'2022-11-02 00:37:50','admin','2022-11-21 00:37:50',1,'done'),(51,'01.01','2022-11-02 00:42:53','< 6','Five months',507,'Westermann Fred',NULL,NULL,NULL,NULL,NULL,NULL,NULL,NULL,NULL,NULL,NULL,NULL,NULL,1,21,'M','undefined','O',NULL,'2022-11-02 00:42:53','admin','2022-11-21 00:42:53',1,'done'),(52,'03.01','2022-11-02 00:50:03','NEGATIVE','',147,'Norah Audia',NULL,NULL,NULL,NULL,NULL,NULL,NULL,NULL,NULL,NULL,NULL,NULL,NULL,1,39,'M','undefined','O',NULL,'2022-11-02 00:50:03','admin','2022-11-21 00:50:03',1,'done'),(53,'URI','2022-11-02 00:38:00','Multiple results','',66,'Trudie Liller',NULL,NULL,NULL,NULL,NULL,NULL,NULL,NULL,NULL,NULL,NULL,NULL,NULL,1,45,'M','undefined','I',NULL,'2022-11-02 00:38:00','admin','2022-11-21 00:38:00',1,'done'),(54,'03.01','2022-11-02 00:43:08','NEGATIVE','',55,'Julietta Eslinger',NULL,NULL,NULL,NULL,NULL,NULL,NULL,NULL,NULL,NULL,NULL,NULL,NULL,1,29,'M','undefined','O',NULL,'2022-11-02 00:43:08','admin','2022-11-21 00:43:08',1,'done'),(55,'03.01','2022-11-02 00:43:38','NEGATIVE','',344,'Manual Rowse',NULL,NULL,NULL,NULL,NULL,NULL,NULL,NULL,NULL,NULL,NULL,NULL,NULL,1,43,'M','undefined','O',NULL,'2022-11-02 00:43:38','admin','2022-11-21 00:43:38',1,'done'),(56,'URI','2022-11-02 00:43:53','Multiple results','',239,'Marylyn Reynold',NULL,NULL,NULL,NULL,NULL,NULL,NULL,NULL,NULL,NULL,NULL,NULL,NULL,1,9,'M','undefined','I',NULL,'2022-11-02 00:43:53','admin','2022-11-21 00:43:53',1,'done'),(57,'03.01','2022-11-02 00:47:02','NEGATIVE','',348,'Carlo Meche',NULL,NULL,NULL,NULL,NULL,NULL,NULL,NULL,NULL,NULL,NULL,NULL,NULL,1,40,'F','undefined','I',NULL,'2022-11-02 00:47:02','admin','2022-11-21 00:47:02',1,'done'),(58,'01.02','2022-11-02 00:45:58','4000 - 7000 (NORMAL)','',222,'Hans Judd',NULL,NULL,NULL,NULL,NULL,NULL,NULL,NULL,NULL,NULL,NULL,NULL,NULL,1,33,'M','undefined','I',NULL,'2022-11-02 00:45:58','admin','2022-11-21 00:45:58',1,'done'),(59,'03.01','2022-11-02 00:44:52','FEW','',418,'Basil Berta',NULL,NULL,NULL,NULL,NULL,NULL,NULL,NULL,NULL,NULL,NULL,NULL,NULL,1,1,'F','undefined','I',NULL,'2022-11-02 00:44:52','admin','2022-11-21 00:44:52',1,'done'),(60,'01.01','2022-11-02 00:44:15','< 6','5months old',395,'Analisa Mccutchan',NULL,NULL,NULL,NULL,NULL,NULL,NULL,NULL,NULL,NULL,NULL,NULL,NULL,1,0,'F','undefined','I',NULL,'2022-11-02 00:44:15','admin','2022-11-21 00:44:15',1,'done'),(61,'01.02','2022-11-02 00:38:05','> 7000 (HIGH)','',46,'Zenaida Bardsley',NULL,NULL,NULL,NULL,NULL,NULL,NULL,NULL,NULL,NULL,NULL,NULL,NULL,1,50,'M','undefined','I',NULL,'2022-11-02 00:38:05','admin','2022-11-21 00:38:05',1,'done'),(63,'01.06','2022-11-02 00:43:28','NEGATIVE','',228,'Jaqueline Davila',NULL,NULL,NULL,NULL,NULL,NULL,NULL,NULL,NULL,NULL,NULL,NULL,NULL,1,1,'F','undefined','I',NULL,'2022-11-02 00:43:28','admin','2022-11-21 00:43:28',1,'done'),(64,'03.01','2022-11-02 00:44:31','NEGATIVE','',309,'Deangelo Necessary',NULL,NULL,NULL,NULL,NULL,NULL,NULL,NULL,NULL,NULL,NULL,NULL,NULL,1,47,'M','undefined','O',NULL,'2022-11-02 00:44:31','admin','2022-11-21 00:44:31',1,'done'),(65,'03.01','2022-11-02 00:46:16','NEGATIVE','',392,'Blanca Villanova',NULL,NULL,NULL,NULL,NULL,NULL,NULL,NULL,NULL,NULL,NULL,NULL,NULL,1,2,'M','undefined','I',NULL,'2022-11-02 00:46:16','admin','2022-11-21 00:46:16',1,'done'),(66,'03.01','2022-11-02 00:38:09','FEW','',67,'Tobias Dimaggio',NULL,NULL,NULL,NULL,NULL,NULL,NULL,NULL,NULL,NULL,NULL,NULL,NULL,1,28,'M','undefined','I',NULL,'2022-11-02 00:38:09','admin','2022-11-21 00:38:09',1,'done'),(67,'03.01','2022-11-02 00:44:00','NEGATIVE','',371,'Terrilyn Lara',NULL,NULL,NULL,NULL,NULL,NULL,NULL,NULL,NULL,NULL,NULL,NULL,NULL,1,30,'F','undefined','I',NULL,'2022-11-02 00:44:00','admin','2022-11-21 00:44:00',1,'done'),(68,'URI','2022-11-02 00:45:09','Multiple results','',206,'Fredrick Marsden',NULL,NULL,NULL,NULL,NULL,NULL,NULL,NULL,NULL,NULL,NULL,NULL,NULL,1,39,'F','undefined','I',NULL,'2022-11-02 00:45:09','admin','2022-11-21 00:45:09',1,'done'),(69,'03.01','2022-11-02 00:49:01','NEGATIVE','',130,'Otha Duer',NULL,NULL,NULL,NULL,NULL,NULL,NULL,NULL,NULL,NULL,NULL,NULL,NULL,1,25,'F','undefined','I',NULL,'2022-11-02 00:49:01','admin','2022-11-21 00:49:01',1,'done'),(70,'01.01','2022-11-02 00:42:25','6 - 12','',66,'Trudie Liller',NULL,NULL,NULL,NULL,NULL,NULL,NULL,NULL,NULL,NULL,NULL,NULL,NULL,1,45,'M','undefined','I',NULL,'2022-11-02 00:42:25','admin','2022-11-21 00:42:25',1,'done'),(71,'01.02','2022-11-02 00:44:10','4000 - 7000 (NORMAL)','',274,'Denise Mingo',NULL,NULL,NULL,NULL,NULL,NULL,NULL,NULL,NULL,NULL,NULL,NULL,NULL,1,59,'F','undefined','I',NULL,'2022-11-02 00:44:10','admin','2022-11-21 00:44:10',1,'done'),(72,'01.01','2022-11-02 00:44:21','< 6','Seven months',452,'Aja Agosto',NULL,NULL,NULL,NULL,NULL,NULL,NULL,NULL,NULL,NULL,NULL,NULL,NULL,1,0,'F','undefined','I',NULL,'2022-11-02 00:44:21','admin','2022-11-21 00:44:21',1,'done'),(73,'01.01','2022-11-02 00:38:20','6 - 12','',374,'Lavera Janusz',NULL,NULL,NULL,NULL,NULL,NULL,NULL,NULL,NULL,NULL,NULL,NULL,NULL,1,70,'F','undefined','I',NULL,'2022-11-02 00:38:20','admin','2022-11-21 00:38:20',1,'done'),(74,'01.02','2022-11-02 00:49:28','> 7000 (HIGH)','',217,'Anamaria Mcsherry',NULL,NULL,NULL,NULL,NULL,NULL,NULL,NULL,NULL,NULL,NULL,NULL,NULL,1,12,'M','undefined','I',NULL,'2022-11-02 00:49:28','admin','2022-11-21 00:49:28',1,'done'),(75,'URI','2022-11-02 00:45:17','Multiple results','',321,'Roscoe Jemison',NULL,NULL,NULL,NULL,NULL,NULL,NULL,NULL,NULL,NULL,NULL,NULL,NULL,1,66,'M','undefined','O',NULL,'2022-11-02 00:45:17','admin','2022-11-21 00:45:17',1,'done'),(76,'URI','2022-11-02 00:44:46','Multiple results','11months old',270,'Belle Cerny',NULL,NULL,NULL,NULL,NULL,NULL,NULL,NULL,NULL,NULL,NULL,NULL,NULL,1,0,'M','undefined','I',NULL,'2022-11-02 00:44:46','admin','2022-11-21 00:44:46',1,'done'),(77,'01.02','2022-11-02 00:45:32','4000 - 7000 (NORMAL)','',201,'Kelly Varien',NULL,NULL,NULL,NULL,NULL,NULL,NULL,NULL,NULL,NULL,NULL,NULL,NULL,1,68,'F','undefined','O',NULL,'2022-11-02 00:45:32','admin','2022-11-21 00:45:32',1,'done'),(78,'03.01','2022-11-02 00:45:45','NEGATIVE','',331,'Philip Raven',NULL,NULL,NULL,NULL,NULL,NULL,NULL,NULL,NULL,NULL,NULL,NULL,NULL,1,27,'M','undefined','O',NULL,'2022-11-02 00:45:45','admin','2022-11-21 00:45:45',1,'done'),(79,'01.02','2022-11-02 00:44:37','> 7000 (HIGH)','',337,'John Emberton',NULL,NULL,NULL,NULL,NULL,NULL,NULL,NULL,NULL,NULL,NULL,NULL,NULL,1,39,'M','undefined','O',NULL,'2022-11-02 00:44:37','admin','2022-11-21 00:44:37',1,'done'),(80,'07.02','2022-11-02 00:38:15','HIGH','',399,'Shannan Matias',NULL,NULL,NULL,NULL,NULL,NULL,NULL,NULL,NULL,NULL,NULL,NULL,NULL,1,67,'F','undefined','I',NULL,'2022-11-02 00:38:15','admin','2022-11-21 00:38:15',1,'done'),(81,'URI','2022-11-02 00:49:47','Multiple results','',427,'Knoblock Winston',NULL,NULL,NULL,NULL,NULL,NULL,NULL,NULL,NULL,NULL,NULL,NULL,NULL,1,2,'M','undefined','I',NULL,'2022-11-02 00:49:47','admin','2022-11-21 00:49:47',1,'done'),(82,'01.01','2022-11-02 00:39:09','6 - 12','9months old',284,'Denita Allard',NULL,NULL,NULL,NULL,NULL,NULL,NULL,NULL,NULL,NULL,NULL,NULL,NULL,1,0,'M','undefined','I',NULL,'2022-11-02 00:39:09','admin','2022-11-21 00:39:09',1,'done'),(83,'03.01','2022-11-02 00:41:02','++','',374,'Lavera Janusz',NULL,NULL,NULL,NULL,NULL,NULL,NULL,NULL,NULL,NULL,NULL,NULL,NULL,1,70,'F','undefined','I',NULL,'2022-11-02 00:41:02','admin','2022-11-21 00:41:02',1,'done'),(84,'07.02','2022-11-02 00:40:34','NORMAL','2 Years and 4 Months',265,'Mable Keefe',NULL,NULL,NULL,NULL,NULL,NULL,NULL,NULL,NULL,NULL,NULL,NULL,NULL,1,2,'F','undefined','I',NULL,'2022-11-02 00:40:34','admin','2022-11-21 00:40:34',1,'done'),(85,'03.01','2022-11-02 00:40:53','NEGATIVE','',294,'Keltner Josefina',NULL,NULL,NULL,NULL,NULL,NULL,NULL,NULL,NULL,NULL,NULL,NULL,NULL,1,30,'F','undefined','O',NULL,'2022-11-02 00:40:53','admin','2022-11-21 00:40:53',1,'done'),(86,'03.01','2022-11-02 00:40:18','+++','',437,'Hagwood Velma',NULL,NULL,NULL,NULL,NULL,NULL,NULL,NULL,NULL,NULL,NULL,NULL,NULL,1,7,'F','undefined','I',NULL,'2022-11-02 00:40:18','admin','2022-11-21 00:40:18',1,'done'),(87,'03.03','2022-11-02 00:39:41','Multiple results','6years and 8months',279,'Vernell Delnero',NULL,NULL,NULL,NULL,NULL,NULL,NULL,NULL,NULL,NULL,NULL,NULL,NULL,1,0,'F','undefined','I',NULL,'2022-11-02 00:39:41','admin','2022-11-21 00:39:41',1,'done'),(88,'03.03','2022-11-02 00:38:26','Multiple results','',348,'Carlo Meche',NULL,NULL,NULL,NULL,NULL,NULL,NULL,NULL,NULL,NULL,NULL,NULL,NULL,1,40,'F','undefined','I',NULL,'2022-11-02 00:38:26','admin','2022-11-21 00:38:26',1,'done'),(89,'03.03','2022-11-02 00:41:42','Multiple results','',335,'Branden Provenzano',NULL,NULL,NULL,NULL,NULL,NULL,NULL,NULL,NULL,NULL,NULL,NULL,NULL,1,75,'M','undefined','O',NULL,'2022-11-02 00:41:42','admin','2022-11-21 00:41:42',1,'done'),(90,'01.02','2022-11-02 00:40:44','4000 - 7000 (NORMAL)','',298,'Crystal Venessa',NULL,NULL,NULL,NULL,NULL,NULL,NULL,NULL,NULL,NULL,NULL,NULL,NULL,1,59,'F','undefined','O',NULL,'2022-11-02 00:40:44','admin','2022-11-21 00:40:44',1,'done'),(92,'03.01','2022-11-02 00:49:17','NEGATIVE','',222,'Hans Judd',NULL,NULL,NULL,NULL,NULL,NULL,NULL,NULL,NULL,NULL,NULL,NULL,NULL,1,33,'M','undefined','I',NULL,'2022-11-02 00:49:17','admin','2022-11-21 00:49:17',1,'done'),(94,'01.01','2022-11-02 00:39:35','< 6','',378,'Jayson Estep',NULL,NULL,NULL,NULL,NULL,NULL,NULL,NULL,NULL,NULL,NULL,NULL,NULL,1,29,'M','undefined','I',NULL,'2022-11-02 00:39:35','admin','2022-11-21 00:39:35',1,'done'),(95,'01.02','2022-11-02 00:46:11','> 7000 (HIGH)','',218,'Jenni Kinlaw',NULL,NULL,NULL,NULL,NULL,NULL,NULL,NULL,NULL,NULL,NULL,NULL,NULL,1,44,'M','undefined','I',NULL,'2022-11-02 00:46:11','admin','2022-11-21 00:46:11',1,'done'),(96,'03.01','2022-11-02 00:46:25','+','',408,'Fyock Ashley',NULL,NULL,NULL,NULL,NULL,NULL,NULL,NULL,NULL,NULL,NULL,NULL,NULL,1,47,'F','undefined','I',NULL,'2022-11-02 00:46:25','admin','2022-11-21 00:46:25',1,'done'),(97,'03.01','2022-11-02 00:39:14','++','',246,'Denna Fredrickson',NULL,NULL,NULL,NULL,NULL,NULL,NULL,NULL,NULL,NULL,NULL,NULL,NULL,1,11,'M','undefined','I',NULL,'2022-11-02 00:39:14','admin','2022-11-21 00:39:14',1,'done'),(98,'03.01','2022-11-02 00:41:11','FEW','7months with Maiaria.',473,'Roxane Taplin',NULL,NULL,NULL,NULL,NULL,NULL,NULL,NULL,NULL,NULL,NULL,NULL,NULL,1,2,'M','undefined','I',NULL,'2022-11-02 00:41:11','admin','2022-11-21 00:41:11',1,'done'),(99,'03.03','2022-11-02 00:38:33','Multiple results','',258,'Carmelina Rauch',NULL,NULL,NULL,NULL,NULL,NULL,NULL,NULL,NULL,NULL,NULL,NULL,NULL,1,5,'M','undefined','I',NULL,'2022-11-02 00:38:33','admin','2022-11-21 00:38:33',1,'done'),(100,'03.01','2022-11-02 00:34:45','++','',45,'Arden Pickford',NULL,NULL,NULL,NULL,NULL,NULL,NULL,NULL,NULL,NULL,NULL,NULL,NULL,1,50,'M','undefined','O',NULL,'2022-11-02 00:34:45','admin','2022-11-21 00:34:45',1,'done'),(101,'03.01','2022-11-02 00:40:13','NEGATIVE','',358,'Tania Maxton',NULL,NULL,NULL,NULL,NULL,NULL,NULL,NULL,NULL,NULL,NULL,NULL,NULL,1,16,'F','undefined','I',NULL,'2022-11-02 00:40:13','admin','2022-11-21 00:40:13',1,'done'),(102,'03.01','2022-11-02 00:40:48','NEGATIVE','',221,'Mervin Altom',NULL,NULL,NULL,NULL,NULL,NULL,NULL,NULL,NULL,NULL,NULL,NULL,NULL,1,33,'M','undefined','I',NULL,'2022-11-02 00:40:48','admin','2022-11-21 00:40:48',1,'done'),(103,'03.01','2022-11-02 00:38:55','NEGATIVE','1year and 10months',268,'Alexis Rinke',NULL,NULL,NULL,NULL,NULL,NULL,NULL,NULL,NULL,NULL,NULL,NULL,NULL,1,0,'F','undefined','I',NULL,'2022-11-02 00:38:55','admin','2022-11-21 00:38:55',1,'done'),(104,'01.02','2022-11-02 00:41:51','> 7000 (HIGH)','',172,'Eddy Rambin',NULL,NULL,NULL,NULL,NULL,NULL,NULL,NULL,NULL,NULL,NULL,NULL,NULL,1,22,'F','blood','I',NULL,'2022-11-02 00:41:51','admin','2022-11-21 00:41:51',1,'done'),(105,'02.02','2022-11-02 00:50:26','NEGATIVE','6months 0ld',404,'Genevie Stermer',NULL,NULL,NULL,NULL,NULL,NULL,NULL,NULL,NULL,NULL,NULL,NULL,NULL,1,0,'F','undefined','I',NULL,'2022-11-02 00:50:26','admin','2022-11-21 00:50:26',1,'done'),(106,'03.01','2022-11-02 00:39:20','NEGATIVE','',381,'Marna Linwood',NULL,NULL,NULL,NULL,NULL,NULL,NULL,NULL,NULL,NULL,NULL,NULL,NULL,1,22,'M','undefined','I',NULL,'2022-11-02 00:39:20','admin','2022-11-21 00:39:20',1,'done'),(107,'03.01','2022-11-02 00:39:46','+++','',472,'Tod Rodrigues',NULL,NULL,NULL,NULL,NULL,NULL,NULL,NULL,NULL,NULL,NULL,NULL,NULL,1,1,'F','undefined','I',NULL,'2022-11-02 00:39:46','admin','2022-11-21 00:39:46',1,'done'),(108,'03.01','2022-11-02 00:40:58','++++','',258,'Carmelina Rauch',NULL,NULL,NULL,NULL,NULL,NULL,NULL,NULL,NULL,NULL,NULL,NULL,NULL,1,5,'M','undefined','I',NULL,'2022-11-02 00:40:58','admin','2022-11-21 00:40:58',1,'done'),(109,'03.01','2022-11-02 00:38:39','++','',45,'Arden Pickford',NULL,NULL,NULL,NULL,NULL,NULL,NULL,NULL,NULL,NULL,NULL,NULL,NULL,1,50,'M','undefined','O',NULL,'2022-11-02 00:38:39','admin','2022-11-21 00:38:39',1,'done'),(110,'03.01','2022-11-02 00:40:22','NEGATIVE','',319,'Solomon Stackpole',NULL,NULL,NULL,NULL,NULL,NULL,NULL,NULL,NULL,NULL,NULL,NULL,NULL,1,17,'M','undefined','O',NULL,'2022-11-02 00:40:22','admin','2022-11-21 00:40:22',1,'done'),(111,'03.01','2022-11-02 00:39:59','++','',69,'Arica Sherwood',NULL,NULL,NULL,NULL,NULL,NULL,NULL,NULL,NULL,NULL,NULL,NULL,NULL,1,35,'M','undefined','I',NULL,'2022-11-02 00:39:59','admin','2022-11-21 00:39:59',1,'done'),(112,'03.01','2022-11-02 00:39:31','NEGATIVE','1year and 10months',268,'Alexis Rinke',NULL,NULL,NULL,NULL,NULL,NULL,NULL,NULL,NULL,NULL,NULL,NULL,NULL,1,0,'F','undefined','I',NULL,'2022-11-02 00:39:31','admin','2022-11-21 00:39:31',1,'done'),(113,'03.01','2022-11-02 00:38:48','FEW','',430,'Hemsley Mohammad',NULL,NULL,NULL,NULL,NULL,NULL,NULL,NULL,NULL,NULL,NULL,NULL,NULL,1,1,'M','undefined','I',NULL,'2022-11-02 00:38:48','admin','2022-11-21 00:38:48',1,'done'),(114,'03.01','2022-11-02 00:41:20','NEGATIVE','',181,'Stuart Batts',NULL,NULL,NULL,NULL,NULL,NULL,NULL,NULL,NULL,NULL,NULL,NULL,NULL,1,76,'M','undefined','O',NULL,'2022-11-02 00:41:20','admin','2022-11-21 00:41:20',1,'done'),(115,'03.01','2022-11-02 00:40:39','+++','',224,'Daphine Mclendon',NULL,NULL,NULL,NULL,NULL,NULL,NULL,NULL,NULL,NULL,NULL,NULL,NULL,1,34,'M','undefined','I',NULL,'2022-11-02 00:40:39','admin','2022-11-21 00:40:39',1,'done'),(116,'07.03.4','2022-11-02 00:39:53','Multiple Results','',67,'Tobias Dimaggio',NULL,NULL,NULL,NULL,NULL,NULL,NULL,NULL,NULL,NULL,NULL,NULL,NULL,1,28,'M','undefined','I',NULL,'2022-11-02 00:39:53','admin','2022-11-21 00:39:53',1,'done'),(117,'03.01','2022-11-02 00:45:52','++','',252,'Laquita Stefano',NULL,NULL,NULL,NULL,NULL,NULL,NULL,NULL,NULL,NULL,NULL,NULL,NULL,1,1,'M','undefined','I',NULL,'2022-11-02 00:45:52','admin','2022-11-21 00:45:52',1,'done'),(118,'01.01','2022-11-02 00:49:32','6 - 12','',354,'Kurt Beckmann',NULL,NULL,NULL,NULL,NULL,NULL,NULL,NULL,NULL,NULL,NULL,NULL,NULL,1,38,'F','undefined','I',NULL,'2022-11-02 00:49:32','admin','2022-11-21 00:49:32',1,'done'),(119,'03.01','2022-11-02 00:48:57','+++','',367,'Katrice Alderson',NULL,NULL,NULL,NULL,NULL,NULL,NULL,NULL,NULL,NULL,NULL,NULL,NULL,1,17,'F','undefined','I',NULL,'2022-11-02 00:48:57','admin','2022-11-21 00:48:57',1,'done'),(120,'URI','2022-11-02 00:40:06','Multiple results','',247,'Jestine Dacruz',NULL,NULL,NULL,NULL,NULL,NULL,NULL,NULL,NULL,NULL,NULL,NULL,NULL,1,1,'F','undefined','I',NULL,'2022-11-02 00:40:06','admin','2022-11-21 00:40:06',1,'done'),(121,'01.01','2022-11-02 00:41:25','6 - 12','',297,'Synthia Drakeford',NULL,NULL,NULL,NULL,NULL,NULL,NULL,NULL,NULL,NULL,NULL,NULL,NULL,1,19,'M','undefined','O',NULL,'2022-11-02 00:41:25','admin','2022-11-21 00:41:25',1,'done'),(122,'03.03','2022-11-02 00:40:29','Multiple results','',463,'Anissa Jorgensen',NULL,NULL,NULL,NULL,NULL,NULL,NULL,NULL,NULL,NULL,NULL,NULL,NULL,1,47,'F','undefined','I',NULL,'2022-11-02 00:40:29','admin','2022-11-21 00:40:29',1,'done'),(123,'03.01','2022-11-02 00:39:02','NEGATIVE','',403,'Moua Faustino',NULL,NULL,NULL,NULL,NULL,NULL,NULL,NULL,NULL,NULL,NULL,NULL,NULL,1,60,'M','undefined','I',NULL,'2022-11-02 00:39:02','admin','2022-11-21 00:39:02',1,'done'),(124,'URI','2022-11-02 00:41:15','Multiple results','',68,'Forrest Cripe',NULL,NULL,NULL,NULL,NULL,NULL,NULL,NULL,NULL,NULL,NULL,NULL,NULL,1,32,'M','undefined','O',NULL,'2022-11-02 00:41:15','admin','2022-11-21 00:41:15',1,'done'),(125,'06.01','2022-11-02 00:41:07','NEGATIVE','',427,'Knoblock Winston',NULL,NULL,NULL,NULL,NULL,NULL,NULL,NULL,NULL,NULL,NULL,NULL,NULL,1,2,'M','undefined','I',NULL,'2022-11-02 00:41:07','admin','2022-11-21 00:41:07',1,'done'),(129,'01.02','2022-11-02 00:49:22','> 7000 (HIGH)','10 months old',232,'Jaeger Laureen',NULL,NULL,NULL,NULL,NULL,NULL,NULL,NULL,NULL,NULL,NULL,NULL,NULL,1,10,'F','undefined','I',NULL,'2022-11-02 00:49:22','admin','2022-11-21 00:49:22',1,'done'),(130,'06.02','2022-11-03 01:41:32','POSITIVE','',399,'Shannan Matias',NULL,NULL,NULL,NULL,NULL,NULL,NULL,NULL,NULL,NULL,NULL,NULL,NULL,1,67,'F','undefined','I',NULL,'2022-11-03 01:41:32','admin','2022-11-21 01:41:32',1,'done'),(131,'01.01','2022-11-03 01:31:12','6 - 12','',289,'Karen Dewall',NULL,NULL,NULL,NULL,NULL,NULL,NULL,NULL,NULL,NULL,NULL,NULL,NULL,1,70,'M','undefined','O',NULL,'2022-11-03 01:31:12','admin','2022-11-21 01:31:12',1,'done'),(132,'03.01','2022-11-03 01:41:02','NEGATIVE','',305,'Grose Rosalba',NULL,NULL,NULL,NULL,NULL,NULL,NULL,NULL,NULL,NULL,NULL,NULL,NULL,1,57,'F','undefined','O',NULL,'2022-11-03 01:41:02','admin','2022-11-21 01:41:02',1,'done'),(133,'01.01','2022-11-03 01:16:44','< 6','',422,'Etherton Hong',NULL,NULL,NULL,NULL,NULL,NULL,NULL,NULL,NULL,NULL,NULL,NULL,NULL,1,20,'M','undefined','I',NULL,'2022-11-03 01:16:44','admin','2022-11-21 01:16:44',1,'done'),(134,'01.02','2022-11-03 01:40:38','4000 - 7000 (NORMAL)','',331,'Philip Raven',NULL,NULL,NULL,NULL,NULL,NULL,NULL,NULL,NULL,NULL,NULL,NULL,NULL,1,27,'M','undefined','O',NULL,'2022-11-03 01:40:38','admin','2022-11-21 01:40:38',1,'done'),(135,'06.04','2022-11-03 01:00:47','NEGATIVE','',399,'Shannan Matias',NULL,NULL,NULL,NULL,NULL,NULL,NULL,NULL,NULL,NULL,NULL,NULL,NULL,1,67,'F','undefined','I',NULL,'2022-11-03 01:00:47','admin','2022-11-21 01:00:47',1,'done'),(136,'03.01','2022-11-03 01:23:27','++','10 months old',232,'Jaeger Laureen',NULL,NULL,NULL,NULL,NULL,NULL,NULL,NULL,NULL,NULL,NULL,NULL,NULL,1,10,'F','undefined','I',NULL,'2022-11-03 01:23:27','admin','2022-11-21 01:23:27',1,'done'),(137,'06.04','2022-11-03 00:53:20','NEGATIVE','',219,'Jerrie Meares',NULL,NULL,NULL,NULL,NULL,NULL,NULL,NULL,NULL,NULL,NULL,NULL,NULL,1,76,'M','undefined','I',NULL,'2022-11-03 00:53:20','admin','2022-11-21 00:53:20',1,'done'),(138,'01.02','2022-11-03 01:30:50','> 7000 (HIGH)','',170,'Cary Shell',NULL,NULL,NULL,NULL,NULL,NULL,NULL,NULL,NULL,NULL,NULL,NULL,NULL,1,18,'F','undefined','O',NULL,'2022-11-03 01:30:50','admin','2022-11-21 01:30:50',1,'done'),(139,'01.01','2022-11-03 01:00:36','< 6','',316,'Jerrod Vitela',NULL,NULL,NULL,NULL,NULL,NULL,NULL,NULL,NULL,NULL,NULL,NULL,NULL,1,75,'M','undefined','O',NULL,'2022-11-03 01:00:36','admin','2022-11-21 01:00:36',1,'done'),(140,'03.03','2022-11-03 01:31:33','Multiple results','',237,'Aurora Ritenour',NULL,NULL,NULL,NULL,NULL,NULL,NULL,NULL,NULL,NULL,NULL,NULL,NULL,1,1,'M','undefined','I',NULL,'2022-11-03 01:31:33','admin','2022-11-21 01:31:33',1,'done'),(141,'03.01','2022-11-03 01:30:25','NEGATIVE','Seven months',447,'Amos Crooks',NULL,NULL,NULL,NULL,NULL,NULL,NULL,NULL,NULL,NULL,NULL,NULL,NULL,1,0,'M','undefined','I',NULL,'2022-11-03 01:30:25','admin','2022-11-21 01:30:25',1,'done'),(142,'05.07','2022-11-03 00:53:07','NEGATIVE','',82,'Outlaw Kerry',NULL,NULL,NULL,NULL,NULL,NULL,NULL,NULL,NULL,NULL,NULL,NULL,NULL,1,61,'F','undefined','O',NULL,'2022-11-03 00:53:07','admin','2022-11-21 00:53:07',1,'done'),(143,'01.01','2022-11-03 01:16:26','6 - 12','',311,'Vincent Arata',NULL,NULL,NULL,NULL,NULL,NULL,NULL,NULL,NULL,NULL,NULL,NULL,NULL,1,82,'M','undefined','O',NULL,'2022-11-03 01:16:26','admin','2022-11-21 01:16:26',1,'done'),(145,'03.01','2022-11-03 01:16:18','FEW','',111,'Torie Roberto',NULL,NULL,NULL,NULL,NULL,NULL,NULL,NULL,NULL,NULL,NULL,NULL,NULL,1,40,'F','undefined','I',NULL,'2022-11-03 01:16:18','admin','2022-11-21 01:16:18',1,'done'),(146,'03.01','2022-11-03 00:52:41','NEGATIVE','',320,'Hauger Stacy',NULL,NULL,NULL,NULL,NULL,NULL,NULL,NULL,NULL,NULL,NULL,NULL,NULL,1,48,'F','undefined','O',NULL,'2022-11-03 00:52:41','admin','2022-11-21 00:52:41',1,'done'),(147,'03.024','2022-11-03 01:00:28','NEGATIVE','',399,'Shannan Matias',NULL,NULL,NULL,NULL,NULL,NULL,NULL,NULL,NULL,NULL,NULL,NULL,NULL,1,67,'F','undefined','I',NULL,'2022-11-03 01:00:28','admin','2022-11-21 01:00:28',1,'done'),(148,'03.01','2022-11-03 01:17:21','++++','',299,'Annie Junior',NULL,NULL,NULL,NULL,NULL,NULL,NULL,NULL,NULL,NULL,NULL,NULL,NULL,1,35,'M','undefined','O',NULL,'2022-11-03 01:17:21','admin','2022-11-21 01:17:21',1,'done'),(149,'01.01','2022-11-03 00:34:34','< 6','',399,'Shannan Matias',NULL,NULL,NULL,NULL,NULL,NULL,NULL,NULL,NULL,NULL,NULL,NULL,NULL,1,67,'F','sputum','I',NULL,'2022-11-03 00:34:34','admin','2022-11-21 00:34:34',1,'done'),(150,'06.04','2022-11-03 00:53:33','++++','',488,'Glennis Isabelle',NULL,NULL,NULL,NULL,NULL,NULL,NULL,NULL,NULL,NULL,NULL,NULL,NULL,1,6,'F','undefined','O',NULL,'2022-11-03 00:53:33','admin','2022-11-21 00:53:33',1,'done'),(151,'01.01','2022-11-03 01:16:38','6 - 12','',59,'Gertha Winkel',NULL,NULL,NULL,NULL,NULL,NULL,NULL,NULL,NULL,NULL,NULL,NULL,NULL,1,15,'M','undefined','O',NULL,'2022-11-03 01:16:38','admin','2022-11-21 01:16:38',1,'done'),(152,'07.04.2','2022-11-03 01:01:00','NEGATIVE','1year and 7months',342,'Hyman Ellard',NULL,NULL,NULL,NULL,NULL,NULL,NULL,NULL,NULL,NULL,NULL,NULL,NULL,1,1,'M','undefined','I',NULL,'2022-11-03 01:01:00','admin','2022-11-21 01:01:00',1,'done'),(153,'03.03','2022-11-03 00:51:47','Multiple results','',82,'Outlaw Kerry',NULL,NULL,NULL,NULL,NULL,NULL,NULL,NULL,NULL,NULL,NULL,NULL,NULL,1,61,'F','undefined','O',NULL,'2022-11-03 00:51:47','admin','2022-11-21 00:51:47',1,'done'),(154,'06.05','2022-11-03 00:52:34','NEGATIVE','',117,'Rickie Natera',NULL,NULL,NULL,NULL,NULL,NULL,NULL,NULL,NULL,NULL,NULL,NULL,NULL,1,24,'F','undefined','I',NULL,'2022-11-03 00:52:34','admin','2022-11-21 00:52:34',1,'done'),(155,'06.04','2022-11-03 01:01:20','+++','',352,'Dean Jarvis',NULL,NULL,NULL,NULL,NULL,NULL,NULL,NULL,NULL,NULL,NULL,NULL,NULL,1,39,'F','undefined','I',NULL,'2022-11-03 01:01:20','admin','2022-11-21 01:01:20',1,'done'),(156,'05.06','2022-11-03 00:52:55','+','',250,'Krystina Deville',NULL,NULL,NULL,NULL,NULL,NULL,NULL,NULL,NULL,NULL,NULL,NULL,NULL,1,0,'M','tissues','I',NULL,'2022-11-03 00:52:55','admin','2022-11-21 00:52:55',1,'done'),(157,'03.01','2022-11-03 01:16:52','FEW','',329,'Santo Rausch',NULL,NULL,NULL,NULL,NULL,NULL,NULL,NULL,NULL,NULL,NULL,NULL,NULL,1,45,'M','undefined','O',NULL,'2022-11-03 01:16:52','admin','2022-11-21 01:16:52',1,'done'),(158,'07.02','2022-11-03 01:23:13','LOW','',121,'Michiko Rathke',NULL,NULL,NULL,NULL,NULL,NULL,NULL,NULL,NULL,NULL,NULL,NULL,NULL,1,60,'F','undefined','I',NULL,'2022-11-03 01:23:13','admin','2022-11-21 01:23:13',1,'done'),(159,'01.01','2022-11-03 01:17:02','6 - 12','',290,'Kenna Joesph',NULL,NULL,NULL,NULL,NULL,NULL,NULL,NULL,NULL,NULL,NULL,NULL,NULL,1,61,'M','undefined','O',NULL,'2022-11-03 01:17:02','admin','2022-11-21 01:17:02',1,'done'),(160,'01.06','2022-11-03 01:27:25','NEGATIVE','',214,'Ken Wicker',NULL,NULL,NULL,NULL,NULL,NULL,NULL,NULL,NULL,NULL,NULL,NULL,NULL,1,52,'M','tissues','I',NULL,'2022-11-03 01:27:25','admin','2022-11-21 01:27:25',1,'done'),(161,'URI','2022-11-03 01:27:37','Multiple results','',263,'Artie Beebe',NULL,NULL,NULL,NULL,NULL,NULL,NULL,NULL,NULL,NULL,NULL,NULL,NULL,1,8,'M','undefined','I',NULL,'2022-11-03 01:27:37','admin','2022-11-21 01:27:37',1,'done'),(162,'01.01','2022-11-03 01:28:11','< 6','',244,'Emmanuel Schanz',NULL,NULL,NULL,NULL,NULL,NULL,NULL,NULL,NULL,NULL,NULL,NULL,NULL,1,0,'M','undefined','I',NULL,'2022-11-03 01:28:11','admin','2022-11-21 01:28:11',1,'done'),(163,'02.01','2022-11-03 01:23:22','A RH+','Five months',497,'Reklin Vernon',NULL,NULL,NULL,NULL,NULL,NULL,NULL,NULL,NULL,NULL,NULL,NULL,NULL,1,0,'F','blood','O',NULL,'2022-11-03 01:23:22','admin','2022-11-21 01:23:22',1,'done'),(164,'03.01','2022-11-03 01:23:40','NEGATIVE','5months old',388,'Suellen Merkel',NULL,NULL,NULL,NULL,NULL,NULL,NULL,NULL,NULL,NULL,NULL,NULL,NULL,1,0,'F','undefined','I',NULL,'2022-11-03 01:23:40','admin','2022-11-21 01:23:40',1,'done'),(165,'01.01','2022-11-03 01:16:57','6 - 12','',306,'Ahmad Nantz',NULL,NULL,NULL,NULL,NULL,NULL,NULL,NULL,NULL,NULL,NULL,NULL,NULL,1,28,'M','undefined','O',NULL,'2022-11-03 01:16:57','admin','2022-11-21 01:16:57',1,'done'),(166,'02.01','2022-11-03 01:17:08','B RH+','Five months',507,'Westermann Fred',NULL,NULL,NULL,NULL,NULL,NULL,NULL,NULL,NULL,NULL,NULL,NULL,NULL,1,21,'M','undefined','O',NULL,'2022-11-03 01:17:08','admin','2022-11-21 01:17:08',1,'done'),(167,'01.01','2022-11-03 01:16:33','< 6','',264,'Raquel Every',NULL,NULL,NULL,NULL,NULL,NULL,NULL,NULL,NULL,NULL,NULL,NULL,NULL,1,30,'F','undefined','I',NULL,'2022-11-03 01:16:33','admin','2022-11-21 01:16:33',1,'done'),(168,'02.01','2022-11-03 01:29:08','O RH+','',226,'Chance Hemsley',NULL,NULL,NULL,NULL,NULL,NULL,NULL,NULL,NULL,NULL,NULL,NULL,NULL,1,2,'M','blood','I',NULL,'2022-11-03 01:29:08','admin','2022-11-21 01:29:08',1,'done'),(169,'03.01','2022-11-03 01:24:31','NEGATIVE','',201,'Kelly Varien',NULL,NULL,NULL,NULL,NULL,NULL,NULL,NULL,NULL,NULL,NULL,NULL,NULL,1,68,'F','undefined','O',NULL,'2022-11-03 01:24:31','admin','2022-11-21 01:24:31',1,'done'),(170,'03.01','2022-11-03 01:24:14','NEGATIVE','',353,'Michale Ciancio',NULL,NULL,NULL,NULL,NULL,NULL,NULL,NULL,NULL,NULL,NULL,NULL,NULL,1,28,'F','undefined','O',NULL,'2022-11-03 01:24:14','admin','2022-11-21 01:24:14',1,'done'),(172,'03.03','2022-11-03 01:23:35','Multiple results','',384,'Astrid Kreiger',NULL,NULL,NULL,NULL,NULL,NULL,NULL,NULL,NULL,NULL,NULL,NULL,NULL,1,19,'F','undefined','I',NULL,'2022-11-03 01:23:35','admin','2022-11-21 01:23:35',1,'done'),(173,'03.01','2022-11-03 01:23:54','NEGATIVE','',132,'Eckhart Idalia',NULL,NULL,NULL,NULL,NULL,NULL,NULL,NULL,NULL,NULL,NULL,NULL,NULL,1,40,'M','sputum','O',NULL,'2022-11-03 01:23:54','admin','2022-11-21 01:23:54',1,'done'),(174,'01.01','2022-11-03 01:25:13','< 6','',143,'Amee Dedmon',NULL,NULL,NULL,NULL,NULL,NULL,NULL,NULL,NULL,NULL,NULL,NULL,NULL,1,47,'M','swabs','O',NULL,'2022-11-03 01:25:13','admin','2022-11-21 01:25:13',1,'done'),(175,'02.01','2022-11-03 01:27:03','O RH+','',427,'Knoblock Winston',NULL,NULL,NULL,NULL,NULL,NULL,NULL,NULL,NULL,NULL,NULL,NULL,NULL,1,2,'M','urine','I',NULL,'2022-11-03 01:27:03','admin','2022-11-21 01:27:03',1,'done'),(176,'03.01','2022-11-03 01:17:14','NEGATIVE','',398,'Marhta Divito',NULL,NULL,NULL,NULL,NULL,NULL,NULL,NULL,NULL,NULL,NULL,NULL,NULL,1,12,'M','undefined','I',NULL,'2022-11-03 01:17:14','admin','2022-11-21 01:17:14',1,'done'),(177,'03.03','2022-11-03 01:40:26','Multiple results','',350,'Martin Deforge',NULL,NULL,NULL,NULL,NULL,NULL,NULL,NULL,NULL,NULL,NULL,NULL,NULL,1,18,'F','undefined','I',NULL,'2022-11-03 01:40:26','admin','2022-11-21 01:40:26',1,'done'),(178,'URI','2022-11-03 01:30:39','Multiple results','',258,'Carmelina Rauch',NULL,NULL,NULL,NULL,NULL,NULL,NULL,NULL,NULL,NULL,NULL,NULL,NULL,1,5,'M','undefined','I',NULL,'2022-11-03 01:30:39','admin','2022-11-21 01:30:39',1,'done'),(179,'07.02','2022-11-03 01:25:04','LOW','',169,'Darrell Mondy',NULL,NULL,NULL,NULL,NULL,NULL,NULL,NULL,NULL,NULL,NULL,NULL,NULL,1,20,'F','undefined','O',NULL,'2022-11-03 01:25:04','admin','2022-11-21 01:25:04',1,'done'),(180,'URI','2022-11-03 01:24:25','Multiple results','',347,'Jere Hutcheson',NULL,NULL,NULL,NULL,NULL,NULL,NULL,NULL,NULL,NULL,NULL,NULL,NULL,1,40,'F','undefined','I',NULL,'2022-11-03 01:24:25','admin','2022-11-21 01:24:25',1,'done'),(181,'03.03','2022-11-03 01:24:08','Multiple results','6 months old',235,'Royce Lease',NULL,NULL,NULL,NULL,NULL,NULL,NULL,NULL,NULL,NULL,NULL,NULL,NULL,1,0,'F','undefined','I',NULL,'2022-11-03 01:24:08','admin','2022-11-21 01:24:08',1,'done'),(184,'URI','2022-11-03 01:23:47','Multiple results','',368,'Alleen Axtell',NULL,NULL,NULL,NULL,NULL,NULL,NULL,NULL,NULL,NULL,NULL,NULL,NULL,1,35,'F','tissues','I',NULL,'2022-11-03 01:23:47','admin','2022-11-21 01:23:47',1,'done'),(185,'URI','2022-11-03 00:36:14','Multiple results','',57,'Celsa Demeter',NULL,NULL,NULL,NULL,NULL,NULL,NULL,NULL,NULL,NULL,NULL,NULL,NULL,1,56,'M','undefined','O',NULL,'2022-11-03 00:36:14','admin','2022-11-21 00:36:14',1,'done'),(187,'URI','2022-11-03 00:36:09','Multiple results','',58,'Ashlyn Nesmith',NULL,NULL,NULL,NULL,NULL,NULL,NULL,NULL,NULL,NULL,NULL,NULL,NULL,1,38,'M','undefined','O',NULL,'2022-11-03 00:36:09','admin','2022-11-21 00:36:09',1,'done'),(188,'03.01','2022-11-03 01:31:06','FEW','',359,'Twanda Kruse',NULL,NULL,NULL,NULL,NULL,NULL,NULL,NULL,NULL,NULL,NULL,NULL,NULL,1,27,'F','undefined','I',NULL,'2022-11-03 01:31:06','admin','2022-11-21 01:31:06',1,'done'),(189,'03.01','2022-11-03 01:27:32','+++','1year and 5months',278,'Eliana Louque',NULL,NULL,NULL,NULL,NULL,NULL,NULL,NULL,NULL,NULL,NULL,NULL,NULL,1,0,'M','undefined','I',NULL,'2022-11-03 01:27:32','admin','2022-11-21 01:27:32',1,'done'),(190,'03.01','2022-11-03 01:30:31','+++','',274,'Denise Mingo',NULL,NULL,NULL,NULL,NULL,NULL,NULL,NULL,NULL,NULL,NULL,NULL,NULL,1,59,'F','undefined','I',NULL,'2022-11-03 01:30:31','admin','2022-11-21 01:30:31',1,'done'),(191,'URI','2022-11-03 00:34:15','Multiple results','',264,'Raquel Every',NULL,NULL,NULL,NULL,NULL,NULL,NULL,NULL,NULL,NULL,NULL,NULL,NULL,1,30,'F','undefined','I',NULL,'2022-11-03 00:34:15','admin','2022-11-21 00:34:15',1,'done'),(193,'URI','2022-11-03 00:36:04','Multiple results','Five months',510,'Scottie Racuba',NULL,NULL,NULL,NULL,NULL,NULL,NULL,NULL,NULL,NULL,NULL,NULL,NULL,1,42,'F','undefined','O',NULL,'2022-11-03 00:36:04','admin','2022-11-21 00:36:04',1,'done'),(194,'01.06','2022-11-03 00:36:43','NEGATIVE','',352,'Dean Jarvis',NULL,NULL,NULL,NULL,NULL,NULL,NULL,NULL,NULL,NULL,NULL,NULL,NULL,1,39,'F','undefined','I',NULL,'2022-11-03 00:36:43','admin','2022-11-21 00:36:43',1,'done'),(195,'URI','2022-11-03 00:36:28','Multiple results','',315,'Hobert Kittelson',NULL,NULL,NULL,NULL,NULL,NULL,NULL,NULL,NULL,NULL,NULL,NULL,NULL,1,48,'M','undefined','O',NULL,'2022-11-03 00:36:28','admin','2022-11-21 00:36:28',1,'done'),(196,'03.01','2022-11-03 01:27:45','+++','',359,'Twanda Kruse',NULL,NULL,NULL,NULL,NULL,NULL,NULL,NULL,NULL,NULL,NULL,NULL,NULL,1,27,'F','undefined','I',NULL,'2022-11-03 01:27:45','admin','2022-11-21 01:27:45',1,'done'),(197,'03.01','2022-11-03 01:27:15','NEGATIVE','',191,'Leonard Badgett',NULL,NULL,NULL,NULL,NULL,NULL,NULL,NULL,NULL,NULL,NULL,NULL,NULL,1,56,'M','tissues','I',NULL,'2022-11-03 01:27:15','admin','2022-11-21 01:27:15',1,'done'),(198,'03.04','2022-11-03 00:51:13','NEGATIVE','',316,'Jerrod Vitela',NULL,NULL,NULL,NULL,NULL,NULL,NULL,NULL,NULL,NULL,NULL,NULL,NULL,1,75,'M','undefined','O',NULL,'2022-11-03 00:51:13','admin','2022-11-21 00:51:13',1,'done'),(199,'03.01','2022-11-03 00:37:16','NEGATIVE','',64,'Ezra Niccum',NULL,NULL,NULL,NULL,NULL,NULL,NULL,NULL,NULL,NULL,NULL,NULL,NULL,1,12,'M','undefined','I',NULL,'2022-11-03 00:37:16','admin','2022-11-21 00:37:16',1,'done'),(200,'04.03','2022-11-03 01:00:12','NEGATIVE','',274,'Denise Mingo',NULL,NULL,NULL,NULL,NULL,NULL,NULL,NULL,NULL,NULL,NULL,NULL,NULL,1,59,'F','undefined','I',NULL,'2022-11-03 01:00:12','admin','2022-11-21 01:00:12',1,'done'),(201,'06.06','2022-11-03 00:51:35','NEGATIVE','6months old',412,'Jonah Shannon',NULL,NULL,NULL,NULL,NULL,NULL,NULL,NULL,NULL,NULL,NULL,NULL,NULL,1,0,'F','undefined','I',NULL,'2022-11-03 00:51:35','admin','2022-11-21 00:51:35',1,'done'),(202,'03.01','2022-11-03 01:24:37','NEGATIVE','',151,'Lien Notter',NULL,NULL,NULL,NULL,NULL,NULL,NULL,NULL,NULL,NULL,NULL,NULL,NULL,1,36,'M','undefined','O',NULL,'2022-11-03 01:24:37','admin','2022-11-21 01:24:37',1,'done'),(204,'03.03','2022-11-03 00:36:22','Multiple results','',66,'Trudie Liller',NULL,NULL,NULL,NULL,NULL,NULL,NULL,NULL,NULL,NULL,NULL,NULL,NULL,1,45,'M','undefined','I',NULL,'2022-11-03 00:36:22','admin','2022-11-21 00:36:22',1,'done'),(205,'03.01','2022-11-03 00:35:47','NEGATIVE','',373,'Eleanora Albrecht',NULL,NULL,NULL,NULL,NULL,NULL,NULL,NULL,NULL,NULL,NULL,NULL,NULL,1,40,'F','undefined','I',NULL,'2022-11-03 00:35:47','admin','2022-11-21 00:35:47',1,'done'),(206,'03.01','2022-11-03 00:36:51','+++','',258,'Carmelina Rauch',NULL,NULL,NULL,NULL,NULL,NULL,NULL,NULL,NULL,NULL,NULL,NULL,NULL,1,5,'M','undefined','I',NULL,'2022-11-03 00:36:51','admin','2022-11-21 00:36:51',1,'done'),(207,'03.01','2022-11-03 01:25:22','NEGATIVE','',111,'Torie Roberto',NULL,NULL,NULL,NULL,NULL,NULL,NULL,NULL,NULL,NULL,NULL,NULL,NULL,1,40,'F','blood','I',NULL,'2022-11-03 01:25:22','admin','2022-11-21 01:25:22',1,'done'),(208,'03.01','2022-11-03 01:26:51','NEGATIVE','',86,'Veronique Fountaine',NULL,NULL,NULL,NULL,NULL,NULL,NULL,NULL,NULL,NULL,NULL,NULL,NULL,1,60,'F','undefined','I',NULL,'2022-11-03 01:26:51','admin','2022-11-21 01:26:51',1,'done'),(209,'03.01','2022-11-03 00:36:34','NEGATIVE','',415,'Yonts Dee',NULL,NULL,NULL,NULL,NULL,NULL,NULL,NULL,NULL,NULL,NULL,NULL,NULL,1,6,'F','undefined','I',NULL,'2022-11-03 00:36:34','admin','2022-11-21 00:36:34',1,'done'),(211,'07.04.1','2022-11-03 00:54:01','1.4 - 2.5','',365,'Mora Reardon',NULL,NULL,NULL,NULL,NULL,NULL,NULL,NULL,NULL,NULL,NULL,NULL,NULL,1,23,'F','undefined','I',NULL,'2022-11-03 00:54:01','admin','2022-11-21 00:54:01',1,'done'),(212,'01.01','2022-11-03 00:51:19','6 - 12','',354,'Kurt Beckmann',NULL,NULL,NULL,NULL,NULL,NULL,NULL,NULL,NULL,NULL,NULL,NULL,NULL,1,38,'F','undefined','I',NULL,'2022-11-03 00:51:19','admin','2022-11-21 00:51:19',1,'done'),(213,'01.02','2022-11-03 01:31:19','4000 - 7000 (NORMAL)','',305,'Grose Rosalba',NULL,NULL,NULL,NULL,NULL,NULL,NULL,NULL,NULL,NULL,NULL,NULL,NULL,1,57,'F','undefined','O',NULL,'2022-11-03 01:31:19','admin','2022-11-21 01:31:19',1,'done'),(214,'03.01','2022-11-03 00:36:58','NEGATIVE','',43,'Fredericka Leavell',NULL,NULL,NULL,NULL,NULL,NULL,NULL,NULL,NULL,NULL,NULL,NULL,NULL,1,35,'M','undefined','I',NULL,'2022-11-03 00:36:58','admin','2022-11-21 00:36:58',1,'done'),(215,'03.03','2022-11-03 01:28:04','Multiple results','',249,'Renna Konieczny',NULL,NULL,NULL,NULL,NULL,NULL,NULL,NULL,NULL,NULL,NULL,NULL,NULL,1,0,'M','undefined','I',NULL,'2022-11-03 01:28:04','admin','2022-11-21 01:28:04',1,'done'),(216,'03.01','2022-11-03 01:40:50','FEW','',273,'Auzenne Lashunda',NULL,NULL,NULL,NULL,NULL,NULL,NULL,NULL,NULL,NULL,NULL,NULL,NULL,1,67,'F','undefined','I',NULL,'2022-11-03 01:40:50','admin','2022-11-21 01:40:50',1,'done'),(217,'03.01','2022-11-03 01:41:08','+++','',369,'Jazmine Gwyn',NULL,NULL,NULL,NULL,NULL,NULL,NULL,NULL,NULL,NULL,NULL,NULL,NULL,1,36,'F','undefined','I',NULL,'2022-11-03 01:41:08','admin','2022-11-21 01:41:08',1,'done'),(218,'03.022','2022-11-03 00:51:07','FEW','',348,'Carlo Meche',NULL,NULL,NULL,NULL,NULL,NULL,NULL,NULL,NULL,NULL,NULL,NULL,NULL,1,40,'F','undefined','I',NULL,'2022-11-03 00:51:07','admin','2022-11-21 00:51:07',1,'done'),(219,'03.01','2022-11-03 00:01:15','NEGATIVE','',64,'Ezra Niccum',NULL,NULL,NULL,NULL,NULL,NULL,NULL,NULL,NULL,NULL,NULL,NULL,NULL,1,12,'M','undefined','I',NULL,'2022-11-03 00:01:15','admin','2022-11-20 00:01:15',1,'done'),(220,'08.01','2022-11-03 00:35:41','POSITIVE','cv',500,'Matthews Ruth',NULL,NULL,NULL,NULL,NULL,NULL,NULL,NULL,NULL,NULL,NULL,NULL,NULL,1,2,'F','undefined','O',NULL,'2022-11-03 00:35:41','admin','2022-11-21 00:35:41',1,'done'),(221,'01.01','2022-11-03 01:27:53','>=12 (NORMAL)','',194,'Scheff Benjamin',NULL,NULL,NULL,NULL,NULL,NULL,NULL,NULL,NULL,NULL,NULL,NULL,NULL,1,14,'M','undefined','I',NULL,'2022-11-03 01:27:53','admin','2022-11-21 01:27:53',1,'done'),(222,'01.01','2022-11-03 01:29:34','>=12 (NORMAL)','',200,'Son Dahm',NULL,NULL,NULL,NULL,NULL,NULL,NULL,NULL,NULL,NULL,NULL,NULL,NULL,1,78,'M','tissues','O',NULL,'2022-11-03 01:29:34','admin','2022-11-21 01:29:34',1,'done'),(223,'01.01','2022-11-03 01:29:47','>=12 (NORMAL)','',316,'Jerrod Vitela',NULL,NULL,NULL,NULL,NULL,NULL,NULL,NULL,NULL,NULL,NULL,NULL,NULL,1,75,'M','undefined','O',NULL,'2022-11-03 01:29:47','admin','2022-11-21 01:29:47',1,'done'),(224,'01.01','2022-11-03 00:37:02','>=12 (NORMAL)','',200,'Son Dahm',NULL,NULL,NULL,NULL,NULL,NULL,NULL,NULL,NULL,NULL,NULL,NULL,NULL,1,78,'M','undefined','O',NULL,'2022-11-03 00:37:02','admin','2022-11-21 00:37:02',1,'done'),(225,'05.05','2022-11-03 01:29:22','>=12 (NORMAL)','',200,'Son Dahm',NULL,NULL,NULL,NULL,NULL,NULL,NULL,NULL,NULL,NULL,NULL,NULL,NULL,1,78,'M','stool','O',NULL,'2022-11-03 01:29:22','admin','2022-11-21 01:29:22',1,'done'),(226,'06.04','2022-11-03 00:53:46','NEGATIVE','',291,'Benard Cynthia',NULL,NULL,NULL,NULL,NULL,NULL,NULL,NULL,NULL,NULL,NULL,NULL,NULL,1,33,'F','undefined','O',NULL,'2022-11-03 00:53:46','admin','2022-11-21 00:53:46',1,'done'),(227,'03.01','2022-11-03 01:30:45','NEGATIVE','',159,'Domingo Koons',NULL,NULL,NULL,NULL,NULL,NULL,NULL,NULL,NULL,NULL,NULL,NULL,NULL,1,54,'M','undefined','O',NULL,'2022-11-03 01:30:45','admin','2022-11-21 01:30:45',1,'done'),(228,'02.01','2022-11-03 01:30:11','O RH+','',196,'Madere Dana',NULL,NULL,NULL,NULL,NULL,NULL,NULL,NULL,NULL,NULL,NULL,NULL,NULL,1,25,'M','undefined','I',NULL,'2022-11-03 01:30:11','admin','2022-11-21 01:30:11',1,'done'),(229,'01.01','2022-11-03 01:30:58','< 6','',263,'Artie Beebe',NULL,NULL,NULL,NULL,NULL,NULL,NULL,NULL,NULL,NULL,NULL,NULL,NULL,1,8,'M','undefined','I',NULL,'2022-11-03 01:30:58','admin','2022-11-21 01:30:58',1,'done'),(230,'02.01','2022-11-03 00:37:10','B RH+','',263,'Artie Beebe',NULL,NULL,NULL,NULL,NULL,NULL,NULL,NULL,NULL,NULL,NULL,NULL,NULL,1,8,'M','undefined','I',NULL,'2022-11-03 00:37:10','admin','2022-11-21 00:37:10',1,'done'),(231,'01.06','2022-11-03 01:31:41','6 - 12','1year and7 months',380,'Lady Amos',NULL,NULL,NULL,NULL,NULL,NULL,NULL,NULL,NULL,NULL,NULL,NULL,NULL,1,1,'F','undefined','I',NULL,'2022-11-03 01:31:41','admin','2022-11-21 01:31:41',1,'done'),(232,'01.01','2022-11-03 01:30:18','< 6','2 Years and 4 Months',265,'Mable Keefe',NULL,NULL,NULL,NULL,NULL,NULL,NULL,NULL,NULL,NULL,NULL,NULL,NULL,1,2,'F','undefined','I',NULL,'2022-11-03 01:30:18','admin','2022-11-21 01:30:18',1,'done'),(233,'URI','2022-11-03 01:31:24','Multiple results','',378,'Jayson Estep',NULL,NULL,NULL,NULL,NULL,NULL,NULL,NULL,NULL,NULL,NULL,NULL,NULL,1,29,'M','undefined','I',NULL,'2022-11-03 01:31:24','admin','2022-11-21 01:31:24',1,'done'),(234,'01.06','2022-11-03 01:40:45','NEGATIVE','',424,'Hayden Tiedemann',NULL,NULL,NULL,NULL,NULL,NULL,NULL,NULL,NULL,NULL,NULL,NULL,NULL,1,22,'M','undefined','I',NULL,'2022-11-03 01:40:45','admin','2022-11-21 01:40:45',1,'done'),(235,'01.01','2022-11-03 01:40:32','6 - 12','',347,'Jere Hutcheson',NULL,NULL,NULL,NULL,NULL,NULL,NULL,NULL,NULL,NULL,NULL,NULL,NULL,1,40,'F','undefined','I',NULL,'2022-11-03 01:40:32','admin','2022-11-21 01:40:32',1,'done'),(236,'07.02','2022-11-03 01:40:55','LOW','',394,'Dominic Nazario',NULL,NULL,NULL,NULL,NULL,NULL,NULL,NULL,NULL,NULL,NULL,NULL,NULL,1,16,'M','undefined','I',NULL,'2022-11-03 01:40:55','admin','2022-11-21 01:40:55',1,'done'),(237,'07.04.1','2022-11-03 01:41:18','NEGATIVE','',172,'Eddy Rambin',NULL,NULL,NULL,NULL,NULL,NULL,NULL,NULL,NULL,NULL,NULL,NULL,NULL,1,22,'F','undefined','I',NULL,'2022-11-03 01:41:18','admin','2022-11-21 01:41:18',1,'done'),(238,'03.01','2022-11-03 00:35:14','+++','',409,'Anibal Gillon',NULL,NULL,NULL,NULL,NULL,NULL,NULL,NULL,NULL,NULL,NULL,NULL,NULL,1,68,'M','undefined','I',NULL,'2022-11-03 00:35:14','admin','2022-11-21 00:35:14',1,'done'),(239,'03.01','2022-11-02 00:50:08','+++','',155,'Nagata Kory',NULL,NULL,NULL,NULL,NULL,NULL,NULL,NULL,NULL,NULL,NULL,NULL,NULL,1,13,'M','undefined','O',NULL,'2022-11-02 00:50:08','admin','2022-11-21 00:50:08',1,'done'),(240,'03.01','2022-11-02 00:49:39','+++','',168,'Rod Muldrow',NULL,NULL,NULL,NULL,NULL,NULL,NULL,NULL,NULL,NULL,NULL,NULL,NULL,1,19,'F','undefined','O',NULL,'2022-11-02 00:49:39','admin','2022-11-21 00:49:39',1,'done'),(241,'03.01','2022-11-02 00:41:30','NEGATIVE','',300,'Golden Andrepont',NULL,NULL,NULL,NULL,NULL,NULL,NULL,NULL,NULL,NULL,NULL,NULL,NULL,1,15,'M','undefined','O',NULL,'2022-11-02 00:41:30','admin','2022-11-21 00:41:30',1,'done'),(242,'03.01','2022-11-02 00:50:34','+','',442,'Kenneth Valderas',NULL,NULL,NULL,NULL,NULL,NULL,NULL,NULL,NULL,NULL,NULL,NULL,NULL,1,4,'F','undefined','I',NULL,'2022-11-02 00:50:34','admin','2022-11-21 00:50:34',1,'done'),(243,'03.01','2022-11-02 00:49:58','NEGATIVE','',111,'Torie Roberto',NULL,NULL,NULL,NULL,NULL,NULL,NULL,NULL,NULL,NULL,NULL,NULL,NULL,1,40,'F','undefined','I',NULL,'2022-11-02 00:49:58','admin','2022-11-21 00:49:58',1,'done'),(245,'03.01','2022-11-03 00:01:03','NEGATIVE','',5,'Pamila Merrihew',NULL,NULL,NULL,NULL,NULL,NULL,NULL,NULL,NULL,NULL,NULL,NULL,NULL,1,34,'M','undefined','O',NULL,'2022-11-03 00:01:03','admin','2022-11-20 00:01:03',1,'done'),(246,'03.023','2022-11-03 00:35:25','NEGATIVE','',237,'Aurora Ritenour',NULL,NULL,NULL,NULL,NULL,NULL,NULL,NULL,NULL,NULL,NULL,NULL,NULL,1,1,'M','undefined','I',NULL,'2022-11-03 00:35:25','admin','2022-11-21 00:35:25',1,'done'),(247,'03.01','2022-11-20 23:40:58','+++',NULL,326,'Nathanael Raborn',NULL,NULL,NULL,NULL,NULL,NULL,NULL,NULL,NULL,NULL,NULL,NULL,NULL,0,36,'M','undefined','O','admin','2022-11-20 23:40:58','admin','2022-11-20 23:41:09',1,'done'),(248,'05.04','2022-11-20 23:41:14','NEGATIVE',NULL,489,'Mellisa Morning',NULL,NULL,NULL,NULL,NULL,NULL,NULL,NULL,NULL,NULL,NULL,NULL,NULL,0,2,'M','undefined','O','admin','2022-11-20 23:41:14','admin','2022-11-20 23:41:26',1,'done'),(249,'07.03.2','2022-11-20 23:41:14','< 1.2 (NORMAL)',NULL,489,'Mellisa Morning',NULL,NULL,NULL,NULL,NULL,NULL,NULL,NULL,NULL,NULL,NULL,NULL,NULL,0,2,'M','undefined','O','admin','2022-11-20 23:41:14','admin','2022-11-20 23:41:26',1,'done'),(250,'07.04.2','2022-11-20 23:41:14','10-55 (NORMAL)',NULL,489,'Mellisa Morning',NULL,NULL,NULL,NULL,NULL,NULL,NULL,NULL,NULL,NULL,NULL,NULL,NULL,0,2,'M','stool','O','admin','2022-11-20 23:41:14','admin','2022-11-20 23:41:26',1,'done'),(251,'01.05','2022-11-20 23:41:29','NORMAL',NULL,505,'Gina Curtney',NULL,NULL,NULL,NULL,NULL,NULL,NULL,NULL,NULL,NULL,NULL,NULL,NULL,0,10,'F','undefined','O','admin','2022-11-20 23:41:29','admin','2022-11-20 23:41:36',1,'done'),(252,'03.01','2022-11-20 23:41:29','NEGATIVE',NULL,505,'Gina Curtney',NULL,NULL,NULL,NULL,NULL,NULL,NULL,NULL,NULL,NULL,NULL,NULL,NULL,0,10,'F','undefined','O','admin','2022-11-20 23:41:29','admin','2022-11-20 23:41:36',1,'done'),(253,'01.05','2022-11-20 23:41:37','NORMAL',NULL,127,'Shana Yother',NULL,NULL,NULL,NULL,NULL,NULL,NULL,NULL,NULL,NULL,NULL,NULL,NULL,0,32,'F','undefined','I','admin','2022-11-20 23:41:37','admin','2022-11-20 23:41:57',1,'done'),(254,'06.03','2022-11-20 23:41:37','NEGATIVE',NULL,127,'Shana Yother',NULL,NULL,NULL,NULL,NULL,NULL,NULL,NULL,NULL,NULL,NULL,NULL,NULL,0,32,'F','undefined','I','admin','2022-11-20 23:41:37','admin','2022-11-20 23:41:57',1,'done'),(255,'02.01','2022-11-20 23:42:26','A RH-',NULL,319,'Solomon Stackpole',NULL,NULL,NULL,NULL,NULL,NULL,NULL,NULL,NULL,NULL,NULL,NULL,NULL,0,17,'M','tissues','O','admin','2022-11-20 23:42:26','admin','2022-11-20 23:42:58',1,'done'),(256,'04.04','2022-11-20 23:42:26','NEGATIVE',NULL,319,'Solomon Stackpole',NULL,NULL,NULL,NULL,NULL,NULL,NULL,NULL,NULL,NULL,NULL,NULL,NULL,0,17,'M','undefined','O','admin','2022-11-20 23:42:26','admin','2022-11-20 23:42:58',1,'done'),(257,'07.01','2022-11-20 23:42:26','NEGATIVE',NULL,319,'Solomon Stackpole',NULL,NULL,NULL,NULL,NULL,NULL,NULL,NULL,NULL,NULL,NULL,NULL,NULL,0,17,'M','film','O','admin','2022-11-20 23:42:26','admin','2022-11-20 23:42:58',1,'done'),(258,'03.06','2022-11-20 23:52:06','NEGATIVE',NULL,420,'Lampert Lacy',NULL,NULL,NULL,NULL,NULL,NULL,NULL,NULL,NULL,NULL,NULL,NULL,NULL,0,6,'F','undefined','I','admin','2022-11-20 23:52:06','admin','2022-11-20 23:52:17',1,'done'),(259,'05.06','2022-11-20 23:52:06','NEGATIVE',NULL,420,'Lampert Lacy',NULL,NULL,NULL,NULL,NULL,NULL,NULL,NULL,NULL,NULL,NULL,NULL,NULL,0,6,'F','undefined','I','admin','2022-11-20 23:52:06','admin','2022-11-20 23:52:17',1,'done'),(260,'07.04.1','2022-11-20 23:52:06','< 1.4 (NORMAL)',NULL,420,'Lampert Lacy',NULL,NULL,NULL,NULL,NULL,NULL,NULL,NULL,NULL,NULL,NULL,NULL,NULL,0,6,'F','undefined','I','admin','2022-11-20 23:52:06','admin','2022-11-20 23:52:17',1,'done'),(261,'01.05','2022-11-20 23:52:19','NORMAL',NULL,298,'Crystal Venessa',NULL,NULL,NULL,NULL,NULL,NULL,NULL,NULL,NULL,NULL,NULL,NULL,NULL,0,59,'F','undefined','O','admin','2022-11-20 23:52:19','admin','2022-11-20 23:52:39',1,'done'),(262,'URI','2022-11-20 23:52:19','Multiple results',NULL,298,'Crystal Venessa',NULL,NULL,NULL,NULL,NULL,NULL,NULL,NULL,NULL,NULL,NULL,NULL,NULL,0,59,'F','tissues','O','admin','2022-11-20 23:52:19','admin','2022-11-20 23:52:39',1,'done'),(263,'04.05','2022-11-20 23:52:40','NEGATIVE',NULL,344,'Manual Rowse',NULL,NULL,NULL,NULL,NULL,NULL,NULL,NULL,NULL,NULL,NULL,NULL,NULL,0,43,'M','undefined','O','admin','2022-11-20 23:52:40','admin','2022-11-20 23:52:54',1,'done'),(264,'06.04','2022-11-20 23:52:40','NEGATIVE',NULL,344,'Manual Rowse',NULL,NULL,NULL,NULL,NULL,NULL,NULL,NULL,NULL,NULL,NULL,NULL,NULL,0,43,'M','undefined','O','admin','2022-11-20 23:52:40','admin','2022-11-20 23:52:54',1,'done'),(265,'07.02','2022-11-20 23:52:40','LOW',NULL,344,'Manual Rowse',NULL,NULL,NULL,NULL,NULL,NULL,NULL,NULL,NULL,NULL,NULL,NULL,NULL,0,43,'M','undefined','O','admin','2022-11-20 23:52:40','admin','2022-11-20 23:52:54',1,'done'),(266,'01.06','2022-11-20 23:52:56','NEGATIVE',NULL,106,'Lola Singley',NULL,NULL,NULL,NULL,NULL,NULL,NULL,NULL,NULL,NULL,NULL,NULL,NULL,0,50,'F','undefined','I','admin','2022-11-20 23:52:56','admin','2022-11-20 23:53:09',1,'done'),(267,'04.06','2022-11-20 23:52:56','NEGATIVE',NULL,106,'Lola Singley',NULL,NULL,NULL,NULL,NULL,NULL,NULL,NULL,NULL,NULL,NULL,NULL,NULL,0,50,'F','undefined','I','admin','2022-11-20 23:52:56','admin','2022-11-20 23:53:09',1,'done'),(268,'05.04','2022-11-20 23:52:56','NEGATIVE',NULL,106,'Lola Singley',NULL,NULL,NULL,NULL,NULL,NULL,NULL,NULL,NULL,NULL,NULL,NULL,NULL,0,50,'F','sputum','I','admin','2022-11-20 23:52:56','admin','2022-11-20 23:53:09',1,'done'),(269,'05.02','2022-11-20 23:53:11','PLEAMORPHIC BACILLI',NULL,371,'Terrilyn Lara',NULL,NULL,NULL,NULL,NULL,NULL,NULL,NULL,NULL,NULL,NULL,NULL,NULL,0,30,'F','undefined','I','admin','2022-11-20 23:53:11','admin','2022-11-20 23:53:26',1,'done'),(270,'02.02','2022-11-20 23:53:28','NEGATIVE',NULL,308,'Donte Trantham',NULL,NULL,NULL,NULL,NULL,NULL,NULL,NULL,NULL,NULL,NULL,NULL,NULL,0,25,'M','undefined','O','admin','2022-11-20 23:53:28','admin','2022-11-20 23:53:40',1,'done'),(271,'05.05','2022-11-20 23:53:28','NEGATIVE',NULL,308,'Donte Trantham',NULL,NULL,NULL,NULL,NULL,NULL,NULL,NULL,NULL,NULL,NULL,NULL,NULL,0,25,'M','urine','O','admin','2022-11-20 23:53:28','admin','2022-11-20 23:53:40',1,'done'),(272,'01.01','2022-11-20 23:53:41','>=12 (NORMAL)',NULL,386,'Garth Marmo',NULL,NULL,NULL,NULL,NULL,NULL,NULL,NULL,NULL,NULL,NULL,NULL,NULL,0,3,'F','undefined','I','admin','2022-11-20 23:53:41','admin','2022-11-20 23:53:57',1,'done'),(273,'03.021','2022-11-20 23:53:41','NEGATIVE',NULL,386,'Garth Marmo',NULL,NULL,NULL,NULL,NULL,NULL,NULL,NULL,NULL,NULL,NULL,NULL,NULL,0,3,'F','undefined','I','admin','2022-11-20 23:53:41','admin','2022-11-20 23:53:57',1,'done'),(274,'03.05','2022-11-20 23:53:41','NEGATIVE',NULL,386,'Garth Marmo',NULL,NULL,NULL,NULL,NULL,NULL,NULL,NULL,NULL,NULL,NULL,NULL,NULL,0,3,'F','blood','I','admin','2022-11-20 23:53:41','admin','2022-11-20 23:53:57',1,'done'),(275,'07.02','2022-11-20 23:53:59','NORMAL',NULL,46,'Zenaida Bardsley',NULL,NULL,NULL,NULL,NULL,NULL,NULL,NULL,NULL,NULL,NULL,NULL,NULL,0,50,'M','undefined','I','admin','2022-11-20 23:53:59','admin','2022-11-20 23:54:13',1,'done'),(276,'07.03.3','2022-11-20 23:53:59','> 50',NULL,46,'Zenaida Bardsley',NULL,NULL,NULL,NULL,NULL,NULL,NULL,NULL,NULL,NULL,NULL,NULL,NULL,0,50,'M','cfs','I','admin','2022-11-20 23:53:59','admin','2022-11-20 23:54:13',1,'done'),(277,'01.05','2022-11-20 23:55:45','NORMAL',NULL,334,'Kristopher Starns',NULL,NULL,NULL,NULL,NULL,NULL,NULL,NULL,NULL,NULL,NULL,NULL,NULL,0,14,'M','undefined','O','admin','2022-11-20 23:55:45','admin','2022-11-20 23:55:59',1,'done'),(278,'07.03.4','2022-11-20 23:55:45','<= 50 (NORMAL)',NULL,334,'Kristopher Starns',NULL,NULL,NULL,NULL,NULL,NULL,NULL,NULL,NULL,NULL,NULL,NULL,NULL,0,14,'M','film','O','admin','2022-11-20 23:55:45','admin','2022-11-20 23:55:59',1,'done'),(279,'02.01','2022-11-20 23:56:00','A RH-',NULL,271,'Diego Roni',NULL,NULL,NULL,NULL,NULL,NULL,NULL,NULL,NULL,NULL,NULL,NULL,NULL,0,40,'F','undefined','O','admin','2022-11-20 23:56:00','admin','2022-11-20 23:56:22',1,'done'),(280,'04.03','2022-11-20 23:56:00','NEGATIVE',NULL,271,'Diego Roni',NULL,NULL,NULL,NULL,NULL,NULL,NULL,NULL,NULL,NULL,NULL,NULL,NULL,0,40,'F','undefined','O','admin','2022-11-20 23:56:00','admin','2022-11-20 23:56:22',1,'done'),(281,'01.06','2022-11-20 23:57:15','NEGATIVE',NULL,280,'Alejandra Zdenek',NULL,NULL,NULL,NULL,NULL,NULL,NULL,NULL,NULL,NULL,NULL,NULL,NULL,0,0,'M','undefined','I','admin','2022-11-20 23:57:15','admin','2022-11-20 23:57:25',1,'done'),(282,'04.05','2022-11-20 23:57:15','NEGATIVE',NULL,280,'Alejandra Zdenek',NULL,NULL,NULL,NULL,NULL,NULL,NULL,NULL,NULL,NULL,NULL,NULL,NULL,0,0,'M','undefined','I','admin','2022-11-20 23:57:15','admin','2022-11-20 23:57:25',1,'done'),(284,'02.02','2022-11-20 23:57:26','NEGATIVE',NULL,304,'Natalia Amo',NULL,NULL,NULL,NULL,NULL,NULL,NULL,NULL,NULL,NULL,NULL,NULL,NULL,0,71,'M','undefined','O','admin','2022-11-20 23:57:26','admin','2022-11-20 23:57:46',1,'done'),(285,'03.03','2022-11-20 23:57:26','Multiple results',NULL,304,'Natalia Amo',NULL,NULL,NULL,NULL,NULL,NULL,NULL,NULL,NULL,NULL,NULL,NULL,NULL,0,71,'M','undefined','O','admin','2022-11-20 23:57:26','admin','2022-11-20 23:57:46',1,'done'),(286,'03.04','2022-11-20 23:57:26','POSITIVE',NULL,304,'Natalia Amo',NULL,NULL,NULL,NULL,NULL,NULL,NULL,NULL,NULL,NULL,NULL,NULL,NULL,0,71,'M','undefined','O','admin','2022-11-20 23:57:26','admin','2022-11-20 23:57:46',1,'done'),(287,'03.01','2022-11-20 23:57:48','NEGATIVE',NULL,362,'Adina Nuckolls',NULL,NULL,NULL,NULL,NULL,NULL,NULL,NULL,NULL,NULL,NULL,NULL,NULL,0,24,'F','undefined','I','admin','2022-11-20 23:57:48','admin','2022-11-20 23:58:00',1,'done'),(288,'07.03','2022-11-20 23:57:48','NORMAL',NULL,362,'Adina Nuckolls',NULL,NULL,NULL,NULL,NULL,NULL,NULL,NULL,NULL,NULL,NULL,NULL,NULL,0,24,'F','undefined','I','admin','2022-11-20 23:57:48','admin','2022-11-20 23:58:00',1,'done'),(289,'04.01','2022-11-20 23:58:01','NEGATIVE',NULL,365,'Mora Reardon',NULL,NULL,NULL,NULL,NULL,NULL,NULL,NULL,NULL,NULL,NULL,NULL,NULL,0,23,'F','undefined','I','admin','2022-11-20 23:58:01','admin','2022-11-20 23:58:13',1,'done'),(290,'04.06','2022-11-20 23:58:01','NEGATIVE',NULL,365,'Mora Reardon',NULL,NULL,NULL,NULL,NULL,NULL,NULL,NULL,NULL,NULL,NULL,NULL,NULL,0,23,'F','undefined','I','admin','2022-11-20 23:58:01','admin','2022-11-20 23:58:13',1,'done'),(291,'07.01','2022-11-20 23:58:17','NEGATIVE',NULL,430,'Hemsley Mohammad',NULL,NULL,NULL,NULL,NULL,NULL,NULL,NULL,NULL,NULL,NULL,NULL,NULL,0,1,'M','undefined','I','admin','2022-11-20 23:58:17','admin','2022-11-20 23:58:29',1,'done'),(292,'07.04','2022-11-20 23:58:17','NORMAL',NULL,430,'Hemsley Mohammad',NULL,NULL,NULL,NULL,NULL,NULL,NULL,NULL,NULL,NULL,NULL,NULL,NULL,0,1,'M','undefined','I','admin','2022-11-20 23:58:17','admin','2022-11-20 23:58:29',1,'done'),(293,'02.02','2022-11-20 23:58:30','NEGATIVE',NULL,493,'Kina Musso',NULL,NULL,NULL,NULL,NULL,NULL,NULL,NULL,NULL,NULL,NULL,NULL,NULL,0,0,'F','undefined','O','admin','2022-11-20 23:58:30','admin','2022-11-20 23:58:45',1,'done'),(294,'03.01','2022-11-20 23:58:30','NEGATIVE',NULL,493,'Kina Musso',NULL,NULL,NULL,NULL,NULL,NULL,NULL,NULL,NULL,NULL,NULL,NULL,NULL,0,0,'F','undefined','O','admin','2022-11-20 23:58:30','admin','2022-11-20 23:58:45',1,'done'),(295,'03.021','2022-11-20 23:58:30','NEGATIVE',NULL,493,'Kina Musso',NULL,NULL,NULL,NULL,NULL,NULL,NULL,NULL,NULL,NULL,NULL,NULL,NULL,0,0,'F','undefined','O','admin','2022-11-20 23:58:30','admin','2022-11-20 23:58:45',1,'done'),(296,'03.01','2022-11-20 23:58:47','FEW',NULL,308,'Donte Trantham',NULL,NULL,NULL,NULL,NULL,NULL,NULL,NULL,NULL,NULL,NULL,NULL,NULL,0,25,'M','undefined','O','admin','2022-11-20 23:58:47','admin','2022-11-20 23:59:00',1,'done'),(297,'03.01','2022-11-20 23:59:01','++++',NULL,245,'Vanish Katrina',NULL,NULL,NULL,NULL,NULL,NULL,NULL,NULL,NULL,NULL,NULL,NULL,NULL,0,1,'M','undefined','I','admin','2022-11-20 23:59:01','admin','2022-11-20 23:59:22',1,'done'),(298,'03.02','2022-11-20 23:59:01','POSITIVE',NULL,245,'Vanish Katrina',NULL,NULL,NULL,NULL,NULL,NULL,NULL,NULL,NULL,NULL,NULL,NULL,NULL,0,1,'M','blood','I','admin','2022-11-20 23:59:01','admin','2022-11-20 23:59:22',1,'done'),(299,'01.02','2022-11-20 23:59:24','4000 - 7000 (NORMAL)',NULL,258,'Carmelina Rauch',NULL,NULL,NULL,NULL,NULL,NULL,NULL,NULL,NULL,NULL,NULL,NULL,NULL,0,5,'M','undefined','I','admin','2022-11-20 23:59:24','admin','2022-11-20 23:59:36',1,'done'),(300,'05.05','2022-11-20 23:59:24','NEGATIVE',NULL,258,'Carmelina Rauch',NULL,NULL,NULL,NULL,NULL,NULL,NULL,NULL,NULL,NULL,NULL,NULL,NULL,0,5,'M','undefined','I','admin','2022-11-20 23:59:24','admin','2022-11-20 23:59:36',1,'done'),(301,'05.06','2022-11-20 23:59:24','NEGATIVE',NULL,258,'Carmelina Rauch',NULL,NULL,NULL,NULL,NULL,NULL,NULL,NULL,NULL,NULL,NULL,NULL,NULL,0,5,'M','undefined','I','admin','2022-11-20 23:59:24','admin','2022-11-20 23:59:36',1,'done'),(302,'07.04.1','2022-11-21 01:47:45','< 1.4 (NORMAL)',NULL,318,'Stanton Durrah',NULL,NULL,NULL,NULL,NULL,NULL,NULL,NULL,NULL,NULL,NULL,NULL,NULL,0,42,'M','undefined','O','admin','2022-11-21 01:47:45','admin','2022-11-21 01:48:02',1,'done'),(303,'07.04.2','2022-11-21 01:47:45','10-55 (NORMAL)',NULL,318,'Stanton Durrah',NULL,NULL,NULL,NULL,NULL,NULL,NULL,NULL,NULL,NULL,NULL,NULL,NULL,0,42,'M','urine','O','admin','2022-11-21 01:47:45','admin','2022-11-21 01:48:02',1,'done'),(304,'05.05','2022-11-21 01:52:02','NEGATIVE',NULL,247,'Jestine Dacruz',NULL,NULL,NULL,NULL,NULL,NULL,NULL,NULL,NULL,NULL,NULL,NULL,NULL,0,1,'F','undefined','I','admin','2022-11-21 01:52:02','admin','2022-11-21 01:52:11',1,'done'),(305,'06.04','2022-11-21 02:23:20','NEGATIVE',NULL,516,'Genna Susterlind',NULL,NULL,NULL,NULL,NULL,NULL,NULL,NULL,NULL,NULL,NULL,NULL,NULL,0,45,'F','undefined','O','admin','2022-11-21 02:23:20','admin','2022-11-21 02:23:36',1,'done'),(306,'06.05','2022-11-21 02:23:20','NEGATIVE',NULL,516,'Genna Susterlind',NULL,NULL,NULL,NULL,NULL,NULL,NULL,NULL,NULL,NULL,NULL,NULL,NULL,0,45,'F','undefined','O','admin','2022-11-21 02:23:20','admin','2022-11-21 02:23:36',1,'done'),(307,'04.06','2022-11-21 22:08:31','NEGATIVE',NULL,311,'Vincent Arata',NULL,NULL,NULL,NULL,NULL,NULL,NULL,NULL,NULL,NULL,NULL,NULL,NULL,0,82,'M','undefined','O','admin','2022-11-21 22:08:31','admin','2022-11-21 22:08:43',1,'done'),(308,'05.04','2022-11-21 22:08:31','NEGATIVE',NULL,311,'Vincent Arata',NULL,NULL,NULL,NULL,NULL,NULL,NULL,NULL,NULL,NULL,NULL,NULL,NULL,0,82,'M','undefined','O','admin','2022-11-21 22:08:31','admin','2022-11-21 22:08:43',1,'done'),(309,'06.04','2022-11-21 22:08:31','NEGATIVE',NULL,311,'Vincent Arata',NULL,NULL,NULL,NULL,NULL,NULL,NULL,NULL,NULL,NULL,NULL,NULL,NULL,0,82,'M','undefined','O','admin','2022-11-21 22:08:31','admin','2022-11-21 22:08:43',1,'done'),(310,'01.04','2022-11-21 22:40:18','0',NULL,374,'Janusz Lavera',NULL,NULL,NULL,NULL,NULL,NULL,NULL,NULL,NULL,NULL,NULL,NULL,NULL,0,70,'F','blood','I','admin','2022-11-21 22:40:18','admin','2022-11-21 22:40:29',1,'done'),(311,'01.04','2022-11-21 22:40:40','0',NULL,315,'Hobert Kittelson',NULL,NULL,NULL,NULL,NULL,NULL,NULL,NULL,NULL,NULL,NULL,NULL,NULL,0,48,'M','undefined','O','admin','2022-11-21 22:40:40','admin','2022-11-21 22:41:07',1,'done'),(312,'01.06','2022-11-21 22:40:40','NEGATIVE',NULL,315,'Hobert Kittelson',NULL,NULL,NULL,NULL,NULL,NULL,NULL,NULL,NULL,NULL,NULL,NULL,NULL,0,48,'M','undefined','O','admin','2022-11-21 22:40:40','admin','2022-11-21 22:41:07',1,'done'),(313,'04.01','2022-11-21 22:40:40','POSITIVE',NULL,315,'Hobert Kittelson',NULL,NULL,NULL,NULL,NULL,NULL,NULL,NULL,NULL,NULL,NULL,NULL,NULL,0,48,'M','undefined','O','admin','2022-11-21 22:40:40','admin','2022-11-21 22:41:07',1,'done'),(314,'07.01','2022-11-23 16:02:33','NEGATIVE',NULL,523,'Quinlan Coors',NULL,NULL,NULL,NULL,NULL,NULL,NULL,NULL,NULL,NULL,NULL,NULL,NULL,0,6,'M','undefined','O','admin','2022-11-23 16:02:33','admin','2022-11-23 16:02:45',1,'done'),(315,'07.02','2022-11-23 16:02:33','NORMAL',NULL,523,'Quinlan Coors',NULL,NULL,NULL,NULL,NULL,NULL,NULL,NULL,NULL,NULL,NULL,NULL,NULL,0,6,'M','undefined','O','admin','2022-11-23 16:02:33','admin','2022-11-23 16:02:45',1,'done'),(316,'02.01','2021-03-13 22:47:53','AB RH+',NULL,524,'Geremia Dickinson',NULL,NULL,NULL,NULL,NULL,NULL,NULL,NULL,NULL,NULL,NULL,NULL,NULL,0,67,'M','undefined','O','admin','2021-03-13 22:47:53','admin','2021-03-13 22:48:18',1,'done'),(317,'07.04.1','2021-03-13 22:47:53','< 1.4 (NORMAL)',NULL,524,'Geremia Dickinson',NULL,NULL,NULL,NULL,NULL,NULL,NULL,NULL,NULL,NULL,NULL,NULL,NULL,0,67,'M','film','O','admin','2021-03-13 22:47:53','admin','2021-03-13 22:48:18',1,'done'),(318,'URI','2021-03-13 00:50:42','Multiple results',NULL,525,'Mary Garrington',NULL,NULL,NULL,NULL,NULL,NULL,NULL,NULL,NULL,NULL,NULL,NULL,NULL,0,0,'F','undefined','O','admin','2021-03-13 00:50:42','admin','2021-03-15 00:51:04',1,'done'),(319,'02.02','2021-03-13 00:54:26','NEGATIVE',NULL,242,'Bumpers Ferdinand',NULL,NULL,NULL,NULL,NULL,NULL,NULL,NULL,NULL,NULL,NULL,NULL,NULL,0,6,'M','undefined','I','admin','2021-03-13 00:54:26','admin','2021-03-15 00:54:39',1,'done'),(320,'03.01','2021-03-13 00:54:26','NEGATIVE',NULL,242,'Bumpers Ferdinand',NULL,NULL,NULL,NULL,NULL,NULL,NULL,NULL,NULL,NULL,NULL,NULL,NULL,0,6,'M','undefined','I','admin','2021-03-13 00:54:26','admin','2021-03-15 00:54:39',1,'done'),(321,'03.01','2021-03-13 01:17:47','NEGATIVE',NULL,528,'Kenty Willis',NULL,NULL,NULL,NULL,NULL,NULL,NULL,NULL,NULL,NULL,NULL,NULL,NULL,0,14,'F','undefined','O','admin','2021-03-13 01:17:47','admin','2021-03-15 01:17:57',1,'done'),(322,'04.06','2021-03-13 01:17:47','NEGATIVE',NULL,528,'Kenty Willis',NULL,NULL,NULL,NULL,NULL,NULL,NULL,NULL,NULL,NULL,NULL,NULL,NULL,0,14,'F','undefined','O','admin','2021-03-13 01:17:47','admin','2021-03-15 01:17:57',1,'done'),(323,'01.05','2021-03-15 12:16:50','NORMAL',NULL,405,'Eddings Carmine',NULL,NULL,NULL,NULL,NULL,NULL,NULL,NULL,NULL,NULL,NULL,NULL,NULL,0,14,'M','blood','O','admin','2021-03-15 12:16:50','admin','2021-03-15 12:17:08',1,'done'),(324,'05.04','2021-03-15 12:32:17','NEGATIVE',NULL,529,'Sara Hucklington',NULL,NULL,NULL,NULL,NULL,NULL,NULL,NULL,NULL,NULL,NULL,NULL,NULL,0,0,'F','undefined','O','admin','2021-03-15 12:32:17','admin','2021-03-15 12:32:40',1,'done'),(325,'07.04.1','2021-03-15 12:32:17','1.4 - 2.5',NULL,529,'Sara Hucklington',NULL,NULL,NULL,NULL,NULL,NULL,NULL,NULL,NULL,NULL,NULL,NULL,NULL,0,0,'F','undefined','O','admin','2021-03-15 12:32:17','admin','2021-03-15 12:32:40',1,'done'),(326,'03.01','2021-03-15 14:35:09','NEGATIVE',NULL,116,'Nieves Julietta',NULL,NULL,NULL,NULL,NULL,NULL,NULL,NULL,NULL,NULL,NULL,NULL,NULL,0,76,'F','undefined','I','admin','2021-03-15 14:35:09','admin','2021-03-15 14:35:24',1,'done'),(327,'03.021','2021-03-15 14:35:09','NEGATIVE',NULL,116,'Nieves Julietta',NULL,NULL,NULL,NULL,NULL,NULL,NULL,NULL,NULL,NULL,NULL,NULL,NULL,0,76,'F','undefined','I','admin','2021-03-15 14:35:09','admin','2021-03-15 14:35:24',1,'done'),(328,'03.06','2021-03-15 14:35:09','NEGATIVE',NULL,116,'Nieves Julietta',NULL,NULL,NULL,NULL,NULL,NULL,NULL,NULL,NULL,NULL,NULL,NULL,NULL,0,76,'F','undefined','I','admin','2021-03-15 14:35:09','admin','2021-03-15 14:35:24',1,'done'),(329,'08.01','2021-03-15 14:35:26','NEGATIVE',NULL,140,'Curtis Courson',NULL,NULL,NULL,NULL,NULL,NULL,NULL,NULL,NULL,NULL,NULL,NULL,NULL,0,73,'M','blood','O','admin','2021-03-15 14:35:26','admin','2021-03-15 14:35:39',1,'done'),(330,'07.03.3','2021-03-15 14:35:46','<= 50 (NORMAL)',NULL,313,'Depuy Darrell',NULL,NULL,NULL,NULL,NULL,NULL,NULL,NULL,NULL,NULL,NULL,NULL,NULL,0,51,'M','undefined','O','admin','2021-03-15 14:35:46','admin','2021-03-15 14:35:59',1,'done'),(331,'07.03.4','2021-03-15 14:35:46','> 50',NULL,313,'Depuy Darrell',NULL,NULL,NULL,NULL,NULL,NULL,NULL,NULL,NULL,NULL,NULL,NULL,NULL,0,51,'M','undefined','O','admin','2021-03-15 14:35:46','admin','2021-03-15 14:35:59',1,'done'),(332,'03.01','2021-03-15 19:41:32','NEGATIVE',NULL,233,'Jeffreys Risa',NULL,NULL,NULL,NULL,NULL,NULL,NULL,NULL,NULL,NULL,NULL,NULL,NULL,0,1,'F','blood','I','admin','2021-03-15 19:41:32','admin','2021-03-15 19:42:15',1,'done'),(333,'03.02','2021-03-15 19:41:32','NEGATIVE',NULL,233,'Jeffreys Risa',NULL,NULL,NULL,NULL,NULL,NULL,NULL,NULL,NULL,NULL,NULL,NULL,NULL,0,1,'F','blood','I','admin','2021-03-15 19:41:32','admin','2021-03-15 19:42:15',1,'done'),(334,'02.01','2023-02-04 02:30:00','AB RH+',NULL,553,'Yellen Unison',NULL,NULL,NULL,NULL,NULL,NULL,NULL,NULL,NULL,NULL,NULL,NULL,NULL,0,25,'F','blood','I','admin','2023-02-04 02:30:28','admin','2023-02-04 02:30:28',1,'done'),(335,'07.01','2023-02-04 02:30:00','NEGATIVE',NULL,553,'Yellen Unison',NULL,NULL,NULL,NULL,NULL,NULL,NULL,NULL,NULL,NULL,NULL,NULL,NULL,0,25,'F','undefined','I','admin','2023-02-04 02:30:28','admin','2023-02-04 02:30:28',1,'done');
/*!40000 ALTER TABLE `oh_laboratory` ENABLE KEYS */;
UNLOCK TABLES;

--
-- Table structure for table `oh_laboratoryrow`
--

DROP TABLE IF EXISTS `oh_laboratoryrow`;
/*!40101 SET @saved_cs_client     = @@character_set_client */;
/*!40101 SET character_set_client = utf8 */;
CREATE TABLE `oh_laboratoryrow` (
  `LABR_ID` int(11) NOT NULL AUTO_INCREMENT,
  `LABR_LAB_ID` int(11) NOT NULL,
  `LABR_DESC` varchar(50) NOT NULL,
  `LABR_CREATED_BY` varchar(50) DEFAULT NULL,
  `LABR_CREATED_DATE` datetime DEFAULT NULL,
  `LABR_LAST_MODIFIED_BY` varchar(50) DEFAULT NULL,
  `LABR_LAST_MODIFIED_DATE` datetime DEFAULT NULL,
  `LABR_ACTIVE` tinyint(1) NOT NULL DEFAULT 1,
  PRIMARY KEY (`LABR_ID`),
  KEY `FK_LABORATORYROW_LABORATORY` (`LABR_LAB_ID`),
  KEY `FK_LABORATORYROW_CREATED_BY_IDX` (`LABR_CREATED_BY`),
  KEY `FK_LABORATORYROW_LAST_MODIFIED_BY_IDX` (`LABR_LAST_MODIFIED_BY`),
  CONSTRAINT `FK_LABORATORYROW_CREATED_BY` FOREIGN KEY (`LABR_CREATED_BY`) REFERENCES `oh_user` (`US_ID_A`) ON DELETE NO ACTION ON UPDATE NO ACTION,
  CONSTRAINT `FK_LABORATORYROW_LABORATORY` FOREIGN KEY (`LABR_LAB_ID`) REFERENCES `oh_laboratory` (`LAB_ID`) ON DELETE NO ACTION ON UPDATE CASCADE,
  CONSTRAINT `FK_LABORATORYROW_LAST_MODIFIED_BY` FOREIGN KEY (`LABR_LAST_MODIFIED_BY`) REFERENCES `oh_user` (`US_ID_A`) ON DELETE NO ACTION ON UPDATE NO ACTION
) ENGINE=InnoDB AUTO_INCREMENT=78 DEFAULT CHARSET=utf8mb3 COLLATE=utf8mb3_general_ci;
/*!40101 SET character_set_client = @saved_cs_client */;

--
-- Dumping data for table `oh_laboratoryrow`
--

LOCK TABLES `oh_laboratoryrow` WRITE;
/*!40000 ALTER TABLE `oh_laboratoryrow` DISABLE KEYS */;
INSERT INTO `oh_laboratoryrow` (`LABR_ID`, `LABR_LAB_ID`, `LABR_DESC`, `LABR_CREATED_BY`, `LABR_CREATED_DATE`, `LABR_LAST_MODIFIED_BY`, `LABR_LAST_MODIFIED_DATE`, `LABR_ACTIVE`) VALUES (34,262,'BILIRUBIN','admin','2022-11-20 23:52:39','admin','2022-11-20 23:52:39',1),(35,262,'PROTEIN','admin','2022-11-20 23:52:39','admin','2022-11-20 23:52:39',1),(36,262,'SEDIMENTS','admin','2022-11-20 23:52:39','admin','2022-11-20 23:52:39',1),(37,262,'SUGAR','admin','2022-11-20 23:52:39','admin','2022-11-20 23:52:39',1),(38,285,'HOOK WORM','admin','2022-11-20 23:57:46','admin','2022-11-20 23:57:46',1),(39,285,'E.COLI CYSTS','admin','2022-11-20 23:57:46','admin','2022-11-20 23:57:46',1),(40,285,'TAENIA SAGINATA','admin','2022-11-20 23:57:46','admin','2022-11-20 23:57:46',1),(41,191,'SUGAR','admin','2022-11-21 00:34:15','admin','2022-11-21 00:34:15',1),(42,193,'SUGAR','admin','2022-11-21 00:36:04','admin','2022-11-21 00:36:04',1),(43,187,'SEDIMENTS','admin','2022-11-21 00:36:09','admin','2022-11-21 00:36:09',1),(44,185,'SEDIMENTS','admin','2022-11-21 00:36:14','admin','2022-11-21 00:36:14',1),(45,204,'E.VERMICULARIS','admin','2022-11-21 00:36:22','admin','2022-11-21 00:36:22',1),(46,195,'SUGAR','admin','2022-11-21 00:36:28','admin','2022-11-21 00:36:28',1),(47,50,'SUGAR','admin','2022-11-21 00:37:50','admin','2022-11-21 00:37:50',1),(48,53,'SEDIMENTS','admin','2022-11-21 00:38:00','admin','2022-11-21 00:38:00',1),(49,88,'TAENIA SOLIUM','admin','2022-11-21 00:38:26','admin','2022-11-21 00:38:26',1),(50,99,'E.HISTOLYTICA','admin','2022-11-21 00:38:34','admin','2022-11-21 00:38:34',1),(51,87,'S.MANSONI','admin','2022-11-21 00:39:41','admin','2022-11-21 00:39:41',1),(52,120,'SEDIMENTS','admin','2022-11-21 00:40:06','admin','2022-11-21 00:40:06',1),(53,122,'HOOK WORM','admin','2022-11-21 00:40:29','admin','2022-11-21 00:40:29',1),(54,124,'SEDIMENTS','admin','2022-11-21 00:41:15','admin','2022-11-21 00:41:15',1),(55,89,'A..LUMBRICOIDES','admin','2022-11-21 00:41:42','admin','2022-11-21 00:41:42',1),(56,14,'SUGAR','admin','2022-11-21 00:41:59','admin','2022-11-21 00:41:59',1),(57,33,'SUGAR','admin','2022-11-21 00:42:03','admin','2022-11-21 00:42:03',1),(58,56,'SUGAR','admin','2022-11-21 00:43:53','admin','2022-11-21 00:43:53',1),(59,76,'SUGAR','admin','2022-11-21 00:44:46','admin','2022-11-21 00:44:46',1),(60,68,'PROTEIN','admin','2022-11-21 00:45:09','admin','2022-11-21 00:45:09',1),(61,75,'SEDIMENTS','admin','2022-11-21 00:45:17','admin','2022-11-21 00:45:17',1),(62,30,'SUGAR','admin','2022-11-21 00:45:23','admin','2022-11-21 00:45:23',1),(63,81,'SUGAR','admin','2022-11-21 00:49:47','admin','2022-11-21 00:49:47',1),(64,17,'SEDIMENTS','admin','2022-11-21 00:50:14','admin','2022-11-21 00:50:14',1),(65,153,'TAENIA SOLIUM','admin','2022-11-21 00:51:47','admin','2022-11-21 00:51:47',1),(66,172,'HOOK WORM','admin','2022-11-21 01:23:35','admin','2022-11-21 01:23:35',1),(67,184,'SEDIMENTS','admin','2022-11-21 01:23:47','admin','2022-11-21 01:23:47',1),(68,181,'E.COLI CYSTS','admin','2022-11-21 01:24:08','admin','2022-11-21 01:24:08',1),(69,180,'SUGAR','admin','2022-11-21 01:24:25','admin','2022-11-21 01:24:25',1),(70,161,'SUGAR','admin','2022-11-21 01:27:37','admin','2022-11-21 01:27:37',1),(71,215,'G.LAMBLIA','admin','2022-11-21 01:28:04','admin','2022-11-21 01:28:04',1),(72,178,'SUGAR','admin','2022-11-21 01:30:39','admin','2022-11-21 01:30:39',1),(73,233,'SUGAR','admin','2022-11-21 01:31:24','admin','2022-11-21 01:31:24',1),(74,140,'TAENIA SOLIUM','admin','2022-11-21 01:31:33','admin','2022-11-21 01:31:33',1),(75,177,'G.LAMBLIA','admin','2022-11-21 01:40:26','admin','2022-11-21 01:40:26',1),(76,318,'BILIRUBIN','admin','2021-03-15 00:51:04','admin','2021-03-15 00:51:04',1),(77,318,'SUGAR','admin','2021-03-15 00:51:04','admin','2021-03-15 00:51:04',1);
/*!40000 ALTER TABLE `oh_laboratoryrow` ENABLE KEYS */;
UNLOCK TABLES;

--
-- Table structure for table `oh_log`
--

DROP TABLE IF EXISTS `oh_log`;
/*!40101 SET @saved_cs_client     = @@character_set_client */;
/*!40101 SET character_set_client = utf8 */;
CREATE TABLE `oh_log` (
  `LOG_ID` int(11) NOT NULL AUTO_INCREMENT,
  `LOG_TYPE` int(11) NOT NULL,
  `LOG_CLASS` varchar(100) DEFAULT NULL,
  `LOG_METHOD` varchar(64) DEFAULT NULL,
  `LOG_TIME` datetime NOT NULL,
  `LOG_MESS` varchar(1024) DEFAULT NULL,
  `LOG_USER` varchar(50) DEFAULT NULL,
  PRIMARY KEY (`LOG_ID`)
) ENGINE=InnoDB DEFAULT CHARSET=utf8mb3 COLLATE=utf8mb3_general_ci;
/*!40101 SET character_set_client = @saved_cs_client */;

--
-- Dumping data for table `oh_log`
--

LOCK TABLES `oh_log` WRITE;
/*!40000 ALTER TABLE `oh_log` DISABLE KEYS */;
/*!40000 ALTER TABLE `oh_log` ENABLE KEYS */;
UNLOCK TABLES;

--
-- Table structure for table `oh_malnutritioncontrol`
--

DROP TABLE IF EXISTS `oh_malnutritioncontrol`;
/*!40101 SET @saved_cs_client     = @@character_set_client */;
/*!40101 SET character_set_client = utf8 */;
CREATE TABLE `oh_malnutritioncontrol` (
  `MLN_ID` int(11) NOT NULL AUTO_INCREMENT,
  `MLN_DATE_SUPP` datetime NOT NULL,
  `MNL_DATE_CONF` datetime DEFAULT NULL,
  `MLN_ADM_ID` int(11) NOT NULL,
  `MLN_HEIGHT` float NOT NULL,
  `MLN_WEIGHT` float NOT NULL,
  `MLN_LOCK` int(11) NOT NULL DEFAULT 0,
  `MLN_CREATED_BY` varchar(50) DEFAULT NULL,
  `MLN_CREATED_DATE` datetime DEFAULT NULL,
  `MLN_LAST_MODIFIED_BY` varchar(50) DEFAULT NULL,
  `MLN_LAST_MODIFIED_DATE` datetime DEFAULT NULL,
  `MLN_ACTIVE` tinyint(1) NOT NULL DEFAULT 1,
  PRIMARY KEY (`MLN_ID`),
  KEY `FK_MALNUTRITIONCONTROL_CREATED_BY_IDX` (`MLN_CREATED_BY`),
  KEY `FK_MALNUTRITIONCONTROL_LAST_MODIFIED_BY_IDX` (`MLN_LAST_MODIFIED_BY`),
  CONSTRAINT `FK_MALNUTRITIONCONTROL_CREATED_BY` FOREIGN KEY (`MLN_CREATED_BY`) REFERENCES `oh_user` (`US_ID_A`) ON DELETE NO ACTION ON UPDATE NO ACTION,
  CONSTRAINT `FK_MALNUTRITIONCONTROL_LAST_MODIFIED_BY` FOREIGN KEY (`MLN_LAST_MODIFIED_BY`) REFERENCES `oh_user` (`US_ID_A`) ON DELETE NO ACTION ON UPDATE NO ACTION
) ENGINE=InnoDB DEFAULT CHARSET=utf8mb3 COLLATE=utf8mb3_general_ci;
/*!40101 SET character_set_client = @saved_cs_client */;

--
-- Dumping data for table `oh_malnutritioncontrol`
--

LOCK TABLES `oh_malnutritioncontrol` WRITE;
/*!40000 ALTER TABLE `oh_malnutritioncontrol` DISABLE KEYS */;
/*!40000 ALTER TABLE `oh_malnutritioncontrol` ENABLE KEYS */;
UNLOCK TABLES;

--
-- Table structure for table `oh_medicaldsr`
--

DROP TABLE IF EXISTS `oh_medicaldsr`;
/*!40101 SET @saved_cs_client     = @@character_set_client */;
/*!40101 SET character_set_client = utf8 */;
CREATE TABLE `oh_medicaldsr` (
  `MDSR_ID` int(11) NOT NULL AUTO_INCREMENT,
  `MDSR_MDSRT_ID_A` char(1) NOT NULL,
  `MDSR_CODE` varchar(5) NOT NULL,
  `MDSR_DESC` varchar(100) NOT NULL,
  `MDSR_MIN_STOCK_QTI` float NOT NULL DEFAULT 0,
  `MDSR_INI_STOCK_QTI` float NOT NULL DEFAULT 0,
  `MDSR_PCS_X_PCK` int(11) NOT NULL,
  `MDSR_IN_QTI` float NOT NULL DEFAULT 0,
  `MDSR_OUT_QTI` float NOT NULL DEFAULT 0,
  `MDSR_LOCK` int(11) NOT NULL DEFAULT 0,
  `MDSR_CREATED_BY` varchar(50) DEFAULT NULL,
  `MDSR_CREATED_DATE` datetime DEFAULT NULL,
  `MDSR_LAST_MODIFIED_BY` varchar(50) DEFAULT NULL,
  `MDSR_LAST_MODIFIED_DATE` datetime DEFAULT NULL,
  `MDSR_ACTIVE` tinyint(1) NOT NULL DEFAULT 1,
  PRIMARY KEY (`MDSR_ID`),
  UNIQUE KEY `MDSR_MDSRT_ID_A` (`MDSR_MDSRT_ID_A`,`MDSR_DESC`),
  KEY `FK_MEDICALDSR_CREATED_BY_IDX` (`MDSR_CREATED_BY`),
  KEY `FK_MEDICALDSR_LAST_MODIFIED_BY_IDX` (`MDSR_LAST_MODIFIED_BY`),
  CONSTRAINT `FK_MEDICALDSR_CREATED_BY` FOREIGN KEY (`MDSR_CREATED_BY`) REFERENCES `oh_user` (`US_ID_A`) ON DELETE NO ACTION ON UPDATE NO ACTION,
  CONSTRAINT `FK_MEDICALDSR_LAST_MODIFIED_BY` FOREIGN KEY (`MDSR_LAST_MODIFIED_BY`) REFERENCES `oh_user` (`US_ID_A`) ON DELETE NO ACTION ON UPDATE NO ACTION,
  CONSTRAINT `FK_MEDICALDSR_MEDICALDSRTYPE` FOREIGN KEY (`MDSR_MDSRT_ID_A`) REFERENCES `oh_medicaldsrtype` (`MDSRT_ID_A`) ON DELETE NO ACTION ON UPDATE CASCADE
) ENGINE=InnoDB AUTO_INCREMENT=419 DEFAULT CHARSET=utf8mb3 COLLATE=utf8mb3_general_ci;
/*!40101 SET character_set_client = @saved_cs_client */;

--
-- Dumping data for table `oh_medicaldsr`
--

LOCK TABLES `oh_medicaldsr` WRITE;
/*!40000 ALTER TABLE `oh_medicaldsr` DISABLE KEYS */;
INSERT INTO `oh_medicaldsr` (`MDSR_ID`, `MDSR_MDSRT_ID_A`, `MDSR_CODE`, `MDSR_DESC`, `MDSR_MIN_STOCK_QTI`, `MDSR_INI_STOCK_QTI`, `MDSR_PCS_X_PCK`, `MDSR_IN_QTI`, `MDSR_OUT_QTI`, `MDSR_LOCK`, `MDSR_CREATED_BY`, `MDSR_CREATED_DATE`, `MDSR_LAST_MODIFIED_BY`, `MDSR_LAST_MODIFIED_DATE`, `MDSR_ACTIVE`) VALUES (1,'K','1','Glucose Test Strip ( Sure Step)',0,0,0,0,0,0,NULL,NULL,NULL,NULL,1),(2,'L','2','Acetic Acid Glacial 1 ltr',0,0,0,0,0,0,NULL,NULL,NULL,NULL,1),(3,'L','3','Aceton 99% 1ltr',0,0,0,0,0,0,NULL,NULL,NULL,NULL,1),(4,'L','4','Copper 11 Sulphate 500g',0,0,0,0,0,0,NULL,NULL,NULL,NULL,1),(5,'L','5','EDTA Di- sodium salt 100g',0,0,0,0,0,0,NULL,NULL,NULL,NULL,1),(6,'L','6','Ethanol Absolute 1ltr',0,0,0,0,0,0,NULL,NULL,NULL,NULL,1),(7,'L','7','Formaldelyde solution 35-38% 1ltr',0,0,0,0,0,0,NULL,NULL,NULL,NULL,1),(8,'L','8','Hydrochloric Acid 30-33% 1ltr',0,0,0,0,0,0,NULL,NULL,NULL,NULL,1),(9,'L','9','Iodin Crystal 100g',0,0,0,0,0,0,NULL,NULL,NULL,NULL,1),(10,'L','10','Methanol 99% 1ltr',0,0,0,0,0,0,NULL,NULL,NULL,NULL,1),(11,'L','11','Phenol crystals 1kg',0,0,0,0,0,0,NULL,NULL,NULL,NULL,1),(12,'L','12','Potassium iodide 100g',0,0,0,0,0,0,NULL,NULL,NULL,NULL,1),(13,'L','13','Sodium Carbonate Anhydrous 500g',0,0,0,0,0,0,NULL,NULL,NULL,NULL,1),(14,'L','14','Sodium Citrate 100g',0,0,0,0,0,0,NULL,NULL,NULL,NULL,1),(15,'L','15','Sodium Sulphate 500g',0,0,0,0,0,0,NULL,NULL,NULL,NULL,1),(16,'L','16','Sodium Nitrate 25g',0,0,0,0,0,0,NULL,NULL,NULL,NULL,1),(17,'L','17','Sulphosalicylic Acid 500g',0,0,0,0,0,0,NULL,NULL,NULL,NULL,1),(18,'L','18','Sulphuric Acid Conc 1ltr',0,0,0,0,0,0,NULL,NULL,NULL,NULL,1),(19,'L','19','Xylene 2.5 ltrs',0,0,0,0,0,0,NULL,NULL,NULL,NULL,1),(20,'L','20','Sodium Flouride',0,0,0,0,0,0,NULL,NULL,NULL,NULL,1),(21,'L','21','Potassium Oxalate',0,0,0,0,0,0,NULL,NULL,NULL,NULL,1),(22,'L','22','Brillians crystal blue',0,0,0,0,0,0,NULL,NULL,NULL,NULL,1),(23,'L','23','Amonium Oxalate',0,0,0,0,0,0,NULL,NULL,NULL,NULL,1),(24,'L','24','4 Dimethyl Aminobenzaldelyde',0,0,0,0,0,0,NULL,NULL,NULL,NULL,1),(25,'L','25','Trichloro acetic Acid',0,0,0,0,0,0,NULL,NULL,NULL,NULL,1),(26,'L','26','Non 111 Chloride (Ferric chloride)',0,0,0,0,0,0,NULL,NULL,NULL,NULL,1),(27,'L','27','Sodium Carbonate Anhydrous',0,0,0,0,0,0,NULL,NULL,NULL,NULL,1),(28,'L','28','Trisodium Citrate',0,0,0,0,0,0,NULL,NULL,NULL,NULL,1),(29,'L','29','Crystal Violet',0,0,0,0,0,0,NULL,NULL,NULL,NULL,1),(30,'K','30','GPT (ALT) 200ml ( Does not have NAOH)',0,0,0,0,0,0,NULL,NULL,NULL,NULL,1),(31,'K','31','GOT ( AST) 200ml has no NAOH) AS 101',0,0,0,0,0,0,NULL,NULL,NULL,NULL,1),(32,'K','32','GOT ( AST) 200ml (Calorimetric) AS 147',0,0,0,0,0,0,NULL,NULL,NULL,NULL,1),(33,'K','33','HIV 1/2 Capillus Kit 100Tests',0,0,0,0,0,0,NULL,NULL,NULL,NULL,1),(34,'K','34','HIV Buffer for determine Kit',0,0,0,0,0,0,NULL,NULL,NULL,NULL,1),(35,'K','35','HIV Determine 1/11 (Abbott) 100Tests',0,0,0,0,0,0,NULL,NULL,NULL,NULL,1),(36,'K','36','HIV UNIGOLD 1/11 Test Kits 20 Tests',0,0,0,0,0,0,NULL,NULL,NULL,NULL,1),(37,'K','37','Pregnacy ( HGG Latex) 50 tests',0,0,0,0,0,0,NULL,NULL,NULL,NULL,1),(38,'K','38','RPR 125mm x 75mm',0,0,0,0,0,0,NULL,NULL,NULL,NULL,1),(39,'K','39','RPR ( VDRL Carbon ) Antigen 5ml',0,0,0,0,0,0,NULL,NULL,NULL,NULL,1),(40,'D','40','Adrenaline 1mg/ml 1ml Amp',0,0,0,100,100,0,NULL,NULL,NULL,NULL,1),(41,'D','41','Aminophyline 25mg/ml,10ml Amp',0,0,0,190,0,0,NULL,NULL,NULL,NULL,1),(42,'D','42','Amphotericin B 50mg Vial',0,0,0,0,0,0,NULL,NULL,NULL,NULL,1),(43,'D','43','Ampicillin 500mg Vial',0,0,0,650,0,0,NULL,NULL,NULL,NULL,1),(44,'D','44','Atropine 1mg/ml 1ml Amp',0,0,0,673,0,0,NULL,NULL,NULL,NULL,1),(45,'D','45','Benzathine Penicillin 2.4 MIU Vial',0,0,0,0,0,0,NULL,NULL,NULL,NULL,1),(46,'D','46','Benzyl Penicillin 1 MIU Vial',0,0,0,0,0,0,NULL,NULL,NULL,NULL,1),(47,'D','47','Benzyl Penicillin 5 MIU Vial',0,0,0,0,0,0,NULL,NULL,NULL,NULL,1),(48,'D','48','Chloramphenicol 1g Vial',0,0,0,0,0,0,NULL,NULL,NULL,NULL,1),(49,'D','49','Chloroquine 40mg Base/ml 5ml Amp',0,0,0,0,0,0,NULL,NULL,NULL,NULL,1),(50,'D','50','Chlorpromazine 25mg/ml/2ml Amp',0,0,0,100,40,2,NULL,NULL,'admin','2021-03-15 14:39:20',1),(51,'D','51','Cloxacillin 500mg Vial',0,0,0,0,0,0,NULL,NULL,NULL,NULL,1),(52,'D','52','Cyclophosphamide 200mg Vial',0,0,0,0,0,0,NULL,NULL,NULL,NULL,1),(53,'D','53','Cyclophosphamide 500mg Vial',0,0,0,0,0,0,NULL,NULL,NULL,NULL,1),(54,'D','54','Diazepam 5mg / ml 2ml Amp',0,0,0,0,0,0,NULL,NULL,NULL,NULL,1),(55,'D','55','Diclofenac 25mg/ml 3ml Amp',0,0,0,0,0,0,NULL,NULL,NULL,NULL,1),(56,'D','56','Digoxin 0.25 mg/ml 2ml Amp',0,0,0,0,0,0,NULL,NULL,NULL,NULL,1),(57,'D','57','Frusemide 10mg/ml 2ml Amp',0,0,0,0,0,0,NULL,NULL,NULL,NULL,1),(58,'D','58','Gentamicin 40mg/ml 2ml',0,0,0,0,0,0,NULL,NULL,NULL,NULL,1),(59,'D','59','Haloperidol 5mg/ml 1ml Amp',0,0,0,0,0,0,NULL,NULL,NULL,NULL,1),(60,'D','60','Haloperidol Decanoate 50mg/ml 1ml Amp',0,0,0,0,0,0,NULL,NULL,NULL,NULL,1),(61,'D','61','Hydralazine 20mg Vial',0,0,0,0,0,0,NULL,NULL,NULL,NULL,1),(62,'D','62','Hydrocortisone 100mg Vial',0,0,0,0,0,0,NULL,NULL,NULL,NULL,1),(63,'D','63','Hyoscine Butyl Bromide 20mg/ml/ Amp',0,0,0,0,0,0,NULL,NULL,NULL,NULL,1),(64,'D','64','Insulin Soluble 100IU/ml 10ml Vial',0,0,0,0,0,0,NULL,NULL,NULL,NULL,1),(65,'D','65','Insulin Isophane 100IU/ml 10ml Vial',0,0,0,0,0,0,NULL,NULL,NULL,NULL,1),(66,'D','66','Insulin Mixtard 30/70 100IU/ml 10ml Vial',0,0,0,0,0,0,NULL,NULL,NULL,NULL,1),(67,'D','67','Insulin Mixtard 30/70 100IU/ml 5x3ml catridges',0,0,0,0,0,0,NULL,NULL,NULL,NULL,1),(68,'D','68','Insulin Isophane 40IU/ml 10ml',0,0,0,0,0,0,NULL,NULL,NULL,NULL,1),(69,'D','69','Iron Dextran 10mg/ml 2ml Vial',0,0,0,0,0,0,NULL,NULL,NULL,NULL,1),(70,'D','70','Ketamine 10mg/ml 20ml Vial',0,0,30,0,0,1,NULL,NULL,'admin','2022-11-23 14:32:19',1),(71,'D','71','Ketamine 10mg/ml 10ml Vial',0,0,20,0,0,1,NULL,NULL,'admin','2022-11-23 14:32:11',1),(72,'D','72','Lignocaine 2% 20ml Vial',0,0,0,0,0,0,NULL,NULL,NULL,NULL,1),(73,'D','73','Lignocaine 2% Adrenaline Dent.cartridges',0,0,0,0,0,0,NULL,NULL,NULL,NULL,1),(74,'D','74','Lignocaine spinal 50mg/ml 2ml Amp',0,0,0,0,0,0,NULL,NULL,NULL,NULL,1),(75,'D','75','Methylergomatrine 0.2mg/ml 1ml Amp',0,0,0,0,0,0,NULL,NULL,NULL,NULL,1),(76,'D','76','Methylergomatrine 0.5mg/ml 1ml Amp',0,0,0,0,0,0,NULL,NULL,NULL,NULL,1),(77,'D','77','Metoclopramide 5mg/ml 100ml Amp',0,0,0,0,0,0,NULL,NULL,NULL,NULL,1),(78,'D','78','Metronidazole 5mg/ml 2ml IV',0,0,0,0,0,0,NULL,NULL,NULL,NULL,1),(79,'D','79','Morphine 15mg/ml 1ml Amp',0,0,0,0,0,0,NULL,NULL,NULL,NULL,1),(80,'D','80','Oxytocin 10 IU/ml 1ml Amp',0,0,0,0,0,0,NULL,NULL,NULL,NULL,1),(81,'D','81','Pethidine 100mg/ml 2ml Amp',0,0,0,0,0,0,NULL,NULL,NULL,NULL,1),(82,'D','82','Pethidine 50mg/ml 1ml Amp',0,0,0,0,0,0,NULL,NULL,NULL,NULL,1),(83,'D','83','Phenobarbital 100mg/ml 2ml Amp',0,0,0,0,0,0,NULL,NULL,NULL,NULL,1),(84,'D','84','Phytomenadione 10mg/ml 1ml Amp',0,0,0,0,0,0,NULL,NULL,NULL,NULL,1),(85,'D','85','Phytomenadione 1mg/ml 1ml Amp',0,0,0,0,0,0,NULL,NULL,NULL,NULL,1),(86,'D','86','Procaine Penicillin Fortified 4 MIU Vial',0,0,0,0,0,0,NULL,NULL,NULL,NULL,1),(87,'D','87','Promethazine 25mg/ml 2ml Amp',0,0,0,0,0,0,NULL,NULL,NULL,NULL,1),(88,'D','88','Quinine Di-HCI 300mg/ml 2ml Amp',0,0,0,0,0,0,NULL,NULL,NULL,NULL,1),(89,'D','89','Ranitidine 25mg/ml 2ml Amp',0,0,0,0,0,0,NULL,NULL,NULL,NULL,1),(90,'D','90','Streptomycin 1g Vial',0,0,0,0,0,0,NULL,NULL,NULL,NULL,1),(91,'D','91','Suxamethonium 500mg Vial',0,0,0,0,0,0,NULL,NULL,NULL,NULL,1),(92,'D','92','Suxamethonium 500mg/ml 2ml Amp',0,0,0,0,0,0,NULL,NULL,NULL,NULL,1),(93,'D','93','tetanus Antitoxin 1500 IU 1ml Amp',0,0,0,0,0,0,NULL,NULL,NULL,NULL,1),(94,'D','94','Thiopental Sodium 500mg Vial',0,0,0,0,0,0,NULL,NULL,NULL,NULL,1),(95,'D','95','Water for Injection 10ml Vial',0,0,0,0,0,0,NULL,NULL,NULL,NULL,1),(96,'D','96','Sodium Chloride 0.9% IV 500ml',0,0,0,0,0,0,NULL,NULL,NULL,NULL,1),(97,'D','97','Sodium Lactate Compound IV 500ml',0,0,0,0,0,0,NULL,NULL,NULL,NULL,1),(98,'D','98','Acetazolamide 250mg Tab',0,0,0,200,200,2,NULL,NULL,NULL,NULL,1),(99,'D','99','Acyclovir 200mg Tab',0,0,0,1310,100,0,NULL,NULL,NULL,NULL,1),(101,'D','101','Aminophylline 100mg Tab',0,0,0,8981,0,0,NULL,NULL,NULL,NULL,1),(102,'D','102','Albendazole 400mg Tab',0,0,0,0,0,0,NULL,NULL,NULL,NULL,1),(103,'D','103','Albendazole 200mg Tab',450,0,0,37300,100,1,NULL,NULL,NULL,NULL,1),(104,'D','104','Amitriptyline 25mg Tab',0,0,0,5600,0,0,NULL,NULL,NULL,NULL,1),(105,'D','105','Amoxycillin 250mg Caps',0,0,0,57080,1000,0,NULL,NULL,NULL,NULL,1),(106,'D','106','Amoxycillin /Clavulanate 375mg Tab',0,0,0,100,0,1,NULL,NULL,'admin','2023-02-04 02:04:06',1),(107,'D','107','Ascorbic Acid 100mg tab',0,0,0,0,0,0,NULL,NULL,NULL,NULL,1),(108,'D','108','Aspirin 300mg Tab',0,0,0,4344,1600,0,NULL,NULL,NULL,NULL,1),(109,'D','109','Atenolol 50mg Tab',0,0,0,5500,0,0,NULL,NULL,NULL,NULL,1),(110,'D','110','Atenolol 100mg Tab',0,0,0,0,0,0,NULL,NULL,NULL,NULL,1),(111,'D','111','Bendrofluazide 5mg Tab',0,0,100,0,0,1,NULL,NULL,'admin','2022-11-23 14:17:32',1),(112,'D','112','Benzhexol 2mg Tab',0,0,0,0,0,0,NULL,NULL,NULL,NULL,1),(113,'D','113','Benzhexol 5mg Tab',0,0,0,0,0,0,NULL,NULL,NULL,NULL,1),(114,'D','114','Bisacodyl 5mg Tab',0,0,0,0,0,0,NULL,NULL,NULL,NULL,1),(115,'D','115','Calcium Lactate 300mg Tab',0,0,0,0,0,0,NULL,NULL,NULL,NULL,1),(116,'D','116','Carbamazepine 200mg Tab',0,0,0,0,0,0,NULL,NULL,NULL,NULL,1),(117,'D','117','Carbimazole 5mg Tab',0,0,0,0,0,0,NULL,NULL,NULL,NULL,1),(118,'D','118','Charcoal 250mg Tab',0,0,0,0,0,0,NULL,NULL,NULL,NULL,1),(119,'D','119','Chloramphenicol 250mg Caps',0,0,0,0,0,0,NULL,NULL,NULL,NULL,1),(120,'D','120','Chloroquine Uncoated 150mg Tab',0,0,0,0,0,0,NULL,NULL,NULL,NULL,1),(121,'D','121','Chloroquine Coated 150mg Tab',0,0,0,0,0,0,NULL,NULL,NULL,NULL,1),(122,'K','122','UREA Calorimetric 300 Tests',0,0,0,0,0,0,NULL,NULL,NULL,NULL,1),(123,'D','123','Chlorphenimine 4mg Tab',0,0,0,0,0,0,NULL,NULL,NULL,NULL,1),(124,'D','124','Chlorpromazine 100mg Tab',0,0,0,0,0,0,NULL,NULL,NULL,NULL,1),(125,'D','125','Chlorpromazine 25mg Tab',0,0,0,0,0,0,NULL,NULL,NULL,NULL,1),(126,'D','126','Cimetidine 200mg Tab',0,0,0,0,0,0,NULL,NULL,NULL,NULL,1),(127,'D','127','Cimetidine 400mg Tab',0,0,0,0,0,0,NULL,NULL,NULL,NULL,1),(128,'D','128','Ciprofloxacine 500mg Tab',0,0,0,0,0,0,NULL,NULL,NULL,NULL,1),(129,'D','129','Ciprofloxacine 250mg Tab',0,0,0,0,0,0,NULL,NULL,NULL,NULL,1),(130,'D','130','Cloxacillin 250mg Tab',0,0,0,0,0,0,NULL,NULL,NULL,NULL,1),(131,'D','131','Codein Phosphate 30mg Tab',0,0,0,0,0,0,NULL,NULL,NULL,NULL,1),(132,'D','132','Cotrimoxazole 100/20mg Paed Tab',0,0,0,0,0,0,NULL,NULL,NULL,NULL,1),(133,'D','133','Cotrimoxazole 400/80mg Tab',0,0,0,0,0,0,NULL,NULL,NULL,NULL,1),(134,'D','134','Darrows Half Strength 500ml',0,0,0,0,0,0,NULL,NULL,NULL,NULL,1),(135,'D','135','DEXAMethasone 4mg/ml 2ml Amp',0,0,0,0,0,0,NULL,NULL,NULL,NULL,1),(136,'D','136','DEXAMethasone 4mg/ml 1ml Amp',0,0,0,0,0,0,NULL,NULL,NULL,NULL,1),(137,'D','137','Dextrose 5% IV 500ml',0,0,0,0,0,0,NULL,NULL,NULL,NULL,1),(138,'D','138','Dextrose 30% IV 100ml',0,0,0,0,0,0,NULL,NULL,NULL,NULL,1),(139,'D','139','Dextrose 50% IV 100ml',0,0,0,0,0,0,NULL,NULL,NULL,NULL,1),(140,'D','140','DEXAMethasone 0.5mg Tab',0,0,0,0,0,0,NULL,NULL,NULL,NULL,1),(141,'D','141','Diazepam 5mg Tab',0,0,0,0,0,0,NULL,NULL,NULL,NULL,1),(142,'D','142','Diclofenac 50mg Tab',0,0,0,0,0,0,NULL,NULL,NULL,NULL,1),(143,'D','143','Diethylcarbamazine 50mg Tab',0,0,0,0,0,0,NULL,NULL,NULL,NULL,1),(144,'D','144','Digoxin 0.25 mg Tab',0,0,0,0,0,0,NULL,NULL,NULL,NULL,1),(145,'D','145','Doxycycline 100mg Tab',0,0,0,0,0,0,NULL,NULL,NULL,NULL,1),(146,'D','146','Ephedrine 30mg Tab',0,0,0,0,0,0,NULL,NULL,NULL,NULL,1),(147,'D','147','Erythromycin 250mg Tab',0,0,0,0,0,0,NULL,NULL,NULL,NULL,1),(148,'D','148','Fansider 500/25mg Tab (50dosesx3)',0,0,0,0,0,0,NULL,NULL,NULL,NULL,1),(149,'D','149','Fansider 500/25mg Tab',0,0,0,0,0,0,NULL,NULL,NULL,NULL,1),(150,'D','150','Ferrous Sulphate 200mg Tab',0,0,0,0,0,0,NULL,NULL,NULL,NULL,1),(151,'D','151','Fluconazole 100mg Tab',0,0,0,100,0,1,NULL,NULL,'admin','2021-03-15 01:20:30',1),(152,'D','152','Fluconazole 100mg 24 Caps',0,0,0,0,0,0,NULL,NULL,NULL,NULL,1),(153,'D','153','Folic Acid 1mg Tab',0,0,0,0,0,0,NULL,NULL,NULL,NULL,1),(154,'D','154','Folic Acid 5mg Tab',0,0,0,0,0,0,NULL,NULL,NULL,NULL,1),(155,'D','155','Folic Acid/Ferrous Sulp 0.5/200mg Tab',0,0,0,0,0,0,NULL,NULL,NULL,NULL,1),(156,'D','156','Folic Acid 15mg Tab',0,0,0,0,0,0,NULL,NULL,NULL,NULL,1),(157,'D','157','Frusemide 40mg Tab',0,0,0,0,0,0,NULL,NULL,NULL,NULL,1),(158,'D','158','Glibeclamide 5mg Tab',0,0,0,0,0,0,NULL,NULL,NULL,NULL,1),(159,'D','159','Griseofulvin 500mg Tab',0,0,0,0,0,0,NULL,NULL,NULL,NULL,1),(160,'D','160','Haloperidol 5mg Tab',0,0,0,0,0,0,NULL,NULL,NULL,NULL,1),(161,'D','161','Haloperdol 5mg',0,0,0,0,0,0,NULL,NULL,NULL,NULL,1),(162,'D','162','Hydralazine 25mg Tab',0,0,0,0,0,0,NULL,NULL,NULL,NULL,1),(163,'D','163','Hyoscine 10mg Tab',0,0,0,0,0,0,NULL,NULL,NULL,NULL,1),(164,'D','164','Ibuprofen 200mg Tab',0,0,0,0,0,0,NULL,NULL,NULL,NULL,1),(165,'D','165','Impramine 25mg Tab',0,0,0,0,0,0,NULL,NULL,NULL,NULL,1),(166,'D','166','Indomethacin 25mg Tab',0,0,0,0,0,0,NULL,NULL,NULL,NULL,1),(167,'D','167','Isoniazid 300mg Tab',0,0,0,0,0,0,NULL,NULL,NULL,NULL,1),(168,'D','168','Ketocanazole 200mg Tab',0,0,0,0,0,0,NULL,NULL,NULL,NULL,1),(169,'D','169','Pyridoxine 50mg Tab',0,0,0,0,0,0,NULL,NULL,NULL,NULL,1),(170,'D','170','Quinine 300mg Tab',0,0,0,0,0,0,NULL,NULL,NULL,NULL,1),(171,'D','171','Ranitidine 150mg Tab',0,0,0,0,0,0,NULL,NULL,NULL,NULL,1),(172,'D','172','Rifampicin/Isoniazid 150/100 Tab',0,0,0,0,0,0,NULL,NULL,NULL,NULL,1),(173,'D','173','Salbutamol 4mg Tab',0,0,0,0,0,0,NULL,NULL,NULL,NULL,1),(174,'D','174','Spironolactone 25mg Tab',0,0,0,0,0,0,NULL,NULL,NULL,NULL,1),(175,'D','175','Tolbutamide 500mg tab',0,0,0,0,0,0,NULL,NULL,NULL,NULL,1),(176,'D','176','Vitamin A 200.000 IU Caps',0,0,0,0,0,0,NULL,NULL,NULL,NULL,1),(177,'D','177','Vitamin B Complex Tab',0,0,0,300,0,1,NULL,NULL,'admin','2021-03-15 01:22:26',1),(178,'D','178','Oral Rehydration Salt (ORS)',0,0,0,0,0,0,NULL,NULL,NULL,NULL,1),(179,'D','179','Paracetamol 120mg/5ml Syrup',0,0,0,0,0,0,NULL,NULL,NULL,NULL,1),(180,'D','180','Paracetamol 120mg/5ml 100ml',0,0,0,0,0,0,NULL,NULL,NULL,NULL,1),(181,'D','181','Quinine 100mg/5ml Syrup 100ml',0,0,0,0,0,0,NULL,NULL,NULL,NULL,1),(183,'D','183','Chlorhexidine/Centrimide 1.5/15% 1Ltr',0,0,0,0,0,0,NULL,NULL,NULL,NULL,1),(184,'D','184','Chlorhexidine/Centrimide 1.5/15% 5Ltr',0,0,0,0,0,0,NULL,NULL,NULL,NULL,1),(185,'D','185','Getian Violet 25g Tin',0,0,0,0,0,0,NULL,NULL,NULL,NULL,1),(186,'D','186','Hydrogen Peroxide 6% 250ml',0,0,0,0,0,0,NULL,NULL,NULL,NULL,1),(187,'D','187','Iodine Solution 2% 500ml',0,0,0,0,0,0,NULL,NULL,NULL,NULL,1),(188,'D','188','Sodium Hypochloride solution 0.75 Ltr',0,0,0,0,0,0,NULL,NULL,NULL,NULL,1),(189,'D','189','liquid detergent 5Ltr Perfumed',0,0,0,0,0,0,NULL,NULL,NULL,NULL,1),(190,'D','190','Soap Blue Bar 550g',0,0,0,0,0,0,NULL,NULL,NULL,NULL,1),(191,'D','191','Liquid detergent 20Ltr',0,0,0,10,0,1,NULL,NULL,'admin','2021-03-15 01:23:55',1),(192,'D','192','Soap Powder Hand wash 5kg',0,0,0,0,0,0,NULL,NULL,NULL,NULL,1),(193,'D','193','Sodium Hypochlorite solution 5Ltr',0,0,0,0,0,0,NULL,NULL,NULL,NULL,1),(194,'D','194','Betamethasone 0.1% eye/ear/nose drops',0,0,0,0,0,0,NULL,NULL,NULL,NULL,1),(195,'D','195','Betamethasone 0.1% Neomycin 0.35 %eye drops 7.5ml',0,0,0,0,0,0,NULL,NULL,NULL,NULL,1),(196,'D','196','Chloramphenicol 0.5% Eye Drops 10ml',0,0,0,0,0,0,NULL,NULL,NULL,NULL,1),(197,'D','197','Cloramphenicol 1% Eye Ointment 3.5g',0,0,0,0,0,0,NULL,NULL,NULL,NULL,1),(198,'D','198','Gentamicin 0.3% eye/ear drops 10ml',0,0,0,0,0,0,NULL,NULL,NULL,NULL,1),(199,'D','199','Hydrocortisone 1% eye drops 5ml',0,0,0,0,0,0,NULL,NULL,NULL,NULL,1),(200,'D','200','Tetracycline eye ointment 1% 3.5g',0,0,0,0,0,0,NULL,NULL,NULL,NULL,1),(201,'D','201','Beclamethasone 50mcg Innhaler',0,0,0,0,0,0,NULL,NULL,NULL,NULL,1),(202,'K','202','Urine Test Strips 3 Parameters 100 tests',0,0,0,0,0,0,NULL,NULL,NULL,NULL,1),(203,'D','203','Salbutamol solution for inhalation 5ml',0,0,0,0,0,0,NULL,NULL,NULL,NULL,1),(204,'D','204','Salbutamol Inhaler 10ml',0,0,0,0,0,0,NULL,NULL,NULL,NULL,1),(205,'D','205','Clotrimazole 500mg Pessaries',0,0,0,0,0,0,NULL,NULL,NULL,NULL,1),(206,'D','206','Clotrimazole 100mg Pessaries',0,0,0,0,0,0,NULL,NULL,NULL,NULL,1),(207,'D','207','Diazepam 2mg/ml 2.5ml Rectal Tube',0,0,0,0,0,0,NULL,NULL,NULL,NULL,1),(208,'D','208','Antihaemorrhoid suppositories',0,0,0,100,0,0,NULL,NULL,NULL,NULL,1),(209,'D','209','Nystatin 100.000 IU Pessaries',0,0,0,0,0,0,NULL,NULL,NULL,NULL,1),(210,'D','210','Dextrose Monohydrate Apyrogen 25Kg',0,0,0,0,0,0,NULL,NULL,NULL,NULL,1),(211,'D','211','Benzyl Benzoate 25% 100ml',0,0,0,0,0,0,NULL,NULL,NULL,NULL,1),(212,'D','212','Calamine Lotion 3Ltr',0,0,0,0,0,0,NULL,NULL,NULL,NULL,1),(213,'D','213','Calamine Lotion 100ml',0,0,0,0,0,0,NULL,NULL,NULL,NULL,1),(214,'D','214','Clotrimazole !% cream 200mg',0,0,0,0,0,0,NULL,NULL,NULL,NULL,1),(215,'D','215','Clotrimazole !% cream 15/20g',0,0,0,0,0,0,NULL,NULL,NULL,NULL,1),(216,'D','216','Hydrocortisone 1% Cream 200g',0,0,0,0,0,0,NULL,NULL,NULL,NULL,1),(217,'D','217','Hydrocortisone 1% Cream 15g',0,0,0,0,0,0,NULL,NULL,NULL,NULL,1),(218,'D','218','Hydrocortisone 1% Ointment 200g',0,0,0,0,0,0,NULL,NULL,NULL,NULL,1),(219,'D','219','Hydrocortisone 1% Ointment 15g',0,0,0,0,0,0,NULL,NULL,NULL,NULL,1),(220,'D','220','lubricating Jelly 42g',0,0,0,0,0,0,NULL,NULL,NULL,NULL,1),(221,'D','221','Nystatin 100,000 IU/g Ointment 30g',0,0,0,0,0,0,NULL,NULL,NULL,NULL,1),(222,'D','222','Ultrasound Gel 800g',0,0,0,0,0,0,NULL,NULL,NULL,NULL,1),(223,'D','223','Ultrasound Gel 5Ltr',0,0,0,0,0,0,NULL,NULL,NULL,NULL,1),(224,'D','224','Whitfield Oinment 200g',0,0,0,20,0,1,NULL,NULL,'admin','2021-03-15 22:12:41',1),(225,'D','225','Whitfield Oinment 25g',0,0,0,0,0,0,NULL,NULL,NULL,NULL,1),(226,'D','226','Amoxycillin 125mg/5ml Powd. Susp 100ml',0,0,0,180,0,0,NULL,NULL,NULL,NULL,1),(227,'D','227','Chloramphenicol 125mg/5ml Susp 3Ltr',0,0,0,0,0,0,NULL,NULL,NULL,NULL,1),(228,'D','228','Chloramphenicol 125mg/5ml Susp 100ml',0,0,0,0,0,0,NULL,NULL,NULL,NULL,1),(229,'D','229','Cotrimoxazole 200+40mg/5ml Susp 3Ltr',0,0,0,0,0,0,NULL,NULL,NULL,NULL,1),(230,'D','230','Cotrimoxazole 200+40mg/5ml Susp 100ml',0,0,0,0,0,0,NULL,NULL,NULL,NULL,1),(231,'D','231','Nystatin 500.000IU/ Susp/ Drops',0,0,0,0,0,0,NULL,NULL,NULL,NULL,1),(232,'D','232','Sodium Chloride Apyrogen 50kg',0,0,0,0,0,0,NULL,NULL,NULL,NULL,1),(233,'K','233','Field stain A and B',0,0,0,0,0,0,NULL,NULL,NULL,NULL,1),(234,'K','234','Genitian Violet',0,0,0,0,0,0,NULL,NULL,NULL,NULL,1),(235,'K','235','Neutral Red',0,0,0,0,0,0,NULL,NULL,NULL,NULL,1),(236,'K','236','Eosin Yelowish',0,0,0,0,0,0,NULL,NULL,NULL,NULL,1),(237,'K','237','Giemsa Stain',0,0,0,0,0,0,NULL,NULL,NULL,NULL,1),(238,'K','238','Anti Serum A 10ml',0,0,0,0,0,0,NULL,NULL,NULL,NULL,1),(239,'S','239','Blood giving set Disposable',0,0,0,0,0,0,NULL,NULL,NULL,NULL,1),(240,'S','240','Blood Transfer Bag 300ml',0,0,0,0,0,0,NULL,NULL,NULL,NULL,1),(241,'S','241','Insulin Syringe 100IU with Needle G26/29',0,0,0,0,0,0,NULL,NULL,NULL,NULL,1),(242,'S','242','IV Canula G16 with Port',0,0,0,0,0,0,NULL,NULL,NULL,NULL,1),(243,'S','243','IV Canula G18 with Port',0,0,0,0,0,0,NULL,NULL,NULL,NULL,1),(244,'S','244','IV Canula G20 with Port',0,0,0,0,0,0,NULL,NULL,NULL,NULL,1),(245,'S','245','IV Canula G22 with Port',0,0,0,0,0,0,NULL,NULL,NULL,NULL,1),(246,'S','246','IV Canula G24 without Port',0,0,0,0,0,0,NULL,NULL,NULL,NULL,1),(247,'S','247','IV Canula G24 with Port',0,0,0,0,0,0,NULL,NULL,NULL,NULL,1),(248,'S','248','IV Giving set Disposable',0,0,0,0,0,0,NULL,NULL,NULL,NULL,1),(249,'S','249','Needle container disposable of contaminated',0,0,0,0,0,0,NULL,NULL,NULL,NULL,1),(250,'S','250','Needles Luer G20 Disposable',0,0,0,0,0,0,NULL,NULL,NULL,NULL,1),(251,'S','251','Needles Luer G21 Disposable',0,0,0,0,0,0,NULL,NULL,NULL,NULL,1),(252,'S','252','Needles Luer G22 Disposable',0,0,0,0,0,0,NULL,NULL,NULL,NULL,1),(253,'S','253','Needles Luer G23 Disposable',0,0,0,100,0,1,NULL,NULL,'admin','2023-02-04 02:04:06',1),(254,'S','254','Needles Spinal G20x75-120mm',0,0,0,0,0,0,NULL,NULL,NULL,NULL,1),(255,'S','255','Needles Spinal G22x75-120mm',0,0,0,0,0,0,NULL,NULL,NULL,NULL,1),(256,'S','256','Needles Spinal G25x75-120mm',0,0,0,0,0,0,NULL,NULL,NULL,NULL,1),(257,'S','257','Needles Spinal G22x40mm',0,0,0,0,0,0,NULL,NULL,NULL,NULL,1),(258,'S','258','Scalp Vein G19 Infusion set',0,0,0,0,0,0,NULL,NULL,NULL,NULL,1),(259,'S','259','Scalp Vein G21 Infusion set',0,0,0,0,0,0,NULL,NULL,NULL,NULL,1),(260,'S','260','Scalp Vein G23 Infusion set',0,0,0,0,0,0,NULL,NULL,NULL,NULL,1),(261,'S','261','Scalp Vein G25 Infusion set',0,0,0,0,0,0,NULL,NULL,NULL,NULL,1),(262,'S','262','Syringe Feeding/Irrigation 50/60ml',0,0,0,0,0,0,NULL,NULL,NULL,NULL,1),(263,'S','263','Syringe Luer 2ml With Needle Disposable',0,0,0,0,0,0,NULL,NULL,NULL,NULL,1),(264,'S','264','Syringe Luer 10ml With Needle Disposable',0,0,0,0,0,0,NULL,NULL,NULL,NULL,1),(265,'S','265','Syringe Luer 20ml With Needle Disposable',0,0,0,0,0,0,NULL,NULL,NULL,NULL,1),(266,'S','266','Syringe Luer 5ml With Needle Disposable',0,0,0,0,0,0,NULL,NULL,NULL,NULL,1),(267,'S','267','Airway Guedel Size 00',0,0,0,0,0,0,NULL,NULL,NULL,NULL,1),(268,'S','268','Airway Guedel Size 0',0,0,0,0,0,0,NULL,NULL,NULL,NULL,1),(269,'S','269','Airway Guedel Size 1',0,0,0,0,0,0,NULL,NULL,NULL,NULL,1),(270,'S','270','Airway Guedel Size 2',0,0,0,0,0,0,NULL,NULL,NULL,NULL,1),(271,'S','271','Airway Guedel Size 3',0,0,0,0,0,0,NULL,NULL,NULL,NULL,1),(272,'S','272','Eye Pad Sterile',0,0,0,0,0,0,NULL,NULL,NULL,NULL,1),(273,'S','273','Adhesive Tape 2.5cm x 5m',0,0,0,20,0,1,NULL,NULL,'admin','2021-03-15 01:23:09',1),(274,'S','274','Adhesive Tape 7.5cm x 5m',0,0,0,0,0,0,NULL,NULL,NULL,NULL,1),(275,'S','275','cotton Wool 500G',0,0,0,100,20,2,NULL,NULL,'admin','2021-03-15 22:14:06',1),(276,'S','276','Cotton Wool 200G',0,0,0,0,0,0,NULL,NULL,NULL,NULL,1),(277,'S','277','Elastic Bandage 10cm x 4.5m',0,0,0,0,0,0,NULL,NULL,NULL,NULL,1),(278,'S','278','Elastic Bandage 7.5cm x 4.5m',0,0,0,0,0,0,NULL,NULL,NULL,NULL,1),(279,'S','279','Gauze Bandage 7.5cm x 3.65-4m',0,0,0,0,0,0,NULL,NULL,NULL,NULL,1),(280,'S','280','Gauze Bandage 10cm x 4m',0,0,0,0,0,0,NULL,NULL,NULL,NULL,1),(281,'S','281','Gauze Pads Non Sterile 10cm x 10cm',0,0,0,0,0,0,NULL,NULL,NULL,NULL,1),(282,'S','282','Gauze Pads  Sterile 10cm x 10cm',0,0,0,0,0,0,NULL,NULL,NULL,NULL,1),(283,'S','283','Gauze Hydrophylic 90cm x 91cm',0,0,0,0,0,0,NULL,NULL,NULL,NULL,1),(284,'S','284','Plaster of Paris 10cm',0,0,0,0,0,0,NULL,NULL,NULL,NULL,1),(285,'S','285','Plaster of Paris 15cm',0,0,0,0,0,0,NULL,NULL,NULL,NULL,1),(286,'S','286','Cathether Foley CH20 3 Way Ballon',0,0,0,0,0,0,NULL,NULL,NULL,NULL,1),(287,'S','287','Cathether Foley CH8 3 Way Ballon',0,0,0,0,0,0,NULL,NULL,NULL,NULL,1),(288,'S','288','Cathether Foley CH10 3 Way Ballon',0,0,0,0,0,0,NULL,NULL,NULL,NULL,1),(289,'S','289','Cathether Foley CH12 3 Way Ballon',0,0,0,0,0,0,NULL,NULL,NULL,NULL,1),(290,'S','290','Cathether Foley CH14 3 Way Ballon',0,0,0,0,0,0,NULL,NULL,NULL,NULL,1),(291,'S','291','Cathether Foley CH16 3 Way Ballon',0,0,0,0,0,0,NULL,NULL,NULL,NULL,1),(292,'S','292','Cathether Foley CH18 3 Way Ballon',0,0,0,0,0,0,NULL,NULL,NULL,NULL,1),(293,'S','293','Cathether Stopper for All sizes',0,0,0,0,0,0,NULL,NULL,NULL,NULL,1),(294,'S','294','Nasogastric Tube G5 (Children)',0,0,0,0,0,0,NULL,NULL,NULL,NULL,1),(295,'S','295','Nasogastric Tube G8 (Children)',0,0,0,0,0,0,NULL,NULL,NULL,NULL,1),(296,'S','296','Nasogastric Tube G6 (Children)',0,0,0,0,0,0,NULL,NULL,NULL,NULL,1),(297,'S','297','Nasogastric Tube G10 (Children)',0,0,0,0,0,0,NULL,NULL,NULL,NULL,1),(298,'S','298','Nasogastric Tube G14 (Children)',0,0,0,0,0,0,NULL,NULL,NULL,NULL,1),(299,'S','299','Nasogastric Tube G16 (Children)',0,0,0,0,0,0,NULL,NULL,NULL,NULL,1),(300,'S','300','Rectal Tube CH24',0,0,0,0,0,0,NULL,NULL,NULL,NULL,1),(301,'S','301','Rectal Tube CH26',0,0,0,0,0,0,NULL,NULL,NULL,NULL,1),(302,'S','302','Suction Cathether Size 6 Disposable',0,0,0,0,0,0,NULL,NULL,NULL,NULL,1),(303,'S','303','Suction Cathether Size 8 Disposable',0,0,0,0,0,0,NULL,NULL,NULL,NULL,1),(304,'S','304','Suction Cathether Size 16 Disposable',0,0,0,0,0,0,NULL,NULL,NULL,NULL,1),(305,'S','305','Suction Cathether Size 12 Disposable',0,0,0,0,0,0,NULL,NULL,NULL,NULL,1),(306,'S','306','Suction Cathether Size 14 Disposable',0,0,0,0,0,0,NULL,NULL,NULL,NULL,1),(307,'S','307','Suction Cathether Size 10 Disposable',0,0,0,0,0,0,NULL,NULL,NULL,NULL,1),(308,'S','308','Gloves Domestic',0,0,0,0,0,0,NULL,NULL,NULL,NULL,1),(309,'S','309','Gloves High risk non sterile Medium',0,0,0,0,0,0,NULL,NULL,NULL,NULL,1),(310,'S','310','Gloves Gynaecological 7.5-8',0,0,0,0,0,0,NULL,NULL,NULL,NULL,1),(311,'S','311','Gloves Non Sterile Medium Disposable',0,0,0,0,0,0,NULL,NULL,NULL,NULL,1),(312,'S','312','Gloves Non Sterile Large Disposable',0,0,0,0,0,0,NULL,NULL,NULL,NULL,1),(313,'S','313','Gloves Surgical Sterile 6',0,0,0,0,0,0,NULL,NULL,NULL,NULL,1),(314,'S','314','Gloves Surgical Sterile 6.5',0,0,0,1000,0,1,NULL,NULL,'admin','2021-03-15 14:37:57',1),(315,'S','315','Gloves Surgical Sterile 7',0,0,0,0,0,0,NULL,NULL,NULL,NULL,1),(316,'S','316','Gloves Surgical Sterile 7.5',0,0,0,1000,0,1,NULL,NULL,'admin','2023-02-04 02:32:27',1),(317,'S','317','Gloves Surgical Sterile 8',0,0,0,0,0,0,NULL,NULL,NULL,NULL,1),(318,'S','318','Gloves Surgical Sterile 8.5',0,0,0,0,0,0,NULL,NULL,NULL,NULL,1),(319,'S','319','Tongue depressor Disposable',0,0,0,0,0,0,NULL,NULL,NULL,NULL,1),(320,'S','320','Bedpan Plastic Autoclavable',0,0,0,0,0,0,NULL,NULL,NULL,NULL,1),(321,'S','321','Bedpan Stainless Steel',0,0,0,0,0,0,NULL,NULL,NULL,NULL,1),(322,'S','322','Body Bag 70 x 215cm  (Adult)',0,0,0,0,0,0,NULL,NULL,NULL,NULL,1),(323,'S','323','Bowl Without Lid 7 x 12cm stainless steel',0,0,0,0,0,0,NULL,NULL,NULL,NULL,1),(324,'S','324','Bowl Without Lid 8 x 16cm stainless steel',0,0,0,0,0,0,NULL,NULL,NULL,NULL,1),(325,'S','325','Bowl Without Lid 10 x 24cm stainless steel',0,0,0,0,0,0,NULL,NULL,NULL,NULL,1),(326,'S','326','Air ring set 43x15cm, rubber with pump',0,0,0,0,0,0,NULL,NULL,NULL,NULL,1),(327,'S','327','Colostomy Bag closed 30mm size 2',0,0,0,0,0,0,NULL,NULL,NULL,NULL,1),(328,'S','328','Colostomy Bag closed 30mm size 3',0,0,0,0,0,0,NULL,NULL,NULL,NULL,1),(329,'S','329','Colostomy Bag open re-usable 35mm',0,0,0,0,0,0,NULL,NULL,NULL,NULL,1),(330,'S','330','Ear syringe rubber 60ml',0,0,0,0,0,0,NULL,NULL,NULL,NULL,1),(331,'S','331','First Aid kit',0,0,0,0,0,0,NULL,NULL,NULL,NULL,1),(332,'S','332','Gallipot stainless steel 300ml/15cm',0,0,0,0,0,0,NULL,NULL,NULL,NULL,1),(333,'S','333','Gallipot stainless steel 200ml/10cm',0,0,0,0,0,0,NULL,NULL,NULL,NULL,1),(334,'S','334','Hot water Bottle 2Ltr',0,0,0,0,0,0,NULL,NULL,NULL,NULL,1),(335,'S','335','Instrument Box With Lid 20x10x5cm',0,0,0,0,0,0,NULL,NULL,NULL,NULL,1),(336,'S','336','Instrument Tray 30 x 20 x 2cm',0,0,0,0,0,0,NULL,NULL,NULL,NULL,1),(337,'S','337','Irrigation can with acsessories',0,0,0,0,0,0,NULL,NULL,NULL,NULL,1),(338,'S','338','Kidney Dish stainless Steel 24cm',0,0,0,0,0,0,NULL,NULL,NULL,NULL,1),(339,'S','339','Kidney Dish stainless Steel 20cm',0,0,0,0,0,0,NULL,NULL,NULL,NULL,1),(340,'S','340','Kidney Dish Polypropylene 24cm',0,0,0,0,0,0,NULL,NULL,NULL,NULL,1),(341,'S','341','Mackintosh Plastic (Apron) per 1m',0,0,0,0,0,0,NULL,NULL,NULL,NULL,1),(342,'S','342','Mackintosh Rubber Brown (sheeting) per 1m',0,0,0,0,0,0,NULL,NULL,NULL,NULL,1),(343,'S','343','Measuring Cup Graduated 25ml',0,0,0,0,0,0,NULL,NULL,NULL,NULL,1),(344,'S','344','Nesk Support Small',0,0,0,0,0,0,NULL,NULL,NULL,NULL,1),(345,'S','345','Neck Support Medium',0,0,0,0,0,0,NULL,NULL,NULL,NULL,1),(346,'S','346','Neck Support Large',0,0,0,0,0,0,NULL,NULL,NULL,NULL,1),(347,'S','347','Spoon Medicine 5ml',0,0,0,0,0,0,NULL,NULL,NULL,NULL,1),(348,'S','348','Apron Plastic Re-usable',0,0,0,0,0,0,NULL,NULL,NULL,NULL,1),(349,'S','349','Apron Plastic Re-usable local',0,0,0,0,0,0,NULL,NULL,NULL,NULL,1),(350,'S','350','Apron Polythene Disp Non Sterile',0,0,0,0,0,0,NULL,NULL,NULL,NULL,1),(351,'S','351','Razor Blades Disposable 5pc',0,0,0,0,0,0,NULL,NULL,NULL,NULL,1),(352,'S','352','Stethoscope Foetal Metal',0,0,0,0,0,0,NULL,NULL,NULL,NULL,1),(353,'S','353','Stethoscope Foetal Wood',0,0,0,0,0,0,NULL,NULL,NULL,NULL,1),(354,'S','354','Surgical Brush (Scrubbing)',0,0,0,0,0,0,NULL,NULL,NULL,NULL,1),(355,'S','355','Surgical Mop 12 x 15',0,0,0,0,0,0,NULL,NULL,NULL,NULL,1),(356,'S','356','Tablet Counting Tray',0,0,0,0,0,0,NULL,NULL,NULL,NULL,1),(357,'S','357','Toilet Paper Rolls',0,0,0,0,0,0,NULL,NULL,NULL,NULL,1),(358,'S','358','Traction Kit Children',0,0,0,0,0,0,NULL,NULL,NULL,NULL,1),(359,'S','359','Traction Kit Adult',0,0,0,0,0,0,NULL,NULL,NULL,NULL,1),(360,'S','360','Thermometer Clinical Flat Type',0,0,0,0,0,0,NULL,NULL,NULL,NULL,1),(361,'S','361','Thermometer Clinical Prismatic Type',0,0,0,0,0,0,NULL,NULL,NULL,NULL,1),(362,'S','362','Umbilical Cord Tie non sterile 100m',0,0,0,0,0,0,NULL,NULL,NULL,NULL,1),(363,'S','363','Umbilical Cord Tie sterile 22m',0,0,0,0,0,0,NULL,NULL,NULL,NULL,1),(364,'S','364','Urinal 1Ltr / 2Ltr',0,0,0,0,0,0,NULL,NULL,NULL,NULL,1),(365,'S','365','Urine Collecting Bag sterile 2Ltr',0,0,0,0,0,0,NULL,NULL,NULL,NULL,1),(366,'S','366','Insectcide Spray 400g',0,0,0,0,0,0,NULL,NULL,NULL,NULL,1),(367,'S','367','Mosquito Net Impregnated Medium',0,0,0,0,0,0,NULL,NULL,NULL,NULL,1),(368,'S','368','Mosquito Net Impregnated Large',0,0,0,50,20,2,NULL,NULL,'admin','2021-03-15 14:39:58',1),(369,'S','369','Mosquito Net Non Impregnated Medium',0,0,0,0,0,0,NULL,NULL,NULL,NULL,1),(370,'S','370','Mosquito Net Non Impregnated Large',0,0,0,0,0,0,NULL,NULL,NULL,NULL,1),(371,'S','371','Mosquito Net Impregnation Tablet',0,0,0,0,0,0,NULL,NULL,NULL,NULL,1),(372,'S','372','Mosquito Net Impregnation Liquid 500ml',0,0,0,0,0,0,NULL,NULL,NULL,NULL,1),(373,'S','373','Mosquito Wal spray Powder 80g',0,0,0,0,0,0,NULL,NULL,NULL,NULL,1),(374,'S','374','Handle for surgical blade No 3',0,0,0,0,0,0,NULL,NULL,NULL,NULL,1),(375,'S','375','Handle for surgical blade No 4',0,0,0,0,0,0,NULL,NULL,NULL,NULL,1),(376,'S','376','Surgical Blades No 20',0,0,0,0,0,0,NULL,NULL,NULL,NULL,1),(377,'S','377','Surgical Blades No 21',0,0,0,0,0,0,NULL,NULL,NULL,NULL,1),(378,'S','378','Surgical Blades No 22',0,0,0,0,0,0,NULL,NULL,NULL,NULL,1),(379,'S','379','Surgical Blades No 23',0,0,0,0,0,0,NULL,NULL,NULL,NULL,1),(380,'S','380','Needle suture No 5 round',0,0,0,0,0,0,NULL,NULL,NULL,NULL,1),(381,'S','381','Needle suture No 5 cutting',0,0,0,0,0,0,NULL,NULL,NULL,NULL,1),(382,'S','382','Needle suture No 6 Round',0,0,0,0,0,0,NULL,NULL,NULL,NULL,1),(383,'S','383','Suture Cutgut Chromic (0)',0,0,0,0,0,0,NULL,NULL,NULL,NULL,1),(384,'S','384','Suture Cutgut Chromic (2) RN22240TH',0,0,0,0,0,0,NULL,NULL,NULL,NULL,1),(385,'S','385','Suture Cutgut Chromic (2/0) RN22230TH',0,0,0,0,0,0,NULL,NULL,NULL,NULL,1),(386,'S','386','Suture Cutgut Chromic (3/0) RN2325TF',0,0,0,0,0,0,NULL,NULL,NULL,NULL,1),(387,'S','387','Suture Cutgut Plain (2/0) RN1230TF',0,0,0,0,0,0,NULL,NULL,NULL,NULL,1),(388,'S','388','Suture Silk (1) S595',0,0,0,0,0,0,NULL,NULL,NULL,NULL,1),(389,'S','389','Suture Silk (2/0) RN5230TF',0,0,0,0,0,0,NULL,NULL,NULL,NULL,1),(390,'S','390','Suture PGA (3/0) RN3330TF',0,0,0,0,0,0,NULL,NULL,NULL,NULL,1),(391,'S','391','Lead Apron 100cmx60cm',0,0,0,0,0,0,NULL,NULL,NULL,NULL,1),(392,'S','392','X-Ray Developer 2.6kg for 22.5Ltr',0,0,0,0,0,0,NULL,NULL,NULL,NULL,1),(393,'S','393','X-Ray Film 18x24cm',0,0,0,0,0,0,NULL,NULL,NULL,NULL,1),(394,'S','394','X-Ray Film 20x40cm',0,0,0,0,0,0,NULL,NULL,NULL,NULL,1),(395,'S','395','X-Ray Film 24x30cm',0,0,0,0,0,0,NULL,NULL,NULL,NULL,1),(396,'S','396','X-Ray Film 30x40cm',0,0,0,0,0,0,NULL,NULL,NULL,NULL,1),(397,'S','397','X-Ray Film 35x35cm',0,0,0,0,0,0,NULL,NULL,NULL,NULL,1),(398,'S','398','X-Ray Film 43x35cm',0,0,0,10,0,1,NULL,NULL,'admin','2021-03-15 14:36:53',1),(399,'S','399','X-Ray Film Cassette  18x24cm with screen',0,0,0,0,0,0,NULL,NULL,NULL,NULL,1),(400,'S','400','X-Ray Film Cassette  24x30cm with screen',0,0,0,0,0,0,NULL,NULL,NULL,NULL,1),(401,'S','401','X-Ray Film Cassette  30x40cm with screen',0,0,0,0,0,0,NULL,NULL,NULL,NULL,1),(402,'S','402','X-Ray Film Cassette  35x35cm with screen',0,0,0,0,0,0,NULL,NULL,NULL,NULL,1),(403,'S','403','X-Ray Film Cassette  35x43cm with screen',0,0,0,0,0,0,NULL,NULL,NULL,NULL,1),(404,'S','404','X-Ray Fixer 3.3kg for 22.5 Ltr',0,0,0,10,10,0,NULL,NULL,NULL,NULL,1),(405,'S','405','Barium Sulphate for X-Ray 1kg',0,0,0,0,0,0,NULL,NULL,NULL,NULL,1),(406,'S','406','Diatrizoate Meglumin Sod 76% 20ml Amp',0,0,0,0,0,0,NULL,NULL,NULL,NULL,1),(407,'K','407','Anti Serum B 10ml',0,0,0,0,0,0,NULL,NULL,NULL,NULL,1),(408,'K','408','Anti Serum AB 10ml',0,0,0,0,0,0,NULL,NULL,NULL,NULL,1),(409,'K','409','Anti Serum D 10ml',0,0,0,0,0,0,NULL,NULL,NULL,NULL,1),(410,'K','410','Creatinine 200ml (Calorimetric)',0,0,0,0,0,0,NULL,NULL,NULL,NULL,1),(411,'K','411','Glucose GOD PAD  6 x 100ml (Colorimetric)',0,0,0,0,0,0,NULL,NULL,NULL,NULL,1),(412,'K','412','Glucose Test Strips (Hyloguard)',0,0,0,0,0,0,NULL,NULL,NULL,NULL,1),(414,'D','414','Aciclovir cream',2,0,0,320,0,0,NULL,NULL,NULL,NULL,1),(415,'D','415','Paracetamol 500 MG',18000,0,0,70510,1200,1,NULL,NULL,NULL,NULL,1),(416,'D','416','Artemether+Lumefantrine 25-35kg',0,0,0,252,0,0,NULL,NULL,NULL,NULL,1),(417,'D','417','Coartem 15-25kg',0,0,0,379,0,0,NULL,NULL,NULL,NULL,1),(418,'D','418','Coartem 5-15kg',0,0,0,493,0,0,NULL,NULL,NULL,NULL,1);
/*!40000 ALTER TABLE `oh_medicaldsr` ENABLE KEYS */;
UNLOCK TABLES;

--
-- Table structure for table `oh_medicaldsrlot`
--

DROP TABLE IF EXISTS `oh_medicaldsrlot`;
/*!40101 SET @saved_cs_client     = @@character_set_client */;
/*!40101 SET character_set_client = utf8 */;
CREATE TABLE `oh_medicaldsrlot` (
  `LT_ID_A` varchar(50) NOT NULL,
  `LT_MDSR_ID` int(11) NOT NULL,
  `LT_PREP_DATE` datetime NOT NULL,
  `LT_DUE_DATE` datetime NOT NULL,
  `LT_COST` double DEFAULT NULL,
  `LT_LOCK` int(11) NOT NULL DEFAULT 0,
  `LT_CREATED_BY` varchar(50) DEFAULT NULL,
  `LT_CREATED_DATE` datetime DEFAULT NULL,
  `LT_LAST_MODIFIED_BY` varchar(50) DEFAULT NULL,
  `LT_LAST_MODIFIED_DATE` datetime DEFAULT NULL,
  `LT_ACTIVE` tinyint(1) NOT NULL DEFAULT 1,
  PRIMARY KEY (`LT_ID_A`),
  KEY `FK_MEDICALDSRLOT_MEDICALDSR_idx` (`LT_MDSR_ID`),
  KEY `FK_MEDICALDSRLOT_CREATED_BY_IDX` (`LT_CREATED_BY`),
  KEY `FK_MEDICALDSRLOT_LAST_MODIFIED_BY_IDX` (`LT_LAST_MODIFIED_BY`),
  CONSTRAINT `FK_MEDICALDSRLOT_CREATED_BY` FOREIGN KEY (`LT_CREATED_BY`) REFERENCES `oh_user` (`US_ID_A`) ON DELETE NO ACTION ON UPDATE NO ACTION,
  CONSTRAINT `FK_MEDICALDSRLOT_LAST_MODIFIED_BY` FOREIGN KEY (`LT_LAST_MODIFIED_BY`) REFERENCES `oh_user` (`US_ID_A`) ON DELETE NO ACTION ON UPDATE NO ACTION,
  CONSTRAINT `FK_MEDICALDSRLOT_MEDICALDSR` FOREIGN KEY (`LT_MDSR_ID`) REFERENCES `oh_medicaldsr` (`MDSR_ID`) ON DELETE NO ACTION ON UPDATE NO ACTION
) ENGINE=InnoDB DEFAULT CHARSET=utf8mb3 COLLATE=utf8mb3_general_ci;
/*!40101 SET character_set_client = @saved_cs_client */;

--
-- Dumping data for table `oh_medicaldsrlot`
--

LOCK TABLES `oh_medicaldsrlot` WRITE;
/*!40000 ALTER TABLE `oh_medicaldsrlot` DISABLE KEYS */;
INSERT INTO `oh_medicaldsrlot` (`LT_ID_A`, `LT_MDSR_ID`, `LT_PREP_DATE`, `LT_DUE_DATE`, `LT_COST`, `LT_LOCK`, `LT_CREATED_BY`, `LT_CREATED_DATE`, `LT_LAST_MODIFIED_BY`, `LT_LAST_MODIFIED_DATE`, `LT_ACTIVE`) VALUES ('-1554622624438837880',103,'2019-08-01 00:00:00','2022-08-30 00:00:00',NULL,0,NULL,NULL,NULL,NULL,1),('-1769145966120870973',104,'2019-10-01 00:00:00','2025-09-30 00:00:00',NULL,0,NULL,NULL,NULL,NULL,1),('-1815940974768681924',103,'2019-08-01 00:00:00','2022-08-31 00:00:00',NULL,0,NULL,NULL,NULL,NULL,1),('-4111916415666582009',415,'2019-04-01 00:00:00','2025-03-30 00:00:00',NULL,0,NULL,NULL,NULL,NULL,1),('-5845759742362476819',43,'2019-01-01 00:00:00','2025-01-30 00:00:00',NULL,0,NULL,NULL,NULL,NULL,1),('-6109574716038492275',226,'2010-01-01 00:00:00','2028-06-30 00:00:00',NULL,0,NULL,NULL,NULL,NULL,1),('-6730757007553028234',105,'2015-05-01 00:00:00','2027-04-30 00:00:00',NULL,0,NULL,NULL,NULL,NULL,1),('-6960883012965428324',44,'2015-10-01 00:00:00','2022-07-30 00:00:00',NULL,0,NULL,NULL,NULL,NULL,1),('-7516567952419863028',208,'2010-08-01 00:00:00','2028-07-30 00:00:00',NULL,0,NULL,NULL,NULL,NULL,1),('-7660511420907688190',414,'2010-08-01 00:00:00','2029-07-31 00:00:00',NULL,0,NULL,NULL,NULL,NULL,1),('-7718978867967166817',40,'2012-04-03 00:00:00','2025-07-01 00:00:00',NULL,0,NULL,NULL,NULL,NULL,1),('-8122995274739094851',101,'2010-04-01 00:00:00','2029-03-30 00:00:00',NULL,0,NULL,NULL,NULL,NULL,1),('-8771079640543120715',99,'2015-09-01 00:00:00','2029-08-31 00:00:00',NULL,0,NULL,NULL,NULL,NULL,1),('1091771941625202721',253,'2023-02-04 00:00:00','2023-02-04 23:59:59',30,0,'admin','2023-02-04 02:04:06','admin','2023-02-04 02:04:06',1),('1190755742914533090',314,'2021-03-15 14:37:28','2021-03-15 14:37:28',0.15,0,'admin','2021-03-15 14:37:57','admin','2021-03-15 14:37:57',1),('1352158066768470913',368,'2021-03-15 01:21:17','2024-03-15 01:21:17',30,0,'admin','2021-03-15 01:21:46','admin','2021-03-15 01:21:46',1),('1397761246807649990',151,'2021-03-15 01:20:06','2024-03-15 01:20:06',15,0,'admin','2021-03-15 01:20:30','admin','2021-03-15 01:20:30',1),('20230200',316,'2023-02-04 00:00:00','2023-02-04 23:59:59',1,0,'admin','2023-02-04 02:32:27','admin','2023-02-04 02:32:27',1),('2422709406193164023',41,'2014-04-01 00:00:00','2029-05-30 00:00:00',NULL,0,NULL,NULL,NULL,NULL,1),('2525258796098032045',177,'2021-03-15 01:22:08','2021-03-15 01:22:08',2,0,'admin','2021-03-15 01:22:26','admin','2021-03-15 01:22:26',1),('255823000817531744',191,'2021-03-15 01:23:30','2021-03-15 01:23:30',0.5,0,'admin','2021-03-15 01:23:55','admin','2021-03-15 01:23:55',1),('3670580768670707684',273,'2021-03-15 01:22:54','2021-03-15 01:22:54',2,0,'admin','2021-03-15 01:23:09','admin','2021-03-15 01:23:09',1),('3870623398920454138',106,'2023-02-04 00:00:00','2023-02-04 23:59:59',10,0,'admin','2023-02-04 02:04:06','admin','2023-02-04 02:04:06',1),('5453401403025577763',109,'2015-05-01 00:00:00','2028-04-30 00:00:00',NULL,0,NULL,NULL,NULL,NULL,1),('5830690725884682660',418,'2012-08-01 00:00:00','2027-08-30 00:00:00',NULL,0,NULL,NULL,NULL,NULL,1),('5937536366132568535',398,'2021-03-15 14:36:38','2021-03-15 14:36:38',10,0,'admin','2021-03-15 14:36:53','admin','2021-03-15 14:36:53',1),('677685091133639642',98,'2022-09-30 00:00:00','2027-09-30 00:00:00',NULL,0,NULL,NULL,NULL,NULL,1),('6814074013396911291',417,'2022-09-01 00:00:00','2027-09-30 00:00:00',NULL,0,NULL,NULL,NULL,NULL,1),('7144453288242750524',275,'2021-03-15 22:13:05','2021-03-15 22:13:05',2,0,'admin','2021-03-15 22:13:19','admin','2021-03-15 22:13:19',1),('7309896240057246824',224,'2021-03-15 22:12:20','2021-03-15 22:12:20',8,0,'admin','2021-03-15 22:12:41','admin','2021-03-15 22:12:41',1),('7460012206646986840',50,'2021-03-15 14:38:25','2021-03-15 14:38:25',2,0,'admin','2021-03-15 14:38:46','admin','2021-03-15 14:38:46',1),('7846903226866365678',108,'2015-07-01 00:00:00','2028-07-01 00:00:00',NULL,0,NULL,NULL,NULL,NULL,1),('7951533530148276440',404,'2022-09-18 00:00:00','2027-09-18 00:00:00',NULL,0,NULL,NULL,NULL,NULL,1),('8151139553159369735',414,'2022-08-01 00:00:00','2029-07-01 00:00:00',NULL,0,NULL,NULL,NULL,NULL,1),('8626874521922561779',98,'2022-09-30 00:00:00','2027-09-30 00:00:00',NULL,0,NULL,NULL,NULL,NULL,1),('9112042438595920595',416,'2002-11-01 00:00:00','2027-11-30 00:00:00',NULL,0,NULL,NULL,NULL,NULL,1),('AUTO_C_103',103,'2022-11-12 00:00:00','2025-11-12 00:00:00',NULL,0,NULL,NULL,NULL,NULL,1),('AUTO_F_105',105,'2022-11-12 00:00:00','2025-11-12 00:00:00',NULL,0,NULL,NULL,NULL,NULL,1),('AUTO_F_404',404,'2022-11-12 00:00:00','2025-11-12 00:00:00',NULL,0,NULL,NULL,NULL,NULL,1),('AUTO_F_415',415,'2022-11-12 00:00:00','2025-11-12 00:00:00',NULL,0,NULL,NULL,NULL,NULL,1),('AUTO_F_99',99,'2022-11-12 00:00:00','2025-11-12 00:00:00',NULL,0,NULL,NULL,NULL,NULL,1),('AUTO_I_108',108,'2022-11-12 00:00:00','2025-11-12 00:00:00',NULL,0,NULL,NULL,NULL,NULL,1),('AUTO_I_40',40,'2022-11-12 00:00:00','2025-11-12 00:00:00',NULL,0,NULL,NULL,NULL,NULL,1),('AUTO_I_415',415,'2022-11-12 00:00:00','2025-11-12 00:00:00',NULL,0,NULL,NULL,NULL,NULL,1),('AUTO_I_98',98,'2022-11-12 00:00:00','2025-11-12 00:00:00',NULL,0,NULL,NULL,NULL,NULL,1),('AUTO_M_98',98,'2022-11-12 00:00:00','2025-11-12 00:00:00',NULL,0,NULL,NULL,NULL,NULL,1);
/*!40000 ALTER TABLE `oh_medicaldsrlot` ENABLE KEYS */;
UNLOCK TABLES;

--
-- Table structure for table `oh_medicaldsrstockmov`
--

DROP TABLE IF EXISTS `oh_medicaldsrstockmov`;
/*!40101 SET @saved_cs_client     = @@character_set_client */;
/*!40101 SET character_set_client = utf8 */;
CREATE TABLE `oh_medicaldsrstockmov` (
  `MMV_ID` int(11) NOT NULL AUTO_INCREMENT,
  `MMV_MDSR_ID` int(11) NOT NULL,
  `MMV_WRD_ID_A` char(3) DEFAULT NULL,
  `MMV_MMVT_ID_A` varchar(10) NOT NULL,
  `MMV_LT_ID_A` varchar(50) DEFAULT NULL,
  `MMV_DATE` datetime NOT NULL,
  `MMV_QTY` float NOT NULL DEFAULT 0,
  `MMV_FROM` int(11) DEFAULT NULL,
  `MMV_LOCK` int(11) NOT NULL DEFAULT 0,
  `MMV_REFNO` varchar(50) NOT NULL DEFAULT '',
  `MMV_CREATED_BY` varchar(50) DEFAULT NULL,
  `MMV_CREATED_DATE` datetime DEFAULT NULL,
  `MMV_LAST_MODIFIED_BY` varchar(50) DEFAULT NULL,
  `MMV_LAST_MODIFIED_DATE` datetime DEFAULT NULL,
  `MMV_ACTIVE` tinyint(1) NOT NULL DEFAULT 1,
  PRIMARY KEY (`MMV_ID`),
  KEY `FK_MEDICALDSRSTOCKMOV_MEDICALDSR` (`MMV_MDSR_ID`),
  KEY `FK_MEDICALDSRSTOCKMOV_MEDICALDSRSTOCKMOVTYPE` (`MMV_MMVT_ID_A`),
  KEY `FK_MEDICALDSRSTOCKMOV_WARD_idx` (`MMV_WRD_ID_A`),
  KEY `FK_MEDICALDSRSTOCKMOV_CREATED_BY_IDX` (`MMV_CREATED_BY`),
  KEY `FK_MEDICALDSRSTOCKMOV_LAST_MODIFIED_BY_IDX` (`MMV_LAST_MODIFIED_BY`),
  CONSTRAINT `FK_MEDICALDSRSTOCKMOV_CREATED_BY` FOREIGN KEY (`MMV_CREATED_BY`) REFERENCES `oh_user` (`US_ID_A`) ON DELETE NO ACTION ON UPDATE NO ACTION,
  CONSTRAINT `FK_MEDICALDSRSTOCKMOV_LAST_MODIFIED_BY` FOREIGN KEY (`MMV_LAST_MODIFIED_BY`) REFERENCES `oh_user` (`US_ID_A`) ON DELETE NO ACTION ON UPDATE NO ACTION,
  CONSTRAINT `FK_MEDICALDSRSTOCKMOV_MEDICALDSR` FOREIGN KEY (`MMV_MDSR_ID`) REFERENCES `oh_medicaldsr` (`MDSR_ID`) ON DELETE NO ACTION ON UPDATE NO ACTION,
  CONSTRAINT `FK_MEDICALDSRSTOCKMOV_MEDICALDSRSTOCKMOVTYPE` FOREIGN KEY (`MMV_MMVT_ID_A`) REFERENCES `oh_medicaldsrstockmovtype` (`MMVT_ID_A`) ON DELETE NO ACTION ON UPDATE NO ACTION,
  CONSTRAINT `FK_MEDICALDSRSTOCKMOV_WARD` FOREIGN KEY (`MMV_WRD_ID_A`) REFERENCES `oh_ward` (`WRD_ID_A`) ON DELETE NO ACTION ON UPDATE NO ACTION
) ENGINE=InnoDB AUTO_INCREMENT=53 DEFAULT CHARSET=utf8mb3 COLLATE=utf8mb3_general_ci;
/*!40101 SET character_set_client = @saved_cs_client */;

--
-- Dumping data for table `oh_medicaldsrstockmov`
--

LOCK TABLES `oh_medicaldsrstockmov` WRITE;
/*!40000 ALTER TABLE `oh_medicaldsrstockmov` DISABLE KEYS */;
INSERT INTO `oh_medicaldsrstockmov` (`MMV_ID`, `MMV_MDSR_ID`, `MMV_WRD_ID_A`, `MMV_MMVT_ID_A`, `MMV_LT_ID_A`, `MMV_DATE`, `MMV_QTY`, `MMV_FROM`, `MMV_LOCK`, `MMV_REFNO`, `MMV_CREATED_BY`, `MMV_CREATED_DATE`, `MMV_LAST_MODIFIED_BY`, `MMV_LAST_MODIFIED_DATE`, `MMV_ACTIVE`) VALUES (1,98,NULL,'charge','8626874521922561779','2022-09-30 00:00:00',100,1,0,'Auto-Refno-charge',NULL,NULL,NULL,NULL,1),(2,98,NULL,'charge','677685091133639642','2022-09-30 00:00:00',100,1,0,'Auto-Refno-charge',NULL,NULL,NULL,NULL,1),(3,98,'M','discharge','8626874521922561779','2022-09-30 00:00:00',70,NULL,0,'Auto-Refno-discharge',NULL,NULL,NULL,NULL,1),(5,414,NULL,'charge','8151139553159369735','2022-10-16 00:00:00',120,1,0,'Auto-Refno-charge',NULL,NULL,NULL,NULL,1),(6,108,NULL,'charge','7846903226866365678','2022-10-16 00:00:00',4344,1,0,'Auto-Refno-charge',NULL,NULL,NULL,NULL,1),(7,40,NULL,'charge','-7718978867967166817','2022-10-16 00:00:00',100,1,0,'Auto-Refno-charge',NULL,NULL,NULL,NULL,1),(8,404,NULL,'charge','7951533530148276440','2022-10-18 00:00:00',10,1,0,'Auto-Refno-charge',NULL,NULL,NULL,NULL,1),(9,404,'F','discharge','7951533530148276440','2022-10-18 00:00:00',10,NULL,0,'Auto-Refno-discharge',NULL,NULL,NULL,NULL,1),(10,415,NULL,'charge','-4111916415666582009','2022-10-18 00:00:00',70510,1,0,'Auto-Refno-charge',NULL,NULL,NULL,NULL,1),(11,415,'I','discharge','-4111916415666582009','2022-10-18 00:00:00',1000,NULL,0,'Auto-Refno-discharge',NULL,NULL,NULL,NULL,1),(12,415,'F','discharge','-4111916415666582009','2022-10-18 00:00:00',200,NULL,0,'Auto-Refno-discharge',NULL,NULL,NULL,NULL,1),(13,40,'I','discharge','-7718978867967166817','2022-10-19 00:00:00',100,NULL,0,'Auto-Refno-discharge',NULL,NULL,NULL,NULL,1),(14,99,NULL,'charge','-8771079640543120715','2022-10-19 00:00:00',1310,1,0,'Auto-Refno-charge',NULL,NULL,NULL,NULL,1),(15,99,'F','discharge','-8771079640543120715','2022-10-19 00:00:00',100,NULL,0,'Auto-Refno-discharge',NULL,NULL,NULL,NULL,1),(16,103,NULL,'charge','-1815940974768681924','2022-10-19 00:00:00',18700,1,0,'Auto-Refno-charge',NULL,NULL,NULL,NULL,1),(17,103,'C','discharge','-1815940974768681924','2022-10-19 00:00:00',100,NULL,0,'Auto-Refno-discharge',NULL,NULL,NULL,NULL,1),(18,98,'I','discharge','677685091133639642','2022-10-19 00:00:00',100,NULL,0,'Auto-Refno-discharge',NULL,NULL,NULL,NULL,1),(19,98,'I','discharge','8626874521922561779','2022-10-19 00:00:00',30,NULL,0,'Auto-Refno-discharge',NULL,NULL,NULL,NULL,1),(21,414,NULL,'charge','-7660511420907688190','2022-10-26 00:00:00',200,1,0,'Auto-Refno-charge',NULL,NULL,NULL,NULL,1),(22,103,NULL,'charge','-1554622624438837880','2022-10-30 00:00:00',18600,1,0,'Auto-Refno-charge',NULL,NULL,NULL,NULL,1),(23,101,NULL,'charge','-8122995274739094851','2022-10-30 00:00:00',8981,1,0,'Auto-Refno-charge',NULL,NULL,NULL,NULL,1),(24,41,NULL,'charge','2422709406193164023','2022-10-30 00:00:00',190,1,0,'Auto-Refno-charge',NULL,NULL,NULL,NULL,1),(25,104,NULL,'charge','-1769145966120870973','2022-10-30 00:00:00',5600,1,0,'Auto-Refno-charge',NULL,NULL,NULL,NULL,1),(26,105,NULL,'charge','-6730757007553028234','2022-10-30 00:00:00',57080,1,0,'Auto-Refno-charge',NULL,NULL,NULL,NULL,1),(27,105,'F','discharge','-6730757007553028234','2022-10-30 00:00:00',1000,NULL,0,'Auto-Refno-discharge',NULL,NULL,NULL,NULL,1),(28,226,NULL,'charge','-6109574716038492275','2022-11-03 00:00:00',180,1,0,'Auto-Refno-charge',NULL,NULL,NULL,NULL,1),(29,43,NULL,'charge','-5845759742362476819','2022-11-03 00:00:00',650,1,0,'Auto-Refno-charge',NULL,NULL,NULL,NULL,1),(30,208,NULL,'charge','-7516567952419863028','2022-11-03 00:00:00',100,1,0,'Auto-Refno-charge',NULL,NULL,NULL,NULL,1),(31,108,'I','discharge','7846903226866365678','2022-11-03 00:00:00',1600,NULL,0,'Auto-Refno-discharge',NULL,NULL,NULL,NULL,1),(32,109,NULL,'charge','5453401403025577763','2022-11-03 00:00:00',5500,1,0,'Auto-Refno-charge',NULL,NULL,NULL,NULL,1),(33,44,NULL,'charge','-6960883012965428324','2022-11-03 00:00:00',673,1,0,'Auto-Refno-charge',NULL,NULL,NULL,NULL,1),(34,416,NULL,'charge','9112042438595920595','2022-11-03 00:00:00',252,1,0,'Auto-Refno-charge',NULL,NULL,NULL,NULL,1),(35,417,NULL,'charge','6814074013396911291','2022-11-03 00:00:00',379,1,0,'Auto-Refno-charge',NULL,NULL,NULL,NULL,1),(36,418,NULL,'charge','5830690725884682660','2022-11-03 00:00:00',493,1,0,'Auto-Refno-charge',NULL,NULL,NULL,NULL,1),(37,151,NULL,'charge','1397761246807649990','2021-03-13 01:19:29',100,1,0,'10','admin','2021-03-15 01:20:30','admin','2021-03-15 01:20:30',1),(38,368,NULL,'charge','1352158066768470913','2021-03-15 01:20:57',50,2,0,'11','admin','2021-03-15 01:21:46','admin','2021-03-15 01:21:46',1),(39,177,NULL,'charge','2525258796098032045','2021-03-15 01:21:48',300,1,0,'12','admin','2021-03-15 01:22:26','admin','2021-03-15 01:22:26',1),(40,273,NULL,'charge','3670580768670707684','2021-03-15 01:22:44',20,2,0,'13','admin','2021-03-15 01:23:09','admin','2021-03-15 01:23:09',1),(41,191,NULL,'charge','255823000817531744','2021-03-15 01:23:12',10,1,0,'14','admin','2021-03-15 01:23:55','admin','2021-03-15 01:23:55',1),(42,398,NULL,'charge','5937536366132568535','2021-03-15 14:36:18',10,1,0,'201','admin','2021-03-15 14:36:53','admin','2021-03-15 14:36:53',1),(43,314,NULL,'charge','1190755742914533090','2021-03-15 14:37:06',1000,1,0,'202','admin','2021-03-15 14:37:57','admin','2021-03-15 14:37:57',1),(44,50,NULL,'charge','7460012206646986840','2021-03-15 14:38:12',100,1,0,'203','admin','2021-03-15 14:38:46','admin','2021-03-15 14:38:46',1),(45,50,'I','discharge','7460012206646986840','2021-03-15 14:38:47',40,NULL,0,'204','admin','2021-03-15 14:39:20','admin','2021-03-15 14:39:20',1),(46,368,'F','discharge','1352158066768470913','2021-03-15 14:39:23',20,NULL,0,'205','admin','2021-03-15 14:39:58','admin','2021-03-15 14:39:58',1),(47,224,NULL,'charge','7309896240057246824','2021-03-15 22:12:07',20,2,0,'300','admin','2021-03-15 22:12:41','admin','2021-03-15 22:12:41',1),(48,275,NULL,'charge','7144453288242750524','2021-03-15 22:12:52',100,1,0,'301','admin','2021-03-15 22:13:19','admin','2021-03-15 22:13:19',1),(49,275,'C','discharge','7144453288242750524','2021-03-15 22:13:20',20,NULL,0,'302','admin','2021-03-15 22:14:06','admin','2021-03-15 22:14:06',1),(50,106,NULL,'charge','3870623398920454138','2023-02-01 08:00:00',100,1,0,'20230202','admin','2023-02-04 02:04:06','admin','2023-02-04 02:04:06',1),(51,253,NULL,'charge','1091771941625202721','2023-02-01 08:00:00',100,1,0,'20230202','admin','2023-02-04 02:04:06','admin','2023-02-04 02:04:06',1),(52,316,NULL,'charge','20230200','2023-02-04 02:31:00',1000,2,0,'20230211','admin','2023-02-04 02:32:27','admin','2023-02-04 02:32:27',1);
/*!40000 ALTER TABLE `oh_medicaldsrstockmov` ENABLE KEYS */;
UNLOCK TABLES;

--
-- Table structure for table `oh_medicaldsrstockmovtype`
--

DROP TABLE IF EXISTS `oh_medicaldsrstockmovtype`;
/*!40101 SET @saved_cs_client     = @@character_set_client */;
/*!40101 SET character_set_client = utf8 */;
CREATE TABLE `oh_medicaldsrstockmovtype` (
  `MMVT_ID_A` varchar(10) NOT NULL,
  `MMVT_DESC` varchar(50) NOT NULL,
  `MMVT_TYPE` char(2) NOT NULL,
  `MMVT_CREATED_BY` varchar(50) DEFAULT NULL,
  `MMVT_CREATED_DATE` datetime DEFAULT NULL,
  `MMVT_LAST_MODIFIED_BY` varchar(50) DEFAULT NULL,
  `MMVT_LAST_MODIFIED_DATE` datetime DEFAULT NULL,
  `MMVT_ACTIVE` tinyint(1) NOT NULL DEFAULT 1,
  PRIMARY KEY (`MMVT_ID_A`),
  KEY `FK_MEDICALDSRSTOCKMOVTYPE_CREATED_BY_IDX` (`MMVT_CREATED_BY`),
  KEY `FK_MEDICALDSRSTOCKMOVTYPE_LAST_MODIFIED_BY_IDX` (`MMVT_LAST_MODIFIED_BY`),
  CONSTRAINT `FK_MEDICALDSRSTOCKMOVTYPE_CREATED_BY` FOREIGN KEY (`MMVT_CREATED_BY`) REFERENCES `oh_user` (`US_ID_A`) ON DELETE NO ACTION ON UPDATE NO ACTION,
  CONSTRAINT `FK_MEDICALDSRSTOCKMOVTYPE_LAST_MODIFIED_BY` FOREIGN KEY (`MMVT_LAST_MODIFIED_BY`) REFERENCES `oh_user` (`US_ID_A`) ON DELETE NO ACTION ON UPDATE NO ACTION
) ENGINE=InnoDB DEFAULT CHARSET=utf8mb3 COLLATE=utf8mb3_general_ci;
/*!40101 SET character_set_client = @saved_cs_client */;

--
-- Dumping data for table `oh_medicaldsrstockmovtype`
--

LOCK TABLES `oh_medicaldsrstockmovtype` WRITE;
/*!40000 ALTER TABLE `oh_medicaldsrstockmovtype` DISABLE KEYS */;
INSERT INTO `oh_medicaldsrstockmovtype` (`MMVT_ID_A`, `MMVT_DESC`, `MMVT_TYPE`, `MMVT_CREATED_BY`, `MMVT_CREATED_DATE`, `MMVT_LAST_MODIFIED_BY`, `MMVT_LAST_MODIFIED_DATE`, `MMVT_ACTIVE`) VALUES ('charge','Charge','+',NULL,NULL,NULL,NULL,1),('discharge','Discharge','-',NULL,NULL,NULL,NULL,1);
/*!40000 ALTER TABLE `oh_medicaldsrstockmovtype` ENABLE KEYS */;
UNLOCK TABLES;

--
-- Table structure for table `oh_medicaldsrstockmovward`
--

DROP TABLE IF EXISTS `oh_medicaldsrstockmovward`;
/*!40101 SET @saved_cs_client     = @@character_set_client */;
/*!40101 SET character_set_client = utf8 */;
CREATE TABLE `oh_medicaldsrstockmovward` (
  `MMVN_ID` int(10) NOT NULL AUTO_INCREMENT,
  `MMVN_WRD_ID_A` char(3) NOT NULL,
  `MMVN_DATE` datetime NOT NULL,
  `MMVN_IS_PATIENT` tinyint(1) NOT NULL,
  `MMVN_PAT_ID` int(11) DEFAULT NULL,
  `MMVN_PAT_AGE` smallint(6) DEFAULT NULL,
  `MMVN_PAT_WEIGHT` float DEFAULT NULL,
  `MMVN_DESC` varchar(100) NOT NULL,
  `MMVN_MDSR_ID` varchar(100) NOT NULL,
  `MMVN_MDSR_QTY` float NOT NULL,
  `MMVN_MDSR_UNITS` varchar(10) NOT NULL,
  `MMVN_CREATED_BY` varchar(50) DEFAULT NULL,
  `MMVN_WRD_ID_A_FROM` varchar(1) DEFAULT NULL,
  `MMVN_WRD_ID_A_TO` varchar(1) DEFAULT NULL,
  `MMVN_LT_ID` varchar(50) DEFAULT NULL,
  `MMVN_CREATED_DATE` datetime DEFAULT NULL,
  `MMVN_LAST_MODIFIED_BY` varchar(50) DEFAULT NULL,
  `MMVN_LAST_MODIFIED_DATE` datetime DEFAULT NULL,
  `MMVN_ACTIVE` tinyint(1) NOT NULL DEFAULT 1,
  PRIMARY KEY (`MMVN_ID`) USING BTREE,
  KEY `FK_MEDICALDSRSTOCKMOVWARD_PATIENT_idx` (`MMVN_PAT_ID`),
  KEY `FK_MEDICALDSRSTOCKMOVWARD_LOT_idx` (`MMVN_LT_ID`),
  KEY `FK_MEDICALDSRSTOCKMOVWARD_WARD_idx` (`MMVN_WRD_ID_A`),
  KEY `FK_MEDICALDSRSTOCKMOVWARD_CREATED_BY_IDX` (`MMVN_CREATED_BY`),
  KEY `FK_MEDICALDSRSTOCKMOVWARD_LAST_MODIFIED_BY_IDX` (`MMVN_LAST_MODIFIED_BY`),
  CONSTRAINT `FK_MEDICALDSRSTOCKMOVWARD_CREATED_BY` FOREIGN KEY (`MMVN_CREATED_BY`) REFERENCES `oh_user` (`US_ID_A`) ON DELETE NO ACTION ON UPDATE NO ACTION,
  CONSTRAINT `FK_MEDICALDSRSTOCKMOVWARD_LAST_MODIFIED_BY` FOREIGN KEY (`MMVN_LAST_MODIFIED_BY`) REFERENCES `oh_user` (`US_ID_A`) ON DELETE NO ACTION ON UPDATE NO ACTION,
  CONSTRAINT `FK_MEDICALDSRSTOCKMOVWARD_LOT` FOREIGN KEY (`MMVN_LT_ID`) REFERENCES `oh_medicaldsrlot` (`LT_ID_A`) ON DELETE NO ACTION ON UPDATE NO ACTION,
  CONSTRAINT `FK_MEDICALDSRSTOCKMOVWARD_PATIENT` FOREIGN KEY (`MMVN_PAT_ID`) REFERENCES `oh_patient` (`PAT_ID`) ON DELETE CASCADE ON UPDATE CASCADE,
  CONSTRAINT `FK_MEDICALDSRSTOCKMOVWARD_WARD` FOREIGN KEY (`MMVN_WRD_ID_A`) REFERENCES `oh_ward` (`WRD_ID_A`) ON DELETE NO ACTION ON UPDATE NO ACTION
) ENGINE=InnoDB AUTO_INCREMENT=4 DEFAULT CHARSET=utf8mb3 COLLATE=utf8mb3_general_ci;
/*!40101 SET character_set_client = @saved_cs_client */;

--
-- Dumping data for table `oh_medicaldsrstockmovward`
--

LOCK TABLES `oh_medicaldsrstockmovward` WRITE;
/*!40000 ALTER TABLE `oh_medicaldsrstockmovward` DISABLE KEYS */;
INSERT INTO `oh_medicaldsrstockmovward` (`MMVN_ID`, `MMVN_WRD_ID_A`, `MMVN_DATE`, `MMVN_IS_PATIENT`, `MMVN_PAT_ID`, `MMVN_PAT_AGE`, `MMVN_PAT_WEIGHT`, `MMVN_DESC`, `MMVN_MDSR_ID`, `MMVN_MDSR_QTY`, `MMVN_MDSR_UNITS`, `MMVN_CREATED_BY`, `MMVN_WRD_ID_A_FROM`, `MMVN_WRD_ID_A_TO`, `MMVN_LT_ID`, `MMVN_CREATED_DATE`, `MMVN_LAST_MODIFIED_BY`, `MMVN_LAST_MODIFIED_DATE`, `MMVN_ACTIVE`) VALUES (1,'C','2022-11-19 02:04:06',1,501,29,0,'Mario Rossi','103',1,'pieces','admin',NULL,NULL,'AUTO_C_103','2022-11-19 02:04:06','admin','2022-11-19 02:04:06',1),(2,'I','2022-11-20 00:00:44',1,505,10,0,'Gina Curtney','98',10,'pieces','admin',NULL,NULL,'AUTO_I_98','2022-11-20 00:00:44','admin','2022-11-20 00:00:44',1),(3,'C','2022-11-20 00:22:26',1,489,2,0,'Mellisa Morning','103',3,'pieces','admin',NULL,NULL,'AUTO_C_103','2022-11-20 00:22:26','admin','2022-11-20 00:22:26',1);
/*!40000 ALTER TABLE `oh_medicaldsrstockmovward` ENABLE KEYS */;
UNLOCK TABLES;

--
-- Table structure for table `oh_medicaldsrtype`
--

DROP TABLE IF EXISTS `oh_medicaldsrtype`;
/*!40101 SET @saved_cs_client     = @@character_set_client */;
/*!40101 SET character_set_client = utf8 */;
CREATE TABLE `oh_medicaldsrtype` (
  `MDSRT_ID_A` char(1) NOT NULL,
  `MDSRT_DESC` varchar(30) DEFAULT NULL,
  `MDSRT_CREATED_BY` varchar(50) DEFAULT NULL,
  `MDSRT_CREATED_DATE` datetime DEFAULT NULL,
  `MDSRT_LAST_MODIFIED_BY` varchar(50) DEFAULT NULL,
  `MDSRT_LAST_MODIFIED_DATE` datetime DEFAULT NULL,
  `MDSRT_ACTIVE` tinyint(1) NOT NULL DEFAULT 1,
  PRIMARY KEY (`MDSRT_ID_A`),
  KEY `FK_MEDICALDSRTYPE_CREATED_BY_IDX` (`MDSRT_CREATED_BY`),
  KEY `FK_MEDICALDSRTYPE_LAST_MODIFIED_BY_IDX` (`MDSRT_LAST_MODIFIED_BY`),
  CONSTRAINT `FK_MEDICALDSRTYPE_CREATED_BY` FOREIGN KEY (`MDSRT_CREATED_BY`) REFERENCES `oh_user` (`US_ID_A`) ON DELETE NO ACTION ON UPDATE NO ACTION,
  CONSTRAINT `FK_MEDICALDSRTYPE_LAST_MODIFIED_BY` FOREIGN KEY (`MDSRT_LAST_MODIFIED_BY`) REFERENCES `oh_user` (`US_ID_A`) ON DELETE NO ACTION ON UPDATE NO ACTION
) ENGINE=InnoDB DEFAULT CHARSET=utf8mb3 COLLATE=utf8mb3_general_ci;
/*!40101 SET character_set_client = @saved_cs_client */;

--
-- Dumping data for table `oh_medicaldsrtype`
--

LOCK TABLES `oh_medicaldsrtype` WRITE;
/*!40000 ALTER TABLE `oh_medicaldsrtype` DISABLE KEYS */;
INSERT INTO `oh_medicaldsrtype` (`MDSRT_ID_A`, `MDSRT_DESC`, `MDSRT_CREATED_BY`, `MDSRT_CREATED_DATE`, `MDSRT_LAST_MODIFIED_BY`, `MDSRT_LAST_MODIFIED_DATE`, `MDSRT_ACTIVE`) VALUES ('D','Drugs',NULL,NULL,NULL,NULL,1),('K','Chemical',NULL,NULL,NULL,NULL,1),('L','Laboratory',NULL,NULL,NULL,NULL,1),('S','Surgery',NULL,NULL,NULL,NULL,1);
/*!40000 ALTER TABLE `oh_medicaldsrtype` ENABLE KEYS */;
UNLOCK TABLES;

--
-- Table structure for table `oh_medicaldsrward`
--

DROP TABLE IF EXISTS `oh_medicaldsrward`;
/*!40101 SET @saved_cs_client     = @@character_set_client */;
/*!40101 SET character_set_client = utf8 */;
CREATE TABLE `oh_medicaldsrward` (
  `MDSRWRD_WRD_ID_A` char(3) NOT NULL,
  `MDSRWRD_MDSR_ID` int(11) NOT NULL,
  `MDSRWRD_IN_QTI` float DEFAULT 0,
  `MDSRWRD_OUT_QTI` float DEFAULT 0,
  `MDSRWRD_LT_ID_A` varchar(50) NOT NULL,
  `MDSRWRD_CREATED_BY` varchar(50) DEFAULT NULL,
  `MDSRWRD_CREATED_DATE` datetime DEFAULT NULL,
  `MDSRWRD_LAST_MODIFIED_BY` varchar(50) DEFAULT NULL,
  `MDSRWRD_LAST_MODIFIED_DATE` datetime DEFAULT NULL,
  `MDSRWRD_ACTIVE` tinyint(1) NOT NULL DEFAULT 1,
  PRIMARY KEY (`MDSRWRD_WRD_ID_A`,`MDSRWRD_MDSR_ID`,`MDSRWRD_LT_ID_A`),
  KEY `FK_MEDICALDSRWARD_MEDICALDSR_idx` (`MDSRWRD_MDSR_ID`),
  KEY `FK_MEDICALDSRWARD_MEDICALDSRLOT_idx` (`MDSRWRD_LT_ID_A`),
  KEY `FK_MEDICALDSRWARD_WARD_idx` (`MDSRWRD_WRD_ID_A`),
  KEY `FK_MEDICALDSRWARD_CREATED_BY_IDX` (`MDSRWRD_CREATED_BY`),
  KEY `FK_MEDICALDSRWARD_LAST_MODIFIED_BY_IDX` (`MDSRWRD_LAST_MODIFIED_BY`),
  CONSTRAINT `FK_MEDICALDSRWARD_CREATED_BY` FOREIGN KEY (`MDSRWRD_CREATED_BY`) REFERENCES `oh_user` (`US_ID_A`) ON DELETE NO ACTION ON UPDATE NO ACTION,
  CONSTRAINT `FK_MEDICALDSRWARD_LAST_MODIFIED_BY` FOREIGN KEY (`MDSRWRD_LAST_MODIFIED_BY`) REFERENCES `oh_user` (`US_ID_A`) ON DELETE NO ACTION ON UPDATE NO ACTION,
  CONSTRAINT `FK_MEDICALDSRWARD_MEDICALDSR` FOREIGN KEY (`MDSRWRD_MDSR_ID`) REFERENCES `oh_medicaldsr` (`MDSR_ID`) ON DELETE NO ACTION ON UPDATE NO ACTION,
  CONSTRAINT `FK_MEDICALDSRWARD_MEDICALDSRLOT` FOREIGN KEY (`MDSRWRD_LT_ID_A`) REFERENCES `oh_medicaldsrlot` (`LT_ID_A`) ON DELETE NO ACTION ON UPDATE NO ACTION,
  CONSTRAINT `FK_MEDICALDSRWARD_WARD` FOREIGN KEY (`MDSRWRD_WRD_ID_A`) REFERENCES `oh_ward` (`WRD_ID_A`) ON DELETE NO ACTION ON UPDATE NO ACTION
) ENGINE=InnoDB DEFAULT CHARSET=utf8mb3 COLLATE=utf8mb3_general_ci;
/*!40101 SET character_set_client = @saved_cs_client */;

--
-- Dumping data for table `oh_medicaldsrward`
--

LOCK TABLES `oh_medicaldsrward` WRITE;
/*!40000 ALTER TABLE `oh_medicaldsrward` DISABLE KEYS */;
INSERT INTO `oh_medicaldsrward` (`MDSRWRD_WRD_ID_A`, `MDSRWRD_MDSR_ID`, `MDSRWRD_IN_QTI`, `MDSRWRD_OUT_QTI`, `MDSRWRD_LT_ID_A`, `MDSRWRD_CREATED_BY`, `MDSRWRD_CREATED_DATE`, `MDSRWRD_LAST_MODIFIED_BY`, `MDSRWRD_LAST_MODIFIED_DATE`, `MDSRWRD_ACTIVE`) VALUES ('C',103,100,4,'AUTO_C_103',NULL,NULL,NULL,NULL,1),('C',275,20,0,'7144453288242750524',NULL,NULL,NULL,NULL,1),('F',99,100,0,'AUTO_F_99',NULL,NULL,NULL,NULL,1),('F',105,1000,0,'AUTO_F_105',NULL,NULL,NULL,NULL,1),('F',368,20,0,'1352158066768470913',NULL,NULL,NULL,NULL,1),('F',404,10,0,'AUTO_F_404',NULL,NULL,NULL,NULL,1),('F',415,200,0,'AUTO_F_415',NULL,NULL,NULL,NULL,1),('I',40,100,0,'AUTO_I_40',NULL,NULL,NULL,NULL,1),('I',50,40,0,'7460012206646986840',NULL,NULL,NULL,NULL,1),('I',98,130,10,'AUTO_I_98',NULL,NULL,NULL,NULL,1),('I',108,1600,0,'AUTO_I_108',NULL,NULL,NULL,NULL,1),('I',415,1000,0,'AUTO_I_415',NULL,NULL,NULL,NULL,1),('M',98,70,0,'AUTO_M_98',NULL,NULL,NULL,NULL,1);
/*!40000 ALTER TABLE `oh_medicaldsrward` ENABLE KEYS */;
UNLOCK TABLES;

--
-- Table structure for table `oh_menuitem`
--

DROP TABLE IF EXISTS `oh_menuitem`;
/*!40101 SET @saved_cs_client     = @@character_set_client */;
/*!40101 SET character_set_client = utf8 */;
CREATE TABLE `oh_menuitem` (
  `MNI_ID_A` varchar(50) NOT NULL DEFAULT '',
  `MNI_BTN_LABEL` varchar(50) NOT NULL DEFAULT '',
  `MNI_LABEL` varchar(50) NOT NULL DEFAULT '',
  `MNI_TOOLTIP` varchar(100) DEFAULT NULL,
  `MNI_SHORTCUT` char(1) DEFAULT NULL,
  `MNI_SUBMENU` varchar(50) NOT NULL DEFAULT '',
  `MNI_CLASS` varchar(100) NOT NULL DEFAULT '',
  `MNI_IS_SUBMENU` char(1) NOT NULL DEFAULT 'N',
  `MNI_POSITION` int(10) unsigned NOT NULL DEFAULT 0,
  PRIMARY KEY (`MNI_ID_A`)
) ENGINE=InnoDB DEFAULT CHARSET=utf8mb3 COLLATE=utf8mb3_general_ci;
/*!40101 SET character_set_client = @saved_cs_client */;

--
-- Dumping data for table `oh_menuitem`
--

LOCK TABLES `oh_menuitem` WRITE;
/*!40000 ALTER TABLE `oh_menuitem` DISABLE KEYS */;
INSERT INTO `oh_menuitem` (`MNI_ID_A`, `MNI_BTN_LABEL`, `MNI_LABEL`, `MNI_TOOLTIP`, `MNI_SHORTCUT`, `MNI_SUBMENU`, `MNI_CLASS`, `MNI_IS_SUBMENU`, `MNI_POSITION`) VALUES ('accounting','angal.menu.btn.accounting','angal.menu.accounting','x','C','main','none','Y',6),('admission','angal.menu.btn.admission','angal.menu.admission','x','A','main','org.isf.admission.gui.AdmittedPatientBrowser','N',2),('admtype','angal.menu.btn.admtype','angal.menu.admtype','x','A','types','org.isf.admtype.gui.AdmissionTypeBrowser','N',0),('agetype','angal.menu.btn.agetype','angal.menu.agetype','x','G','types','org.isf.agetype.gui.AgeTypeBrowser','N',11),('billsmanager','angal.menu.btn.billsmanager','angal.menu.billsmanager','x','M','accounting','org.isf.accounting.gui.BillBrowser','N',1),('btnadmadm','angal.admission.admission','angal.admission.admission','x','A','admission','none','N',4),('btnadmadmexamination','angal.admission.examination','angal.admission.examination','x','A','btnadmadm','none','N',1),('btnadmanamnesis','angal.admission.anamnesis','angal.admission.anamnesis','x','A','admission','none','N',1),('btnadmbill','angal.menu.btn.btnadmbill','angal.menu.btnadmbill','x','R','admission','none','N',4),('btnadmdel','angal.admission.deletepatient','angal.admission.deletepatient','x','L','admission','none','N',2),('btnadmdicom','angal.menu.btn.dicom','angal.menu.dicom','x','L','admission','none','N',4),('btnadmedit','angal.admission.editpatient','angal.admission.editpatient','x','E','admission','none','N',1),('btnadmexamination','angal.admission.examination','angal.admission.examination','x','A','admission','none','N',1),('btnadmlab','angal.menu.btn.laboratory','angal.menu.laboratory','x','L','admission','none','N',3),('btnadmmer','angal.admission.merge','angal.admission.merge','x','L','admission','none','N',2),('btnadmnew','angal.admission.newpatient','angal.admission.newpatient','x','N','admission','none','N',0),('btnadmopd','angal.admission.opd','angal.admission.admission','x','O','admission','none','N',5),('btnadmpateditanamnesis','angal.patient.anamnesis','angal.patient.anamnesis','x','A','btnadmedit','none','N',1),('btnadmpatientfolder','angal.admission.patientfolder','angal.admission.patientfolder','x','P','admission','none','Y',6),('btnadmpatnewanamnesis','angal.patient.anamnesis','angal.patient.anamnesis','x','A','btnadmnew','none','N',1),('btnadmtherapy','angal.admission.therapy','angal.admission.therapy','x','T','admission','none','N',6),('btnbilldelete','angal.billbrowser.deletebill.btn','angal.billbrowser.deletebill.btn','x','N','billsmanager','none','N',4),('btnbilledit','angal.billbrowser.editbill','angal.billbrowser.editbill','x','N','billsmanager','none','N',2),('btnbillnew','angal.billbrowser.newbill.btn','angal.billbrowser.newbill.btn','x','N','billsmanager','none','N',1),('btnbillreceipt','angal.menu.btn.btnbillreceipt','angal.menu.btnbillreceipt','x','R','billsmanager','none','N',6),('btnbillreport','angal.billbrowser.report','angal.billbrowser.report','x','N','billsmanager','none','N',5),('btndatadel','angal.common.delete','angal.common.delete','x','D','data','none','N',2),('btndataedit','angal.common.edit','angal.common.edit','x','E','data','none','N',1),('btndataeditpat','angal.admission.editpatient','angal.admission.editpatient','x','P','data','none','N',0),('btndatamalnut','angal.admission.malnutritioncontrol','angal.admission.malnutritioncontrol','x','M','data','none','N',3),('btnlaboratorydel','angal.common.delete','angal.common.delete','x','D','laboratory','none','N',2),('btnlaboratoryedit','angal.common.edit','angal.common.edit','x','E','laboratory','none','N',1),('btnlaboratorynew','angal.common.new.btn','angal.common.new.btn','x','N','laboratory','none','N',0),('btnmedicalswardexcel','angal.menu.btn.btnmedicalswardexcel','angal.menu.btnmedicalswardexcel','x','E','medicalsward','none','N',3),('btnmedicalswardrectify','angal.menu.btn.btnmedicalswardrectify','angal.menu.btnmedicalswardrectify','x','R','medicalsward','none','N',1),('btnmedicalswardreport','angal.menu.btn.btnmedicalswardreport','angal.menu.btnmedicalswardreport','x','P','medicalsward','none','N',2),('btnopddel','angal.common.delete','angal.common.delete','x','D','opd','none','N',2),('btnopdedit','angal.common.edit','angal.common.edit','x','E','opd','none','N',1),('btnopdeditanamnesis','angal.opd.anamnesis','angal.opd.anamnesis','x','A','btnopdedit','none','N',1),('btnopdeditexamination','angal.opd.examination','angal.opd.examination','x','A','btnopdedit','none','N',1),('btnopdeditoperation','angal.opd.operation','angal.opd.operation','x','A','btnopdedit','none','N',2),('btnopdnew','angal.common.new.btn','angal.common.new.btn','x','N','opd','none','N',0),('btnopdnewanamnesis','angal.opd.anamnesis','angal.opd.anamnesis','x','A','btnopdnew','none','N',1),('btnopdnewexamination','angal.opd.examination','angal.opd.examination','x','A','btnopdnew','none','N',1),('btnopdnewoperation','angal.opd.operation','angal.opd.operation','x','A','btnopdnew','none','N',2),('btnpatfoldadmrpt','angal.menu.btn.admchart','angal.menu.admchart','x','A','btnadmpatientfolder','none','N',2),('btnpatfolddicom','angal.menu.btn.dicom','angal.menu.dicom','x','D','btnadmpatientfolder','none','N',4),('btnpatfoldopdrpt','angal.menu.btn.opdchart','angal.menu.opdchart','x','O','btnadmpatientfolder','none','N',1),('btnpatfoldpatrpt','angal.menu.btn.patreport','angal.menu.patreport','x','R','btnadmpatientfolder','none','N',3),('btnpatientvaccinedel','angal.common.delete','angal.common.delete','x','D','patientvaccine','none','N',2),('btnpatientvaccineedit','angal.common.edit','angal.common.edit','x','E','patientvaccine','none','N',1),('btnpatientvaccinenew','angal.common.new.btn','angal.common.new.btn','x','N','patientvaccine','none','N',0),('btnpharmaceuticaldel','angal.common.delete','angal.common.delete','x','D','medicals','none','N',2),('btnpharmaceuticaledit','angal.common.edit','angal.common.edit','x','E','medicals','none','N',1),('btnpharmaceuticalnew','angal.common.new.btn','angal.common.new.btn','x','N','medicals','none','N',0),('btnpharmstockcharge','angal.menu.btn.btnpharmstockcharge','angal.menu.btnpharmstockcharge','x','C','medicalstock','none','N',1),('btnpharmstockdischarge','angal.menu.btn.btnpharmstockdischarge','angal.menu.btnpharmstockdischarge','x','D','medicalstock','none','N',2),('cashiersfilter','angal.menu.accounting.cashiersfilter','angal.menu.accounting.cashiersfilter','x','X','billsmanager','none','N',0),('communication','angal.menu.btn.chat','angal.menu.chat','x','M','main','org.isf.xmpp.gui.CommunicationFrame','N',10),('data','angal.admission.data','angal.admission.data','x','D','admission','none','N',3),('deliverytype','angal.menu.btn.deliverytype','angal.menu.deliverytype','x','L','types','org.isf.dlvrtype.gui.DeliveryTypeBrowser','N',2),('delresulttype','angal.menu.btn.delresulttype','angal.menu.delresulttype','x','R','types','org.isf.dlvrrestype.gui.DeliveryResultTypeBrowser','N',3),('dicomtype','angal.menu.btn.dicomtype','angal.menu.dicomtype','x','X','types','org.isf.dicomtype.gui.DicomTypeBrowser','N',13),('disctype','angal.menu.btn.disctype','angal.menu.disctype','x','H','types','org.isf.disctype.gui.DischargeTypeBrowser','N',1),('disease','angal.menu.btn.disease','angal.menu.disease','x','D','generaldata','org.isf.disease.gui.DiseaseBrowser','N',3),('diseaselist','angal.menu.btn.diseaselist','angal.menu.diseaselist','x','D','printing','org.isf.stat.gui.DiseasesListLauncher','N',2),('diseasetype','angal.menu.btn.diseasetype','angal.menu.diseasetype','x','D','types','org.isf.distype.gui.DiseaseTypeBrowser','N',4),('editclosedbills','angal.menu.accounting.editclosedbills','angal.menu.accounting.editclosedbills','x','E','billsmanager','none','N',3),('examlist1','angal.menu.btn.examlist1','angal.menu.examlist1','x','E','printing','org.isf.stat.gui.ExamsList1Launcher','N',1),('exams','angal.menu.btn.exams','angal.menu.exams','x','E','generaldata','org.isf.exa.gui.ExamBrowser','N',4),('examtype','angal.menu.btn.examtype','angal.menu.examtype','x','E','types','org.isf.exatype.gui.ExamTypeBrowser','N',5),('generaldata','angal.menu.btn.generaldata','angal.menu.generaldata','x','S','main','none','Y',11),('groups','angal.menu.btn.groups','angal.menu.groups','x','G','users','org.isf.menu.gui.UserGroupBrowsing','N',1),('help','angal.menu.btn.help','angal.menu.help','x','H','main','org.isf.help.HelpViewer','N',12),('hospital','angal.menu.btn.hospital','angal.menu.hospital','x','H','generaldata','org.isf.hospital.gui.HospitalBrowser','N',1),('laboratory','angal.menu.btn.laboratory','angal.menu.laboratory','x','L','main','org.isf.lab.gui.LabBrowser','N',3),('medicals','angal.menu.btn.medicals','angal.menu.medicals','x','P','pharmacy','org.isf.medicals.gui.MedicalBrowser','N',0),('medicalstock','angal.menu.btn.medicalstock','angal.menu.medicalstock','x','S','pharmacy','org.isf.medicalstock.gui.MovStockBrowser','N',1),('medicalstype','angal.menu.btn.medicalstype','angal.menu.medicalstype','x','M','types','org.isf.medtype.gui.MedicalTypeBrowser','N',7),('medicalsward','angal.menu.btn.medicalsward','angal.menu.medicalsward','x','W','pharmacy','org.isf.medicalstockward.gui.WardPharmacy','N',2),('medstockmovtype','angal.menu.btn.medstockmovtype','angal.menu.medstockmovtype','x','S','types','org.isf.medstockmovtype.gui.MedicaldsrstockmovTypeBrowser','N',6),('newbill','angal.menu.btn.newbill','angal.menu.newbill','x','N','accounting','org.isf.accounting.gui.PatientBillEdit','N',0),('opd','angal.menu.btn.opd','angal.menu.opd','x','O','main','org.isf.opd.gui.OpdBrowser','N',1),('operation','angal.menu.btn.operation','angal.menu.operation','x','O','generaldata','org.isf.operation.gui.OperationBrowser','N',5),('operationlist','angal.menu.btn.operationlist','angal.menu.operationlist','x','O','printing','org.isf.stat.gui.OperationsListLauncher','N',3),('operationtype','angal.menu.btn.operationtype','angal.menu.operationtype','x','O','types','org.isf.opetype.gui.OperationTypeBrowser','N',8),('otherprices','angal.menu.btn.otherprices','angal.menu.otherprices','x','H','types','org.isf.pricesothers.gui.PricesOthersBrowser','N',10),('patientvaccine','angal.menu.btn.patientvaccine','angal.menu.patientvaccine','x','V','main','org.isf.patvac.gui.PatVacBrowser','N',5),('pharmacy','angal.menu.btn.pharmacy','angal.menu.pharmacy','x','P','main','none','Y',4),('pretreatmenttype','angal.menu.btn.pretreatmenttype','angal.menu.pretreatmenttype','x','P','types','org.isf.pregtreattype.gui.PregnantTreatmentTypeBrowser','N',9),('priceslists','angal.menu.btn.priceslists','angal.menu.priceslists','x','P','generaldata','org.isf.priceslist.gui.PricesBrowser','N',7),('printing','angal.menu.btn.printing','angal.menu.printing','x','R','main','none','Y',9),('smsmanager','angal.menu.btn.smsmanager','angal.menu.smsmanager','x','M','generaldata','org.isf.sms.gui.SmsBrowser','N',9),('statistics','angal.menu.btn.statistics','angal.menu.statistics','x','T','main','org.isf.stat.reportlauncher.gui.ReportLauncher','N',8),('supplier','angal.menu.btn.supplier','angal.menu.supplier','x','S','generaldata','org.isf.supplier.gui.SupplierBrowser','N',8),('types','angal.menu.btn.types','angal.menu.types','x','T','generaldata','none','Y',0),('users','angal.menu.btn.users','angal.menu.users','x','U','generaldata','none','Y',10),('usersusers','angal.menu.btn.usersusers','angal.menu.usersusers','x','U','users','org.isf.menu.gui.UserBrowsing','N',0),('vaccine','angal.menu.btn.vaccine','angal.menu.vaccine','x','V','generaldata','org.isf.vaccine.gui.VaccineBrowser','N',6),('vaccinetype','angal.menu.btn.vaccinetype','angal.menu.vaccinetype','x','V','types','org.isf.vactype.gui.VaccineTypeBrowser','N',12),('ward','angal.menu.btn.ward','angal.menu.ward','x','W','generaldata','org.isf.ward.gui.WardBrowser','N',2),('worksheet','angal.menu.btn.worksheet','angal.menu.worksheet','x','W','main','org.isf.visits.gui.VisitView','N',7);
/*!40000 ALTER TABLE `oh_menuitem` ENABLE KEYS */;
UNLOCK TABLES;

--
-- Table structure for table `oh_opd`
--

DROP TABLE IF EXISTS `oh_opd`;
/*!40101 SET @saved_cs_client     = @@character_set_client */;
/*!40101 SET character_set_client = utf8 */;
CREATE TABLE `oh_opd` (
  `OPD_ID` int(11) NOT NULL AUTO_INCREMENT,
  `OPD_WRD_ID_A` char(3) NOT NULL,
  `OPD_DATE` datetime NOT NULL,
  `OPD_NEW_PAT` char(1) NOT NULL DEFAULT 'N',
  `OPD_PROG_YEAR` int(11) NOT NULL,
  `OPD_SEX` char(1) NOT NULL,
  `OPD_AGE` int(11) NOT NULL DEFAULT 0,
  `OPD_DIS_ID_A` varchar(10) DEFAULT NULL,
  `OPD_DIS_ID_A_2` varchar(10) DEFAULT NULL,
  `OPD_DIS_ID_A_3` varchar(10) DEFAULT NULL,
  `OPD_REFERRAL_FROM` varchar(1) DEFAULT NULL,
  `OPD_REFERRAL_TO` varchar(1) DEFAULT NULL,
  `OPD_NOTE` text NOT NULL,
  `OPD_PAT_ID` int(11) DEFAULT NULL,
  `OPD_USR_ID_A` varchar(50) NOT NULL DEFAULT 'admin',
  `OPD_NEXT_VISIT_ID` int(11) DEFAULT NULL,
  `OPD_LOCK` int(11) NOT NULL DEFAULT 0,
  `OPD_CREATED_BY` varchar(50) DEFAULT NULL,
  `OPD_CREATED_DATE` datetime DEFAULT NULL,
  `OPD_LAST_MODIFIED_BY` varchar(50) DEFAULT NULL,
  `OPD_LAST_MODIFIED_DATE` datetime DEFAULT NULL,
  `OPD_ACTIVE` tinyint(1) NOT NULL DEFAULT 1,
  `OPD_PRESCRIPTION` varchar(255) DEFAULT NULL,
  PRIMARY KEY (`OPD_ID`),
  KEY `FK_OPD_DISEASE` (`OPD_DIS_ID_A`),
  KEY `FK_OPD_DISEASE_2` (`OPD_DIS_ID_A_2`),
  KEY `FK_OPD_DISEASE_3` (`OPD_DIS_ID_A_3`),
  KEY `FK_OPD_PATIENT` (`OPD_PAT_ID`),
  KEY `FK_OPD_WARD_idx` (`OPD_WRD_ID_A`),
  KEY `FK_OPD_NEXT_VISIT_idx` (`OPD_NEXT_VISIT_ID`),
  KEY `FK_OPD_USER_IDX` (`OPD_USR_ID_A`),
  KEY `FK_OPD_CREATED_BY_IDX` (`OPD_CREATED_BY`),
  KEY `FK_OPD_LAST_MODIFIED_BY_IDX` (`OPD_LAST_MODIFIED_BY`),
  CONSTRAINT `FK_OPD_CREATED_BY` FOREIGN KEY (`OPD_CREATED_BY`) REFERENCES `oh_user` (`US_ID_A`) ON DELETE NO ACTION ON UPDATE NO ACTION,
  CONSTRAINT `FK_OPD_DISEASE` FOREIGN KEY (`OPD_DIS_ID_A`) REFERENCES `oh_disease` (`DIS_ID_A`) ON DELETE NO ACTION ON UPDATE NO ACTION,
  CONSTRAINT `FK_OPD_DISEASE_2` FOREIGN KEY (`OPD_DIS_ID_A_2`) REFERENCES `oh_disease` (`DIS_ID_A`) ON DELETE NO ACTION ON UPDATE NO ACTION,
  CONSTRAINT `FK_OPD_DISEASE_3` FOREIGN KEY (`OPD_DIS_ID_A_3`) REFERENCES `oh_disease` (`DIS_ID_A`) ON DELETE NO ACTION ON UPDATE NO ACTION,
  CONSTRAINT `FK_OPD_LAST_MODIFIED_BY` FOREIGN KEY (`OPD_LAST_MODIFIED_BY`) REFERENCES `oh_user` (`US_ID_A`) ON DELETE NO ACTION ON UPDATE NO ACTION,
  CONSTRAINT `FK_OPD_NEXT_VISIT` FOREIGN KEY (`OPD_NEXT_VISIT_ID`) REFERENCES `oh_visits` (`VST_ID`) ON DELETE NO ACTION ON UPDATE NO ACTION,
  CONSTRAINT `FK_OPD_PATIENT` FOREIGN KEY (`OPD_PAT_ID`) REFERENCES `oh_patient` (`PAT_ID`) ON DELETE CASCADE ON UPDATE CASCADE,
  CONSTRAINT `FK_OPD_USER` FOREIGN KEY (`OPD_USR_ID_A`) REFERENCES `oh_user` (`US_ID_A`) ON DELETE NO ACTION ON UPDATE NO ACTION,
  CONSTRAINT `FK_OPD_WARD` FOREIGN KEY (`OPD_WRD_ID_A`) REFERENCES `oh_ward` (`WRD_ID_A`) ON DELETE NO ACTION ON UPDATE NO ACTION
) ENGINE=InnoDB AUTO_INCREMENT=414 DEFAULT CHARSET=utf8mb3 COLLATE=utf8mb3_general_ci;
/*!40101 SET character_set_client = @saved_cs_client */;

--
-- Dumping data for table `oh_opd`
--

LOCK TABLES `oh_opd` WRITE;
/*!40000 ALTER TABLE `oh_opd` DISABLE KEYS */;
INSERT INTO `oh_opd` (`OPD_ID`, `OPD_WRD_ID_A`, `OPD_DATE`, `OPD_NEW_PAT`, `OPD_PROG_YEAR`, `OPD_SEX`, `OPD_AGE`, `OPD_DIS_ID_A`, `OPD_DIS_ID_A_2`, `OPD_DIS_ID_A_3`, `OPD_REFERRAL_FROM`, `OPD_REFERRAL_TO`, `OPD_NOTE`, `OPD_PAT_ID`, `OPD_USR_ID_A`, `OPD_NEXT_VISIT_ID`, `OPD_LOCK`, `OPD_CREATED_BY`, `OPD_CREATED_DATE`, `OPD_LAST_MODIFIED_BY`, `OPD_LAST_MODIFIED_DATE`, `OPD_ACTIVE`, `OPD_PRESCRIPTION`) VALUES (2,'OPD','2022-11-02 16:47:33','N',1,'M',80,'39',NULL,NULL,NULL,NULL,'',50,'admin',NULL,0,NULL,'2022-11-06 16:47:33',NULL,NULL,1,NULL),(3,'OPD','2022-11-02 16:57:09','R',2,'M',70,'68',NULL,NULL,NULL,NULL,'',51,'admin',NULL,0,NULL,'2022-11-06 16:57:09',NULL,NULL,1,NULL),(4,'OPD','2022-11-02 16:58:48','R',3,'M',29,'30',NULL,NULL,NULL,'R','',55,'admin',NULL,0,NULL,'2022-11-06 16:58:48',NULL,NULL,1,NULL),(5,'OPD','2022-11-02 17:00:07','N',4,'M',38,'12',NULL,NULL,'R',NULL,'',58,'admin',NULL,0,NULL,'2022-11-06 17:00:07',NULL,NULL,1,NULL),(6,'OPD','2022-11-02 17:08:25','R',5,'M',40,'39',NULL,NULL,NULL,NULL,'',60,'admin',NULL,0,NULL,'2022-11-06 17:08:25',NULL,NULL,1,NULL),(7,'OPD','2022-11-02 17:10:09','R',6,'M',10,'110',NULL,NULL,NULL,NULL,'',62,'admin',NULL,0,NULL,'2022-11-06 17:10:09',NULL,NULL,1,NULL),(8,'OPD','2022-11-02 17:11:28','N',7,'M',12,'16',NULL,NULL,NULL,'R','',65,'admin',NULL,0,NULL,'2022-11-06 17:11:28',NULL,NULL,1,NULL),(9,'OPD','2022-11-02 17:17:02','N',8,'M',28,'40',NULL,NULL,NULL,NULL,'',67,'admin',NULL,0,NULL,'2022-11-06 17:17:02',NULL,NULL,1,NULL),(10,'OPD','2022-11-02 17:18:56','R',9,'M',32,'24',NULL,NULL,'R',NULL,'',68,'admin',NULL,0,NULL,'2022-11-06 17:18:56',NULL,NULL,1,NULL),(11,'OPD','2022-11-02 17:20:47','N',10,'M',35,'16',NULL,NULL,NULL,NULL,'',69,'admin',NULL,0,NULL,'2022-11-06 17:20:47',NULL,NULL,1,NULL),(12,'OPD','2022-11-02 17:22:10','R',11,'M',51,'42',NULL,NULL,NULL,'R','',71,'admin',NULL,0,NULL,'2022-11-06 17:22:10',NULL,NULL,1,NULL),(13,'OPD','2022-11-02 17:25:46','N',12,'M',26,'49',NULL,NULL,NULL,NULL,'',72,'admin',NULL,0,NULL,'2022-11-06 17:25:46',NULL,NULL,1,NULL),(15,'OPD','2022-11-02 18:59:47','N',13,'F',26,'39',NULL,NULL,'R',NULL,'',74,'admin',NULL,0,NULL,'2022-11-07 18:59:47',NULL,NULL,1,NULL),(16,'OPD','2022-11-02 19:02:59','R',14,'F',60,'89',NULL,NULL,NULL,'R','',77,'admin',NULL,0,NULL,'2022-11-07 19:02:59',NULL,NULL,1,NULL),(17,'OPD','2022-11-02 19:04:36','N',15,'F',32,'42',NULL,NULL,NULL,NULL,'',78,'admin',NULL,0,NULL,'2022-11-07 19:04:36',NULL,NULL,1,NULL),(18,'OPD','2022-11-02 19:06:19','N',16,'F',78,'44',NULL,NULL,NULL,NULL,'',79,'admin',NULL,0,NULL,'2022-11-07 19:06:19',NULL,NULL,1,NULL),(19,'OPD','2022-11-02 19:10:42','N',17,'F',56,'49',NULL,NULL,NULL,NULL,'',80,'admin',NULL,0,NULL,'2022-11-07 19:10:42',NULL,NULL,1,NULL),(20,'OPD','2022-11-02 19:12:19','R',18,'F',61,'16',NULL,NULL,'R','R','',82,'admin',NULL,0,NULL,'2022-11-07 19:12:19',NULL,NULL,1,NULL),(21,'OPD','2022-11-02 19:13:27','N',19,'F',60,'43',NULL,NULL,NULL,NULL,'',83,'admin',NULL,0,NULL,'2022-11-07 19:13:27',NULL,NULL,1,NULL),(22,'OPD','2022-11-02 19:14:41','R',20,'F',60,'68',NULL,NULL,NULL,NULL,'',85,'admin',NULL,0,NULL,'2022-11-07 19:14:41',NULL,NULL,1,NULL),(23,'OPD','2022-11-02 19:15:42','N',21,'F',60,'39',NULL,NULL,NULL,NULL,'',86,'admin',NULL,0,NULL,'2022-11-07 19:15:42',NULL,NULL,1,NULL),(24,'OPD','2022-11-02 19:16:34','R',22,'F',40,'44',NULL,NULL,NULL,'R','',87,'admin',NULL,0,NULL,'2022-11-07 19:16:34',NULL,NULL,1,NULL),(25,'OPD','2022-11-02 19:19:33','N',23,'F',48,'17',NULL,NULL,'R',NULL,'',89,'admin',NULL,0,NULL,'2022-11-07 19:19:33',NULL,NULL,1,NULL),(26,'OPD','2022-11-02 19:20:39','N',24,'F',60,'15',NULL,NULL,NULL,NULL,'',90,'admin',NULL,0,NULL,'2022-11-07 19:20:39',NULL,NULL,1,NULL),(27,'OPD','2022-11-02 19:21:19','N',25,'F',16,'15',NULL,NULL,NULL,NULL,'',92,'admin',NULL,0,NULL,'2022-11-07 19:21:19',NULL,NULL,1,NULL),(28,'OPD','2022-11-02 19:23:06','R',26,'F',18,'37',NULL,NULL,NULL,'R','',93,'admin',NULL,0,NULL,'2022-11-07 19:23:06',NULL,NULL,1,NULL),(29,'OPD','2022-11-02 19:25:55','R',27,'F',22,'44',NULL,NULL,NULL,NULL,'',94,'admin',NULL,0,NULL,'2022-11-07 19:25:55',NULL,NULL,1,NULL),(30,'OPD','2022-11-02 19:27:31','N',28,'F',28,'15',NULL,NULL,'R',NULL,'',95,'admin',NULL,0,NULL,'2022-11-07 19:27:31',NULL,NULL,1,NULL),(31,'OPD','2022-11-02 19:31:13','N',29,'F',18,'17',NULL,NULL,NULL,NULL,'',96,'admin',NULL,0,NULL,'2022-11-07 19:31:13',NULL,NULL,1,NULL),(32,'OPD','2022-11-02 19:32:47','N',30,'F',62,'110',NULL,NULL,NULL,'R','',97,'admin',NULL,0,NULL,'2022-11-07 19:32:47',NULL,NULL,1,NULL),(34,'OPD','2022-11-02 19:38:33','N',31,'F',34,'89',NULL,NULL,NULL,NULL,'',98,'admin',NULL,0,NULL,'2022-11-07 19:38:33',NULL,NULL,1,NULL),(35,'OPD','2022-11-02 19:39:25','N',32,'F',44,'43',NULL,NULL,'R',NULL,'',99,'admin',NULL,0,NULL,'2022-11-07 19:39:25',NULL,NULL,1,NULL),(36,'OPD','2022-11-02 19:40:28','R',33,'F',60,'15',NULL,NULL,NULL,'R','',100,'admin',NULL,0,NULL,'2022-11-07 19:40:28',NULL,NULL,1,NULL),(37,'OPD','2022-11-02 19:41:13','R',34,'F',50,'44',NULL,NULL,NULL,NULL,'',101,'admin',NULL,0,NULL,'2022-11-07 19:41:13',NULL,NULL,1,NULL),(38,'OPD','2022-11-02 19:42:06','N',35,'F',46,'39',NULL,NULL,NULL,NULL,'',103,'admin',NULL,0,NULL,'2022-11-07 19:42:06',NULL,NULL,1,NULL),(39,'OPD','2022-11-02 19:43:37','N',36,'F',34,'15',NULL,NULL,NULL,NULL,'',104,'admin',NULL,0,NULL,'2022-11-07 19:43:37',NULL,NULL,1,NULL),(40,'OPD','2022-11-02 19:44:34','R',37,'F',50,'16',NULL,NULL,'R','R','',106,'admin',NULL,0,NULL,'2022-11-07 19:44:34',NULL,NULL,1,NULL),(41,'OPD','2022-11-02 19:45:42','R',38,'F',40,'68',NULL,NULL,NULL,NULL,'',108,'admin',NULL,0,NULL,'2022-11-07 19:45:42',NULL,NULL,1,NULL),(42,'OPD','2022-11-02 19:46:39','R',39,'F',30,'44',NULL,NULL,NULL,NULL,'',109,'admin',NULL,0,NULL,'2022-11-07 19:46:39',NULL,NULL,1,NULL),(43,'OPD','2022-11-02 19:49:31','N',40,'F',60,'40',NULL,NULL,NULL,NULL,'',110,'admin',NULL,0,NULL,'2022-11-07 19:49:31',NULL,NULL,1,NULL),(45,'OPD','2022-11-02 19:52:11','R',41,'F',40,'29',NULL,NULL,'R',NULL,'',111,'admin',NULL,0,NULL,'2022-11-07 19:52:11',NULL,NULL,1,NULL),(46,'OPD','2022-11-02 19:52:55','N',42,'F',60,'43',NULL,NULL,NULL,NULL,'',112,'admin',NULL,0,NULL,'2022-11-07 19:52:55',NULL,NULL,1,NULL),(47,'OPD','2022-11-02 19:53:35','R',43,'F',60,'39',NULL,NULL,NULL,NULL,'',115,'admin',NULL,0,NULL,'2022-11-07 19:53:35',NULL,NULL,1,NULL),(48,'OPD','2022-11-02 19:57:39','N',44,'M',65,'15',NULL,NULL,NULL,'R','',16,'admin',NULL,0,NULL,'2022-11-07 19:57:39',NULL,NULL,1,NULL),(49,'OPD','2022-11-02 19:58:24','N',45,'F',24,'43',NULL,NULL,NULL,NULL,'',117,'admin',NULL,0,NULL,'2022-11-07 19:58:24',NULL,NULL,1,NULL),(50,'OPD','2022-11-02 19:58:57','N',46,'F',49,'39',NULL,NULL,'R',NULL,'',119,'admin',NULL,0,NULL,'2022-11-07 19:58:57',NULL,NULL,1,NULL),(51,'OPD','2022-11-02 19:59:49','N',47,'F',13,'39',NULL,NULL,NULL,NULL,'',120,'admin',NULL,0,NULL,'2022-11-07 19:59:49',NULL,NULL,1,NULL),(52,'OPD','2022-11-02 20:01:30','N',48,'F',60,'25',NULL,NULL,NULL,'R','',121,'admin',NULL,0,NULL,'2022-11-07 20:01:30',NULL,NULL,1,NULL),(53,'OPD','2022-11-02 20:04:12','N',49,'F',60,'40',NULL,NULL,NULL,NULL,'',121,'admin',NULL,0,NULL,'2022-11-07 20:04:12',NULL,NULL,1,NULL),(54,'OPD','2022-11-02 20:04:45','N',50,'F',57,'39',NULL,NULL,NULL,NULL,'',123,'admin',NULL,0,NULL,'2022-11-07 20:04:45',NULL,NULL,1,NULL),(55,'OPD','2022-11-02 20:06:02','N',51,'F',34,'89',NULL,NULL,'R',NULL,'',125,'admin',NULL,0,NULL,'2022-11-07 20:06:02',NULL,NULL,1,NULL),(56,'OPD','2022-11-02 20:07:26','N',52,'F',33,'15',NULL,NULL,NULL,'R','',126,'admin',NULL,0,NULL,'2022-11-07 20:07:26',NULL,NULL,1,NULL),(58,'OPD','2022-11-02 20:10:01','R',53,'F',32,'49',NULL,NULL,NULL,NULL,'',127,'admin',NULL,0,NULL,'2022-11-07 20:10:01',NULL,NULL,1,NULL),(59,'OPD','2022-11-02 20:10:45','N',54,'F',62,'15',NULL,NULL,NULL,NULL,'',128,'admin',NULL,0,NULL,'2022-11-07 20:10:45',NULL,NULL,1,NULL),(60,'OPD','2022-11-02 20:12:02','N',55,'F',68,'40',NULL,NULL,'R','R','',129,'admin',NULL,0,NULL,'2022-11-07 20:12:02',NULL,NULL,1,NULL),(61,'OPD','2022-11-02 20:13:11','N',56,'F',25,'39',NULL,NULL,NULL,NULL,'',130,'admin',NULL,0,NULL,'2022-11-07 20:13:11',NULL,NULL,1,NULL),(62,'OPD','2022-11-02 20:13:33','N',57,'F',50,'39',NULL,NULL,NULL,NULL,'',131,'admin',NULL,0,NULL,'2022-11-07 20:13:33',NULL,NULL,1,NULL),(63,'OPD','2022-11-02 20:14:15','N',58,'M',40,'39',NULL,NULL,NULL,NULL,'',132,'admin',NULL,0,NULL,'2022-11-07 20:14:15',NULL,NULL,1,NULL),(64,'OPD','2022-11-02 20:15:01','N',59,'M',26,'43',NULL,NULL,NULL,'R','',133,'admin',NULL,0,NULL,'2022-11-07 20:15:01',NULL,NULL,1,NULL),(65,'OPD','2022-11-02 20:16:49','N',60,'M',68,'49',NULL,NULL,'R',NULL,'',134,'admin',NULL,0,NULL,'2022-11-07 20:16:49',NULL,NULL,1,NULL),(66,'OPD','2022-11-02 20:17:21','N',61,'M',49,'49',NULL,NULL,NULL,NULL,'',135,'admin',NULL,0,NULL,'2022-11-07 20:17:21',NULL,NULL,1,NULL),(67,'OPD','2022-11-02 20:18:44','N',62,'M',25,'47',NULL,NULL,NULL,NULL,'',136,'admin',NULL,0,NULL,'2022-11-07 20:18:44',NULL,NULL,1,NULL),(68,'OPD','2022-11-02 20:20:29','N',63,'M',49,'43',NULL,NULL,NULL,'R','',137,'admin',NULL,0,NULL,'2022-11-07 20:20:29',NULL,NULL,1,NULL),(69,'OPD','2022-11-02 20:21:43','N',64,'M',45,'37',NULL,NULL,NULL,NULL,'',138,'admin',NULL,0,NULL,'2022-11-07 20:21:43',NULL,NULL,1,NULL),(70,'OPD','2022-11-02 20:22:32','N',65,'M',67,'15',NULL,NULL,'R',NULL,'',139,'admin',NULL,0,NULL,'2022-11-07 20:22:32',NULL,NULL,1,NULL),(71,'OPD','2022-11-02 20:22:59','N',66,'M',73,'39',NULL,NULL,NULL,NULL,'',140,'admin',NULL,0,NULL,'2022-11-07 20:22:59',NULL,NULL,1,NULL),(72,'OPD','2022-11-02 20:23:24','N',67,'M',76,'39',NULL,NULL,NULL,'R','',141,'admin',NULL,0,NULL,'2022-11-07 20:23:24',NULL,NULL,1,NULL),(73,'OPD','2022-11-02 20:23:55','N',68,'M',44,'39',NULL,NULL,NULL,NULL,'',142,'admin',NULL,0,NULL,'2022-11-07 20:23:55',NULL,NULL,1,NULL),(74,'OPD','2022-11-02 20:24:41','R',69,'M',47,'47',NULL,NULL,NULL,NULL,'',143,'admin',NULL,0,NULL,'2022-11-07 20:24:41',NULL,NULL,1,NULL),(75,'OPD','2022-11-02 20:25:32','R',70,'M',52,'40',NULL,NULL,'R',NULL,'',144,'admin',NULL,0,NULL,'2022-11-07 20:25:32',NULL,NULL,1,NULL),(76,'OPD','2022-11-02 20:25:58','N',71,'M',45,'39',NULL,NULL,NULL,'R','',145,'admin',NULL,0,NULL,'2022-11-07 20:25:58',NULL,NULL,1,NULL),(77,'OPD','2022-11-02 20:26:31','N',72,'M',37,'39',NULL,NULL,NULL,NULL,'',146,'admin',NULL,0,NULL,'2022-11-07 20:26:31',NULL,NULL,1,NULL),(78,'OPD','2022-11-02 20:30:47','N',73,'M',39,'20',NULL,NULL,NULL,NULL,'',147,'admin',NULL,0,NULL,'2022-11-07 20:30:47',NULL,NULL,1,NULL),(79,'OPD','2022-11-02 20:31:21','N',74,'M',56,'39',NULL,NULL,NULL,NULL,'',148,'admin',NULL,0,NULL,'2022-11-07 20:31:21',NULL,NULL,1,NULL),(80,'OPD','2022-11-02 20:32:10','N',75,'M',50,'15',NULL,NULL,'R','R','',149,'admin',NULL,0,NULL,'2022-11-07 20:32:10',NULL,NULL,1,NULL),(81,'OPD','2022-11-02 20:32:47','N',76,'M',68,'40',NULL,NULL,NULL,NULL,'',150,'admin',NULL,0,NULL,'2022-11-07 20:32:47',NULL,NULL,1,NULL),(83,'OPD','2022-11-02 20:40:58','N',77,'M',36,'39',NULL,NULL,NULL,NULL,'',151,'admin',NULL,0,NULL,'2022-11-07 20:40:58',NULL,NULL,1,NULL),(84,'OPD','2022-11-02 20:41:27','N',78,'M',36,'39',NULL,NULL,NULL,'R','',152,'admin',NULL,0,NULL,'2022-11-07 20:41:27',NULL,NULL,1,NULL),(85,'OPD','2022-11-02 20:41:56','N',79,'M',40,'39',NULL,NULL,'R',NULL,'',153,'admin',NULL,0,NULL,'2022-11-07 20:41:56',NULL,NULL,1,NULL),(86,'OPD','2022-11-02 20:42:31','N',80,'M',57,'39',NULL,NULL,NULL,NULL,'',154,'admin',NULL,0,NULL,'2022-11-07 20:42:31',NULL,NULL,1,NULL),(87,'OPD','2022-11-02 20:43:32','N',81,'M',13,'39',NULL,NULL,NULL,NULL,'',155,'admin',NULL,0,NULL,'2022-11-07 20:43:32',NULL,NULL,1,NULL),(88,'OPD','2022-11-02 20:44:02','N',82,'M',36,'40',NULL,NULL,NULL,'R','',156,'admin',NULL,0,NULL,'2022-11-07 20:44:02',NULL,NULL,1,NULL),(89,'OPD','2022-11-02 20:44:31','N',83,'M',25,'39',NULL,NULL,NULL,NULL,'',157,'admin',NULL,0,NULL,'2022-11-07 20:44:31',NULL,NULL,1,NULL),(90,'OPD','2022-11-02 20:45:09','N',84,'M',82,'40',NULL,NULL,'R',NULL,'',158,'admin',NULL,0,NULL,'2022-11-07 20:45:09',NULL,NULL,1,NULL),(91,'OPD','2022-11-02 20:45:43','R',85,'M',54,'29',NULL,NULL,NULL,NULL,'',159,'admin',NULL,0,NULL,'2022-11-07 20:45:43',NULL,NULL,1,NULL),(92,'OPD','2022-11-02 20:46:27','N',86,'M',46,'39',NULL,NULL,NULL,'R','',160,'admin',NULL,0,NULL,'2022-11-07 20:46:27',NULL,NULL,1,NULL),(93,'OPD','2022-11-02 20:47:16','N',87,'M',50,'37',NULL,NULL,NULL,NULL,'',161,'admin',NULL,0,NULL,'2022-11-07 20:47:16',NULL,NULL,1,NULL),(94,'OPD','2022-11-02 20:47:46','N',88,'F',8,'39',NULL,NULL,NULL,NULL,'',162,'admin',NULL,0,NULL,'2022-11-07 20:47:46',NULL,NULL,1,NULL),(95,'OPD','2022-11-02 20:48:57','N',89,'F',39,'40',NULL,NULL,'R',NULL,'',163,'admin',NULL,0,NULL,'2022-11-07 20:48:57',NULL,NULL,1,NULL),(96,'OPD','2022-11-02 20:49:22','N',90,'F',24,'39',NULL,NULL,NULL,'R','',164,'admin',NULL,0,NULL,'2022-11-07 20:49:22',NULL,NULL,1,NULL),(97,'OPD','2022-11-02 20:50:57','R',91,'F',27,'14',NULL,NULL,NULL,NULL,'',165,'admin',NULL,0,NULL,'2022-11-07 20:50:57',NULL,NULL,1,NULL),(98,'OPD','2022-11-02 20:51:40','R',92,'M',20,'40',NULL,NULL,NULL,NULL,'',166,'admin',NULL,0,NULL,'2022-11-07 20:51:40',NULL,NULL,1,NULL),(99,'OPD','2022-11-02 20:52:54','R',93,'F',17,'47',NULL,NULL,NULL,NULL,'',167,'admin',NULL,0,NULL,'2022-11-07 20:52:54',NULL,NULL,1,NULL),(100,'OPD','2022-11-02 20:54:27','R',94,'F',19,'68',NULL,NULL,'R','R','',168,'admin',NULL,0,NULL,'2022-11-07 20:54:27',NULL,NULL,1,NULL),(101,'OPD','2022-11-02 20:55:32','N',95,'F',20,'49',NULL,NULL,NULL,NULL,'',169,'admin',NULL,0,NULL,'2022-11-07 20:55:32',NULL,NULL,1,NULL),(102,'OPD','2022-11-02 20:56:23','R',96,'F',18,'49',NULL,NULL,NULL,NULL,'',170,'admin',NULL,0,NULL,'2022-11-07 20:56:23',NULL,NULL,1,NULL),(103,'OPD','2022-11-02 20:57:23','N',97,'F',26,'30',NULL,NULL,NULL,NULL,'',171,'admin',NULL,0,NULL,'2022-11-07 20:57:23',NULL,NULL,1,NULL),(104,'OPD','2022-11-02 20:58:35','N',98,'F',22,'44',NULL,NULL,NULL,'R','',172,'admin',NULL,0,NULL,'2022-11-07 20:58:35',NULL,NULL,1,NULL),(105,'OPD','2022-11-02 21:00:44','N',99,'F',18,'15',NULL,NULL,'R',NULL,'',173,'admin',NULL,0,NULL,'2022-11-07 21:00:44',NULL,NULL,1,NULL),(106,'OPD','2022-11-02 21:02:22','N',100,'F',16,'39',NULL,NULL,NULL,NULL,'',174,'admin',NULL,0,NULL,'2022-11-07 21:02:22',NULL,NULL,1,NULL),(107,'OPD','2022-11-02 21:03:56','N',101,'F',27,'23',NULL,NULL,NULL,NULL,'',175,'admin',NULL,0,NULL,'2022-11-07 21:03:56',NULL,NULL,1,NULL),(108,'OPD','2022-11-02 21:04:56','N',102,'F',24,'44',NULL,NULL,NULL,'R','',176,'admin',NULL,0,NULL,'2022-11-07 21:04:56',NULL,NULL,1,NULL),(109,'OPD','2022-11-02 21:05:54','R',103,'F',20,'15',NULL,NULL,NULL,NULL,'',177,'admin',NULL,0,NULL,'2022-11-07 21:05:54',NULL,NULL,1,NULL),(110,'OPD','2022-11-02 21:06:55','R',104,'F',3,'39',NULL,NULL,'R',NULL,'',178,'admin',NULL,0,NULL,'2022-11-07 21:06:55',NULL,NULL,1,NULL),(111,'OPD','2022-11-02 21:07:20','R',105,'F',35,'44',NULL,NULL,NULL,NULL,'',179,'admin',NULL,0,NULL,'2022-11-07 21:07:20',NULL,NULL,1,NULL),(112,'OPD','2022-11-02 21:08:05','R',106,'F',35,'16',NULL,NULL,NULL,'R','',180,'admin',NULL,0,NULL,'2022-11-07 21:08:05',NULL,NULL,1,NULL),(113,'OPD','2022-11-02 21:08:44','N',107,'M',36,'16',NULL,NULL,NULL,NULL,'',310,'admin',NULL,0,NULL,'2022-11-07 21:08:44',NULL,NULL,1,NULL),(115,'OPD','2022-11-02 21:11:10','N',108,'M',82,'29',NULL,NULL,'R',NULL,'',311,'admin',NULL,0,NULL,'2022-11-07 21:11:10',NULL,NULL,1,NULL),(116,'OPD','2022-11-02 21:11:32','N',109,'M',51,'39',NULL,NULL,NULL,'R','',313,'admin',NULL,0,NULL,'2022-11-07 21:11:32',NULL,NULL,1,NULL),(117,'OPD','2022-11-02 21:12:21','N',110,'M',48,'42',NULL,NULL,NULL,NULL,'',315,'admin',NULL,0,NULL,'2022-11-07 21:12:21',NULL,NULL,1,NULL),(118,'OPD','2022-11-02 21:13:08','N',111,'M',75,'39',NULL,NULL,NULL,NULL,'',316,'admin',NULL,0,NULL,'2022-11-07 21:13:08',NULL,NULL,1,NULL),(119,'OPD','2022-11-02 21:13:40','N',112,'M',42,'30',NULL,NULL,NULL,NULL,'',318,'admin',NULL,0,NULL,'2022-11-07 21:13:40',NULL,NULL,1,NULL),(120,'OPD','2022-11-02 21:14:22','R',113,'M',17,'110',NULL,NULL,'R','R','',319,'admin',NULL,0,NULL,'2022-11-07 21:14:22',NULL,NULL,1,NULL),(121,'OPD','2022-11-02 21:15:24','N',114,'M',66,'15',NULL,NULL,NULL,NULL,'',321,'admin',NULL,0,NULL,'2022-11-07 21:15:24',NULL,NULL,1,NULL),(122,'OPD','2022-11-02 21:16:34','N',115,'F',48,'15',NULL,NULL,NULL,NULL,'',320,'admin',NULL,0,NULL,'2022-11-07 21:16:34',NULL,NULL,1,NULL),(123,'OPD','2022-11-02 21:18:11','N',116,'M',37,'110',NULL,NULL,NULL,NULL,'',327,'admin',NULL,0,NULL,'2022-11-07 21:18:11',NULL,NULL,1,NULL),(124,'OPD','2022-11-02 21:18:48','N',117,'M',28,'74',NULL,NULL,NULL,'R','',328,'admin',NULL,0,NULL,'2022-11-07 21:18:48',NULL,NULL,1,NULL),(125,'OPD','2022-11-02 21:20:32','N',118,'M',45,'15',NULL,NULL,'R',NULL,'',329,'admin',NULL,0,NULL,'2022-11-07 21:20:32',NULL,NULL,1,NULL),(126,'OPD','2022-11-02 21:21:09','N',119,'F',48,'39',NULL,NULL,NULL,NULL,'',320,'admin',NULL,0,NULL,'2022-11-07 21:21:09',NULL,NULL,1,NULL),(127,'OPD','2022-11-02 21:22:16','N',120,'M',66,'13',NULL,NULL,NULL,NULL,'',321,'admin',NULL,0,NULL,'2022-11-07 21:22:16',NULL,NULL,1,NULL),(128,'OPD','2022-11-02 21:23:48','N',121,'M',46,'74',NULL,NULL,NULL,'R','',325,'admin',NULL,0,NULL,'2022-11-07 21:23:48',NULL,NULL,1,NULL),(129,'OPD','2022-11-02 21:24:29','R',122,'M',36,'40',NULL,NULL,NULL,NULL,'',326,'admin',NULL,0,NULL,'2022-11-07 21:24:29',NULL,NULL,1,NULL),(130,'OPD','2022-11-02 21:25:11','N',123,'M',37,'40',NULL,NULL,'R',NULL,'',327,'admin',NULL,0,NULL,'2022-11-07 21:25:11',NULL,NULL,1,NULL),(131,'OPD','2022-11-02 21:25:52','R',124,'M',28,'39',NULL,NULL,NULL,NULL,'',328,'admin',NULL,0,NULL,'2022-11-07 21:25:52',NULL,NULL,1,NULL),(132,'OPD','2022-11-02 21:27:17','N',125,'M',45,'89',NULL,NULL,NULL,'R','',329,'admin',NULL,0,NULL,'2022-11-07 21:27:17',NULL,NULL,1,NULL),(133,'OPD','2022-11-02 21:28:34','N',126,'M',28,'22',NULL,NULL,NULL,NULL,'',330,'admin',NULL,0,NULL,'2022-11-07 21:28:34',NULL,NULL,1,NULL),(134,'OPD','2022-11-02 21:29:53','N',127,'M',27,'15',NULL,NULL,NULL,NULL,'',331,'admin',NULL,0,NULL,'2022-11-07 21:29:53',NULL,NULL,1,NULL),(135,'OPD','2022-11-02 08:47:18','N',128,'M',31,'39',NULL,NULL,'R',NULL,'',332,'admin',NULL,0,NULL,'2022-11-08 08:47:18',NULL,NULL,1,NULL),(136,'OPD','2022-11-02 08:48:15','R',129,'M',22,'47',NULL,NULL,NULL,'R','',333,'admin',NULL,0,NULL,'2022-11-08 08:48:15',NULL,NULL,1,NULL),(137,'OPD','2022-11-02 08:49:47','N',130,'M',75,'37',NULL,NULL,NULL,NULL,'',335,'admin',NULL,0,NULL,'2022-11-08 08:49:47',NULL,NULL,1,NULL),(138,'OPD','2022-11-02 08:51:35','N',131,'M',36,'43',NULL,NULL,NULL,NULL,'',336,'admin',NULL,0,NULL,'2022-11-08 08:51:35',NULL,NULL,1,NULL),(139,'OPD','2022-11-02 08:52:38','N',132,'M',39,'40',NULL,NULL,NULL,NULL,'',337,'admin',NULL,0,NULL,'2022-11-08 08:52:38',NULL,NULL,1,NULL),(140,'OPD','2022-11-02 08:53:52','N',133,'M',33,'39',NULL,NULL,'R','R','',338,'admin',NULL,0,NULL,'2022-11-08 08:53:52',NULL,NULL,1,NULL),(141,'OPD','2022-11-02 08:55:28','N',134,'M',42,'39',NULL,NULL,NULL,NULL,'',339,'admin',NULL,0,NULL,'2022-11-08 08:55:28',NULL,NULL,1,NULL),(142,'OPD','2022-11-02 08:57:31','R',135,'M',20,'103',NULL,NULL,NULL,NULL,'',340,'admin',NULL,0,NULL,'2022-11-08 08:57:31',NULL,NULL,1,NULL),(143,'OPD','2022-11-02 08:58:21','N',136,'M',43,'30',NULL,NULL,NULL,NULL,'',344,'admin',NULL,0,NULL,'2022-11-08 08:58:21',NULL,NULL,1,NULL),(144,'OPD','2022-11-02 09:00:37','N',137,'F',40,'15',NULL,NULL,NULL,'R','',348,'admin',NULL,0,NULL,'2022-11-08 09:00:37',NULL,NULL,1,NULL),(145,'OPD','2022-11-02 09:01:29','N',138,'F',18,'84',NULL,NULL,'R',NULL,'',350,'admin',NULL,0,NULL,'2022-11-08 09:01:29',NULL,NULL,1,NULL),(146,'OPD','2022-11-02 09:02:03','N',139,'F',28,'39',NULL,NULL,NULL,NULL,'',351,'admin',NULL,0,NULL,'2022-11-08 09:02:03',NULL,NULL,1,NULL),(147,'OPD','2022-11-02 09:02:31','N',140,'F',39,'39',NULL,NULL,NULL,NULL,'',352,'admin',NULL,0,NULL,'2022-11-08 09:02:31',NULL,NULL,1,NULL),(148,'OPD','2022-11-02 09:03:28','N',141,'F',28,'24',NULL,NULL,NULL,'R','',353,'admin',NULL,0,NULL,'2022-11-08 09:03:28',NULL,NULL,1,NULL),(149,'OPD','2022-11-02 09:04:14','R',142,'F',26,'89',NULL,NULL,NULL,NULL,'',355,'admin',NULL,0,NULL,'2022-11-08 09:04:14',NULL,NULL,1,NULL),(150,'OPD','2022-11-02 09:04:54','N',143,'F',23,'40',NULL,NULL,'R',NULL,'',357,'admin',NULL,0,NULL,'2022-11-08 09:04:54',NULL,NULL,1,NULL),(151,'OPD','2022-11-02 09:06:29','N',144,'F',16,'30',NULL,NULL,NULL,NULL,'',358,'admin',NULL,0,NULL,'2022-11-08 09:06:29',NULL,NULL,1,NULL),(152,'OPD','2022-11-02 09:07:07','R',145,'F',27,'39',NULL,NULL,NULL,'R','',359,'admin',NULL,0,NULL,'2022-11-08 09:07:07',NULL,NULL,1,NULL),(153,'OPD','2022-11-02 09:07:56','N',146,'F',30,'37',NULL,NULL,NULL,NULL,'',360,'admin',NULL,0,NULL,'2022-11-08 09:07:56',NULL,NULL,1,NULL),(154,'OPD','2022-11-02 09:08:45','N',147,'F',33,'110',NULL,NULL,NULL,NULL,'',361,'admin',NULL,0,NULL,'2022-11-08 09:08:45',NULL,NULL,1,NULL),(155,'OPD','2022-11-02 09:11:38','R',148,'F',24,'39',NULL,NULL,'R',NULL,'',362,'admin',NULL,0,NULL,'2022-11-08 09:11:38',NULL,NULL,1,NULL),(156,'OPD','2022-11-02 09:12:16','N',149,'F',32,'43',NULL,NULL,NULL,'R','',363,'admin',NULL,0,NULL,'2022-11-08 09:12:16',NULL,NULL,1,NULL),(157,'OPD','2022-11-02 09:13:25','N',150,'F',18,'18',NULL,NULL,NULL,NULL,'',364,'admin',NULL,0,NULL,'2022-11-08 09:13:25',NULL,NULL,1,NULL),(158,'OPD','2022-11-02 09:14:21','R',151,'F',23,'68',NULL,NULL,NULL,NULL,'',365,'admin',NULL,0,NULL,'2022-11-08 09:14:21',NULL,NULL,1,NULL),(159,'OPD','2022-11-02 09:15:21','N',152,'F',19,'14',NULL,NULL,NULL,NULL,'',366,'admin',NULL,0,NULL,'2022-11-08 09:15:21',NULL,NULL,1,NULL),(160,'OPD','2022-11-03 09:15:47','N',153,'F',17,'39',NULL,NULL,'R','R','',367,'admin',NULL,0,NULL,'2022-11-08 09:15:47',NULL,NULL,1,NULL),(161,'OPD','2022-11-03 09:16:26','N',154,'F',35,'40',NULL,NULL,NULL,NULL,'',368,'admin',NULL,0,NULL,'2022-11-08 09:16:26',NULL,NULL,1,NULL),(162,'OPD','2022-11-03 09:17:47','N',155,'F',36,'47',NULL,NULL,NULL,NULL,'',369,'admin',NULL,0,NULL,'2022-11-08 09:17:47',NULL,NULL,1,NULL),(163,'OPD','2022-11-03 09:18:42','N',156,'F',24,'15',NULL,NULL,NULL,NULL,'',370,'admin',NULL,0,NULL,'2022-11-08 09:18:42',NULL,NULL,1,NULL),(164,'OPD','2022-11-03 09:19:34','R',157,'F',30,'16',NULL,NULL,NULL,'R','',371,'admin',NULL,0,NULL,'2022-11-08 09:19:34',NULL,NULL,1,NULL),(165,'OPD','2022-11-03 09:20:23','N',158,'M',52,'89',NULL,NULL,'R',NULL,'',372,'admin',NULL,0,NULL,'2022-11-08 09:20:23',NULL,NULL,1,NULL),(166,'OPD','2022-11-03 09:21:43','N',159,'F',40,'40',NULL,NULL,NULL,NULL,'',373,'admin',NULL,0,NULL,'2022-11-08 09:21:43',NULL,NULL,1,NULL),(167,'OPD','2022-11-03 09:22:25','R',160,'F',70,'14',NULL,NULL,NULL,NULL,'',374,'admin',NULL,0,NULL,'2022-11-08 09:22:25',NULL,NULL,1,NULL),(168,'OPD','2022-11-03 09:24:40','N',161,'M',76,'68',NULL,NULL,NULL,'R','',375,'admin',NULL,0,NULL,'2022-11-08 09:24:40',NULL,NULL,1,NULL),(169,'OPD','2022-11-03 09:26:00','R',162,'F',47,'15',NULL,NULL,NULL,NULL,'',376,'admin',NULL,0,NULL,'2022-11-08 09:26:00',NULL,NULL,1,NULL),(170,'OPD','2022-11-03 09:26:30','N',163,'F',47,'39',NULL,NULL,'R',NULL,'',377,'admin',NULL,0,NULL,'2022-11-08 09:26:30',NULL,NULL,1,NULL),(171,'OPD','2022-11-03 09:27:05','N',164,'M',29,'39',NULL,NULL,NULL,NULL,'',378,'admin',NULL,0,NULL,'2022-11-08 09:27:05',NULL,NULL,1,NULL),(172,'OPD','2022-11-03 09:28:02','N',165,'F',31,'43',NULL,NULL,NULL,'R','',379,'admin',NULL,0,NULL,'2022-11-08 09:28:02',NULL,NULL,1,NULL),(173,'OPD','2022-11-03 09:28:57','N',166,'F',1,'40',NULL,NULL,NULL,NULL,'',380,'admin',NULL,0,NULL,'2022-11-08 09:28:57',NULL,NULL,1,NULL),(174,'OPD','2022-11-03 09:29:46','N',167,'M',22,'89',NULL,NULL,NULL,NULL,'',381,'admin',NULL,0,NULL,'2022-11-08 09:29:46',NULL,NULL,1,NULL),(175,'OPD','2022-11-03 09:30:19','N',168,'M',1,'89',NULL,NULL,'R',NULL,'',382,'admin',NULL,0,NULL,'2022-11-08 09:30:19',NULL,NULL,1,NULL),(176,'OPD','2022-11-03 09:31:29','N',169,'M',60,'39',NULL,NULL,NULL,'R','',383,'admin',NULL,0,NULL,'2022-11-08 09:31:29',NULL,NULL,1,NULL),(177,'OPD','2022-11-03 09:31:52','N',170,'F',19,'39',NULL,NULL,NULL,NULL,'',384,'admin',NULL,0,NULL,'2022-11-08 09:31:52',NULL,NULL,1,NULL),(178,'OPD','2022-11-03 09:34:38','N',171,'M',10,'19',NULL,NULL,NULL,NULL,'',385,'admin',NULL,0,NULL,'2022-11-08 09:34:38',NULL,NULL,1,NULL),(179,'OPD','2022-11-03 09:35:31','R',172,'F',3,'84',NULL,NULL,NULL,NULL,'',386,'admin',NULL,0,NULL,'2022-11-08 09:35:31',NULL,NULL,1,NULL),(180,'OPD','2022-11-03 09:36:46','R',173,'F',61,'14',NULL,NULL,'R','R','',387,'admin',NULL,0,NULL,'2022-11-08 09:36:46',NULL,NULL,1,NULL),(181,'OPD','2022-11-03 09:37:25','R',174,'F',0,'14',NULL,NULL,NULL,NULL,'',388,'admin',NULL,0,NULL,'2022-11-08 09:37:25',NULL,NULL,1,NULL),(182,'OPD','2022-11-03 09:38:18','N',175,'M',40,'39',NULL,NULL,NULL,NULL,'',389,'admin',NULL,0,NULL,'2022-11-08 09:38:18',NULL,NULL,1,NULL),(183,'OPD','2022-11-03 15:46:30','N',176,'M',0,'15',NULL,NULL,NULL,NULL,'',390,'admin',NULL,0,NULL,'2022-11-08 15:46:30',NULL,NULL,1,NULL),(184,'OPD','2022-11-03 15:47:09','N',177,'F',25,'39',NULL,NULL,NULL,'R','',391,'admin',NULL,0,NULL,'2022-11-08 15:47:09',NULL,NULL,1,NULL),(185,'OPD','2022-11-03 15:48:56','N',178,'M',2,'49',NULL,NULL,'R',NULL,'',392,'admin',NULL,0,NULL,'2022-11-08 15:48:56',NULL,NULL,1,NULL),(186,'OPD','2022-11-03 15:49:32','N',179,'F',41,'39',NULL,NULL,NULL,NULL,'',393,'admin',NULL,0,NULL,'2022-11-08 15:49:32',NULL,NULL,1,NULL),(187,'OPD','2022-11-03 15:50:03','N',180,'M',16,'39',NULL,NULL,NULL,NULL,'',394,'admin',NULL,0,NULL,'2022-11-08 15:50:03',NULL,NULL,1,NULL),(188,'OPD','2022-11-03 15:50:54','N',181,'F',0,'39',NULL,NULL,NULL,'R','',395,'admin',NULL,0,NULL,'2022-11-08 15:50:54',NULL,NULL,1,NULL),(189,'OPD','2022-11-03 15:51:28','N',182,'F',0,'39',NULL,NULL,NULL,NULL,'',396,'admin',NULL,0,NULL,'2022-11-08 15:51:28',NULL,NULL,1,NULL),(190,'OPD','2022-11-03 15:53:14','R',183,'F',76,'17',NULL,NULL,'R',NULL,'',397,'admin',NULL,0,NULL,'2022-11-08 15:53:14',NULL,NULL,1,NULL),(191,'OPD','2022-11-03 15:56:14','N',184,'M',12,'44',NULL,NULL,NULL,NULL,'',398,'admin',NULL,0,NULL,'2022-11-08 15:56:14',NULL,NULL,1,NULL),(192,'OPD','2022-11-03 15:57:12','N',185,'F',67,'22',NULL,NULL,NULL,'R','',399,'admin',NULL,0,NULL,'2022-11-08 15:57:12',NULL,NULL,1,NULL),(193,'OPD','2022-11-03 15:57:57','N',186,'M',76,'39',NULL,NULL,NULL,NULL,'',181,'admin',NULL,0,NULL,'2022-11-08 15:57:57',NULL,NULL,1,NULL),(194,'OPD','2022-11-03 15:59:01','N',187,'M',13,'39',NULL,NULL,NULL,NULL,'',182,'admin',NULL,0,NULL,'2022-11-08 15:59:01',NULL,NULL,1,NULL),(195,'OPD','2022-11-03 15:59:37','N',188,'M',67,'39',NULL,NULL,'R',NULL,'',183,'admin',NULL,0,NULL,'2022-11-08 15:59:37',NULL,NULL,1,NULL),(196,'OPD','2022-11-03 16:00:14','N',189,'M',8,'39',NULL,NULL,NULL,'R','',484,'admin',NULL,0,NULL,'2022-11-08 16:00:14',NULL,NULL,1,NULL),(197,'OPD','2022-11-03 16:00:45','N',190,'M',1,'39',NULL,NULL,NULL,NULL,'',485,'admin',NULL,0,NULL,'2022-11-08 16:00:45',NULL,NULL,1,NULL),(198,'OPD','2022-11-03 16:01:18','N',191,'F',0,'39',NULL,NULL,NULL,NULL,'',486,'admin',NULL,0,NULL,'2022-11-08 16:01:18',NULL,NULL,1,NULL),(199,'OPD','2022-11-03 16:02:17','R',192,'F',1,'84',NULL,NULL,NULL,NULL,'',487,'admin',NULL,0,NULL,'2022-11-08 16:02:17',NULL,NULL,1,NULL),(200,'OPD','2022-11-03 16:03:35','N',193,'F',6,'39',NULL,NULL,'R','R','',488,'admin',NULL,0,NULL,'2022-11-08 16:03:35',NULL,NULL,1,NULL),(201,'OPD','2022-11-03 16:04:26','R',194,'M',2,'14',NULL,NULL,NULL,NULL,'',489,'admin',NULL,0,NULL,'2022-11-08 16:04:26',NULL,NULL,1,NULL),(202,'OPD','2022-11-03 16:04:58','N',195,'M',34,'39',NULL,NULL,NULL,NULL,'',190,'admin',NULL,0,NULL,'2022-11-08 16:04:58',NULL,NULL,1,NULL),(203,'OPD','2022-11-03 16:06:10','R',196,'M',56,'74',NULL,NULL,NULL,NULL,'',191,'admin',NULL,0,NULL,'2022-11-08 16:06:10',NULL,NULL,1,NULL),(204,'OPD','2022-11-03 16:07:06','N',197,'M',56,'39',NULL,NULL,NULL,'R','',192,'admin',NULL,0,NULL,'2022-11-08 16:07:06',NULL,NULL,1,NULL),(206,'OPD','2022-11-03 16:08:32','N',199,'M',54,'39',NULL,NULL,NULL,NULL,'',193,'admin',NULL,0,NULL,'2022-11-08 16:08:32',NULL,NULL,1,NULL),(207,'OPD','2022-11-03 16:09:54','N',200,'M',14,'68',NULL,NULL,NULL,NULL,'',194,'admin',NULL,0,NULL,'2022-11-08 16:09:54',NULL,NULL,1,NULL),(208,'OPD','2022-11-03 16:11:13','N',201,'M',23,'39',NULL,NULL,NULL,'R','',195,'admin',NULL,0,NULL,'2022-11-08 16:11:13',NULL,NULL,1,NULL),(210,'OPD','2022-11-03 16:13:18','R',203,'M',25,'44',NULL,NULL,'R',NULL,'',196,'admin',NULL,0,NULL,'2022-11-08 16:13:18',NULL,NULL,1,NULL),(211,'OPD','2022-11-03 16:13:51','N',204,'M',65,'39',NULL,NULL,NULL,NULL,'',197,'admin',NULL,0,NULL,'2022-11-08 16:13:51',NULL,NULL,1,NULL),(212,'OPD','2022-11-03 16:15:18','N',205,'M',21,'15',NULL,NULL,NULL,'R','',198,'admin',NULL,0,NULL,'2022-11-08 16:15:18',NULL,NULL,1,NULL),(213,'OPD','2022-11-03 16:16:03','N',206,'M',38,'39',NULL,NULL,NULL,NULL,'',199,'admin',NULL,0,NULL,'2022-11-08 16:16:03',NULL,NULL,1,NULL),(214,'OPD','2022-11-03 16:16:51','N',207,'M',78,'39',NULL,NULL,NULL,NULL,'',200,'admin',NULL,0,NULL,'2022-11-08 16:16:51',NULL,NULL,1,NULL),(215,'OPD','2022-11-03 16:18:28','N',208,'F',68,'12',NULL,NULL,'R',NULL,'',201,'admin',NULL,0,NULL,'2022-11-08 16:18:28',NULL,NULL,1,NULL),(216,'OPD','2022-11-03 16:19:19','N',209,'F',53,'39',NULL,NULL,NULL,'R','',202,'admin',NULL,0,NULL,'2022-11-08 16:19:19',NULL,NULL,1,NULL),(217,'OPD','2022-11-03 16:20:37','N',210,'F',68,'89',NULL,NULL,NULL,NULL,'',203,'admin',NULL,0,NULL,'2022-11-08 16:20:37',NULL,NULL,1,NULL),(218,'OPD','2022-11-03 16:21:17','N',211,'F',82,'39',NULL,NULL,NULL,NULL,'',204,'admin',NULL,0,NULL,'2022-11-08 16:21:17',NULL,NULL,1,NULL),(219,'OPD','2022-11-03 16:21:48','N',212,'F',30,'39',NULL,NULL,NULL,NULL,'',205,'admin',NULL,0,NULL,'2022-11-08 16:21:48',NULL,NULL,1,NULL),(220,'OPD','2022-11-03 16:23:42','N',213,'F',39,'47',NULL,NULL,'R','R','',206,'admin',NULL,0,NULL,'2022-11-08 16:23:42',NULL,NULL,1,NULL),(221,'OPD','2022-11-03 16:24:23','R',214,'M',0,'14',NULL,NULL,NULL,NULL,'',407,'admin',NULL,0,NULL,'2022-11-08 16:24:23',NULL,NULL,1,NULL),(222,'OPD','2022-11-03 16:27:17','N',215,'F',47,'89',NULL,NULL,NULL,NULL,'',408,'admin',NULL,0,NULL,'2022-11-08 16:27:17',NULL,NULL,1,NULL),(223,'OPD','2022-11-03 16:28:37','N',216,'M',68,'33',NULL,NULL,NULL,NULL,'',409,'admin',NULL,0,NULL,'2022-11-08 16:28:37',NULL,NULL,1,NULL),(224,'OPD','2022-11-03 16:29:29','R',217,'M',1,'47',NULL,NULL,NULL,'R','',410,'admin',NULL,0,NULL,'2022-11-08 16:29:29',NULL,NULL,1,NULL),(225,'OPD','2022-11-03 16:29:53','R',218,'F',60,'39',NULL,NULL,'R',NULL,'',411,'admin',NULL,0,NULL,'2022-11-08 16:29:53',NULL,NULL,1,NULL),(226,'OPD','2022-11-03 16:31:01','R',219,'F',0,'16',NULL,NULL,NULL,NULL,'',412,'admin',NULL,0,NULL,'2022-11-08 16:31:01',NULL,NULL,1,NULL),(227,'OPD','2022-11-03 16:31:31','R',220,'M',32,'110',NULL,NULL,NULL,NULL,'',413,'admin',NULL,0,NULL,'2022-11-08 16:31:31',NULL,NULL,1,NULL),(228,'OPD','2022-11-03 16:33:09','N',221,'M',74,'37',NULL,NULL,NULL,'R','',414,'admin',NULL,0,NULL,'2022-11-08 16:33:09',NULL,NULL,1,NULL),(229,'OPD','2022-11-03 16:33:30','N',222,'F',6,'39',NULL,NULL,NULL,NULL,'',415,'admin',NULL,0,NULL,'2022-11-08 16:33:30',NULL,NULL,1,NULL),(230,'OPD','2022-11-03 16:33:48','R',223,'M',0,'39',NULL,NULL,'R',NULL,'',417,'admin',NULL,0,NULL,'2022-11-08 16:33:48',NULL,NULL,1,NULL),(231,'OPD','2022-11-03 16:34:18','N',224,'F',1,'39',NULL,NULL,NULL,NULL,'',418,'admin',NULL,0,NULL,'2022-11-08 16:34:18',NULL,NULL,1,NULL),(232,'OPD','2022-11-03 16:34:57','N',225,'M',64,'89',NULL,NULL,NULL,'R','',419,'admin',NULL,0,NULL,'2022-11-08 16:34:57',NULL,NULL,1,NULL),(233,'OPD','2022-11-03 16:35:33','N',226,'F',6,'20',NULL,NULL,NULL,NULL,'',420,'admin',NULL,0,NULL,'2022-11-08 16:35:33',NULL,NULL,1,NULL),(234,'OPD','2022-11-03 16:36:01','N',227,'M',33,'39',NULL,NULL,NULL,NULL,'',221,'admin',NULL,0,NULL,'2022-11-08 16:36:01',NULL,NULL,1,NULL),(235,'OPD','2022-11-03 16:36:48','N',228,'M',33,'37',NULL,NULL,'R',NULL,'',222,'admin',NULL,0,NULL,'2022-11-08 16:36:48',NULL,NULL,1,NULL),(236,'OPD','2022-11-03 16:37:18','R',229,'M',34,'14',NULL,NULL,NULL,'R','',224,'admin',NULL,0,NULL,'2022-11-08 16:37:18',NULL,NULL,1,NULL),(237,'OPD','2022-11-03 16:37:51','N',230,'F',1,'44',NULL,NULL,NULL,NULL,'',225,'admin',NULL,0,NULL,'2022-11-08 16:37:51',NULL,NULL,1,NULL),(238,'OPD','2022-11-03 16:38:38','R',231,'M',2,'16',NULL,NULL,NULL,NULL,'',226,'admin',NULL,0,NULL,'2022-11-08 16:38:38',NULL,NULL,1,NULL),(239,'OPD','2022-11-03 16:39:06','N',232,'M',1,'39',NULL,NULL,NULL,NULL,'',227,'admin',NULL,0,NULL,'2022-11-08 16:39:06',NULL,NULL,1,NULL),(240,'OPD','2022-11-03 16:39:37','R',233,'F',1,'84',NULL,NULL,'R','R','',228,'admin',NULL,0,NULL,'2022-11-08 16:39:37',NULL,NULL,1,NULL),(241,'OPD','2022-11-03 16:40:20','R',234,'M',7,'44',NULL,NULL,NULL,NULL,'',229,'admin',NULL,0,NULL,'2022-11-08 16:40:20',NULL,NULL,1,NULL),(242,'OPD','2022-11-03 16:41:42','N',235,'M',3,'69',NULL,NULL,NULL,NULL,'',230,'admin',NULL,0,NULL,'2022-11-08 16:41:42',NULL,NULL,1,NULL),(243,'OPD','2022-11-03 16:41:59','N',236,'F',1,'39',NULL,NULL,NULL,NULL,'',231,'admin',NULL,0,NULL,'2022-11-08 16:41:59',NULL,NULL,1,NULL),(244,'OPD','2022-11-03 16:43:14','R',237,'F',10,'39',NULL,NULL,NULL,'R','',232,'admin',NULL,0,NULL,'2022-11-08 16:43:14',NULL,NULL,1,NULL),(245,'OPD','2022-11-03 16:44:15','N',238,'F',1,'15',NULL,NULL,'R',NULL,'',233,'admin',NULL,0,NULL,'2022-11-08 16:44:15',NULL,NULL,1,NULL),(246,'OPD','2022-11-03 16:44:35','N',239,'F',1,'39',NULL,NULL,NULL,NULL,'',234,'admin',NULL,0,NULL,'2022-11-08 16:44:35',NULL,NULL,1,NULL),(247,'OPD','2022-11-03 16:45:17','N',240,'F',0,'44',NULL,NULL,NULL,NULL,'',235,'admin',NULL,0,NULL,'2022-11-08 16:45:17',NULL,NULL,1,NULL),(248,'OPD','2022-11-03 16:45:36','N',241,'M',1,'39',NULL,NULL,NULL,'R','',236,'admin',NULL,0,NULL,'2022-11-08 16:45:36',NULL,NULL,1,NULL),(249,'OPD','2022-11-03 16:46:08','N',242,'M',1,'39',NULL,NULL,NULL,NULL,'',237,'admin',NULL,0,NULL,'2022-11-08 16:46:08',NULL,NULL,1,NULL),(250,'OPD','2022-11-03 16:46:41','N',243,'F',8,'40',NULL,NULL,'R',NULL,'',238,'admin',NULL,0,NULL,'2022-11-08 16:46:41',NULL,NULL,1,NULL),(251,'OPD','2022-11-03 16:47:01','N',244,'M',9,'39',NULL,NULL,NULL,NULL,'',239,'admin',NULL,0,NULL,'2022-11-08 16:47:01',NULL,NULL,1,NULL),(252,'OPD','2022-11-03 16:47:35','R',245,'M',3,'15',NULL,NULL,NULL,'R','',240,'admin',NULL,0,NULL,'2022-11-08 16:47:35',NULL,NULL,1,NULL),(253,'OPD','2022-11-03 16:48:22','N',246,'M',0,'39',NULL,NULL,NULL,NULL,'',241,'admin',NULL,0,NULL,'2022-11-08 16:48:22',NULL,NULL,1,NULL),(254,'OPD','2022-11-03 16:49:15','R',247,'M',6,'44',NULL,NULL,NULL,NULL,'',242,'admin',NULL,0,NULL,'2022-11-08 16:49:15',NULL,NULL,1,NULL),(255,'OPD','2022-11-03 16:49:47','N',248,'M',9,'15',NULL,NULL,'R',NULL,'',243,'admin',NULL,0,NULL,'2022-11-08 16:49:47',NULL,NULL,1,NULL),(256,'OPD','2022-11-03 16:50:20','R',249,'M',1,'39',NULL,NULL,NULL,'R','',245,'admin',NULL,0,NULL,'2022-11-08 16:50:20',NULL,NULL,1,NULL),(257,'OPD','2022-11-03 16:51:14','N',250,'M',11,'68',NULL,NULL,NULL,NULL,'',246,'admin',NULL,0,NULL,'2022-11-08 16:51:14',NULL,NULL,1,NULL),(258,'OPD','2022-11-03 16:52:26','N',251,'F',1,'37',NULL,NULL,NULL,NULL,'',247,'admin',NULL,0,NULL,'2022-11-08 16:52:26',NULL,NULL,1,NULL),(259,'OPD','2022-11-03 16:54:05','R',252,'M',0,'47',NULL,NULL,NULL,NULL,'',249,'admin',NULL,0,NULL,'2022-11-08 16:54:05',NULL,NULL,1,NULL),(260,'OPD','2022-11-03 16:54:28','N',253,'M',0,'39',NULL,NULL,'R','R','',250,'admin',NULL,0,NULL,'2022-11-08 16:54:28',NULL,NULL,1,NULL),(261,'OPD','2022-11-03 16:54:56','N',254,'M',0,'47',NULL,NULL,NULL,NULL,'',251,'admin',NULL,0,NULL,'2022-11-08 16:54:56',NULL,NULL,1,NULL),(262,'OPD','2022-11-03 16:55:33','N',255,'M',1,'15',NULL,NULL,NULL,NULL,'',252,'admin',NULL,0,NULL,'2022-11-08 16:55:33',NULL,NULL,1,NULL),(263,'OPD','2022-11-03 16:56:26','R',256,'F',0,'69',NULL,NULL,NULL,NULL,'',253,'admin',NULL,0,NULL,'2022-11-08 16:56:26',NULL,NULL,1,NULL),(264,'OPD','2022-11-03 16:57:21','N',257,'M',0,'89',NULL,NULL,NULL,'R','',254,'admin',NULL,0,NULL,'2022-11-08 16:57:21',NULL,NULL,1,NULL),(265,'OPD','2022-11-03 16:57:42','N',258,'F',26,'39',NULL,NULL,'R',NULL,'',255,'admin',NULL,0,NULL,'2022-11-08 16:57:42',NULL,NULL,1,NULL),(266,'OPD','2022-11-03 16:58:14','N',259,'M',6,'40',NULL,NULL,NULL,NULL,'',256,'admin',NULL,0,NULL,'2022-11-08 16:58:14',NULL,NULL,1,NULL),(267,'OPD','2022-11-03 16:58:33','N',260,'F',10,'39',NULL,NULL,NULL,NULL,'',257,'admin',NULL,0,NULL,'2022-11-08 16:58:33',NULL,NULL,1,NULL),(268,'OPD','2022-11-03 16:59:11','N',261,'M',5,'15',NULL,NULL,NULL,'R','',258,'admin',NULL,0,NULL,'2022-11-08 16:59:11',NULL,NULL,1,NULL),(269,'OPD','2022-11-03 16:59:43','R',262,'F',1,'14',NULL,NULL,NULL,NULL,'',259,'admin',NULL,0,NULL,'2022-11-08 16:59:43',NULL,NULL,1,NULL),(270,'OPD','2022-11-03 17:00:24','N',263,'F',24,'39',NULL,NULL,'R',NULL,'',260,'admin',NULL,0,NULL,'2022-11-08 17:00:24',NULL,NULL,1,NULL),(271,'OPD','2022-11-03 17:00:47','N',264,'F',0,'39',NULL,NULL,NULL,NULL,'',261,'admin',NULL,0,NULL,'2022-11-08 17:00:47',NULL,NULL,1,NULL),(272,'OPD','2022-11-03 17:01:20','N',265,'M',3,'15',NULL,NULL,NULL,'R','',262,'admin',NULL,0,NULL,'2022-11-08 17:01:20',NULL,NULL,1,NULL),(273,'OPD','2022-11-03 17:02:04','N',266,'M',8,'39',NULL,NULL,NULL,NULL,'',263,'admin',NULL,0,NULL,'2022-11-08 17:02:04',NULL,NULL,1,NULL),(274,'OPD','2022-11-03 17:02:39','R',267,'F',30,'39',NULL,NULL,NULL,NULL,'',264,'admin',NULL,0,NULL,'2022-11-08 17:02:39',NULL,NULL,1,NULL),(275,'OPD','2022-11-03 17:03:42','R',268,'F',2,'87',NULL,NULL,'R',NULL,'',265,'admin',NULL,0,NULL,'2022-11-08 17:03:42',NULL,NULL,1,NULL),(276,'OPD','2022-11-03 17:04:42','R',269,'M',0,'44',NULL,NULL,NULL,'R','',266,'admin',NULL,0,NULL,'2022-11-08 17:04:42',NULL,NULL,1,NULL),(277,'OPD','2022-11-03 17:05:08','N',270,'M',0,'110',NULL,NULL,NULL,NULL,'',267,'admin',NULL,0,NULL,'2022-11-08 17:05:08',NULL,NULL,1,NULL),(278,'OPD','2022-11-03 17:06:02','N',271,'F',0,'59',NULL,NULL,NULL,NULL,'',268,'admin',NULL,0,NULL,'2022-11-08 17:06:02',NULL,NULL,1,NULL),(279,'OPD','2022-11-03 17:06:53','R',272,'F',50,'57',NULL,NULL,NULL,NULL,'',269,'admin',NULL,0,NULL,'2022-11-08 17:06:53',NULL,NULL,1,NULL),(280,'OPD','2022-11-03 17:07:20','N',273,'M',0,'39',NULL,NULL,'R','R','',270,'admin',NULL,0,NULL,'2022-11-08 17:07:20',NULL,NULL,1,NULL),(281,'OPD','2022-11-03 17:07:43','N',274,'F',0,'39',NULL,NULL,NULL,NULL,'',261,'admin',NULL,0,NULL,'2022-11-08 17:07:43',NULL,NULL,1,NULL),(282,'OPD','2022-11-03 17:08:19','R',275,'F',4,'87',NULL,NULL,NULL,NULL,'',272,'admin',NULL,0,NULL,'2022-11-08 17:08:19',NULL,NULL,1,NULL),(283,'OPD','2022-11-03 17:09:00','R',276,'F',67,'47',NULL,NULL,NULL,NULL,'',273,'admin',NULL,0,NULL,'2022-11-08 17:09:00',NULL,NULL,1,NULL),(284,'OPD','2022-11-03 17:09:22','R',277,'F',59,'39',NULL,NULL,NULL,'R','',274,'admin',NULL,0,NULL,'2022-11-08 17:09:22',NULL,NULL,1,NULL),(285,'OPD','2022-11-03 17:10:03','N',278,'M',0,'43',NULL,NULL,'R',NULL,'',275,'admin',NULL,0,NULL,'2022-11-08 17:10:03',NULL,NULL,1,NULL),(286,'OPD','2022-11-03 17:10:30','R',279,'F',2,'16',NULL,NULL,NULL,NULL,'',276,'admin',NULL,0,NULL,'2022-11-08 17:10:30',NULL,NULL,1,NULL),(287,'OPD','2022-11-03 17:10:45','N',280,'F',1,'39',NULL,NULL,NULL,NULL,'',277,'admin',NULL,0,NULL,'2022-11-08 17:10:45',NULL,NULL,1,NULL),(288,'OPD','2022-11-03 17:11:26','R',281,'M',0,'46',NULL,NULL,NULL,'R','',278,'admin',NULL,0,NULL,'2022-11-08 17:11:26',NULL,NULL,1,NULL),(289,'OPD','2022-11-03 17:12:00','R',282,'F',0,'16',NULL,NULL,NULL,NULL,'',279,'admin',NULL,0,NULL,'2022-11-08 17:12:00',NULL,NULL,1,NULL),(290,'OPD','2022-11-03 17:12:34','N',283,'M',0,'12',NULL,NULL,'R',NULL,'',280,'admin',NULL,0,NULL,'2022-11-08 17:12:34',NULL,NULL,1,NULL),(291,'OPD','2022-11-03 17:13:13','N',284,'F',0,'15',NULL,NULL,NULL,NULL,'',281,'admin',NULL,0,NULL,'2022-11-08 17:13:13',NULL,NULL,1,NULL),(292,'OPD','2022-11-03 17:13:42','N',285,'M',0,'43',NULL,NULL,NULL,'R','',282,'admin',NULL,0,NULL,'2022-11-08 17:13:42',NULL,NULL,1,NULL),(293,'OPD','2022-11-03 17:14:05','R',286,'F',0,'39',NULL,NULL,NULL,NULL,'',283,'admin',NULL,0,NULL,'2022-11-08 17:14:05',NULL,NULL,1,NULL),(294,'OPD','2022-11-03 17:14:37','R',287,'M',0,'39',NULL,NULL,NULL,NULL,'',284,'admin',NULL,0,NULL,'2022-11-08 17:14:37',NULL,NULL,1,NULL),(295,'OPD','2022-11-03 17:15:10','N',288,'M',45,'39',NULL,NULL,'R',NULL,'',285,'admin',NULL,0,NULL,'2022-11-08 17:15:10',NULL,NULL,1,NULL),(296,'OPD','2022-11-03 17:16:14','N',289,'F',0,'40',NULL,NULL,NULL,'R','',286,'admin',NULL,0,NULL,'2022-11-08 17:16:14',NULL,NULL,1,NULL),(298,'OPD','2022-11-03 17:17:34','N',291,'M',60,'37',NULL,NULL,NULL,NULL,'',287,'admin',NULL,0,NULL,'2022-11-08 17:17:34',NULL,NULL,1,NULL),(299,'OPD','2022-11-03 17:18:06','N',292,'F',73,'40',NULL,NULL,NULL,NULL,'',288,'admin',NULL,0,NULL,'2022-11-08 17:18:06',NULL,NULL,1,NULL),(300,'OPD','2022-11-03 17:18:43','R',293,'M',70,'69',NULL,NULL,'R','R','',289,'admin',NULL,0,NULL,'2022-11-08 17:18:43',NULL,NULL,1,NULL),(301,'OPD','2022-11-03 17:19:22','N',294,'M',61,'15',NULL,NULL,NULL,NULL,'',290,'admin',NULL,0,NULL,'2022-11-08 17:19:22',NULL,NULL,1,NULL),(302,'OPD','2022-11-03 17:20:24','R',295,'F',33,'44',NULL,NULL,NULL,NULL,'',291,'admin',NULL,0,NULL,'2022-11-08 17:20:24',NULL,NULL,1,NULL),(303,'OPD','2022-11-03 17:23:24','N',296,'M',70,'39',NULL,NULL,NULL,NULL,'',292,'admin',NULL,0,NULL,'2022-11-08 17:23:24',NULL,NULL,1,NULL),(304,'OPD','2022-11-03 17:24:12','R',297,'M',60,'29',NULL,NULL,NULL,'R','',293,'admin',NULL,0,NULL,'2022-11-08 17:24:12',NULL,NULL,1,NULL),(305,'OPD','2022-11-03 17:25:02','N',298,'F',30,'39',NULL,NULL,'R',NULL,'',294,'admin',NULL,0,NULL,'2022-11-08 17:25:02',NULL,NULL,1,NULL),(306,'OPD','2022-11-03 17:25:45','R',299,'M',47,'30',NULL,NULL,NULL,NULL,'',295,'admin',NULL,0,NULL,'2022-11-08 17:25:45',NULL,NULL,1,NULL),(308,'OPD','2022-11-03 17:30:50','R',301,'M',9,'49',NULL,NULL,NULL,'R','',296,'admin',NULL,0,NULL,'2022-11-08 17:30:50',NULL,NULL,1,NULL),(309,'OPD','2022-11-03 17:32:16','R',302,'M',19,'44',NULL,NULL,NULL,NULL,'',297,'admin',NULL,0,NULL,'2022-11-08 17:32:16',NULL,NULL,1,NULL),(310,'OPD','2022-11-03 17:33:41','N',303,'F',59,'15',NULL,NULL,'R',NULL,'',298,'admin',NULL,0,NULL,'2022-11-08 17:33:41',NULL,NULL,1,NULL),(311,'OPD','2022-11-03 17:35:30','N',304,'M',35,'43',NULL,NULL,NULL,NULL,'',299,'admin',NULL,0,NULL,'2022-11-08 17:35:30',NULL,NULL,1,NULL),(312,'OPD','2022-11-03 17:36:53','N',305,'F',32,'74',NULL,NULL,NULL,'R','',302,'admin',NULL,0,NULL,'2022-11-08 17:36:53',NULL,NULL,1,NULL),(313,'OPD','2022-11-03 17:38:38','R',306,'M',1,'44',NULL,NULL,NULL,NULL,'',439,'admin',NULL,0,NULL,'2022-11-08 17:38:38',NULL,NULL,1,NULL),(314,'OPD','2022-11-03 17:40:02','N',307,'F',1,'40',NULL,NULL,NULL,NULL,'',457,'admin',NULL,0,NULL,'2022-11-08 17:40:02',NULL,NULL,1,NULL),(315,'OPD','2022-11-03 17:41:34','N',308,'F',34,'39',NULL,NULL,'R',NULL,'',104,'admin',NULL,0,NULL,'2022-11-08 17:41:34',NULL,NULL,1,NULL),(316,'OPD','2022-11-03 17:42:25','N',309,'M',50,'40',NULL,NULL,NULL,'R','',149,'admin',NULL,0,NULL,'2022-11-08 17:42:25',NULL,NULL,1,NULL),(317,'OPD','2022-11-03 17:43:00','N',310,'F',47,'39',NULL,NULL,NULL,NULL,'',88,'admin',NULL,0,NULL,'2022-11-08 17:43:00',NULL,NULL,1,NULL),(318,'OPD','2022-11-03 17:43:50','N',311,'M',2,'16',NULL,NULL,NULL,NULL,'',473,'admin',NULL,0,NULL,'2022-11-08 17:43:50',NULL,NULL,1,NULL),(319,'OPD','2022-11-03 17:44:27','N',312,'F',30,'40',NULL,NULL,NULL,NULL,'',109,'admin',NULL,0,NULL,'2022-11-08 17:44:27',NULL,NULL,1,NULL),(320,'OPD','2022-11-03 17:45:06','N',313,'F',40,'40',NULL,NULL,'R','R','',401,'admin',NULL,0,NULL,'2022-11-08 17:45:06',NULL,NULL,1,NULL),(321,'OPD','2022-11-03 17:45:49','N',314,'F',80,'39',NULL,NULL,NULL,NULL,'',512,'admin',NULL,0,NULL,'2022-11-08 17:45:49',NULL,NULL,1,NULL),(322,'OPD','2022-11-03 17:46:43','R',315,'M',10,'44',NULL,NULL,NULL,NULL,'',467,'admin',NULL,0,NULL,'2022-11-08 17:46:43',NULL,NULL,1,NULL),(323,'OPD','2022-11-03 17:47:53','R',316,'M',0,'17',NULL,NULL,NULL,NULL,'',461,'admin',NULL,0,NULL,'2022-11-08 17:47:53',NULL,NULL,1,NULL),(324,'OPD','2022-11-03 17:48:59','N',317,'M',0,'39',NULL,NULL,NULL,'R','',390,'admin',NULL,0,NULL,'2022-11-08 17:48:59',NULL,NULL,1,NULL),(325,'OPD','2022-11-03 17:49:44','N',318,'M',30,'39',NULL,NULL,'R',NULL,'',503,'admin',NULL,0,NULL,'2022-11-08 17:49:44',NULL,NULL,1,NULL),(326,'OPD','2022-11-03 17:50:13','N',319,'F',1,'39',NULL,NULL,NULL,NULL,'',400,'admin',NULL,0,NULL,'2022-11-08 17:50:13',NULL,NULL,1,NULL),(327,'OPD','2022-11-03 17:53:19','N',320,'F',44,'39',NULL,NULL,NULL,NULL,'',99,'admin',NULL,0,NULL,'2022-11-08 17:53:19',NULL,NULL,1,NULL),(328,'OPD','2022-11-03 17:53:56','N',321,'F',0,'15',NULL,NULL,NULL,'R','',494,'admin',NULL,0,NULL,'2022-11-08 17:53:56',NULL,NULL,1,NULL),(329,'OPD','2022-11-03 17:54:41','N',322,'F',0,'39',NULL,NULL,NULL,NULL,'',471,'admin',NULL,0,NULL,'2022-11-08 17:54:41',NULL,NULL,1,NULL),(330,'OPD','2022-11-03 17:55:22','N',323,'M',20,'39','3',NULL,'R',NULL,'',422,'admin',NULL,1,NULL,'2022-11-08 17:55:22','admin','2022-11-20 22:11:48',1,NULL),(331,'OPD','2022-11-03 17:56:30','N',324,'F',2,'39',NULL,NULL,NULL,NULL,'',449,'admin',NULL,0,NULL,'2022-11-08 17:56:30',NULL,NULL,1,NULL),(332,'OPD','2022-11-03 17:57:06','R',325,'M',8,'16',NULL,NULL,NULL,'R','',484,'admin',NULL,0,NULL,'2022-11-08 17:57:06',NULL,NULL,1,NULL),(333,'OPD','2022-11-03 17:57:28','N',326,'F',2,'39',NULL,NULL,NULL,NULL,'',451,'admin',NULL,0,NULL,'2022-11-08 17:57:28',NULL,NULL,1,NULL),(334,'OPD','2022-11-03 17:57:53','N',327,'F',0,'16',NULL,NULL,NULL,NULL,'',482,'admin',NULL,0,NULL,'2022-11-08 17:57:53',NULL,NULL,1,NULL),(336,'OPD','2022-11-03 17:59:30','N',328,'F',0,'23',NULL,NULL,NULL,'R','',444,'admin',NULL,0,NULL,'2022-11-08 17:59:30',NULL,NULL,1,NULL),(337,'OPD','2022-11-03 17:59:51','N',329,'M',21,'39',NULL,NULL,NULL,NULL,'',507,'admin',NULL,0,NULL,'2022-11-08 17:59:51',NULL,NULL,1,NULL),(338,'OPD','2022-11-03 18:03:19','R',330,'M',15,'37',NULL,NULL,NULL,NULL,'',502,'admin',NULL,0,NULL,'2022-11-08 18:03:19',NULL,NULL,1,NULL),(339,'OPD','2022-11-03 18:04:39','R',331,'M',0,'44',NULL,NULL,NULL,NULL,'',479,'admin',NULL,0,NULL,'2022-11-08 18:04:39',NULL,NULL,1,NULL),(340,'OPD','2022-11-03 18:06:00','N',332,'F',33,'15',NULL,NULL,'R','R','',91,'admin',NULL,0,NULL,'2022-11-08 18:06:00',NULL,NULL,1,NULL),(341,'OPD','2022-11-03 18:06:50','N',333,'M',58,'29',NULL,NULL,NULL,NULL,'',44,'admin',NULL,0,NULL,'2022-11-08 18:06:50',NULL,NULL,1,NULL),(342,'OPD','2022-11-03 18:07:26','N',334,'F',2,'40',NULL,NULL,NULL,NULL,'',451,'admin',NULL,0,NULL,'2022-11-08 18:07:26',NULL,NULL,1,NULL),(343,'OPD','2022-11-03 18:08:46','N',335,'F',0,'103',NULL,NULL,NULL,NULL,'',455,'admin',NULL,1,NULL,'2022-11-08 18:08:46',NULL,NULL,1,NULL),(344,'OPD','2022-11-03 18:10:34','N',336,'M',1,'89',NULL,NULL,NULL,'R','',421,'admin',NULL,0,NULL,'2022-11-08 18:10:34',NULL,NULL,1,NULL),(345,'OPD','2022-11-03 18:11:35','N',337,'M',74,'44',NULL,NULL,'R',NULL,'',414,'admin',NULL,0,NULL,'2022-11-08 18:11:35',NULL,NULL,1,NULL),(346,'OPD','2022-11-03 18:12:22','N',338,'M',3,'39',NULL,NULL,NULL,NULL,'',491,'admin',NULL,0,NULL,'2022-11-08 18:12:22',NULL,NULL,1,NULL),(347,'OPD','2022-11-03 18:13:15','N',339,'F',0,'89',NULL,NULL,NULL,NULL,'',498,'admin',NULL,0,NULL,'2022-11-08 18:13:15',NULL,NULL,1,NULL),(348,'OPD','2022-11-03 18:15:23','N',340,'F',0,'68',NULL,NULL,NULL,'R','',443,'admin',NULL,0,NULL,'2022-11-08 18:15:23',NULL,NULL,1,NULL),(349,'OPD','2022-11-03 18:16:00','N',341,'M',28,'39',NULL,NULL,NULL,NULL,'',423,'admin',NULL,0,NULL,'2022-11-08 18:16:00',NULL,NULL,1,NULL),(350,'OPD','2022-11-03 18:16:34','R',342,'F',0,'29',NULL,NULL,'R',NULL,'',412,'admin',NULL,0,NULL,'2022-11-08 18:16:34',NULL,NULL,1,NULL),(351,'OPD','2022-11-03 18:17:21','N',343,'F',33,'89',NULL,NULL,NULL,NULL,'',91,'admin',NULL,0,NULL,'2022-11-08 18:17:21',NULL,NULL,1,NULL),(352,'OPD','2022-11-03 18:18:39','R',344,'F',48,'25',NULL,NULL,NULL,'R','',89,'admin',NULL,0,NULL,'2022-11-08 18:18:39',NULL,NULL,1,NULL),(353,'OPD','2022-11-03 18:19:45','N',345,'F',0,'87',NULL,NULL,NULL,NULL,'',497,'admin',NULL,0,NULL,'2022-11-08 18:19:45',NULL,NULL,1,NULL),(354,'OPD','2022-11-03 18:20:34','R',346,'M',7,'14',NULL,NULL,NULL,NULL,'',468,'admin',NULL,1,NULL,'2022-11-08 18:20:34',NULL,NULL,1,NULL),(355,'OPD','2022-11-03 18:21:14','R',347,'F',0,'84',NULL,NULL,'R',NULL,'',456,'admin',NULL,0,NULL,'2022-11-08 18:21:14',NULL,NULL,1,NULL),(356,'OPD','2022-11-03 18:23:42','N',348,'M',2,'68',NULL,NULL,NULL,'R','',448,'admin',NULL,0,NULL,'2022-11-08 18:23:42',NULL,NULL,1,NULL),(357,'OPD','2022-11-03 18:24:31','N',349,'M',28,'89',NULL,NULL,NULL,NULL,'',423,'admin',NULL,0,NULL,'2022-11-08 18:24:31',NULL,NULL,1,NULL),(358,'OPD','2022-11-03 18:25:43','N',350,'M',30,'89',NULL,NULL,NULL,NULL,'',2,'admin',NULL,0,NULL,'2022-11-08 18:25:43',NULL,NULL,1,NULL),(359,'OPD','2022-11-03 08:17:14','N',351,'M',0,'89',NULL,NULL,NULL,NULL,'',499,'admin',NULL,2,NULL,'2022-11-09 08:17:14',NULL,NULL,1,NULL),(360,'OPD','2022-11-03 08:17:56','N',352,'F',53,'39',NULL,NULL,'R','R','',202,'admin',NULL,3,NULL,'2022-11-09 08:17:56',NULL,NULL,1,NULL),(361,'OPD','2022-11-20 02:23:41','N',353,'F',10,'12','84',NULL,NULL,NULL,'',232,'admin',NULL,0,'admin','2022-11-20 02:23:41','admin','2022-11-20 02:23:57',1,NULL),(362,'OPD','2022-11-20 02:26:17','N',354,'M',27,'56',NULL,NULL,NULL,NULL,'',513,'admin',NULL,0,'admin','2022-11-20 02:26:17','admin','2022-11-20 02:26:17',1,NULL),(363,'OPD','2022-11-20 02:33:29','N',355,'M',10,'82',NULL,NULL,'R',NULL,'',467,'admin',NULL,0,'admin','2022-11-20 02:33:29','admin','2022-11-20 02:33:53',1,NULL),(364,'OPD','2022-11-20 20:11:03','N',356,'M',50,'44',NULL,NULL,NULL,NULL,'',46,'admin',NULL,0,'admin','2022-11-20 20:11:03','admin','2022-11-20 20:11:14',1,NULL),(365,'OPD','2022-11-20 23:28:58','N',357,'M',36,'27','75',NULL,NULL,NULL,'',151,'admin',NULL,0,'admin','2022-11-20 23:28:58','admin','2022-11-20 23:28:58',1,NULL),(366,'OPD','2022-11-20 23:29:11','N',358,'M',49,'82',NULL,NULL,NULL,NULL,'',135,'admin',NULL,0,'admin','2022-11-20 23:29:11','admin','2022-11-20 23:29:11',1,NULL),(367,'OPD','2022-11-20 23:29:50','N',359,'M',53,'19',NULL,NULL,NULL,NULL,'',42,'admin',NULL,0,'admin','2022-11-20 23:29:50','admin','2022-11-20 23:29:50',1,NULL),(368,'OPD','2022-11-20 23:30:10','N',360,'M',11,'42',NULL,NULL,NULL,NULL,'',307,'admin',7,0,'admin','2022-11-20 23:30:10','admin','2022-11-20 23:30:10',1,NULL),(369,'OPD','2022-11-20 23:36:07','N',361,'F',11,'17',NULL,NULL,NULL,NULL,'',465,'admin',NULL,0,'admin','2022-11-20 23:36:07','admin','2022-11-20 23:36:07',1,NULL),(370,'OPD','2022-11-20 00:00:08','N',362,'M',0,'72','30',NULL,NULL,NULL,'',447,'admin',NULL,0,'admin','2022-11-21 00:00:08','admin','2022-11-21 00:00:08',1,NULL),(371,'OPD','2022-11-20 00:00:15','N',363,'F',1,'41',NULL,NULL,NULL,NULL,'',228,'admin',NULL,0,'admin','2022-11-21 00:00:15','admin','2022-11-21 00:00:22',1,NULL),(372,'OPD','2022-11-20 00:00:24','N',364,'M',35,'86',NULL,NULL,NULL,NULL,'',43,'admin',NULL,0,'admin','2022-11-21 00:00:24','admin','2022-11-21 00:01:17',1,NULL),(373,'OPD','2022-11-20 00:33:27','N',365,'M',7,'57',NULL,NULL,NULL,NULL,'',229,'admin',NULL,0,'admin','2022-11-21 00:33:27','admin','2022-11-21 00:33:27',1,NULL),(374,'OPD','2022-11-21 01:48:22','N',366,'M',38,'14',NULL,NULL,NULL,NULL,'',199,'admin',NULL,0,'admin','2022-11-21 01:48:22','admin','2022-11-21 01:48:22',1,NULL),(375,'OPD','2022-11-21 01:48:39','N',367,'F',22,'57',NULL,NULL,NULL,NULL,'',94,'admin',NULL,0,'admin','2022-11-21 01:48:39','admin','2022-11-21 01:48:39',1,NULL),(376,'OPD','2022-11-21 01:49:05','N',368,'M',52,'18',NULL,NULL,NULL,NULL,'',144,'admin',NULL,0,'admin','2022-11-21 01:49:05','admin','2022-11-21 01:49:05',1,NULL),(377,'OPD','2022-11-21 02:02:49','N',369,'M',0,'12',NULL,NULL,NULL,NULL,'',506,'admin',NULL,0,'admin','2022-11-21 02:02:49','admin','2022-11-21 02:02:49',1,NULL),(378,'OPD','2022-11-21 02:02:57','N',370,'F',2,'57',NULL,NULL,NULL,NULL,'',500,'admin',NULL,0,'admin','2022-11-21 02:02:57','admin','2022-11-21 02:02:57',1,NULL),(379,'OPD','2022-11-21 02:03:12','N',371,'M',3,'30',NULL,NULL,NULL,NULL,'',491,'admin',NULL,0,'admin','2022-11-21 02:03:12','admin','2022-11-21 02:03:12',1,NULL),(380,'OPD','2022-11-21 02:03:33','N',372,'F',10,'14','3',NULL,NULL,NULL,'',187,'admin',NULL,0,'admin','2022-11-21 02:03:33','admin','2022-11-21 02:03:33',1,NULL),(381,'OPD','2022-11-21 02:06:08','N',373,'M',25,'2','30',NULL,NULL,NULL,'',157,'admin',NULL,0,'admin','2022-11-21 02:06:08','admin','2022-11-21 02:06:08',1,NULL),(382,'OPD','2022-11-21 02:20:59','N',374,'F',45,'73',NULL,NULL,NULL,NULL,'',516,'admin',NULL,0,'admin','2022-11-21 02:20:59','admin','2022-11-21 02:20:59',1,NULL),(383,'OPD','2022-11-21 02:24:08','N',375,'M',25,'58',NULL,NULL,NULL,NULL,'',196,'admin',NULL,0,'admin','2022-11-21 02:24:08','admin','2022-11-21 02:24:08',1,NULL),(384,'OPD','2022-11-21 02:24:29','N',376,'M',49,'88',NULL,NULL,NULL,NULL,'',137,'admin',NULL,0,'admin','2022-11-21 02:24:29','admin','2022-11-21 02:24:29',1,NULL),(385,'OPD','2022-11-21 03:30:02','N',377,'F',20,'28',NULL,NULL,NULL,NULL,'',517,'admin',NULL,0,'admin','2022-11-21 03:30:02','admin','2022-11-21 03:30:02',1,NULL),(386,'OPD','2022-11-21 03:32:16','N',378,'M',52,'105',NULL,NULL,NULL,NULL,'',214,'admin',NULL,0,'admin','2022-11-21 03:32:16','admin','2022-11-21 03:32:16',1,NULL),(387,'OPD','2022-11-21 03:33:22','N',379,'M',39,'58','43',NULL,NULL,NULL,'',301,'admin',NULL,0,'admin','2022-11-21 03:33:22','admin','2022-11-21 03:33:22',1,NULL),(388,'OPD','2022-11-21 03:37:03','N',380,'M',76,'102','18',NULL,NULL,NULL,'',219,'admin',NULL,0,'admin','2022-11-21 03:37:03','admin','2022-11-21 03:37:03',1,NULL),(389,'OPD','2022-11-21 21:57:29','N',381,'M',57,'81',NULL,NULL,NULL,NULL,'',518,'admin',NULL,0,'admin','2022-11-21 21:57:29','admin','2022-11-21 21:57:29',1,NULL),(390,'OPD','2022-11-21 21:59:04','N',382,'F',3,'87',NULL,NULL,NULL,NULL,'',519,'admin',NULL,0,'admin','2022-11-21 21:59:04','admin','2022-11-21 21:59:04',1,NULL),(391,'OPD','2022-11-21 22:43:25','N',383,'M',12,'82','68',NULL,NULL,NULL,'',217,'admin',NULL,0,'admin','2022-11-21 22:43:25','admin','2022-11-21 22:43:25',1,NULL),(392,'OPD','2022-11-21 23:10:38','N',384,'F',40,'101','84',NULL,NULL,NULL,'',271,'admin',NULL,0,'admin','2022-11-21 23:10:38','admin','2022-11-21 23:10:38',1,NULL),(393,'OPD','2022-11-22 02:35:47','N',385,'M',0,'13','12',NULL,NULL,NULL,'',520,'admin',NULL,0,'admin','2022-11-22 02:35:47','admin','2022-11-22 02:35:47',1,NULL),(394,'OPD','2022-11-22 02:37:09','N',386,'F',10,'88',NULL,NULL,NULL,NULL,'',521,'admin',NULL,0,'admin','2022-11-22 02:37:09','admin','2022-11-22 02:37:09',1,NULL),(395,'OPD','2022-11-22 17:58:09','N',387,'M',62,'33','58',NULL,NULL,NULL,'',522,'admin',NULL,0,'admin','2022-11-22 17:58:09','admin','2022-11-22 17:58:09',1,NULL),(396,'OPD','2022-11-23 15:58:35','N',388,'M',6,'31','3',NULL,NULL,NULL,'',523,'admin',NULL,0,'admin','2022-11-23 15:58:35','admin','2022-11-23 15:58:35',1,NULL),(397,'OPD','2022-11-23 15:59:02','N',389,'F',60,'101',NULL,NULL,NULL,NULL,'',113,'admin',NULL,0,'admin','2022-11-23 15:59:02','admin','2022-11-23 15:59:02',1,NULL),(398,'OPD','2022-11-23 15:59:23','N',390,'M',0,'90',NULL,NULL,NULL,NULL,'',483,'admin',NULL,0,'admin','2022-11-23 15:59:23','admin','2022-11-23 15:59:23',1,NULL),(399,'OPD','2022-11-23 15:59:54','N',391,'F',0,'12',NULL,NULL,NULL,NULL,'',493,'admin',NULL,0,'admin','2022-11-23 15:59:54','admin','2022-11-23 15:59:54',1,NULL),(400,'OPD','2022-11-23 16:00:23','N',392,'M',44,'68','84',NULL,NULL,NULL,'',470,'admin',NULL,0,'admin','2022-11-23 16:00:23','admin','2022-11-23 16:00:23',1,NULL),(401,'OPD','2021-08-17 15:33:16','N',1,'F',24,'88','92',NULL,NULL,NULL,'',530,'admin',NULL,0,'admin','2021-08-17 15:33:16','admin','2021-08-17 15:33:17',1,NULL),(402,'OPD','2021-08-17 15:36:01','N',2,'M',54,'46',NULL,NULL,NULL,NULL,'',531,'admin',NULL,0,'admin','2021-08-17 15:36:01','admin','2021-08-17 15:36:01',1,NULL),(403,'OPD','2021-11-09 17:12:39','N',3,'M',51,'87',NULL,NULL,NULL,NULL,'',536,'admin',NULL,0,'admin','2021-11-09 17:12:39','admin','2021-11-09 17:13:46',1,NULL),(404,'OPD','2023-02-02 22:38:00','N',1,'F',21,'28',NULL,NULL,'','','',544,'admin',NULL,0,'admin','2023-02-02 22:38:54','admin','2023-02-02 22:38:54',1,NULL),(405,'OPD','2023-02-02 22:38:00','R',2,'F',21,'28',NULL,NULL,'','','',544,'admin',NULL,0,'admin','2023-02-02 22:39:23','admin','2023-02-02 22:39:23',1,NULL),(406,'OPD','2023-02-02 22:38:00','N',3,'M',41,'82',NULL,NULL,'','','',545,'admin',NULL,0,'admin','2023-02-02 22:41:08','admin','2023-02-02 22:41:08',1,NULL),(407,'OPD','2023-02-03 23:29:00','N',4,'F',4,'12',NULL,NULL,'','','',546,'admin',NULL,0,'admin','2023-02-03 23:30:36','admin','2023-02-03 23:30:36',1,NULL),(408,'OPD','2023-02-03 23:29:00','N',5,'M',55,'101',NULL,NULL,'','','',547,'admin',NULL,0,'admin','2023-02-03 23:34:10','admin','2023-02-03 23:34:10',1,NULL),(409,'OPD','2023-02-03 23:29:00','N',6,'F',72,'104',NULL,NULL,'','','',548,'admin',NULL,0,'admin','2023-02-03 23:39:06','admin','2023-02-03 23:39:06',1,NULL),(410,'OPD','2023-02-03 23:47:00','N',7,'F',51,'116',NULL,NULL,'','','',550,'admin',NULL,1,'admin','2023-02-03 23:48:42','admin','2023-02-03 23:48:48',1,NULL),(411,'OPD','2023-02-04 00:09:00','N',8,'F',13,'13','68',NULL,'','','',551,'admin',NULL,0,'admin','2023-02-04 00:09:31','admin','2023-02-04 00:09:31',1,NULL),(412,'OPD','2023-02-04 02:04:00','N',9,'M',45,'31',NULL,NULL,'','','',552,'admin',NULL,0,'admin','2023-02-04 02:05:59','admin','2023-02-04 02:05:59',1,NULL),(413,'OPD','2023-02-04 02:25:00','N',10,'F',25,'88',NULL,NULL,'','','',553,'admin',NULL,0,'admin','2023-02-04 02:26:03','admin','2023-02-04 02:26:03',1,NULL);
/*!40000 ALTER TABLE `oh_opd` ENABLE KEYS */;
UNLOCK TABLES;

--
-- Table structure for table `oh_operation`
--

DROP TABLE IF EXISTS `oh_operation`;
/*!40101 SET @saved_cs_client     = @@character_set_client */;
/*!40101 SET character_set_client = utf8 */;
CREATE TABLE `oh_operation` (
  `OPE_ID_A` varchar(10) NOT NULL,
  `OPE_OCL_ID_A` char(2) NOT NULL,
  `OPE_DESC` varchar(50) NOT NULL,
  `OPE_STAT` int(11) NOT NULL DEFAULT 0,
  `OPE_FOR` char(1) DEFAULT '1' COMMENT '''1'' = OPD/IPD, ''2'' = IPD only, ''3'' = OPD only',
  `OPE_LOCK` int(11) NOT NULL DEFAULT 0,
  `OPE_CREATED_BY` varchar(50) DEFAULT NULL,
  `OPE_CREATED_DATE` datetime DEFAULT NULL,
  `OPE_LAST_MODIFIED_BY` varchar(50) DEFAULT NULL,
  `OPE_LAST_MODIFIED_DATE` datetime DEFAULT NULL,
  `OPE_ACTIVE` tinyint(1) NOT NULL DEFAULT 1,
  PRIMARY KEY (`OPE_ID_A`),
  KEY `FK_OPERATION_OPERATIONTYPE` (`OPE_OCL_ID_A`),
  KEY `FK_OPERATION_CREATED_BY_IDX` (`OPE_CREATED_BY`),
  KEY `FK_OPERATION_LAST_MODIFIED_BY_IDX` (`OPE_LAST_MODIFIED_BY`),
  CONSTRAINT `FK_OPERATION_CREATED_BY` FOREIGN KEY (`OPE_CREATED_BY`) REFERENCES `oh_user` (`US_ID_A`) ON DELETE NO ACTION ON UPDATE NO ACTION,
  CONSTRAINT `FK_OPERATION_LAST_MODIFIED_BY` FOREIGN KEY (`OPE_LAST_MODIFIED_BY`) REFERENCES `oh_user` (`US_ID_A`) ON DELETE NO ACTION ON UPDATE NO ACTION,
  CONSTRAINT `FK_OPERATION_OPERATIONTYPE` FOREIGN KEY (`OPE_OCL_ID_A`) REFERENCES `oh_operationtype` (`OCL_ID_A`) ON DELETE NO ACTION ON UPDATE CASCADE
) ENGINE=InnoDB DEFAULT CHARSET=utf8mb3 COLLATE=utf8mb3_general_ci;
/*!40101 SET character_set_client = @saved_cs_client */;

--
-- Dumping data for table `oh_operation`
--

LOCK TABLES `oh_operation` WRITE;
/*!40000 ALTER TABLE `oh_operation` DISABLE KEYS */;
INSERT INTO `oh_operation` (`OPE_ID_A`, `OPE_OCL_ID_A`, `OPE_DESC`, `OPE_STAT`, `OPE_FOR`, `OPE_LOCK`, `OPE_CREATED_BY`, `OPE_CREATED_DATE`, `OPE_LAST_MODIFIED_BY`, `OPE_LAST_MODIFIED_DATE`, `OPE_ACTIVE`) VALUES ('1','OB','Caesarian section',1,'1',0,NULL,NULL,NULL,NULL,1),('10','OB','Septic abortion',1,'1',0,NULL,NULL,NULL,NULL,1),('11','OB','Dilatation and curettage',1,'1',0,NULL,NULL,NULL,NULL,1),('12','OB','Repair of vesico-vaginal fistula (vvf)',1,'1',0,NULL,NULL,NULL,NULL,1),('13','GY','Acute abdomen',1,'1',0,NULL,NULL,NULL,NULL,1),('14','GY','Ectopic pregnancy',1,'1',0,NULL,NULL,NULL,NULL,1),('15','GY','Peritonitis',1,'1',0,NULL,NULL,NULL,NULL,1),('16','GY','Pelvic abscess',1,'1',0,NULL,NULL,NULL,NULL,1),('17','GY','Uterine fibroids',1,'1',0,NULL,NULL,NULL,NULL,1),('18','GY','Ovarian tumours',1,'1',0,NULL,NULL,NULL,NULL,1),('19','GY','Uterine prolapse',1,'1',0,NULL,NULL,NULL,NULL,1),('2','OB','emergency',1,'1',0,NULL,NULL,NULL,NULL,1),('20','GY','Cystorele',1,'1',0,NULL,NULL,NULL,NULL,1),('21','MG','circumcision',1,'1',0,NULL,NULL,NULL,NULL,1),('22','MG','phimosis',1,'1',0,NULL,NULL,NULL,NULL,1),('23','MG','paraphimosis',1,'1',0,NULL,NULL,NULL,NULL,1),('24','MG','dorsal slit-paraphimosis',1,'1',0,NULL,NULL,NULL,NULL,1),('25','MG','uretheral stricture-bougienage',1,'1',0,NULL,NULL,NULL,NULL,1),('26','MG','Hydroceletomy',1,'1',0,NULL,NULL,NULL,NULL,1),('27','MG','Testicular tumours',1,'1',0,NULL,NULL,NULL,NULL,1),('28','MG','Prostatectomy',1,'1',0,NULL,NULL,NULL,NULL,1),('29','MG','Prostate biopsy',1,'1',0,NULL,NULL,NULL,NULL,1),('3','OB','elective',1,'1',0,NULL,NULL,NULL,NULL,1),('30','MG','Bladder biopsy',1,'1',0,NULL,NULL,NULL,NULL,1),('31','AG','Hernia (inguinal & femoral)',1,'1',0,NULL,NULL,NULL,NULL,1),('32','AG','Strangulated',1,'1',0,NULL,NULL,NULL,NULL,1),('33','AG','Non strangulated',1,'1',0,NULL,NULL,NULL,NULL,1),('34','AG','Epigastrical Hernia',1,'1',0,NULL,NULL,NULL,NULL,1),('37','AG','Intestinal obstruction',1,'1',0,NULL,NULL,NULL,NULL,1),('38','AG','Mechanical',1,'1',0,NULL,NULL,NULL,NULL,1),('39','AG','Volvulus',1,'1',0,NULL,NULL,NULL,NULL,1),('4','OB','Hysterectomy',1,'1',0,NULL,NULL,NULL,NULL,1),('40','AG','Laparatomy',1,'1',0,NULL,NULL,NULL,NULL,1),('41','AG','Penetrating abdominal injuries',1,'1',0,NULL,NULL,NULL,NULL,1),('42','AG','Peritonitis',1,'1',0,NULL,NULL,NULL,NULL,1),('43','AG','Appendicitis',1,'1',0,NULL,NULL,NULL,NULL,1),('44','AG','Cholecystitis',1,'1',0,NULL,NULL,NULL,NULL,1),('45','AG','Abdominal Tumours',1,'1',0,NULL,NULL,NULL,NULL,1),('46','OR','Reduction of fractures',1,'1',0,NULL,NULL,NULL,NULL,1),('47','OR','Upper limb',1,'1',0,NULL,NULL,NULL,NULL,1),('48','OR','Lower limb',1,'1',0,NULL,NULL,NULL,NULL,1),('49','OR','Osteomyelitis - sequestrectomy',1,'1',0,NULL,NULL,NULL,NULL,1),('5','OB','Ruptured uterus',1,'1',0,NULL,NULL,NULL,NULL,1),('50','OS','Incission & drainage',1,'1',0,NULL,NULL,NULL,NULL,1),('51','OS','Debridement',1,'1',0,NULL,NULL,NULL,NULL,1),('52','OS','Mise -a- plat',1,'1',0,NULL,NULL,NULL,NULL,1),('53','OS','Surgical toilet  & suture',1,'1',0,NULL,NULL,NULL,NULL,1),('6','OB','Injured uterus',1,'1',0,NULL,NULL,NULL,NULL,1),('7','OB','Hysterectomy',1,'1',0,NULL,NULL,NULL,NULL,1),('8','OB','Evacuations',1,'1',0,NULL,NULL,NULL,NULL,1),('9','OB','Incomplete abortion',1,'1',0,NULL,NULL,NULL,NULL,1);
/*!40000 ALTER TABLE `oh_operation` ENABLE KEYS */;
UNLOCK TABLES;

--
-- Table structure for table `oh_operationrow`
--

DROP TABLE IF EXISTS `oh_operationrow`;
/*!40101 SET @saved_cs_client     = @@character_set_client */;
/*!40101 SET character_set_client = utf8 */;
CREATE TABLE `oh_operationrow` (
  `OPER_ID_A` int(11) NOT NULL AUTO_INCREMENT,
  `OPER_OPE_ID_A` varchar(10) NOT NULL,
  `OPER_PRESCRIBER` varchar(150) NOT NULL,
  `OPER_RESULT` varchar(250) NOT NULL,
  `OPER_OPDATE` datetime NOT NULL,
  `OPER_REMARKS` varchar(250) NOT NULL,
  `OPER_ADMISSION_ID` int(11) DEFAULT NULL,
  `OPER_OPD_ID` int(11) DEFAULT NULL,
  `OPER_BILL_ID` int(11) DEFAULT NULL,
  `OPER_TRANS_UNIT` float DEFAULT 0,
  `OPER_CREATED_BY` varchar(50) DEFAULT NULL,
  `OPER_CREATED_DATE` datetime DEFAULT NULL,
  `OPER_LAST_MODIFIED_BY` varchar(50) DEFAULT NULL,
  `OPER_LAST_MODIFIED_DATE` datetime DEFAULT NULL,
  `OPER_ACTIVE` tinyint(1) NOT NULL DEFAULT 1,
  PRIMARY KEY (`OPER_ID_A`),
  KEY `FK_OPERATIONROW_OPERATION_idx` (`OPER_OPE_ID_A`),
  KEY `FK_OPERATIONROW_CREATED_BY_IDX` (`OPER_CREATED_BY`),
  KEY `FK_OPERATIONROW_LAST_MODIFIED_BY_IDX` (`OPER_LAST_MODIFIED_BY`),
  CONSTRAINT `FK_OPERATIONROW_CREATED_BY` FOREIGN KEY (`OPER_CREATED_BY`) REFERENCES `oh_user` (`US_ID_A`) ON DELETE NO ACTION ON UPDATE NO ACTION,
  CONSTRAINT `FK_OPERATIONROW_LAST_MODIFIED_BY` FOREIGN KEY (`OPER_LAST_MODIFIED_BY`) REFERENCES `oh_user` (`US_ID_A`) ON DELETE NO ACTION ON UPDATE NO ACTION,
  CONSTRAINT `FK_OPERATIONROW_OPERATION` FOREIGN KEY (`OPER_OPE_ID_A`) REFERENCES `oh_operation` (`OPE_ID_A`) ON DELETE NO ACTION ON UPDATE NO ACTION
) ENGINE=InnoDB AUTO_INCREMENT=2 DEFAULT CHARSET=utf8mb3 COLLATE=utf8mb3_general_ci;
/*!40101 SET character_set_client = @saved_cs_client */;

--
-- Dumping data for table `oh_operationrow`
--

LOCK TABLES `oh_operationrow` WRITE;
/*!40000 ALTER TABLE `oh_operationrow` DISABLE KEYS */;
INSERT INTO `oh_operationrow` (`OPER_ID_A`, `OPER_OPE_ID_A`, `OPER_PRESCRIBER`, `OPER_RESULT`, `OPER_OPDATE`, `OPER_REMARKS`, `OPER_ADMISSION_ID`, `OPER_OPD_ID`, `OPER_BILL_ID`, `OPER_TRANS_UNIT`, `OPER_CREATED_BY`, `OPER_CREATED_DATE`, `OPER_LAST_MODIFIED_BY`, `OPER_LAST_MODIFIED_DATE`, `OPER_ACTIVE`) VALUES (1,'38','admin','success','2021-11-09 17:12:39','',NULL,403,NULL,0,NULL,NULL,NULL,NULL,1);
/*!40000 ALTER TABLE `oh_operationrow` ENABLE KEYS */;
UNLOCK TABLES;

--
-- Table structure for table `oh_operationtype`
--

DROP TABLE IF EXISTS `oh_operationtype`;
/*!40101 SET @saved_cs_client     = @@character_set_client */;
/*!40101 SET character_set_client = utf8 */;
CREATE TABLE `oh_operationtype` (
  `OCL_ID_A` char(2) NOT NULL,
  `OCL_DESC` varchar(50) NOT NULL,
  `OCL_TYPE` varchar(20) NOT NULL DEFAULT 'MAJOR',
  `OCL_CREATED_BY` varchar(50) DEFAULT NULL,
  `OCL_CREATED_DATE` datetime DEFAULT NULL,
  `OCL_LAST_MODIFIED_BY` varchar(50) DEFAULT NULL,
  `OCL_LAST_MODIFIED_DATE` datetime DEFAULT NULL,
  `OCL_ACTIVE` tinyint(1) NOT NULL DEFAULT 1,
  PRIMARY KEY (`OCL_ID_A`),
  KEY `FK_OPERATIONTYPE_CREATED_BY_IDX` (`OCL_CREATED_BY`),
  KEY `FK_OPERATIONTYPE_LAST_MODIFIED_BY_IDX` (`OCL_LAST_MODIFIED_BY`),
  CONSTRAINT `FK_OPERATIONTYPE_CREATED_BY` FOREIGN KEY (`OCL_CREATED_BY`) REFERENCES `oh_user` (`US_ID_A`) ON DELETE NO ACTION ON UPDATE NO ACTION,
  CONSTRAINT `FK_OPERATIONTYPE_LAST_MODIFIED_BY` FOREIGN KEY (`OCL_LAST_MODIFIED_BY`) REFERENCES `oh_user` (`US_ID_A`) ON DELETE NO ACTION ON UPDATE NO ACTION
) ENGINE=InnoDB DEFAULT CHARSET=utf8mb3 COLLATE=utf8mb3_general_ci;
/*!40101 SET character_set_client = @saved_cs_client */;

--
-- Dumping data for table `oh_operationtype`
--

LOCK TABLES `oh_operationtype` WRITE;
/*!40000 ALTER TABLE `oh_operationtype` DISABLE KEYS */;
INSERT INTO `oh_operationtype` (`OCL_ID_A`, `OCL_DESC`, `OCL_TYPE`, `OCL_CREATED_BY`, `OCL_CREATED_DATE`, `OCL_LAST_MODIFIED_BY`, `OCL_LAST_MODIFIED_DATE`, `OCL_ACTIVE`) VALUES ('AG','ABDOMINAL GENERAL SURGERY','MAJOR',NULL,NULL,NULL,NULL,1),('GY','GYNECOLOGICAL','MAJOR',NULL,NULL,NULL,NULL,1),('MG','MALE GENITOR-URINARY SYSTEM','MAJOR',NULL,NULL,NULL,NULL,1),('OB','OBSTETRICAL','MAJOR',NULL,NULL,NULL,NULL,1),('OR','ORTHOPEDICAL','MAJOR',NULL,NULL,NULL,NULL,1),('OS','OTHERS: SKIN AND SUBCUTANEOUS','MAJOR',NULL,NULL,NULL,NULL,1);
/*!40000 ALTER TABLE `oh_operationtype` ENABLE KEYS */;
UNLOCK TABLES;

--
-- Table structure for table `oh_patient`
--

DROP TABLE IF EXISTS `oh_patient`;
/*!40101 SET @saved_cs_client     = @@character_set_client */;
/*!40101 SET character_set_client = utf8 */;
CREATE TABLE `oh_patient` (
  `PAT_ID` int(11) NOT NULL AUTO_INCREMENT,
  `PAT_FNAME` varchar(50) NOT NULL,
  `PAT_SNAME` varchar(50) NOT NULL,
  `PAT_NAME` varchar(100) DEFAULT NULL,
  `PAT_BDATE` date DEFAULT NULL,
  `PAT_AGE` int(11) NOT NULL DEFAULT 0,
  `PAT_AGETYPE` varchar(50) NOT NULL DEFAULT '',
  `PAT_SEX` char(1) NOT NULL,
  `PAT_ADDR` varchar(50) DEFAULT NULL,
  `PAT_CITY` varchar(50) NOT NULL,
  `PAT_NEXT_KIN` varchar(50) DEFAULT NULL,
  `PAT_TELE` varchar(50) DEFAULT NULL,
  `PAT_MOTH_NAME` varchar(50) NOT NULL DEFAULT '',
  `PAT_MOTH` char(1) DEFAULT NULL,
  `PAT_FATH_NAME` varchar(50) NOT NULL DEFAULT '',
  `PAT_FATH` char(1) DEFAULT NULL,
  `PAT_LEDU` char(1) DEFAULT NULL,
  `PAT_ESTA` char(1) DEFAULT NULL,
  `PAT_PTOGE` char(1) DEFAULT NULL,
  `PAT_NOTE` text DEFAULT NULL,
  `PAT_DELETED` char(1) NOT NULL DEFAULT 'N',
  `PAT_LOCK` int(11) NOT NULL DEFAULT 0,
  `PAT_BTYPE` varchar(15) NOT NULL DEFAULT 'Unknown',
  `PAT_TAXCODE` varchar(30) DEFAULT '',
  `PAT_TIMESTAMP` timestamp NOT NULL DEFAULT current_timestamp(),
  `PAT_CREATED_BY` varchar(50) DEFAULT NULL,
  `PAT_CREATED_DATE` datetime DEFAULT NULL,
  `PAT_LAST_MODIFIED_BY` varchar(50) DEFAULT NULL,
  `PAT_LAST_MODIFIED_DATE` datetime DEFAULT NULL,
  `PAT_ACTIVE` tinyint(1) NOT NULL DEFAULT 1,
  `PAT_PROFESSION` varchar(50) NOT NULL DEFAULT 'unknown',
  `PAT_MAR_STAT` varchar(50) NOT NULL DEFAULT 'unknown',
  `PAT_PROFILE_PHOTO_ID` int(11) DEFAULT NULL,
  `PAT_ALLERGIES` varchar(255) DEFAULT NULL,
  `PAT_ANAMNESIS` varchar(255) DEFAULT NULL,
  PRIMARY KEY (`PAT_ID`),
  KEY `FK_PATIENT_CREATED_BY_IDX` (`PAT_CREATED_BY`),
  KEY `FK_PATIENT_LAST_MODIFIED_BY_IDX` (`PAT_LAST_MODIFIED_BY`),
  CONSTRAINT `FK_PATIENT_CREATED_BY` FOREIGN KEY (`PAT_CREATED_BY`) REFERENCES `oh_user` (`US_ID_A`) ON DELETE NO ACTION ON UPDATE NO ACTION,
  CONSTRAINT `FK_PATIENT_LAST_MODIFIED_BY` FOREIGN KEY (`PAT_LAST_MODIFIED_BY`) REFERENCES `oh_user` (`US_ID_A`) ON DELETE NO ACTION ON UPDATE NO ACTION
) ENGINE=InnoDB AUTO_INCREMENT=554 DEFAULT CHARSET=utf8mb3 COLLATE=utf8mb3_general_ci;
/*!40101 SET character_set_client = @saved_cs_client */;

--
-- Dumping data for table `oh_patient`
--

LOCK TABLES `oh_patient` WRITE;
/*!40000 ALTER TABLE `oh_patient` DISABLE KEYS */;
INSERT INTO `oh_patient` (`PAT_ID`, `PAT_FNAME`, `PAT_SNAME`, `PAT_NAME`, `PAT_BDATE`, `PAT_AGE`, `PAT_AGETYPE`, `PAT_SEX`, `PAT_ADDR`, `PAT_CITY`, `PAT_NEXT_KIN`, `PAT_TELE`, `PAT_MOTH_NAME`, `PAT_MOTH`, `PAT_FATH_NAME`, `PAT_FATH`, `PAT_LEDU`, `PAT_ESTA`, `PAT_PTOGE`, `PAT_NOTE`, `PAT_DELETED`, `PAT_LOCK`, `PAT_BTYPE`, `PAT_TAXCODE`, `PAT_TIMESTAMP`, `PAT_CREATED_BY`, `PAT_CREATED_DATE`, `PAT_LAST_MODIFIED_BY`, `PAT_LAST_MODIFIED_DATE`, `PAT_ACTIVE`, `PAT_PROFESSION`, `PAT_MAR_STAT`, `PAT_PROFILE_PHOTO_ID`, `PAT_ALLERGIES`, `PAT_ANAMNESIS`) VALUES (0,'Patient','Null','Patient Null',NULL,0,'-','U','-','-','-','-','-','U','-','U',NULL,'U','U','-','Y',0,'-','-','2020-11-12 16:40:55',NULL,NULL,NULL,NULL,1,'unknown','unknown',NULL,NULL,NULL),(2,'Otello','Gunther','Otello Gunther','1990-09-03',31,'','M','Carringson','Jewel Rd.','','','','\0','','\0','\0','\0','\0','','Y',1,'Unknown','','2020-11-12 16:40:55',NULL,NULL,NULL,NULL,1,'unknown','unknown',NULL,NULL,NULL),(4,'Stronach','Sharon','Stronach Sharon','1984-08-26',37,'','M','Brockton','Newington','','','','\0','','\0','\0','\0','\0','','Y',1,'Unknown','','2020-11-12 16:40:55',NULL,NULL,NULL,NULL,1,'unknown','unknown',NULL,NULL,NULL),(5,'Merrihew','Pamila','Merrihew Pamila','1986-05-15',35,'','M','Memorial Road','Road','','+120975757','','U','','U','\0','U','U','','N',2,'Unknown','','2020-11-12 16:40:55',NULL,NULL,'admin','2020-11-21 23:05:35',1,'unknown','unknown',NULL,NULL,NULL),(16,'Justin','Frederick','Justin Frederick','1955-07-30',66,'','M','Kernigan','Long Road - 58','','+343341314','','U','','U','\0','U','U','','N',2,'Unknown','','2020-11-12 16:40:55',NULL,NULL,'admin','2021-11-09 14:58:39',1,'unknown','unknown',NULL,NULL,NULL),(42,'Anthon','Geremy','Anthon Geremy','1986-08-04',35,'','M','Winnipeg','Westerton Road','','','','\0','','\0','\0','\0','\0','','N',0,'Unknown','','2020-11-12 16:40:55',NULL,NULL,NULL,NULL,1,'unknown','unknown',NULL,NULL,NULL),(43,'Leavell','Frederick','Leavell Frederick','1985-01-19',36,'','M','Hartford','Norwalk','','','','U','','U','\0','U','U','','N',1,'Unknown','','2020-11-12 16:40:55',NULL,NULL,'admin','2021-11-09 17:41:27',1,'unknown','unknown',NULL,NULL,NULL),(44,'Chick','Ossie','Chick Ossie','1962-02-02',59,'','M','Oak street 5','Norwalk','','+24521666','','U','','U','\0','U','U','','N',3,'A+','','2020-11-12 16:40:55',NULL,NULL,'admin','2021-03-15 12:16:09',1,'unknown','married',NULL,NULL,NULL),(45,'Pickford','Frederick','Pickford Frederick','1970-03-29',51,'','M','Parkhurst','Norwich','','','','\0','','\0','\0','\0','\0','','N',1,'Unknown','','2020-11-12 16:40:55',NULL,NULL,NULL,NULL,1,'unknown','unknown',NULL,NULL,NULL),(46,'Bardsley','Zenaida','Bardsley Zenaida','1970-01-27',51,'','M','Memorial Road 01','Ramonville','','','','U','','U','\0','U','U','','N',1,'Unknown','','2020-11-12 16:40:55',NULL,NULL,'admin','2020-11-21 23:05:03',1,'unknown','unknown',NULL,NULL,NULL),(47,'Graney','Almedan','Graney Almedan','1948-06-04',73,'','M','Brooksby','Putnam','','+6525235325','','U','','U','\0','U','U','','N',1,'Unknown','','2020-11-12 16:40:55',NULL,NULL,'admin','2021-11-09 14:58:51',1,'unknown','unknown',NULL,NULL,NULL),(48,'Ackman','Sammy','Ackman Sammy','1985-03-18',36,'','M','Fairhaven St. N 1','Shelton','','','','U','','U','\0','U','U','','N',1,'Unknown','','2020-11-12 16:40:55',NULL,NULL,'admin','2021-08-17 15:19:00',1,'unknown','unknown',NULL,NULL,NULL),(49,'Doepke','Jeannus','Doepke Jeannus','1988-07-21',33,'','M','William','Southington','','','','\0','','\0','\0','\0','\0','','N',0,'Unknown','','2020-11-12 16:40:55',NULL,NULL,NULL,NULL,1,'unknown','unknown',NULL,NULL,NULL),(50,'Delpino','Teenyo','Delpino Teenyo','1940-06-11',81,'','M','Worcester st. 11','Cutley city','','','','U','','U','\0','U','U','','N',4,'Unknown','','2020-11-12 16:40:55',NULL,NULL,'admin','2021-11-09 17:41:35',1,'unknown','unknown',NULL,NULL,NULL),(51,'Abramo','Oliver','Abramo Oliver','1950-07-07',71,'','M','Timpany','Torrington','','+5113212343','','U','','U','\0','U','U','','N',1,'Unknown','','2020-11-12 16:40:55',NULL,NULL,'admin','2021-11-09 18:17:15',1,'unknown','unknown',NULL,NULL,NULL),(52,'Hillman','Zenaida','Hillman Zenaida','1996-05-16',25,'','M','Russell road 4','Wellington','','','','U','','U','\0','U','U','','N',1,'Unknown','','2020-11-12 16:40:55',NULL,NULL,'admin','2021-03-15 14:27:18',1,'unknown','unknown',NULL,NULL,NULL),(53,'Navarro','Randee','Navarro Randee','1970-04-10',51,'','M','Plymouth','Waterbury','','','','\0','','\0','\0','\0','\0','','N',0,'Unknown','','2020-11-12 16:40:55',NULL,NULL,NULL,NULL,1,'unknown','unknown',NULL,NULL,NULL),(54,'Demaree','Lauran','Demaree Lauran','2009-03-19',12,'','M','Washington St. 11','Ramonville','','+4178844','','U','','U','\0','U','U','','N',1,'Unknown','','2020-11-12 16:40:55',NULL,NULL,'admin','2020-11-21 23:05:20',1,'unknown','unknown',NULL,NULL,NULL),(55,'Julietta','Eslinger','Julietta Eslinger','1991-03-14',30,'','M','Washington','West','','','','U','','U','\0','U','U','','N',1,'Unknown','','2020-11-12 16:40:55',NULL,NULL,'admin','2021-11-09 14:58:25',1,'unknown','unknown',NULL,NULL,NULL),(56,'Pundt','Estell','Pundt Estell','1990-04-23',31,'','M','Soojian','Adamsville','','','','\0','','\0','\0','\0','\0','','N',0,'Unknown','','2020-11-12 16:40:55',NULL,NULL,NULL,NULL,1,'unknown','unknown',NULL,NULL,NULL),(57,'Demeter','Celsa','Demeter Celsa','1964-01-30',57,'','M','Jungle way 10','Pkwy','','','','U','','U','\0','U','U','','N',1,'Unknown','','2020-11-12 16:40:55',NULL,NULL,'admin','2021-03-15 14:27:03',1,'unknown','unknown',NULL,NULL,NULL),(58,'Nesmith','Ashlyn','Nesmith Ashlyn','1982-04-02',39,'','M','Massy District N. 5','West Ampala','','','','U','','U','\0','U','U','','N',1,'Unknown','','2020-11-12 16:40:55',NULL,NULL,'admin','2021-08-17 15:19:39',1,'unknown','unknown',NULL,NULL,NULL),(59,'Winkel','Gertha','Winkel Gertha','2005-02-25',16,'','M','Lynnway','Andalusia','','','','\0','','\0','\0','\0','\0','','N',0,'Unknown','','2020-11-12 16:40:55',NULL,NULL,NULL,NULL,1,'unknown','unknown',NULL,NULL,NULL),(60,'Berlin','Traciet','Berlin Traciet','1980-10-15',41,'','M','Pleasant','Anniston','','','','U','','U','\0','U','U','','N',1,'Unknown','','2020-11-12 16:40:55',NULL,NULL,'admin','2021-11-09 17:41:20',1,'unknown','unknown',NULL,NULL,NULL),(61,'Dresser','Hugh','Dresser Hugh','1975-02-25',46,'','M','Currdn garden','Matu','','+565555158','','U','','U','\0','U','U','','N',2,'A+','','2020-11-12 16:40:55',NULL,NULL,'admin','2021-11-09 17:41:53',1,'unknown','married',NULL,NULL,NULL),(62,'Poch','Jonna','Poch Jonna','2010-10-24',11,'','M','General','House','','','','\0','','\0','\0','\0','\0','','N',0,'Unknown','','2020-11-12 16:40:55',NULL,NULL,NULL,NULL,1,'unknown','unknown',NULL,NULL,NULL),(63,'Kinnison','Geneva','Kinnison Geneva','1974-04-11',47,'','M','State road 66','Laskso','','','','U','','U','\0','U','U','','N',1,'Unknown','','2020-11-12 16:40:55',NULL,NULL,'admin','2021-03-15 12:15:44',1,'unknown','unknown',NULL,NULL,NULL),(64,'Niccum','Ezra','Niccum Ezra','2008-07-18',13,'','M','Main Street 9','Canary Island','','+6522333','','U','','U','\0','U','U','','N',1,'A-','','2020-11-12 16:40:55',NULL,NULL,'admin','2021-03-15 14:26:50',1,'unknown','unknown',NULL,NULL,NULL),(65,'Horwitz','Stuart','Horwitz Stuart','2008-03-17',13,'','M','Main Rd 03','Bay','','','','U','','U','\0','U','U','','N',1,'Unknown','','2020-11-12 16:40:55',NULL,NULL,'admin','2021-03-15 14:27:57',1,'unknown','unknown',NULL,NULL,NULL),(66,'Liller','Trudie','Liller Trudie','1975-03-06',46,'','M','Otis ave n. 1','Bessemer','','','','U','','U','\0','U','U','','N',1,'Unknown','','2020-11-12 16:40:55',NULL,NULL,'admin','2021-11-09 18:20:30',1,'unknown','unknown',NULL,NULL,NULL),(67,'Tobias','Dimaggio','Tobias Dimaggio','1992-03-24',29,'','M','North Street 10','Birmingham','','+09765713','','U','','U','\0','U','U','','N',1,'Unknown','','2020-11-12 16:40:55',NULL,NULL,'admin','2020-11-21 23:04:47',1,'unknown','unknown',NULL,NULL,NULL),(68,'Cripe','Forrest','Cripe Forrest','1988-07-21',33,'','M','East','Birmingham','','','','\0','','\0','\0','\0','\0','','N',0,'Unknown','','2020-11-12 16:40:55',NULL,NULL,NULL,NULL,1,'unknown','unknown',NULL,NULL,NULL),(69,'Sherwood','Arica','Sherwood Arica','1985-05-26',36,'','M','Hubbard','Prospect','','','','\0','','\0','\0','\0','\0','','N',0,'Unknown','','2020-11-12 16:40:55',NULL,NULL,NULL,NULL,1,'unknown','unknown',NULL,NULL,NULL),(70,'Kenny','Anzany','Kenny Anzany','1995-04-17',26,'','M','Colony Place 67','Gold Town','','+5252332','','U','','U','\0','U','U','','N',1,'AB+','','2020-11-12 16:40:55',NULL,NULL,'admin','2021-03-15 14:26:23',1,'unknown','single',NULL,NULL,NULL),(71,'Lant','Lynell','Lant Lynell','1969-03-23',52,'','M','Falls Road 1','Boston','','','','U','','U','\0','U','U','','N',1,'Unknown','','2020-11-12 16:40:55',NULL,NULL,'admin','2021-08-17 15:19:47',1,'unknown','unknown',NULL,NULL,NULL),(72,'Doak','Arminda','Doak Arminda','1994-03-11',27,'','M','Paramount ave. 151','Dixwell','','+5412123213','','U','','U','\0','U','U','','N',1,'Unknown','','2020-11-12 16:40:55',NULL,NULL,'admin','2021-11-09 17:32:07',1,'unknown','unknown',NULL,NULL,NULL),(73,'Elton','Mcnaught','Elton Mcnaught','1992-03-30',29,'','M','Highland','Flatbush','','','','\0','','\0','\0','\0','\0','','N',0,'Unknown','','2020-11-12 16:40:55',NULL,NULL,NULL,NULL,1,'unknown','unknown',NULL,NULL,NULL),(74,'Vivienne','Stryker','Vivienne Stryker','1994-08-04',27,'','F','Fall','River','','+01848481','','U','','U','\0','U','U','','N',1,'Unknown','','2020-11-12 16:40:55',NULL,NULL,'admin','2020-11-21 23:05:49',1,'unknown','unknown',NULL,NULL,NULL),(75,'Elvera','Crutcher','Elvera Crutcher','1973-07-17',48,'','F','Bostonridget 92','Buckland','','','','U','','U','\0','U','U','','N',1,'Unknown','','2020-11-12 16:40:55',NULL,NULL,'admin','2021-08-17 15:18:50',1,'unknown','unknown',NULL,NULL,NULL),(76,'Debby','Messinger','Debby Messinger','1990-01-25',31,'','F','Charlton st','Boston','','','','U','','U','\0','U','U','','N',1,'Unknown','','2020-11-12 16:40:55',NULL,NULL,'admin','2021-08-17 15:18:34',1,'unknown','unknown',NULL,NULL,NULL),(77,'Hauery','Mana','Hauery Mana','1960-04-26',61,'','F','Swansea','New Town','','+12.1221211','','U','','U','\0','U','U','','N',1,'Unknown','','2020-11-12 16:40:55',NULL,NULL,'admin','2021-08-17 15:18:27',1,'unknown','unknown',NULL,NULL,NULL),(78,'Valeria','Swindler','Valeria Swindler','1988-07-07',33,'','F','Main rd 88','Foxon','','','','U','','U','\0','U','U','','N',1,'Unknown','','2020-11-12 16:40:55',NULL,NULL,'admin','2021-03-15 14:27:46',1,'unknown','unknown',NULL,NULL,NULL),(79,'Veloz','Su','Veloz Su','1942-10-04',79,'','F','Providence','Danbury','','','','\0','','\0','\0','\0','\0','','N',0,'Unknown','','2020-11-12 16:40:55',NULL,NULL,NULL,NULL,1,'unknown','unknown',NULL,NULL,NULL),(80,'Dame','Joyce','Dame Joyce','1964-07-21',57,'','F','Palmer way 5','Berlin','','','','U','','U','\0','U','U','','N',1,'Unknown','','2020-11-12 16:40:55',NULL,NULL,'admin','2021-03-15 14:28:09',1,'unknown','unknown',NULL,NULL,NULL),(81,'Terresa','Tolmann','Terresa Tolmann','1962-06-13',59,'','F','Cranberry','Boston','','','','\0','','\0','\0','\0','\0','','N',0,'Unknown','','2020-11-12 16:40:55',NULL,NULL,NULL,NULL,1,'unknown','unknown',NULL,NULL,NULL),(82,'Odette','Kerry','Odette Kerry','1959-07-15',62,'','F','Furry Rt','Main','','+23123211','','U','','U','\0','U','U','','N',1,'Unknown','','2020-11-12 16:40:55',NULL,NULL,'admin','2020-11-20 14:47:59',1,'unknown','unknown',NULL,NULL,NULL),(83,'Ruley','Kacie','Ruley Kacie','1960-06-20',61,'','F','Washington','Connecticut','','','','\0','','\0','\0','\0','\0','','N',0,'Unknown','','2020-11-12 16:40:55',NULL,NULL,NULL,NULL,1,'unknown','unknown',NULL,NULL,NULL),(84,'Lisa','Broeckel','Lisa Broeckel','2006-09-09',15,'','F','Cranberry','Salem','','+65223434','','U','','U','\0','U','U','','N',1,'Unknown','','2020-11-12 16:40:55',NULL,NULL,'admin','2021-11-09 14:59:12',1,'unknown','unknown',NULL,NULL,NULL),(85,'Threadgill','Mack','Threadgill Mack','1960-05-11',61,'','F','Clifton','Boston','','','','\0','','\0','\0','\0','\0','','N',0,'Unknown','','2020-11-12 16:40:55',NULL,NULL,NULL,NULL,1,'unknown','unknown',NULL,NULL,NULL),(86,'Veronique','Fountain','Veronique Fountain','1960-07-01',61,'','F','Old Avenue','Scholton','','','','U','','U','\0','U','U','','N',1,'B-','','2020-11-12 16:40:55',NULL,NULL,'admin','2021-03-15 22:16:28',1,'unknown','widowed',NULL,NULL,NULL),(87,'Cypher','Marica','Cypher Marica','1980-07-21',41,'','F','Grant Rd 1','Town','','','','U','','U','\0','U','U','','N',1,'Unknown','','2020-11-12 16:40:55',NULL,NULL,'admin','2021-03-15 22:16:45',1,'unknown','unknown',NULL,NULL,NULL),(88,'Pohlman','Margot','Pohlman Margot','1973-05-28',48,'','F','Veterans','Bridgeport','','','','\0','','\0','\0','\0','\0','','N',0,'Unknown','','2020-11-12 16:40:55',NULL,NULL,NULL,NULL,1,'unknown','unknown',NULL,NULL,NULL),(89,'Orbison','An','Orbison An','1972-04-28',49,'','F','Brockport St 11','Queen','','+67344441','','U','','U','\0','U','U','','N',1,'Unknown','','2020-11-12 16:40:55',NULL,NULL,'admin','2020-11-21 23:04:34',1,'unknown','unknown',NULL,NULL,NULL),(90,'Thomas','Shawn','Thomas Shawn','1960-05-08',61,'','F','West','Barnum','','','','\0','','\0','\0','\0','\0','','N',0,'Unknown','','2020-11-12 16:40:55',NULL,NULL,NULL,NULL,1,'unknown','unknown',NULL,NULL,NULL),(91,'Cofield','Brynn','Cofield Brynn','1987-09-28',34,'','F','County','Torringford','','','','\0','','\0','\0','\0','\0','','N',0,'Unknown','','2020-11-12 16:40:55',NULL,NULL,NULL,NULL,1,'unknown','unknown',NULL,NULL,NULL),(92,'Kendricks','Dewitt','Kendricks Dewitt','2004-02-22',17,'','F','Catskill','Kucwiny','','','','\0','','\0','\0','\0','\0','','N',0,'Unknown','','2020-11-12 16:40:55',NULL,NULL,NULL,NULL,1,'unknown','unknown',NULL,NULL,NULL),(93,'Call','Pearle','Call Pearle','2002-01-31',19,'','F','Centereach Village N. 1312','NY','','','','U','','U','\0','U','U','','N',1,'Unknown','','2020-11-12 16:40:55',NULL,NULL,'admin','2021-08-17 15:19:57',1,'unknown','unknown',NULL,NULL,NULL),(94,'Wiseman','Lynna','Wiseman Lynna','1998-10-08',23,'','F','East Way 1','Commack','','','','U','','U','\0','U','U','','N',1,'Unknown','','2020-11-12 16:40:55',NULL,NULL,'admin','2021-03-15 14:34:08',1,'unknown','unknown',NULL,NULL,NULL),(95,'Moad','Renee','Moad Renee','1992-04-09',29,'','F','Thruway Avenue 521','NY - New York','','+1.1.679244521','','U','','U','\0','U','U','','N',1,'Unknown','','2020-11-12 16:40:55',NULL,NULL,'admin','2021-08-17 15:20:24',1,'unknown','unknown',NULL,NULL,NULL),(96,'Holaday','Rodney','Holaday Rodney','2002-08-21',19,'','F','Brewerton','Greenbush','','','','\0','','\0','\0','\0','\0','','N',0,'Unknown','','2020-11-12 16:40:55',NULL,NULL,NULL,NULL,1,'unknown','unknown',NULL,NULL,NULL),(97,'Gudger','Fermin','Gudger Fermin','1958-09-10',63,'','F','Transit','Newburgh','','','','\0','','\0','\0','\0','\0','','N',0,'Unknown','','2020-11-12 16:40:55',NULL,NULL,NULL,NULL,1,'unknown','unknown',NULL,NULL,NULL),(98,'Clarissa','Grund','Clarissa Grund','1986-09-04',35,'','F','New St. 1','Newburgh','','','','U','','U','\0','U','U','','N',1,'Unknown','','2020-11-12 16:40:55',NULL,NULL,'admin','2021-11-09 14:59:35',1,'unknown','unknown',NULL,NULL,NULL),(99,'Jezierski','Jarvis','Jezierski Jarvis','1976-06-12',45,'','F','Eeri Place rd 12','Branford','','+55350988','','U','','U','\0','U','U','','N',3,'Unknown','','2020-11-12 16:40:55',NULL,NULL,'admin','2020-11-21 23:04:21',1,'unknown','unknown',NULL,NULL,NULL),(100,'Carletta','Christman','Carletta Christman','1960-02-26',61,'','F','Branford rd','Bristol North','','','','U','','U','\0','U','U','','N',1,'Unknown','','2020-11-12 16:40:55',NULL,NULL,'admin','2021-08-17 15:18:14',1,'unknown','unknown',NULL,NULL,NULL),(101,'Criselda','Tomann','Criselda Tomann','1970-03-14',51,'','F','Cromwell street','Bristol North','','','','U','','U','\0','U','U','','N',1,'Unknown','','2020-11-12 16:40:55',NULL,NULL,'admin','2021-08-17 15:18:03',1,'unknown','unknown',NULL,NULL,NULL),(102,'Doke','Joni','Doke Joni','2000-07-01',21,'','F','Cromwell','Danbury','','','','\0','','\0','\0','\0','\0','','N',0,'Unknown','','2020-11-12 16:40:55',NULL,NULL,NULL,NULL,1,'unknown','unknown',NULL,NULL,NULL),(103,'Burris','Ranae','Burris Ranae','1974-03-16',47,'','F','Danbury ave','Dansington','','+4132213213','','U','','U','\0','U','U','','N',1,'Unknown','','2020-11-12 16:40:55',NULL,NULL,'admin','2021-11-09 18:20:52',1,'unknown','unknown',NULL,NULL,NULL),(104,'Linda','Tarah','Linda Tarah','1986-04-24',35,'','F','Avenue Wide Garden 4','Springfield','','+511131','','U','','U','\0','U','U','','N',1,'0-','','2020-11-12 16:40:55',NULL,NULL,'admin','2021-03-15 14:28:59',1,'unknown','married',NULL,NULL,NULL),(105,'Stano','Karolyn','Stano Karolyn','1964-01-27',57,'','F','Road Wy 7','Hwy Town','','','','U','','U','\0','U','U','','N',1,'Unknown','','2020-11-12 16:40:55',NULL,NULL,'admin','2021-03-15 14:29:13',1,'unknown','unknown',NULL,NULL,NULL),(106,'Singley','Lola','Singley Lola','1970-03-15',51,'','F','Highway Road','Junly','','','','U','','U','\0','U','U','','N',1,'Unknown','','2020-11-12 16:40:55',NULL,NULL,'admin','2021-03-15 14:29:34',1,'unknown','unknown',NULL,NULL,NULL),(107,'Reanna','Rumfelt','Reanna Rumfelt','1960-09-30',61,'','F','Road 56','Hamden village','','','','U','','U','\0','U','U','','N',1,'Unknown','','2020-11-12 16:40:55',NULL,NULL,'admin','2021-11-09 17:31:52',1,'unknown','unknown',NULL,NULL,NULL),(108,'Ivery','Hyman','Ivery Hyman','1980-08-17',41,'','F','Hamden Rd 89','Hartford','','+3451231\\234','','U','','U','\0','U','U','','N',1,'Unknown','','2020-11-12 16:40:55',NULL,NULL,'admin','2020-11-21 23:04:03',1,'unknown','unknown',NULL,NULL,NULL),(109,'Ingrassia','Malena','Ingrassia Malena','1990-11-03',31,'','F','Hartford','Lisbon','','','','\0','','\0','\0','\0','\0','','N',0,'Unknown','','2020-11-12 16:40:55',NULL,NULL,NULL,NULL,1,'unknown','unknown',NULL,NULL,NULL),(110,'Lena','Howard','Lena Howard','1960-08-19',61,'','F','Gardenia corner','Nebbi','','+2144112','','U','','U','\0','U','U','','N',2,'0-','','2020-11-12 16:40:55',NULL,NULL,'admin','2021-03-15 22:18:23',1,'unknown','divorced',NULL,NULL,NULL),(111,'Roberta','Torie','Roberta Torie','1980-08-06',41,'','F','Uerey','Nebbi','','','','U','','U','\0','U','U','','N',1,'Unknown','','2020-11-12 16:40:55',NULL,NULL,'admin','2021-11-09 17:41:00',1,'unknown','unknown',NULL,NULL,NULL),(112,'Hale','Nichol','Hale Nichol','1960-03-20',61,'','F','New Road 1','koch','','','','U','','U','\0','U','U','','N',1,'Unknown','','2020-11-12 16:40:55',NULL,NULL,'admin','2021-03-15 12:15:28',1,'unknown','unknown',NULL,NULL,NULL),(113,'Nicolette','Monkey','Nicolette Monkey','1960-01-28',61,'','F','New Road 1','Laju','','+5234111','','U','','U','\0','U','U','','N',1,'A+','','2020-11-12 16:40:55',NULL,NULL,'admin','2021-03-15 14:29:56',1,'unknown','widowed',NULL,NULL,NULL),(114,'Madeleine','Hoagland','Madeleine Hoagland','1984-06-30',37,'','F','New Rd 67','Pabego','','','','U','','U','\0','U','U','','N',1,'Unknown','','2020-11-12 16:40:55',NULL,NULL,'admin','2021-03-15 14:30:03',1,'unknown','unknown',NULL,NULL,NULL),(115,'Lida','Tussey','Lida Tussey','1960-07-28',61,'','F','New Street 8','Koch Abira','','','','U','','U','\0','U','U','','N',1,'Unknown','','2020-11-12 16:40:55',NULL,NULL,'admin','2021-03-15 14:30:13',1,'unknown','unknown',NULL,NULL,NULL),(116,'Nieves','Julietta','Nieves Julietta','1944-07-05',77,'','F','Newington Road 44','Acwala','','+123144','','U','','U','\0','U','U','','N',1,'Unknown','','2020-11-12 16:40:55',NULL,NULL,'admin','2020-11-21 23:06:03',1,'unknown','unknown',NULL,NULL,NULL),(117,'Natera','Rickie','Natera Rickie','1996-10-11',25,'','F','Wide Road 55','Kigwela','','+212144412','','U','','U','\0','U','U','','N',1,'0-','','2020-11-12 16:40:55',NULL,NULL,'admin','2021-03-15 22:15:42',1,'unknown','single',NULL,NULL,NULL),(118,'Elvira','Milstead','Elvira Milstead','1985-09-02',36,'','F','Norwalk','Keramia','','','','\0','','\0','\0','\0','\0','','N',0,'Unknown','','2020-11-12 16:40:55',NULL,NULL,NULL,NULL,1,'unknown','unknown',NULL,NULL,NULL),(119,'Linehan','Jed','Linehan Jed','1971-02-26',50,'','F','Norwalk','Nebbi Town','','','','\0','','\0','\0','\0','\0','','N',0,'Unknown','','2020-11-12 16:40:55',NULL,NULL,NULL,NULL,1,'unknown','unknown',NULL,NULL,NULL),(120,'Jenny','Gaynelle','Jenny Gaynelle','2007-05-15',14,'','F','Norwich Place N. 5/a','Nyacara','','+5424135413','','U','','U','\0','U','U','','N',1,'Unknown','','2020-11-12 16:40:55',NULL,NULL,'admin','2021-11-09 14:59:57',1,'unknown','unknown',NULL,NULL,NULL),(121,'Rathke','Michiko','Rathke Michiko','1960-07-07',61,'','F','Rd garden n.1','Ocego','','+41241122','','U','','U','\0','U','U','','N',1,'AB-','','2020-11-12 16:40:55',NULL,NULL,'admin','2021-03-15 14:34:35',1,'unknown','widowed',NULL,NULL,NULL),(122,'Ellis','Johnathon','Ellis Johnathon','1984-08-06',37,'','F','Putnam','Pawong','','','','\0','','\0','\0','\0','\0','','N',0,'Unknown','','2020-11-12 16:40:55',NULL,NULL,NULL,NULL,1,'unknown','unknown',NULL,NULL,NULL),(123,'Jansson','Yahaira','Jansson Yahaira','1963-07-30',58,'','F','Main Rd 1','Akesi','','+0914411','','U','','U','\0','U','U','','N',1,'Unknown','','2020-11-12 16:40:55',NULL,NULL,'admin','2020-11-21 23:06:16',1,'unknown','unknown',NULL,NULL,NULL),(124,'Margerite','Greenburg','Margerite Greenburg','1975-03-25',46,'','F','Shelton','Akesi village','','+6166121','','U','','U','\0','U','U','','N',1,'Unknown','','2020-11-12 16:40:55',NULL,NULL,'admin','2021-11-09 18:27:20',1,'unknown','unknown',NULL,NULL,NULL),(125,'Muldoon','Kristie','Muldoon Kristie','1986-03-12',35,'','F','Southington','Patek','','','','\0','','\0','\0','\0','\0','','N',0,'Unknown','','2020-11-12 16:40:55',NULL,NULL,NULL,NULL,1,'unknown','unknown',NULL,NULL,NULL),(126,'Julia','Denice','Julia Denice','1987-03-25',34,'','F','Cutoff','Jupayanga','','','','\0','','\0','\0','\0','\0','','N',0,'Unknown','','2020-11-12 16:40:55',NULL,NULL,NULL,NULL,1,'unknown','unknown',NULL,NULL,NULL),(127,'Shana','Yoner','Shana Yoner','1988-07-11',33,'','F','Berlin place','Juputhwol','','','','U','','U','\0','U','U','','N',1,'Unknown','','2020-11-12 16:40:55',NULL,NULL,'admin','2021-08-17 15:17:16',1,'unknown','unknown',NULL,NULL,NULL),(128,'May','Elsy','May Elsy','1958-03-31',63,'','F','Boston','Nebbi boma','','','','\0','','\0','\0','\0','\0','','N',0,'Unknown','','2020-11-12 16:40:55',NULL,NULL,NULL,NULL,1,'unknown','unknown',NULL,NULL,NULL),(129,'Knupp','Eric','Knupp Eric','1952-06-09',69,'','F','Main Road 6','Nyacara','','+05478146','','U','','U','\0','U','U','','N',1,'Unknown','','2020-11-12 16:40:55',NULL,NULL,'admin','2020-11-21 23:03:52',1,'unknown','unknown',NULL,NULL,NULL),(130,'Otha','Duer','Otha Duer','1995-08-02',26,'','F','Conn St','Anosi (VA)','','','','U','','U','\0','U','U','','N',1,'Unknown','','2020-11-12 16:40:55',NULL,NULL,'admin','2021-08-17 15:17:30',1,'unknown','unknown',NULL,NULL,NULL),(131,'Shultz','Ardis','Shultz Ardis','1970-09-30',51,'','F','Salem street','Opano','','','','U','','U','\0','U','U','','N',1,'Unknown','','2020-11-12 16:40:55',NULL,NULL,'admin','2020-11-20 14:29:58',1,'unknown','unknown',NULL,NULL,NULL),(132,'Eckhart','Idalia','Eckhart Idalia','1980-04-17',41,'','M','Boston avenue','Singla','','','','U','','U','\0','U','U','','N',4,'Unknown','','2020-11-12 16:40:55',NULL,NULL,'admin','2020-11-20 14:29:48',1,'unknown','unknown',NULL,NULL,NULL),(133,'Eklund','Archie','Eklund Archie','1994-10-26',27,'','M','School Place 7','Aluka','','','','U','','U','\0','U','U','','N',1,'Unknown','','2020-11-12 16:40:55',NULL,NULL,'admin','2021-03-15 14:30:22',1,'unknown','unknown',NULL,NULL,NULL),(134,'Andersen','Tawnya','Andersen Tawnya','1952-09-16',69,'','M','Bridgeport n. 11','Nyapii','','+1114431','','U','','U','\0','U','U','','N',1,'Unknown','','2020-11-12 16:40:55',NULL,NULL,'admin','2021-11-09 18:27:37',1,'unknown','unknown',NULL,NULL,NULL),(135,'Isreal','Jarred','Isreal Jarred','1971-03-21',50,'','M','Queen','Jupukidi','','+07843314','','U','','U','\0','U','U','','N',1,'Unknown','','2020-11-12 16:40:55',NULL,NULL,'admin','2020-11-21 23:06:23',1,'unknown','unknown',NULL,NULL,NULL),(136,'Christoper','Arriola','Christoper Arriola','1995-07-26',26,'','M','Barnum 51','Mbaro','','','','U','','U','\0','U','U','','N',1,'A-','','2020-11-12 16:40:55',NULL,NULL,'admin','2021-03-15 22:18:54',1,'medicine','single',NULL,NULL,NULL),(137,'Sharples','Lenny','Sharples Lenny','1971-06-29',50,'','M','Torringford','Mbaro','','','','\0','','\0','\0','\0','\0','','N',0,'Unknown','','2020-11-12 16:40:55',NULL,NULL,NULL,NULL,1,'unknown','unknown',NULL,NULL,NULL),(138,'Temme','Mona','Temme Mona','1975-09-19',46,'','M','No rd 1','Munduryema','','+54111','','U','','U','\0','U','U','','N',1,'Unknown','','2020-11-12 16:40:55',NULL,NULL,'admin','2021-11-09 17:31:33',1,'unknown','unknown',NULL,NULL,NULL),(139,'Jerabek','Delsie','Jerabek Delsie','1953-06-01',68,'','M','Wolcott','Angal Lei','','','','\0','','\0','\0','\0','\0','','N',0,'Unknown','','2020-11-12 16:40:55',NULL,NULL,NULL,NULL,1,'unknown','unknown',NULL,NULL,NULL),(140,'Courson','Curtis','Courson Curtis','1947-09-16',74,'','M','Waterford 1','Mbaro','','+99562222','','U','','U','\0','U','U','','N',1,'Unknown','','2020-11-12 16:40:55',NULL,NULL,'admin','2021-11-09 17:40:51',1,'unknown','unknown',NULL,NULL,NULL),(141,'Lutz','Brandie','Lutz Brandie','1944-08-08',77,'','M','Sawmill Court 66','Alwala','','+21145444','','U','','U','\0','U','U','','N',3,'Unknown','','2020-11-12 16:40:55',NULL,NULL,'admin','2020-11-21 23:03:37',1,'unknown','unknown',NULL,NULL,NULL),(142,'Montford','Ashely','Montford Ashely','1976-11-03',45,'','M','Hackworth','Apolla','','','','\0','','\0','\0','\0','\0','','N',0,'Unknown','','2020-11-12 16:40:55',NULL,NULL,NULL,NULL,1,'unknown','unknown',NULL,NULL,NULL),(143,'Amerik','Dedmond','Amerik Dedmond','1973-09-18',48,'','M','Coonial District','Ojwang','','+541134331','','U','','U','\0','U','U','','N',1,'Unknown','','2020-11-12 16:40:55',NULL,NULL,'admin','2021-11-09 15:00:19',1,'unknown','unknown',NULL,NULL,NULL),(144,'Couey','Huey','Couey Huey','1968-03-07',53,'','M','Highway 23','Pamora','','','','U','','U','\0','U','U','','N',1,'Unknown','','2020-11-12 16:40:55',NULL,NULL,'admin','2020-11-20 14:29:21',1,'unknown','unknown',NULL,NULL,NULL),(145,'Brewer','Simona','Brewer Simona','1975-05-11',46,'','M','West road 45','Palei','','','','U','','U','\0','U','U','','N',1,'Unknown','','2020-11-12 16:40:55',NULL,NULL,'admin','2020-11-20 14:29:33',1,'unknown','unknown',NULL,NULL,NULL),(146,'Alex','Kala','Alex Kala','1983-05-22',38,'','M','Mcclellan','Pamora Ambere','','','','\0','','\0','\0','\0','\0','','N',0,'Unknown','','2020-11-12 16:40:55',NULL,NULL,NULL,NULL,1,'unknown','unknown',NULL,NULL,NULL),(147,'Audia','Norah','Audia Norah','1981-10-26',40,'','M','No','Awera Forest','','','','\0','','\0','\0','\0','\0','','N',0,'Unknown','','2020-11-12 16:40:55',NULL,NULL,NULL,NULL,1,'unknown','unknown',NULL,NULL,NULL),(148,'Heard','Elna','Heard Elna','1964-06-02',57,'','M','Welgo Street 789','Olyeko','','','','U','','U','\0','U','U','','N',1,'Unknown','','2020-11-12 16:40:55',NULL,NULL,'admin','2020-11-20 14:31:03',1,'unknown','unknown',NULL,NULL,NULL),(149,'Selley','Glendon','Selley Glendon','1970-05-31',51,'','M','Gilbert way 4','Kyera','','+424311','','U','','U','\0','U','U','','N',1,'Unknown','','2020-11-12 16:40:55',NULL,NULL,'admin','2021-03-15 22:26:04',1,'unknown','unknown',NULL,NULL,NULL),(150,'Keasler','Shakia','Keasler Shakia','1952-10-06',69,'','M','South','Paminya','','+14390955','','U','','U','\0','U','U','','N',1,'Unknown','','2020-11-12 16:40:55',NULL,NULL,'admin','2020-11-21 23:06:29',1,'unknown','unknown',NULL,NULL,NULL),(151,'Notter','Lien','Notter Lien','1984-01-26',37,'','M','Mcmeans','Kwio Owaro','','','','\0','','\0','\0','\0','\0','','N',0,'Unknown','','2020-11-12 16:40:55',NULL,NULL,NULL,NULL,1,'unknown','unknown',NULL,NULL,NULL),(152,'Eichner','Nikol','Eichner Nikol','1984-06-20',37,'','M','Academy','Mbaro Akanga','','','','\0','','\0','\0','\0','\0','','N',0,'Unknown','','2020-11-12 16:40:55',NULL,NULL,NULL,NULL,1,'unknown','unknown',NULL,NULL,NULL),(153,'Geissler','Carie','Geissler Carie','1980-06-12',41,'','M','Palisades street','Gute','','','','U','','U','\0','U','U','','N',1,'Unknown','','2020-11-12 16:40:55',NULL,NULL,'admin','2021-08-17 15:17:03',1,'unknown','unknown',NULL,NULL,NULL),(154,'Lamer','Warren','Lamer Warren','1963-10-14',58,'','M','Trussville','Pamora','','','','\0','','\0','\0','\0','\0','','N',0,'Unknown','','2020-11-12 16:40:55',NULL,NULL,NULL,NULL,1,'unknown','unknown',NULL,NULL,NULL),(155,'Nagata','Kory','Nagata Kory','2007-01-28',14,'','M','Adams 23','Harrington','','+043124114','','U','','U','\0','U','U','','N',2,'Unknown','','2020-11-12 16:40:55',NULL,NULL,'admin','2020-11-21 23:06:39',1,'unknown','unknown',NULL,NULL,NULL),(156,'Chain','Claudy','Chain Claudy','1984-06-14',37,'','M','West St. 5','Homewood','','+5222222','','U','','U','\0','U','U','N','N',2,'Unknown','','2020-11-12 16:40:55',NULL,NULL,'admin','2021-11-09 17:40:36',1,'unknown','unknown',NULL,NULL,NULL),(157,'Fiala','Zack','Fiala Zack','1995-05-05',26,'','M','Garnet road','Umago','','','','U','','U','\0','U','U','','N',1,'Unknown','','2020-11-12 16:40:55',NULL,NULL,'admin','2020-11-20 14:31:18',1,'unknown','unknown',NULL,NULL,NULL),(158,'Waring','Kenneth','Waring Kenneth','1938-04-22',83,'','M','North st 6','Overlook','','','','U','','U','\0','U','U','','N',1,'Unknown','','2020-11-12 16:40:55',NULL,NULL,'admin','2021-03-15 22:19:05',1,'unknown','unknown',NULL,NULL,NULL),(159,'Koons','Domingo','Koons Domingo','1966-06-19',55,'','M','South Street 88','Sherman','','+431341334','','U','','U','\0','U','U','','N',1,'A+','','2020-11-12 16:40:55',NULL,NULL,'admin','2021-11-11 19:48:37',1,'unknown','married',NULL,NULL,NULL),(160,'Capote','Parker','Capote Parker','1974-07-17',47,'','M','Marsh st. 94','Toryun','','','','U','','U','\0','U','U','','N',1,'Unknown','','2020-11-12 16:40:55',NULL,NULL,'admin','2020-11-21 02:01:20',1,'unknown','unknown',NULL,NULL,NULL),(161,'Zell','Lamar','Zell Lamar','1970-06-11',51,'','M','Green Street','Upper Hill','','+1412222','','U','','U','\0','U','U','','N',1,'0+','','2020-11-12 16:40:55',NULL,NULL,'admin','2021-03-15 14:35:00',1,'unknown','divorced',NULL,NULL,NULL),(162,'Karsten','Nickolas','Karsten Nickolas','2012-07-20',9,'','F','North way 8','Market','','','','U','','U','\0','U','U','','N',1,'Unknown','','2020-11-12 16:40:55',NULL,NULL,'admin','2021-03-15 14:30:31',1,'unknown','unknown',NULL,NULL,NULL),(163,'Dancy','Gerald','Dancy Gerald','1981-07-19',40,'','F','Trusel','Drive','','','','\0','','\0','\0','\0','\0','','N',0,'Unknown','','2020-11-12 16:40:55',NULL,NULL,NULL,NULL,1,'unknown','unknown',NULL,NULL,NULL),(164,'Parcell','Moises','Parcell Moises','1996-03-21',25,'','F','Saffron','Durham','','','','U','','U','\0','U','U','','N',1,'Unknown','','2020-11-12 16:40:55',NULL,NULL,'admin','2021-03-15 14:33:54',1,'unknown','unknown',NULL,NULL,NULL),(165,'Lockamy','Maxwell','Lockamy Maxwell','1993-03-25',28,'','F','Parker','Court','','','','\0','','\0','\0','\0','\0','','N',0,'Unknown','','2020-11-12 16:40:55',NULL,NULL,NULL,NULL,1,'unknown','unknown',NULL,NULL,NULL),(166,'Nalls','Santiago','Nalls Santiago','2000-06-13',21,'','M','West Road 11','Peninsula','','+54243342','','U','','U','\0','U','U','','N',2,'Unknown','','2020-11-12 16:40:55',NULL,NULL,'admin','2020-11-21 23:03:26',1,'unknown','unknown',NULL,NULL,NULL),(167,'Gauldin','Richard','Gauldin Richard','2003-09-08',18,'','F','Delta','St. Louis','','','','U','','U','\0','U','U','','N',1,'Unknown','','2020-11-12 16:40:55',NULL,NULL,'admin','2020-11-20 14:31:33',1,'unknown','unknown',NULL,NULL,NULL),(168,'Molly','Rod','Molly Rod','2001-05-29',20,'','F','East Rd 134','Trenton','','+54454121','','U','','U','\0','U','U','','N',1,'Unknown','','2020-11-12 16:40:55',NULL,NULL,'admin','2021-11-09 14:52:22',1,'unknown','unknown',NULL,NULL,NULL),(169,'Mondy','Darrell','Mondy Darrell','2000-10-01',21,'','F','Polverton street 91','House','','+13007844','','U','','U','\0','U','U','','N',1,'Unknown','','2020-11-12 16:40:55',NULL,NULL,'admin','2020-11-21 23:07:04',1,'unknown','unknown',NULL,NULL,NULL),(170,'Shelley','Cary','Shelley Cary','2002-11-02',19,'','F','Ruby street N. 71','Nicolls','','+1234134134','','U','','U','\0','U','U','','N',1,'Unknown','','2020-11-12 16:40:55',NULL,NULL,'admin','2021-11-09 14:57:57',1,'unknown','single',NULL,NULL,NULL),(171,'Rosa','Sterling','Rosa Sterling','1994-03-31',27,'','F','Edgewood N. 41','Court','','+54214331134','','U','','U','\0','U','U','','N',1,'Unknown','','2020-11-12 16:40:55',NULL,NULL,'admin','2021-11-09 15:00:39',1,'unknown','unknown',NULL,NULL,NULL),(172,'Randy','Eddy','Randy Eddy','1998-04-29',23,'','F','Bath dr. 613','Durham','','+43131434','','U','','U','\0','U','U','','N',2,'A+','','2020-11-12 16:40:55',NULL,NULL,'admin','2021-11-11 19:48:04',1,'unknown','single',NULL,NULL,NULL),(173,'Dexter','Alexis','Dexter Alexis','2002-11-02',19,'','F','Philmont Rd 1','Roshy','','','','U','','U','\0','U','U','','N',1,'Unknown','','2020-11-12 16:40:55',NULL,NULL,'admin','2021-03-15 22:19:29',1,'unknown','unknown',NULL,NULL,NULL),(174,'Maximo','Creviston','Maximo Creviston','2004-09-14',17,'','F','Kingston St.','Street Village','','+34.15644211','','U','','U','\0','U','U','','N',1,'Unknown','','2020-11-12 16:40:55',NULL,NULL,'admin','2021-11-09 15:01:25',1,'unknown','unknown',NULL,NULL,NULL),(175,'Simeone','Johnnie','Simeone Johnnie','1993-02-19',28,'','F','Lookout st.','St. Joseoh','','','','U','','U','\0','U','U','','N',1,'Unknown','','2020-11-12 16:40:55',NULL,NULL,'admin','2021-03-15 22:25:48',1,'unknown','unknown',NULL,NULL,NULL),(176,'Eyre','Branden','Eyre Branden','1996-03-05',25,'','F','Jersey rd','Queensville','','','','U','','U','\0','U','U','','N',1,'Unknown','','2020-11-12 16:40:55',NULL,NULL,'admin','2021-08-17 15:16:54',1,'unknown','unknown',NULL,NULL,NULL),(177,'Amidon','Brett','Amidon Brett','2000-05-31',21,'','F','Orchard','Ave.','','+45411241','','U','','U','\0','U','U','','N',1,'Unknown','','2020-11-12 16:40:55',NULL,NULL,'admin','2020-11-21 23:03:05',1,'unknown','unknown',NULL,NULL,NULL),(178,'Molly','Brooks','Molly Brooks','2017-09-04',4,'','F','Main avenue N. 51','Sierra','','','','U','','U','\0','U','U','','N',1,'Unknown','','2020-11-12 16:40:55',NULL,NULL,'admin','2021-08-17 15:16:45',1,'unknown','unknown',NULL,NULL,NULL),(179,'Jetter','Stanley','Jetter Stanley','1985-06-15',36,'','F','East','College','','+01912313123','','U','','U','\0','U','U','','N',1,'Unknown','','2020-11-12 16:40:55',NULL,NULL,'admin','2020-11-21 23:07:12',1,'unknown','unknown',NULL,NULL,NULL),(180,'Boyter','Brock','Boyter Brock','1985-03-15',36,'','F','West avenue 6','Oakwood','','+4323113','','U','','U','\0','U','U','','N',1,'B+','','2020-11-12 16:40:55',NULL,NULL,'admin','2021-11-11 19:48:19',1,'unknown','single',NULL,NULL,NULL),(181,'Batts','Stuart','Batts Stuart','1944-06-05',77,'','M','Mayfield st. 6','Drive','','+6t52222','','U','','U','\0','U','U','','N',2,'0-','','2020-11-12 16:40:55',NULL,NULL,'admin','2021-11-09 17:40:19',1,'unknown','married',NULL,NULL,NULL),(182,'Baldonado','Tod','Baldonado Tod','2007-08-29',14,'','M','Wayne','Dunston','','+141233','','U','','U','\0','U','U','','N',1,'A-','','2020-11-12 16:40:55',NULL,NULL,'admin','2021-03-15 14:30:49',1,'unknown','unknown',NULL,NULL,NULL),(183,'Strawder','Abraham','Strawder Abraham','1953-05-02',68,'','M','Duke 56','Lane','','+095484444','','U','','U','\0','U','U','','N',1,'Unknown','','2020-11-12 16:40:55',NULL,NULL,'admin','2020-11-21 23:03:17',1,'unknown','unknown',NULL,NULL,NULL),(187,'Bethel','Booker','Bethel Booker','2010-06-18',11,'','F','Ridge 77','York Wer','mary','','','U','','U','\0','U','U','','N',1,'Unknown','','2020-11-12 16:40:55',NULL,NULL,'admin','2020-11-21 02:01:05',1,'unknown','unknown',NULL,NULL,NULL),(188,'MArlon','Socha','MArlon Socha','1963-06-10',58,'','M','New Lane N .1','Prospect','','+54.23245245','','U','','U','\0','U','U','','N',1,'Unknown','','2020-11-12 16:40:55',NULL,NULL,'admin','2021-11-09 14:51:43',1,'unknown','unknown',NULL,NULL,NULL),(189,'Jake','Tibbetts','Jake Tibbetts','1967-10-11',54,'','M','Revolution ave.','Arlington','','+4231414','','U','','U','\0','U','U','','N',1,'B+','','2020-11-12 16:40:55',NULL,NULL,'admin','2021-03-15 22:23:21',1,'unknown','married',NULL,NULL,NULL),(190,'Sylvester','Anwar','Sylvester Anwar','1986-01-18',35,'','M','Knight lane','Langley','','+2121244','','U','','U','\0','U','U','','N',1,'AB+','','2020-11-12 16:40:55',NULL,NULL,'admin','2021-03-15 22:24:22',1,'unknown','married',NULL,NULL,NULL),(191,'Badgett','Leonard','Badgett Leonard','1964-05-04',57,'','M','Foster','Windfall','','','','\0','','\0','\0','\0','\0','','N',0,'Unknown','','2020-11-12 16:40:55',NULL,NULL,NULL,NULL,1,'unknown','unknown',NULL,NULL,NULL),(192,'Mayhan','Man','Mayhan Man','1964-09-04',57,'','M','East','Marlborough','','+66513611','','U','','U','\0','U','U','','N',1,'Unknown','','2020-11-12 16:40:55',NULL,NULL,'admin','2020-11-21 23:02:58',1,'unknown','unknown',NULL,NULL,NULL),(193,'Juarez','Chong','Juarez Chong','1966-09-06',55,'','M','Congress','Avenue','','','','\0','','\0','\0','\0','\0','','N',0,'Unknown','','2020-11-12 16:40:55',NULL,NULL,NULL,NULL,1,'unknown','unknown',NULL,NULL,NULL),(194,'Scheff','Benjamin','Scheff Benjamin','2006-07-06',15,'','M','Alderwood rd. 45','Dalton','','','','U','','U','\0','U','U','','N',1,'Unknown','','2020-11-12 16:40:55',NULL,NULL,'admin','2020-11-20 14:32:00',1,'unknown','unknown',NULL,NULL,NULL),(195,'Lafon','Andre','Lafon Andre','1997-06-18',24,'','M','East Suburb 5','Cherry','','','','U','','U','\0','U','U','','N',1,'Unknown','','2020-11-12 16:40:55',NULL,NULL,'admin','2021-03-15 14:31:01',1,'unknown','unknown',NULL,NULL,NULL),(196,'Madere','Dana','Madere Dana','1995-09-28',26,'','M','Sussex st.','Edimburgh','','','','U','','U','\0','U','U','','N',1,'Unknown','','2020-11-12 16:40:55',NULL,NULL,'admin','2020-11-20 14:32:19',1,'unknown','unknown',NULL,NULL,NULL),(197,'Jacob','Canino','Jacob Canino','1955-08-18',66,'','M','Country Way N. 43','Club town','','+54231431','','U','','U','\0','U','U','','N',1,'B-','','2020-11-12 16:40:55',NULL,NULL,'admin','2021-11-09 15:01:52',1,'unknown','married',NULL,NULL,NULL),(198,'Basye','Noble','Basye Noble','1999-01-23',22,'','M','Lowland Street','New heaven','','+431343114','','U','','U','\0','U','U','','N',1,'B+','','2020-11-12 16:40:55',NULL,NULL,'admin','2021-11-11 19:47:46',1,'unknown','single',NULL,NULL,NULL),(199,'Alexis','Newton','Alexis Newton','1982-11-01',39,'','M','Lake Road East 12','Court','','','','U','','U','\0','U','U','','N',1,'Unknown','','2020-11-12 16:40:55',NULL,NULL,'admin','2020-11-21 23:07:22',1,'unknown','unknown',NULL,NULL,NULL),(200,'Dahm','Son','Dahm Son','1942-08-29',79,'','M','Rawland','Colonial','','','','\0','','\0','\0','\0','\0','','N',0,'Unknown','','2020-11-12 16:40:55',NULL,NULL,NULL,NULL,1,'unknown','unknown',NULL,NULL,NULL),(201,'Varien','Kelly','Varien Kelly','1952-10-02',69,'','F','Vasing St.','Looksy','','','','\0','','\0','\0','\0','\0','','N',0,'Unknown','','2020-11-12 16:40:55',NULL,NULL,NULL,NULL,1,'unknown','unknown',NULL,NULL,NULL),(202,'Jimenez','Morton','Jimenez Morton','1967-02-03',54,'','F','East river 7','Moningbourough','','','','U','','U','\0','U','U','','N',2,'AB-','','2020-11-12 16:40:55',NULL,NULL,'admin','2021-03-15 22:19:44',1,'unknown','widowed',NULL,NULL,NULL),(203,'Nagel','Weldon','Nagel Weldon','1952-08-15',69,'','F','Howard','Avenue','','','','\0','','\0','\0','\0','\0','','N',0,'Unknown','','2020-11-12 16:40:55',NULL,NULL,NULL,NULL,1,'unknown','unknown',NULL,NULL,NULL),(204,'Nowak','Curt','Nowak Curt','1938-04-26',83,'','F','East Road 12','Parker','','+62542425','','U','','U','\0','U','U','','N',1,'Unknown','','2020-11-12 16:40:55',NULL,NULL,'admin','2020-11-21 23:02:36',1,'unknown','unknown',NULL,NULL,NULL),(205,'Stanislawski','Wilmer','Stanislawski Wilmer','1990-07-05',31,'','F','Cactus neighbrd','St.Peter','','','','U','','U','\0','U','U','','N',1,'Unknown','','2020-11-12 16:40:55',NULL,NULL,'admin','2021-03-15 14:31:24',1,'unknown','unknown',NULL,NULL,NULL),(206,'Marsden','Fredrick','Marsden Fredrick','1981-09-20',40,'','F','Underwood','Drive','','','','\0','','\0','\0','\0','\0','','N',0,'Unknown','','2020-11-12 16:40:55',NULL,NULL,NULL,NULL,1,'unknown','unknown',NULL,NULL,NULL),(208,'Wherry','Jewel','Wherry Jewel','1981-05-20',40,'','F','Broom ave. 55','Kulry','','+544224222','','U','','U','\0','U','U','','N',2,'Unknown','','2020-11-12 16:40:55',NULL,NULL,'admin','2021-11-09 17:39:22',1,'unknown','unknown',NULL,NULL,NULL),(213,'Catalan','Modesto','Catalan Modesto','1987-07-15',34,'','M','Edgemont','Drive','','','','\0','','\0','\0','\0','\0','','Y',0,'Unknown','','2020-11-12 16:40:55',NULL,NULL,NULL,NULL,1,'unknown','unknown',NULL,NULL,NULL),(214,'Wicker','Ken','Wicker Ken','1968-08-30',53,'','M','Fletcher St 6','St. Francis','','','','U','','U','\0','U','U','','N',1,'Unknown','','2020-11-12 16:40:55',NULL,NULL,'admin','2021-03-15 12:15:15',1,'unknown','unknown',NULL,NULL,NULL),(215,'Farquhar','Mickie','Farquhar Mickie','1981-11-02',40,'','M','Ember 41','Suryn','','','','U','','U','\0','U','U','','N',1,'Unknown','','2020-11-12 16:40:55',NULL,NULL,'admin','2020-11-21 02:00:45',1,'unknown','unknown',NULL,NULL,NULL),(216,'Jonny','Ellie','Jonny Ellie','1985-07-07',36,'','M','Ash rd. 4','Springville','','','','U','','U','\0','U','U','','N',3,'Unknown','','2020-11-12 16:40:55',NULL,NULL,'admin','2020-11-21 23:07:41',1,'unknown','unknown',NULL,NULL,NULL),(217,'Mcsherry','Mortimer','Mcsherry Mortimer','2008-11-01',13,'','M','Arch court 5','Courtney','','','','U','','U','\0','U','U','','N',2,'Unknown','','2020-11-12 16:40:55',NULL,NULL,'admin','2021-03-15 22:24:54',1,'unknown','unknown',NULL,NULL,NULL),(218,'Kinlaw','John','Kinlaw John','1976-02-16',45,'','M','New Street N. 99','Berkshire Town','','+13487877','','U','','U','\0','U','U','','N',2,'Unknown','','2020-11-12 16:40:55',NULL,NULL,'admin','2021-11-09 14:51:13',1,'unknown','unknown',NULL,NULL,NULL),(219,'Meares','Jerrie','Meares Jerrie','1944-07-17',77,'','M','Huntersville','Hamilton','','','','\0','','\0','\0','\0','\0','','N',0,'Unknown','','2020-11-12 16:40:55',NULL,NULL,NULL,NULL,1,'unknown','unknown',NULL,NULL,NULL),(220,'Espitia','Milton','Espitia Milton','2001-08-25',20,'','M','Drive n. 1','Hartford','','','','U','','U','\0','U','U','','N',1,'Unknown','','2020-11-12 16:40:55',NULL,NULL,'admin','2021-08-17 15:16:14',1,'unknown','unknown',NULL,NULL,NULL),(221,'Altom','Mervin','Altom Mervin','1987-09-28',34,'','M','Logan st','Lanestown','','','','U','','U','\0','U','U','','N',1,'Unknown','','2020-11-12 16:40:55',NULL,NULL,'admin','2021-08-17 15:16:25',1,'unknown','unknown',NULL,NULL,NULL),(222,'Judd','Hans','Judd Hans','1987-01-31',34,'','M','West st 11','Peace','','','','U','','U','\0','U','U','','N',1,'Unknown','','2020-11-12 16:40:55',NULL,NULL,'admin','2020-11-21 02:00:36',1,'unknown','unknown',NULL,NULL,NULL),(223,'Amakin','Syble','Amakin Syble','2011-08-12',10,'','M','Lowland Street','Madison','','+34314314','','U','','U','\0','U','U','','N',1,'Unknown','','2020-11-12 16:40:55',NULL,NULL,'admin','2021-11-09 15:02:18',1,'unknown','unknown',NULL,NULL,NULL),(224,'Mclendon','Daphon','Mclendon Daphon','1986-04-22',35,'','M','Lake Rd 5a','Court','','','','U','','U','\0','U','U','','N',2,'Unknown','','2020-11-12 16:40:55',NULL,NULL,'admin','2021-03-15 22:25:32',1,'unknown','unknown',NULL,NULL,NULL),(225,'Hayter','Leslee','Hayter Leslee','2019-06-21',2,'','F','Streamwood St. 12','Colonial','','+10545455','','U','','U','\0','U','U','','N',1,'Unknown','','2020-11-12 16:40:55',NULL,NULL,'admin','2020-11-21 23:02:52',1,'unknown','unknown',NULL,NULL,NULL),(226,'Hemsley','Chance','Hemsley Chance','2018-07-25',3,'','M','East Road 1','Moon','','+62431433','','U','','U','\0','U','U','','N',1,'AB+','','2020-11-12 16:40:55',NULL,NULL,'admin','2021-03-15 12:14:28',1,'unknown','unknown',NULL,NULL,NULL),(227,'Sargeant','Milda','Sargeant Milda','2019-07-15',2,'','M','Howard','Avenue','','','','\0','','\0','\0','\0','\0','','N',1,'Unknown','','2020-11-12 16:40:55',NULL,NULL,NULL,NULL,1,'unknown','unknown',NULL,NULL,NULL),(228,'Davila','Jaqueline','Davila Jaqueline','2019-02-16',2,'','F','East Street 55','Parker','','+3414313','','U','','U','\0','U','U','','N',1,'B+','','2020-11-12 16:40:55',NULL,NULL,'admin','2021-03-15 22:20:02',1,'unknown','unknown',NULL,NULL,NULL),(229,'Latson','Gisele','Latson Gisele','2013-08-20',8,'','M','Cactus','St.Andrews','','','','U','','U','\0','U','U','','N',1,'Unknown','','2020-11-12 16:40:55',NULL,NULL,'admin','2020-11-20 14:32:32',1,'unknown','unknown',NULL,NULL,NULL),(230,'Che','Janis','Che Janis','2017-04-13',4,'','M','Underwood','Drive','','','','\0','','\0','\0','\0','\0','','N',0,'Unknown','','2020-11-12 16:40:55',NULL,NULL,NULL,NULL,1,'unknown','unknown',NULL,NULL,NULL),(231,'Maddix','Delta','Maddix Delta','2019-04-11',2,'','F','Broom','Ave.','','','','U','','U','\0','U','U','','N',1,'Unknown','','2020-11-12 16:40:55',NULL,NULL,'admin','2020-11-21 23:02:07',1,'unknown','unknown',NULL,NULL,NULL),(232,'Jaeger','Laureen','Jaeger Laureen','2010-06-29',11,'','F','Edgemont','Drive','','+6562131','','U','','U','\0','U','U','','N',2,'Unknown','','2020-11-12 16:40:55',NULL,NULL,'admin','2020-11-21 23:02:01',1,'unknown','unknown',NULL,NULL,NULL),(233,'Jeffreys','Risa','Jeffreys Risa','2019-10-05',2,'','F','Ember','St. John','','','','U','','U','\0','U','U','','N',1,'Unknown','','2020-11-12 16:40:55',NULL,NULL,'admin','2021-03-15 12:14:40',1,'unknown','unknown',NULL,NULL,NULL),(234,'Days','Cristal','Days Cristal','2019-08-24',2,'','F','Ash St. 90','St. Cardinal','','+3432121','','U','','U','\0','U','U','','N',1,'Unknown','','2020-11-12 16:40:55',NULL,NULL,'admin','2020-11-21 23:02:26',1,'unknown','unknown',NULL,NULL,NULL),(235,'Lease','Royce','Lease Royce','2020-01-30',1,'','F','Arch 51','Court','','+13445111','','U','','U','\0','U','U','','N',1,'Unknown','','2020-11-12 16:40:55',NULL,NULL,'admin','2020-11-21 23:01:52',1,'unknown','unknown',NULL,NULL,NULL),(236,'Devon','Andra','Devon Andra','2019-01-19',2,'','M','Berkshire Street - 98/b','Benidorm','','+5424332413','','U','','U','\0','U','U','','N',1,'Unknown','','2020-11-12 16:40:55',NULL,NULL,'admin','2021-11-09 15:03:38',1,'unknown','unknown',NULL,NULL,NULL),(237,'Ritenour','Aurora','Ritenour Aurora','2019-10-22',2,'','M','Western','Hamilton','','','','\0','','\0','\0','\0','\0','','N',0,'Unknown','','2020-11-12 16:40:55',NULL,NULL,NULL,NULL,1,'unknown','unknown',NULL,NULL,NULL),(238,'Blanche','Criswell','Blanche Criswell','2012-07-17',9,'','F','Hartford drive','Hartford town','','','','U','','U','\0','U','U','','N',1,'Unknown','','2020-11-12 16:40:55',NULL,NULL,'admin','2021-11-09 15:02:46',1,'unknown','unknown',NULL,NULL,NULL),(239,'Reynold','Marylyn','Reynold Marylyn','2011-03-30',10,'','M','Logan 23','Lane','','','','U','','U','\0','U','U','','N',1,'Unknown','','2020-11-12 16:40:55',NULL,NULL,'admin','2020-11-21 02:00:04',1,'unknown','unknown',NULL,NULL,NULL),(240,'Albers','Santo','Albers Santo','2017-05-14',4,'','M','West Lane 5','Peace','','','','U','','U','\0','U','U','','N',1,'Unknown','','2020-11-12 16:40:55',NULL,NULL,'admin','2021-03-15 14:31:35',1,'unknown','unknown',NULL,NULL,NULL),(241,'Aldrete','Valarie','Aldrete Valarie','2020-03-30',1,'','M','Victoria Avenue','Kolly','','','','U','','U','\0','U','U','','N',1,'A-','','2020-11-12 16:40:55',NULL,NULL,'admin','2021-03-15 14:32:01',1,'unknown','unknown',NULL,NULL,NULL),(242,'Bumpers','Ferdinand','Bumpers Ferdinand','2014-01-27',7,'','M','Fletcher','Ave.','','+4090138434','','U','','U','\0','U','U','','N',2,'Unknown','','2020-11-12 16:40:55',NULL,NULL,'admin','2020-11-21 23:07:51',1,'unknown','unknown',NULL,NULL,NULL),(243,'Moschella','Deangelo','Moschella Deangelo','2011-05-29',10,'','M','Estate drive','St.Louis','','','','U','','U','\0','U','U','','N',2,'Unknown','','2020-11-12 16:40:55',NULL,NULL,'admin','2021-03-15 22:22:42',1,'unknown','unknown',NULL,NULL,NULL),(244,'Schanz','Emmanuel','Schanz Emmanuel','2020-02-18',1,'','M','Piper lane 99','Sprins','','+31341341','','U','','U','\0','U','U','','N',1,'Unknown','','2020-11-12 16:40:55',NULL,NULL,'admin','2021-03-15 22:25:20',1,'unknown','unknown',NULL,NULL,NULL),(245,'Vanish','Katriny','Vanish Katriny','2019-03-18',2,'','M','Sierra st.','Wegion','','','','U','','U','\0','U','U','','N',2,'Unknown','','2020-11-12 16:40:55',NULL,NULL,'admin','2021-11-09 17:39:09',1,'unknown','unknown',NULL,NULL,NULL),(246,'Fredrickson','Denna','Fredrickson Denna','2009-08-13',12,'','M','Mayfield Ave.','Horford','','+5123141','','U','','U','\0','U','U','','N',1,'Unknown','','2020-11-12 16:40:55',NULL,NULL,'admin','2021-03-15 14:32:17',1,'unknown','unknown',NULL,NULL,NULL),(247,'Dacruz','Jestine','Dacruz Jestine','2019-10-04',2,'','F','Storm Ave.','Arlington','','+07346801015','','U','','U','\0','U','U','','N',2,'Unknown','','2020-11-12 16:40:55',NULL,NULL,'admin','2021-03-15 14:32:28',1,'unknown','unknown',NULL,NULL,NULL),(248,'Eddinger','Serafina','Eddinger Serafina','2012-04-01',9,'','F','Frost St.','Ramondksy','','','','U','','U','\0','U','U','','N',1,'Unknown','','2020-11-12 16:40:55',NULL,NULL,'admin','2020-11-20 14:33:29',1,'unknown','unknown',NULL,NULL,NULL),(249,'Konieczny','Renna','Konieczny Renna','2020-07-30',1,'','M','Virginia Street n. 121','Springville','','+13.1.14314341','','U','','U','\0','U','U','','N',1,'Unknown','','2020-11-12 16:40:55',NULL,NULL,'admin','2021-08-17 15:15:46',1,'unknown','unknown',NULL,NULL,NULL),(250,'Deville','Krystina','Deville Krystina','2020-06-14',1,'','M','Depot place','Drivetown','','','','U','','U','\0','U','U','','N',3,'Unknown','','2020-11-12 16:40:55',NULL,NULL,'admin','2021-08-17 15:15:19',1,'unknown','unknown',NULL,NULL,NULL),(251,'Jerome','Raguel','Jerome Raguel','2020-06-23',1,'','M','Hope Avenue 66','Saint town','','','','U','','U','\0','U','U','','N',3,'Unknown','','2020-11-12 16:40:55',NULL,NULL,'admin','2020-11-21 23:01:22',1,'unknown','unknown',NULL,NULL,NULL),(252,'Stefano','Laquita','Stefano Laquita','2019-03-01',2,'','M','Nova','Avenue','','+4332577764','','U','','U','\0','U','U','','N',1,'Unknown','','2020-11-12 16:40:55',NULL,NULL,'admin','2020-11-21 23:08:05',1,'unknown','unknown',NULL,NULL,NULL),(253,'Juliana','Risk','Juliana Risk','2020-03-02',1,'','F','Liberty st','Courtville','','+3411111','','U','','U','\0','U','U','','N',1,'Unknown','','2020-11-12 16:40:55',NULL,NULL,'admin','2021-11-09 17:24:01',1,'unknown','unknown',NULL,NULL,NULL),(254,'Kendall','Adrian','Kendall Adrian','2020-04-20',1,'','M','Arnold Ave.','Guildon','','','','U','','U','\0','U','U','','N',2,'Unknown','','2020-11-12 16:40:55',NULL,NULL,'admin','2020-11-20 14:33:09',1,'unknown','unknown',NULL,NULL,NULL),(255,'Reder','Otilia','Reder Otilia','1994-02-19',27,'','F','Penrose Ave.','Martinsoon','','','','U','','U','\0','U','U','','N',1,'Unknown','','2020-11-12 16:40:55',NULL,NULL,'admin','2020-11-20 14:32:55',1,'unknown','unknown',NULL,NULL,NULL),(256,'Lightfoot','Carlton','Lightfoot Carlton','2014-07-24',7,'','M','South','Westminster','','','','\0','','\0','\0','\0','\0','','N',0,'Unknown','','2020-11-12 16:40:55',NULL,NULL,NULL,NULL,1,'unknown','unknown',NULL,NULL,NULL),(257,'Jollif','Edra','Jollif Edra','2010-09-13',11,'','F','Meadow','Court','','+013435432','','U','','U','\0','U','U','','N',1,'Unknown','','2020-11-12 16:40:55',NULL,NULL,'admin','2020-11-21 23:07:58',1,'unknown','unknown',NULL,NULL,NULL),(258,'Carmelina','Rauch','Carmelina Rauch','2015-02-17',6,'','M','Locust Rd.','Waymo','','+54213434','','U','','U','\0','U','U','','N',1,'Unknown','','2020-11-12 16:40:55',NULL,NULL,'admin','2021-11-09 15:04:42',1,'unknown','unknown',NULL,NULL,NULL),(259,'Ascencio','Breann','Ascencio Breann','2019-02-24',2,'','F','W.Ghuil 67','Trenton','','','','U','','U','\0','U','U','','N',1,'Unknown','','2020-11-12 16:40:55',NULL,NULL,'admin','2020-11-20 19:35:20',1,'unknown','unknown',NULL,NULL,NULL),(260,'Osgood','Elicia','Osgood Elicia','1996-04-27',25,'','F','Lexington','Street','','','','\0','','\0','\0','\0','\0','','N',0,'Unknown','','2020-11-12 16:40:55',NULL,NULL,NULL,NULL,1,'unknown','unknown',NULL,NULL,NULL),(261,'Maryetta','Echols','Maryetta Echols','2020-04-14',1,'','F','North Road 21','Anchor','','+412.3141341','','U','','U','\0','U','U','','N',2,'Unknown','','2020-11-12 16:40:55',NULL,NULL,'admin','2021-11-09 15:04:03',1,'unknown','unknown',NULL,NULL,NULL),(262,'Dean','Criger','Dean Criger','2017-06-01',4,'','M','Columbia st.','Galvon','','','','U','','U','\0','U','U','','N',2,'Unknown','','2020-11-12 16:40:55',NULL,NULL,'admin','2021-03-15 22:20:54',1,'unknown','unknown',NULL,NULL,NULL),(263,'Beebe','Artie','Beebe Artie','2012-05-13',9,'','M','Long Avenue 6','Hambrog','','','','U','','U','\0','U','U','','N',1,'Unknown','','2020-11-12 16:40:55',NULL,NULL,'admin','2021-03-15 22:20:24',1,'unknown','unknown',NULL,NULL,NULL),(264,'Every','Raquel','Every Raquel','1990-07-11',31,'','F','Beech St.','Springfield','','','','U','','U','\0','U','U','','N',1,'Unknown','','2020-11-12 16:40:55',NULL,NULL,'admin','2021-03-15 14:32:39',1,'unknown','unknown',NULL,NULL,NULL),(265,'Keefe','Mable','Keefe Mable','2018-09-01',3,'','F','Penrose','Street','','','','U','','U','\0','U','U','','N',2,'Unknown','','2020-11-12 16:40:55',NULL,NULL,'admin','2020-11-21 23:00:37',1,'unknown','unknown',NULL,NULL,NULL),(266,'Mcnair','Cleo','Mcnair Cleo','2020-01-28',1,'','M','Talbot lane 3','Lanuour','','','','U','','U','\0','U','U','','N',1,'A-','','2020-11-12 16:40:55',NULL,NULL,'admin','2021-03-15 22:20:42',1,'unknown','unknown',NULL,NULL,NULL),(267,'Duclos','Deon','Duclos Deon','2020-10-14',1,'','M','Roosevelt St.','Fulham','','+12111','','U','','U','\0','U','U','','N',1,'A-','','2020-11-12 16:40:55',NULL,NULL,'admin','2021-03-15 14:33:02',1,'unknown','unknown',NULL,NULL,NULL),(268,'Rinke','Alexis','Rinke Alexis','2020-05-19',1,'','F','Plaza  12','Santa Barbara','','+3415555','','U','','U','\0','U','U','','N',3,'Unknown','','2020-11-12 16:40:55',NULL,NULL,'admin','2020-11-21 23:00:31',1,'unknown','unknown',NULL,NULL,NULL),(269,'Madaline','Mincks','Madaline Mincks','1970-04-27',51,'','F','Courtland st.','Sterling','','+542331431413','','U','','U','\0','U','U','','N',1,'AB-','','2020-11-12 16:40:55',NULL,NULL,'admin','2021-11-09 15:05:11',1,'unknown','widowed',NULL,NULL,NULL),(270,'Cerny','Belle','Cerny Belle','2020-06-02',1,'','M','Ave. Providence','Aveber','','','','U','','U','\0','U','U','','N',1,'Unknown','','2020-11-12 16:40:55',NULL,NULL,'admin','2020-11-21 22:59:51',1,'unknown','unknown',NULL,NULL,NULL),(271,'Diego','Roni','Diego Roni','1980-04-04',41,'','F','Sutor st. 5','Kiron','','','','U','','U','\0','U','U','','N',2,'Unknown','','2020-11-12 16:40:55',NULL,NULL,'admin','2021-08-17 15:14:31',1,'unknown','unknown',NULL,NULL,NULL),(272,'Agustina','Duby','Agustina Duby','2016-10-25',5,'','F','Courtland Road','Roadsy','','+52324331','','U','','U','\0','U','U','','N',2,'Unknown','','2020-11-12 16:40:55',NULL,NULL,'admin','2021-11-09 15:06:12',1,'unknown','unknown',NULL,NULL,NULL),(273,'Auzenne','Lashunda','Auzenne Lashunda','1953-10-16',68,'','F','Surrey st.','Georgetown','','','','U','','U','\0','U','U','','N',1,'Unknown','','2020-11-12 16:40:55',NULL,NULL,'admin','2020-11-20 14:34:42',1,'unknown','unknown',NULL,NULL,NULL),(274,'Mingo','Denise','Mingo Denise','1961-08-22',60,'','F','Old Central 45','Corpys','','','','U','','U','\0','U','U','','N',1,'Unknown','','2020-11-12 16:40:55',NULL,NULL,'admin','2021-08-17 15:14:48',1,'unknown','unknown',NULL,NULL,NULL),(275,'Burrell','Zane','Burrell Zane','2020-10-15',1,'','M','North Road 11','Squaw','','','','U','','U','\0','U','U','','N',2,'Unknown','','2020-11-12 16:40:55',NULL,NULL,'admin','2021-08-17 15:14:25',1,'unknown','unknown',NULL,NULL,NULL),(276,'Rakette','Frank','Rakette Frank','2018-04-30',3,'','F','Auburn st.','Northampton','','','','U','','U','\0','U','U','','N',1,'Unknown','','2020-11-12 16:40:55',NULL,NULL,'admin','2020-11-20 14:34:04',1,'unknown','unknown',NULL,NULL,NULL),(277,'Elouise','Ackerman','Elouise Ackerman','2019-01-22',2,'','F','Polygon Drive','Calumet City','','','','U','','U','\0','U','U','','N',2,'Unknown','','2020-11-12 16:40:55',NULL,NULL,'admin','2020-11-20 14:34:24',1,'unknown','unknown',NULL,NULL,NULL),(278,'Louque','Elian','Louque Elian','2020-02-02',1,'','M','Wellness','Dr. South Town','','+34234324314','','U','','U','\0','U','U','','N',1,'Unknown','','2020-11-12 16:40:55',NULL,NULL,'admin','2020-11-21 22:58:42',1,'unknown','unknown',NULL,NULL,NULL),(279,'Nerina','Vernell','Nerina Vernell','2020-03-18',1,'','F','West county 91','San Jos','','+412521434','','U','','U','\0','U','U','','N',2,'Unknown','','2020-11-12 16:40:55',NULL,NULL,'admin','2021-03-15 12:03:24',1,'unknown','unknown',NULL,NULL,NULL),(280,'Zdenek','Alejandren','Zdenek Alejandren','2020-09-30',1,'','M','Orchard Street','Orin','','+52343431','','U','','U','\0','U','U','','N',2,'Unknown','','2020-11-12 16:40:55',NULL,NULL,'admin','2021-11-09 15:05:36',1,'unknown','unknown',NULL,NULL,NULL),(281,'Feehan','Tiana','Feehan Tiana','2020-08-04',1,'','F','Parker','Drive town','','','','U','','U','\0','U','U','','N',1,'Unknown','','2020-11-12 16:40:55',NULL,NULL,'admin','2020-11-21 22:58:56',1,'unknown','unknown',NULL,NULL,NULL),(282,'Eckler','Sadye','Eckler Sadye','2020-09-03',1,'','M','Addison','Avenue','','+41446621','','U','','U','\0','U','U','','N',3,'Unknown','','2020-11-12 16:40:55',NULL,NULL,'admin','2020-11-21 22:59:30',1,'unknown','unknown',NULL,NULL,NULL),(283,'Eckler','Eli','Eckler Eli','2020-09-21',1,'','F','Autumn','Street','','+14525235','','U','','U','\0','U','U','','N',1,'Unknown','','2020-11-12 16:40:55',NULL,NULL,'admin','2020-11-21 22:59:12',1,'unknown','unknown',NULL,NULL,NULL),(284,'Allard','Denita','Allard Denita','2020-09-25',1,'','M','Belmont','Street','','+4225555','','U','','U','\0','U','U','','N',1,'Unknown','','2020-11-12 16:40:55',NULL,NULL,'admin','2020-11-21 22:59:05',1,'unknown','unknown',NULL,NULL,NULL),(285,'Tuft','Jeffie','Tuft Jeffie','1975-08-19',46,'','M','Theatre St.','Covington','','','','U','','U','\0','U','U','','N',1,'Unknown','','2020-11-12 16:40:55',NULL,NULL,'admin','2021-03-15 12:03:46',1,'unknown','unknown',NULL,NULL,NULL),(286,'Silvernail','Brenna','Silvernail Brenna','2020-02-06',1,'','F','Bath Dr. 66','Willygh','Father','+536222','','U','','U','\0','U','U','','N',2,'Unknown','','2020-11-12 16:40:55',NULL,NULL,'admin','2021-11-11 19:47:19',1,'unknown','unknown',NULL,NULL,NULL),(287,'Ellenburg','Gina','Ellenburg Gina','1960-03-09',61,'','M','North 55','Wehry','','','','U','','U','\0','U','U','','N',1,'Unknown','','2020-11-12 16:40:55',NULL,NULL,'admin','2020-11-21 01:59:02',1,'unknown','unknown',NULL,NULL,NULL),(288,'Sowers','Yevette','Sowers Yevette','1947-08-04',74,'','F','Primrose St.','Sulley','','','','U','','U','\0','U','U','','N',2,'Unknown','','2020-11-12 16:40:55',NULL,NULL,'admin','2021-03-15 14:33:11',1,'unknown','unknown',NULL,NULL,NULL),(289,'Dewall','Karen','Dewall Karen','1950-09-17',71,'','M','South Avenue 1b','Earl','','+2331541','','U','','U','\0','U','U','','N',1,'Unknown','','2020-11-12 16:40:55',NULL,NULL,'admin','2020-11-21 01:59:36',1,'unknown','unknown',NULL,NULL,NULL),(290,'Joesph','Kenna','Joesph Kenna','1959-02-04',62,'','M','53rd Street','COuntu west evans','','','','U','','U','\0','U','U','','N',1,'Unknown','','2020-11-12 16:40:55',NULL,NULL,'admin','2020-11-21 02:00:24',1,'unknown','unknown',NULL,NULL,NULL),(291,'Benard','Cynthia','Benard Cynthia','1987-10-05',34,'','F','Marine ave.','Glossington','','','','U','','U','\0','U','U','','N',3,'Unknown','','2020-11-12 16:40:55',NULL,NULL,'admin','2021-03-15 12:02:53',1,'unknown','unknown',NULL,NULL,NULL),(292,'Gelman','Demetrice','Gelman Demetrice','1950-03-10',71,'','M','Glen ridge','Springfield','','','','U','','U','\0','U','U','','N',1,'B+','','2020-11-12 16:40:55',NULL,NULL,'admin','2021-03-15 12:14:11',1,'unknown','widowed',NULL,NULL,NULL),(293,'Yanni','Charlena','Yanni Charlena','1960-04-02',61,'','M','West. seyn 2','Galvin','','','','U','','U','\0','U','U','','N',2,'Unknown','','2020-11-12 16:40:55',NULL,NULL,'admin','2021-11-09 17:38:55',1,'unknown','unknown',NULL,NULL,NULL),(294,'Keltner','Josefina','Keltner Josefina','1990-08-28',31,'','F','Luna ave.','Springfield','','','','U','','U','\0','U','U','','N',2,'B+','','2020-11-12 16:40:55',NULL,NULL,'admin','2021-03-15 12:09:04',1,'unknown','married',NULL,NULL,NULL),(295,'Kirby','Ai','Kirby Ai','1973-11-03',48,'','M','Lafayette 5','Durban','','+34343\\35','','U','','U','\0','U','U','','N',2,'Unknown','','2020-11-12 16:40:55',NULL,NULL,'admin','2020-11-21 01:59:56',1,'unknown','unknown',NULL,NULL,NULL),(296,'Cousineau','Keesha','Cousineau Keesha','2011-07-19',10,'','M','Mammoth ave.','Springfield','','','','U','','U','\0','U','U','','N',1,'Unknown','','2020-11-12 16:40:55',NULL,NULL,'admin','2021-03-15 12:09:29',1,'unknown','unknown',NULL,NULL,NULL),(297,'Drake','Synthia','Drake Synthia','2001-03-01',20,'','M','Gorny boul. 21','Wellington','','+542241','','U','','U','\0','U','U','','N',1,'0-','','2020-11-12 16:40:55',NULL,NULL,'admin','2021-03-15 22:21:35',1,'unknown','single',NULL,NULL,NULL),(298,'Crystal','Venessa','Crystal Venessa','1961-10-10',60,'','F','Court rd 5','Nannisville','','','','U','','U','\0','U','U','','N',2,'Unknown','','2020-11-12 16:40:55',NULL,NULL,'admin','2021-08-17 15:14:04',1,'unknown','unknown',NULL,NULL,NULL),(299,'Junior','Annie','Junior Annie','1985-01-21',36,'','M','South Street 5','Windsor town','','','','U','','U','\0','U','U','','N',1,'Unknown','','2020-11-12 16:40:55',NULL,NULL,'admin','2021-08-17 15:13:27',1,'unknown','unknown',NULL,NULL,NULL),(300,'Andrepont','Golden','Andrepont Golden','2005-05-18',16,'','M','Drive way 62','Maryville','','+343245555','','U','','U','\0','U','U','','N',1,'Unknown','','2020-11-12 16:40:55',NULL,NULL,'admin','2020-11-21 22:58:27',1,'unknown','unknown',NULL,NULL,NULL),(301,'Kruse','Noe','Kruse Noe','1981-11-08',40,'','M','Virginia rd 66','Beachville','','','','U','','U','\0','U','U','','N',1,'Unknown','','2020-11-12 16:40:55',NULL,NULL,'admin','2021-08-17 15:13:15',1,'unknown','unknown',NULL,NULL,NULL),(302,'Scheffer','Terina','Scheffer Terina','1988-08-16',33,'','F','Road New 14','Lewiston','','+34235112','','U','','U','\0','U','U','','N',2,'Unknown','','2020-11-12 16:40:55',NULL,NULL,'admin','2021-03-15 22:22:10',1,'unknown','unknown',NULL,NULL,NULL),(303,'Vanover','Tuyet','Vanover Tuyet','1981-07-05',40,'','M','Drive road 151','Mount','','','','U','','U','\0','U','U','','N',1,'Unknown','','2020-11-12 16:40:55',NULL,NULL,'admin','2021-03-15 14:33:32',1,'unknown','unknown',NULL,NULL,NULL),(304,'Amo','Natalia','Amo Natalia','1949-08-20',72,'','M','Saint street 1','Charlesville','','','','U','','U','\0','U','U','','N',1,'Unknown','','2020-11-12 16:40:55',NULL,NULL,'admin','2021-08-17 15:13:04',1,'unknown','unknown',NULL,NULL,NULL),(305,'Grose','Rosalba','Grose Rosalba','1963-10-11',58,'','F','Lendor St.','Lenoir','','','','U','','U','\0','U','U','','N',2,'Unknown','','2020-11-12 16:40:55',NULL,NULL,'admin','2021-03-15 14:33:23',1,'unknown','unknown',NULL,NULL,NULL),(306,'Nantz','Ahmad','Nantz Ahmad','1992-04-19',29,'','M','Pickerington st','OH town','','','','U','','U','\0','U','U','','N',1,'Unknown','','2020-11-12 16:40:55',NULL,NULL,'admin','2021-08-17 15:13:50',1,'unknown','unknown',NULL,NULL,NULL),(307,'Terranova','Quinn','Terranova Quinn','2009-10-01',12,'','M','Drive Road 35','Old','','','','U','','U','\0','U','U','','N',1,'Unknown','','2020-11-12 16:40:55',NULL,NULL,'admin','2020-11-21 22:58:15',1,'unknown','unknown',NULL,NULL,NULL),(308,'Trantham','Donte','Trantham Donte','1995-05-08',26,'','M','Curry Rd.','Roslindale','','+652214554245','','U','','U','\0','U','U','','N',1,'A-','','2020-11-12 16:40:55',NULL,NULL,'admin','2021-11-09 17:19:40',1,'medicine','single',NULL,NULL,NULL),(309,'Neguson','Deangelo','Neguson Deangelo','1973-04-11',48,'','M','Elmhurst Avn. 51','NY','','+542543111','','U','','U','\0','U','U','','N',1,'Unknown','','2020-11-12 16:40:55',NULL,NULL,'admin','2021-11-09 15:06:35',1,'unknown','unknown',NULL,NULL,NULL),(310,'Raymo','Kieth','Raymo Kieth','1984-04-17',37,'','M','Wayne Road main','Stillwater','','+034321311','','U','','U','\0','U','U','','N',1,'Unknown','','2020-11-12 16:40:55',NULL,NULL,'admin','2020-11-21 23:08:23',1,'unknown','unknown',NULL,NULL,NULL),(311,'Arata','Vincent','Arata Vincent','1938-08-01',83,'','M','Fort Rd. 1','Fort','','+45341313','','U','','U','\0','U','U','','N',2,'Unknown','','2020-11-12 16:40:55',NULL,NULL,'admin','2021-11-11 19:46:53',1,'unknown','unknown',NULL,NULL,NULL),(312,'Quiroga','Isreal','Quiroga Isreal','1978-05-07',43,'','M','Teaneck St. 1','New River Village','','+62.872564524','','U','','U','\0','U','U','','N',1,'Unknown','','2020-11-12 16:40:55',NULL,NULL,'admin','2021-11-09 14:50:20',1,'unknown','unknown',NULL,NULL,NULL),(313,'Depuy','Darrell','Depuy Darrell','1969-10-07',52,'','M','Large Street 731','Beloit','','','','U','','U','\0','U','U','','N',1,'Unknown','','2020-11-12 16:40:55',NULL,NULL,'admin','2021-03-15 12:10:00',1,'unknown','unknown',NULL,NULL,NULL),(314,'Dark','Shon','Dark Shon','1979-04-13',42,'','M','Avery Lane 123','Savage','','','','U','','U','\0','U','U','','N',1,'Unknown','','2020-11-12 16:40:55',NULL,NULL,'admin','2021-03-15 12:10:12',1,'unknown','unknown',NULL,NULL,NULL),(315,'Kittelson','Hobert','Kittelson Hobert','1972-09-15',49,'','M','Kent rd 1','OH Town','','+542252111','','U','','U','\0','U','U','','N',2,'Unknown','','2020-11-12 16:40:55',NULL,NULL,'admin','2021-11-09 17:21:32',1,'unknown','unknown',NULL,NULL,NULL),(316,'Vitela','Jerrod','Vitela Jerrod','1945-03-04',76,'','M','South st 55','Windsor','','343143155','','U','','U','\0','U','U','','N',1,'Unknown','','2020-11-12 16:40:55',NULL,NULL,'admin','2021-11-11 19:47:02',1,'unknown','unknown',NULL,NULL,NULL),(317,'Isaiah','Isabelle','Isaiah Isabelle','1948-05-04',73,'','M','Cartersville district 5','Gary Town','','+45211111','','U','','U','\0','U','U','','N',1,'A+','','2020-11-12 16:40:55',NULL,NULL,'admin','2021-11-09 17:21:00',1,'farming','widowed',NULL,NULL,NULL),(318,'Durrah','Stanton','Durrah Stanton','1978-04-27',43,'','M','Dover Pl. 823','North Hover','','','','U','','U','\0','U','U','','N',1,'Unknown','','2020-11-12 16:40:55',NULL,NULL,'admin','2020-11-21 01:58:49',1,'unknown','unknown',NULL,NULL,NULL),(319,'Stackpole','Solomon','Stackpole Solomon','2003-07-15',18,'','M','Bayside','New Town','','+5411111','','U','','U','\0','U','U','','N',1,'Unknown','','2020-11-12 16:40:55',NULL,NULL,'admin','2021-11-09 17:31:11',1,'unknown','unknown',NULL,NULL,NULL),(320,'Stacy','Hauger','Stacy Hauger','1972-11-09',49,'','F','Warminster','PA','','','','U','','U','\0','U','U','','N',1,'Unknown','','2020-11-12 16:40:55',NULL,NULL,'admin','2020-11-20 02:19:18',1,'unknown','unknown',NULL,NULL,NULL),(321,'Jemison','Roscoe','Jemison Roscoe','1954-03-02',67,'','M','Muligan Drive N. 4','Cottage Town','','+134.343213','','U','','U','\0','U','U','','N',1,'Unknown','','2020-11-12 16:40:55',NULL,NULL,'admin','2021-11-09 14:50:45',1,'unknown','unknown',NULL,NULL,NULL),(322,'Iraheta','Jerome','Iraheta Jerome','1981-09-07',40,'','M','Street','Aberdeen','','','','\0','','\0','\0','\0','\0','','N',0,'Unknown','','2020-11-12 16:40:55',NULL,NULL,NULL,NULL,1,'unknown','unknown',NULL,NULL,NULL),(323,'Skiba','Millard','Skiba Millard','1971-05-28',50,'','M','Large Lane 5','Meadville','','+65222222','','U','','U','\0','U','U','','N',1,'Unknown','','2020-11-12 16:40:55',NULL,NULL,'admin','2021-11-09 17:18:15',1,'unknown','unknown',NULL,NULL,NULL),(324,'Tony','Salmeron','Tony Salmeron','1952-09-30',69,'','M','Sun street 1/b','Sun City','','','','U','','U','\0','U','U','','N',2,'Unknown','','2020-11-12 16:40:55',NULL,NULL,'admin','2021-03-15 22:21:53',1,'unknown','unknown',NULL,NULL,NULL),(325,'Ramon','Saltz','Ramon Saltz','1974-10-31',47,'','M','Maplewood Rd. 89','New Jam','','+514541311','','U','','U','\0','U','U','','N',1,'A-','','2020-11-12 16:40:55',NULL,NULL,'admin','2021-11-09 15:26:35',1,'unknown','divorced',NULL,NULL,NULL),(326,'Raborn','Nathanael','Raborn Nathanael','1984-03-28',37,'','M','Red St.','North','','+4512512455','','U','','U','\0','U','U','','N',1,'Unknown','','2020-11-12 16:40:55',NULL,NULL,'admin','2020-11-21 22:58:00',1,'unknown','unknown',NULL,NULL,NULL),(327,'Montealegre','Cesar','Montealegre Cesar','1983-04-13',38,'','M','Dalton 1','Gat Husnt','','','','U','','U','\0','U','U','','N',1,'Unknown','','2020-11-12 16:40:55',NULL,NULL,'admin','2020-11-21 02:01:40',1,'unknown','unknown',NULL,NULL,NULL),(328,'Teller','King','Teller King','1992-08-29',29,'','M','Ashtabula Rd','Open','','87546563','','U','','U','\0','U','U','','N',1,'Unknown','','2020-11-12 16:40:55',NULL,NULL,'admin','2021-11-09 15:06:54',1,'unknown','unknown',NULL,NULL,NULL),(329,'Rausch','Santo','Rausch Santo','1975-10-07',46,'','M','Stavinger St. 1','Canonsburg','','+542433431','','U','','U','\0','U','U','','N',1,'0+','','2020-11-12 16:40:55',NULL,NULL,'admin','2021-11-09 15:27:02',1,'unknown','married',NULL,NULL,NULL),(330,'Noblitt','Kenton','Noblitt Kenton','1992-02-29',29,'','M','Washington','PA','','+18484841','','U','','U','\0','U','U','','N',1,'Unknown','','2020-11-12 16:40:55',NULL,NULL,'admin','2020-11-21 23:08:31',1,'unknown','unknown',NULL,NULL,NULL),(331,'Raven','Philip','Raven Philip','1993-02-08',28,'','M','Beverly st. 1','Margy','','','','U','','U','\0','U','U','','N',1,'Unknown','','2020-11-12 16:40:55',NULL,NULL,'admin','2021-03-15 12:10:41',1,'unknown','unknown',NULL,NULL,NULL),(332,'Cullen','Minh','Cullen Minh','1989-10-29',32,'','M','Henderson N. 51','Kerigan','','+42542525','','U','','U','\0','U','U','','N',4,'Unknown','','2020-11-12 16:40:55',NULL,NULL,'admin','2021-11-09 15:07:12',1,'unknown','unknown',NULL,NULL,NULL),(333,'Erik','Kimpel','Erik Kimpel','1998-06-23',23,'','M','Bonita Av. 671','Springs Town','','+54211111','','U','','U','\0','U','U','','N',1,'A+','','2020-11-12 16:40:55',NULL,NULL,'admin','2021-11-09 15:27:29',1,'unknown','single',NULL,NULL,NULL),(334,'Starns','Kristopher','Starns Kristopher','2006-09-07',15,'','M','Lowell st 5','Mass Cambrisge','','','','U','','U','\0','U','U','','N',1,'Unknown','','2020-11-12 16:40:55',NULL,NULL,'admin','2020-11-21 02:01:58',1,'unknown','unknown',NULL,NULL,NULL),(335,'Provenzano','Branden','Provenzano Branden','1945-04-21',76,'','M','Leland st. 56','Wartingon','','','','U','','U','\0','U','U','','N',1,'Unknown','','2020-11-12 16:40:55',NULL,NULL,'admin','2020-11-21 01:58:35',1,'unknown','unknown',NULL,NULL,NULL),(336,'Moreles','Emery','Moreles Emery','1984-03-30',37,'','M','Drive st 66','Des Moines','','','','U','','U','\0','U','U','','N',1,'Unknown','','2020-11-12 16:40:55',NULL,NULL,'admin','2020-11-21 22:57:37',1,'unknown','unknown',NULL,NULL,NULL),(337,'Emberton','John','Emberton John','1981-04-04',40,'','M','Ormond road','Beach town','','+1.22.4535135','','U','','U','\0','U','U','','N',1,'Unknown','','2020-11-12 16:40:55',NULL,NULL,'admin','2021-08-17 15:12:52',1,'unknown','unknown',NULL,NULL,NULL),(338,'Koski','Raul','Koski Raul','1987-07-05',34,'','M','Bismarck way 1','Nordost','','','','U','','U','\0','U','U','','N',1,'Unknown','','2020-11-12 16:40:55',NULL,NULL,'admin','2021-08-17 15:12:33',1,'unknown','unknown',NULL,NULL,NULL),(339,'Jack','Lupe','Jack Lupe','1978-01-31',43,'','M','Fall road N. 782','River town','','','','U','','U','\0','U','U','','N',2,'Unknown','','2020-11-12 16:40:55',NULL,NULL,'admin','2021-11-09 17:18:02',1,'unknown','unknown',NULL,NULL,NULL),(340,'Lindon','Everart','Lindon Everart','2000-06-29',21,'','M','Opal new','Lurewon','','','','\0','','\0','\0','\0','\0','','N',0,'Unknown','','2020-11-12 16:40:55',NULL,NULL,NULL,NULL,1,'unknown','unknown',NULL,NULL,NULL),(341,'Bryden','Keneth','Bryden Keneth','2020-07-10',1,'','M','North Drive 23','Desplains','','','','U','','U','\0','U','U','','N',2,'Unknown','','2020-11-12 16:40:55',NULL,NULL,'admin','2021-03-15 12:02:22',1,'unknown','unknown',NULL,NULL,NULL),(342,'Ellard','Hyman','Ellard Hyman','2019-04-09',2,'','M','Leesburg','Varnish','','+343413413','','U','','U','\0','U','U','','N',2,'Unknown','','2020-11-12 16:40:55',NULL,NULL,'admin','2021-11-09 17:30:40',1,'unknown','unknown',NULL,NULL,NULL),(343,'Jenna','Modesto','Jenna Modesto','2020-07-25',1,'','F','Waynesboro Rd n.66','Parington','','','','U','','U','\0','U','U','','N',2,'Unknown','','2020-11-12 16:40:55',NULL,NULL,'admin','2021-11-09 14:49:09',1,'unknown','unknown',NULL,NULL,NULL),(344,'Rowse','Manual','Rowse Manual','1977-04-27',44,'','M','Menasha','Willington','','+35211','','U','','U','\0','U','U','','N',1,'AB-','','2020-11-12 16:40:55',NULL,NULL,'admin','2021-11-11 19:46:41',1,'farming','married',NULL,NULL,NULL),(345,'Lamara','Dylan','Lamara Dylan','2001-09-06',20,'','F','Salem County West','Wyring','','+31431341','','U','','U','\0','U','U','','N',1,'Unknown','','2020-11-12 16:40:55',NULL,NULL,'admin','2020-11-21 02:02:26',1,'unknown','unknown',NULL,NULL,NULL),(346,'Kirta','Winford','Kirta Winford','1983-10-05',38,'','F','Dr. 56','Parkville','','','','U','','U','\0','U','U','','N',1,'Unknown','','2020-11-12 16:40:55',NULL,NULL,'admin','2021-03-15 12:13:40',1,'unknown','unknown',NULL,NULL,NULL),(347,'Hutcheson','Jere','Hutcheson Jere','1980-01-29',41,'','F','Fairport Avenue 45','New Town','','+12.124554651','','U','','U','\0','U','U','','N',1,'Unknown','','2020-11-12 16:40:55',NULL,NULL,'admin','2021-11-09 14:49:29',1,'unknown','unknown',NULL,NULL,NULL),(348,'Meche','Carlosy','Meche Carlosy','1980-07-09',41,'','F','Lane','Fredericksburg','','','','\0','','\0','\0','\0','\0','','N',0,'Unknown','','2020-11-12 16:40:55',NULL,NULL,NULL,NULL,1,'unknown','unknown',NULL,NULL,NULL),(349,'Jeana','Bennett','Jeana Bennett','1980-09-07',41,'','F','Elizabeth','NJ','','+5242421412','','U','','U','\0','U','U','','N',1,'Unknown','','2020-11-12 16:40:55',NULL,NULL,'admin','2020-11-21 22:57:25',1,'unknown','unknown',NULL,NULL,NULL),(350,'Deforge','Martin','Deforge Martin','2002-03-02',19,'','F','Niagara','Falls','','','','\0','','\0','\0','\0','\0','','N',0,'Unknown','','2020-11-12 16:40:55',NULL,NULL,NULL,NULL,1,'unknown','unknown',NULL,NULL,NULL),(351,'Westbrook','Connie','Westbrook Connie','1992-05-18',29,'','F','New Avene 27','Mount city','','+66.13446521','','U','','U','\0','U','U','','N',2,'Unknown','','2020-11-12 16:40:55',NULL,NULL,'admin','2021-11-09 14:49:50',1,'unknown','unknown',NULL,NULL,NULL),(352,'Jarvis','Dean','Jarvis Dean','1981-07-12',40,'','F','Royal','Oak','','','','\0','','\0','\0','\0','\0','','N',0,'Unknown','','2020-11-12 16:40:55',NULL,NULL,NULL,NULL,1,'unknown','unknown',NULL,NULL,NULL),(353,'Ciancio','Michale','Ciancio Michale','1992-08-22',29,'','F','Harvey Pl. 4','Ilvers','','+141434','','U','','U','\0','U','U','','N',1,'Unknown','','2020-11-12 16:40:55',NULL,NULL,'admin','2021-03-15 12:11:41',1,'unknown','unknown',NULL,NULL,NULL),(354,'Beckmann','Kurt','Beckmann Kurt','1982-10-02',39,'','F','Rollen Dr. 134','Orchard','','+0754524245','','U','','U','\0','U','U','','N',1,'Unknown','','2020-11-12 16:40:55',NULL,NULL,'admin','2020-11-21 22:57:18',1,'unknown','unknown',NULL,NULL,NULL),(355,'Mallery','Stephanie','Mallery Stephanie','1994-02-24',27,'','F','Tallahassee Rd 45','Renington','','+21.3.135451','','U','','U','\0','U','U','','N',1,'B+','','2020-11-12 16:40:55',NULL,NULL,'admin','2021-08-17 15:03:01',1,'unknown','unknown',NULL,NULL,NULL),(356,'Tiana','Chessy','Tiana Chessy','1996-02-04',25,'','F','Ridgecrest rd 652','Calverton','','+54214331413','','U','','U','\0','U','U','','N',1,'B+','','2020-11-12 16:40:55',NULL,NULL,'admin','2021-11-09 15:45:40',1,'unknown','single',NULL,NULL,NULL),(357,'Debus','Nakesha','Debus Nakesha','1997-10-15',24,'','F','Deland rd','Fullerton','','','','U','','U','\0','U','U','','N',2,'Unknown','','2020-11-12 16:40:55',NULL,NULL,'admin','2021-11-09 17:17:52',1,'unknown','unknown',NULL,NULL,NULL),(358,'Maxton','Tania','Maxton Tania','2004-05-02',17,'','F','Fuller St.3','Arlington','','+312434314','','U','','U','\0','U','U','','N',1,'Unknown','','2020-11-12 16:40:55',NULL,NULL,'admin','2021-03-15 12:10:58',1,'unknown','unknown',NULL,NULL,NULL),(359,'Kruse','Twanda','Kruse Twanda','1993-01-28',28,'','F','Dublin Ave 6','Gerinia','','+11143433','','U','','U','\0','U','U','','N',2,'Unknown','','2020-11-12 16:40:55',NULL,NULL,'admin','2021-11-09 17:17:11',1,'unknown','unknown',NULL,NULL,NULL),(360,'Silvester','Riley','Silvester Riley','1990-03-01',31,'','F','Glen Street 23','Allen Town','','+12.123151351','','U','','U','\0','U','U','','N',1,'Unknown','','2020-11-12 16:40:55',NULL,NULL,'admin','2021-11-09 14:48:43',1,'unknown','unknown',NULL,NULL,NULL),(361,'Lena','Temblador','Lena Temblador','1987-07-17',34,'','F','Cartersville place n. 713','Ganiver','','+933554','','U','','U','\0','U','U','','N',1,'0-','','2020-11-12 16:40:55',NULL,NULL,'admin','2021-11-09 15:28:00',1,'unknown','married',NULL,NULL,NULL),(362,'Adina','Nuckolls','Adina Nuckolls','1996-07-13',25,'','F','Long Lane n 4','Amsterdam','','+5424dfgsdsfg','','U','','U','\0','U','U','','N',1,'Unknown','','2020-11-12 16:40:55',NULL,NULL,'admin','2021-11-09 17:11:00',1,'unknown','unknown',NULL,NULL,NULL),(363,'Tichenor','Alita','Tichenor Alita','1988-03-01',33,'','F','Savage','MN','','+4311333','','U','','U','\0','U','U','','N',1,'Unknown','','2020-11-12 16:40:55',NULL,NULL,'admin','2020-11-21 23:08:43',1,'unknown','unknown',NULL,NULL,NULL),(364,'Georgette','Tusji','Georgette Tusji','2002-10-28',19,'','F','Tertia Avenida 3','Trussville','','+134344131','','U','','U','\0','U','U','','N',1,'Unknown','','2020-11-12 16:40:55',NULL,NULL,'admin','2021-11-09 16:58:45',1,'unknown','unknown',NULL,NULL,NULL),(365,'Reardon','Mora','Reardon Mora','1997-04-18',24,'','F','East Rugh 66','Lansing','','','','U','','U','\0','U','U','','N',1,'Unknown','','2020-11-12 16:40:55',NULL,NULL,'admin','2020-11-21 02:02:37',1,'unknown','unknown',NULL,NULL,NULL),(366,'Lipton','Luba','Lipton Luba','2001-08-07',20,'','F','North Street 1','Green Town','','','','U','','U','\0','U','U','','N',5,'AB+','','2020-11-12 16:40:55',NULL,NULL,'admin','2021-03-15 14:47:02',1,'unknown','single',NULL,NULL,NULL),(367,'Alderson','Katrice','Alderson Katrice','2003-06-06',18,'','F','Key Road 62','West','','','','U','','U','\0','U','U','','N',1,'Unknown','','2020-11-12 16:40:55',NULL,NULL,'admin','2020-11-21 22:57:01',1,'unknown','unknown',NULL,NULL,NULL),(368,'Stella','Alleen','Stella Alleen','1985-04-20',36,'','F','New Avenue 1','Morgantown','','+65321111','','U','','U','\0','U','U','','N',1,'Unknown','','2020-11-12 16:40:55',NULL,NULL,'admin','2021-11-09 17:17:46',1,'unknown','unknown',NULL,NULL,NULL),(369,'Gwyn','Jazmine','Gwyn Jazmine','1984-03-05',37,'','F','Amityville','NY','','+43431113','','U','','U','\0','U','U','','N',2,'A-','','2020-11-12 16:40:55',NULL,NULL,'admin','2021-11-11 19:46:20',1,'unknown','married',NULL,NULL,NULL),(370,'Nia','Micheck','Nia Micheck','1996-10-01',25,'','F','Park Avenue 12','Ridge','','6527887578','','U','','U','\0','U','U','','N',1,'B+','','2020-11-12 16:40:55',NULL,NULL,'admin','2021-11-09 17:14:12',1,'unknown','single',NULL,NULL,NULL),(371,'Lara','Terrilyn','Lara Terrilyn','1990-09-16',31,'','F','Street','Springfield','','+34009831','','U','','U','\0','U','U','','N',1,'Unknown','','2020-11-12 16:40:55',NULL,NULL,'admin','2020-11-21 23:08:50',1,'unknown','unknown',NULL,NULL,NULL),(372,'Kissane','Lakeesha','Kissane Lakeesha','1968-06-08',53,'','M','Garner road','NC','','','','U','','U','\0','U','U','','N',1,'Unknown','','2020-11-12 16:40:55',NULL,NULL,'admin','2021-03-15 12:11:49',1,'unknown','unknown',NULL,NULL,NULL),(373,'Eleanora','Albrect','Eleanora Albrect','1980-10-26',41,'','F','Tewksbury','Mastinway','','+521134354314','','U','','U','\0','U','U','','N',1,'B+','','2020-11-12 16:40:55',NULL,NULL,'admin','2021-11-09 17:15:09',1,'unknown','married',NULL,NULL,NULL),(374,'Janusz','Lavera','Janusz Lavera','1950-04-15',71,'','F','Whitestone','Evanrod','','','','U','','U','\0','U','U','','N',1,'Unknown','','2020-11-12 16:40:55',NULL,NULL,'admin','2020-11-21 01:57:28',1,'unknown','unknown',NULL,NULL,NULL),(375,'Nicolai','Adan','Nicolai Adan','1944-07-27',77,'','M','Prattville','Arlington','','+541675647','','U','','U','\0','U','U','','N',1,'Unknown','','2020-11-12 16:40:55',NULL,NULL,'admin','2021-11-09 17:14:34',1,'unknown','unknown',NULL,NULL,NULL),(376,'Leila','Tomas','Leila Tomas','1973-04-20',48,'','F','Corner plaa 667','Moncks','','+7662222','','U','','U','\0','U','U','','N',2,'Unknown','','2020-11-12 16:40:55',NULL,NULL,'admin','2021-11-09 17:29:08',1,'unknown','unknown',NULL,NULL,NULL),(377,'Serena','Levinson','Serena Levinson','1973-07-30',48,'','F','Gaines rd 51','Varstsville','','','','U','','U','\0','U','U','','N',1,'Unknown','','2020-11-12 16:40:55',NULL,NULL,'admin','2021-11-09 17:15:32',1,'unknown','unknown',NULL,NULL,NULL),(378,'Estep','Jayson','Estep Jayson','1991-04-15',30,'','M','Hendersonville','New Carnen','','','','U','','U','\0','U','U','','N',1,'Unknown','','2020-11-12 16:40:55',NULL,NULL,'admin','2020-11-21 01:58:02',1,'unknown','unknown',NULL,NULL,NULL),(379,'Locicero','Kristy','Locicero Kristy','1989-06-28',32,'','F','Mahwah st. 1','NJ','','+5421111','','U','','U','\0','U','U','','N',1,'Unknown','','2020-11-12 16:40:55',NULL,NULL,'admin','2021-11-09 17:16:52',1,'unknown','unknown',NULL,NULL,NULL),(380,'Amos','Lady','Amos Lady','2019-09-19',2,'','F','Roy place 66','UT Foster','','+45256562','','U','','U','\0','U','U','','N',1,'Unknown','','2020-11-12 16:40:55',NULL,NULL,'admin','2020-11-21 22:56:50',1,'unknown','unknown',NULL,NULL,NULL),(381,'Linwood','Marnamont','Linwood Marnamont','1998-06-06',23,'','M','Elk place 23','River Town','','','','U','','U','\0','U','U','','N',1,'Unknown','','2020-11-12 16:40:55',NULL,NULL,'admin','2021-11-09 14:48:24',1,'unknown','unknown',NULL,NULL,NULL),(382,'Spiller','Dann','Spiller Dann','2019-10-07',2,'','M','Margarets','Street','','','','\0','','\0','\0','\0','\0','','N',2,'Unknown','','2020-11-12 16:40:55',NULL,NULL,NULL,NULL,1,'unknown','unknown',NULL,NULL,NULL),(383,'Jacks','Megany','Jacks Megany','1960-11-11',61,'','M','Saint st. 1','Cloudville','','+67234532521','','U','','U','\0','U','U','','N',1,'Unknown','','2020-11-12 16:40:55',NULL,NULL,'admin','2021-11-09 15:28:19',1,'unknown','unknown',NULL,NULL,NULL),(384,'Kreiger','Astrid','Kreiger Astrid','2001-04-29',20,'','F','Cape District 67','Coral','','','','U','','U','\0','U','U','','N',1,'Unknown','','2020-11-12 16:40:55',NULL,NULL,'admin','2021-03-15 12:02:01',1,'unknown','unknown',NULL,NULL,NULL),(385,'Lauder','Jurghen','Lauder Jurghen','2010-08-19',11,'','M','Charlotte','North Carolina','','+62233434','','U','','U','\0','U','U','','N',1,'Unknown','','2020-11-12 16:40:55',NULL,NULL,'admin','2021-11-09 17:30:06',1,'unknown','unknown',NULL,NULL,NULL),(386,'Marmo','Garth','Marmo Garth','2017-07-03',4,'','F','Clinton','Township','','','','\0','','\0','\0','\0','\0','','N',0,'Unknown','','2020-11-12 16:40:55',NULL,NULL,NULL,NULL,1,'unknown','unknown',NULL,NULL,NULL),(387,'Denmon','Valeri','Denmon Valeri','1959-07-27',62,'','F','Foyr Lane 1','Palm','','','','U','','U','\0','U','U','','N',3,'Unknown','','2020-11-12 16:40:55',NULL,NULL,'admin','2021-03-15 12:12:39',1,'unknown','unknown',NULL,NULL,NULL),(388,'Merkel','Suellen','Merkel Suellen','2020-06-22',1,'','F','Highland','IN','','+51245245','','U','','U','\0','U','U','','N',1,'Unknown','','2020-11-12 16:40:55',NULL,NULL,'admin','2020-11-21 22:56:21',1,'unknown','unknown',NULL,NULL,NULL),(389,'Ali','Norman','Ali Norman','1980-08-14',41,'','M','London St. 1','Fairfield','','','','U','','U','\0','U','U','','N',1,'Unknown','','2020-11-12 16:40:55',NULL,NULL,'admin','2021-08-17 15:11:52',1,'unknown','unknown',NULL,NULL,NULL),(390,'Jonas','August','Jonas August','2020-10-21',1,'','M','Athens','GA','','+653324324','','U','','U','\0','U','U','','N',2,'Unknown','','2020-11-12 16:40:55',NULL,NULL,'admin','2020-11-21 22:56:29',1,'unknown','unknown',NULL,NULL,NULL),(391,'Glanton','Malika','Glanton Malika','1995-06-25',26,'','F','Hialeah 1','Flock','','','','U','','U','\0','U','U','','N',2,'Unknown','','2020-11-12 16:40:55',NULL,NULL,'admin','2021-03-15 12:12:02',1,'unknown','unknown',NULL,NULL,NULL),(392,'Villanova','Blanca','Villanova Blanca','2018-10-08',3,'','M','Garden Ave.','Miamisburg','','','','U','','U','\0','U','U','','N',1,'Unknown','','2020-11-12 16:40:55',NULL,NULL,'admin','2021-08-17 15:12:00',1,'unknown','unknown',NULL,NULL,NULL),(393,'Saucedo','Hortense','Saucedo Hortense','1979-09-19',42,'','F','Hope st 131','Mills Town','','','','U','','U','\0','U','U','','N',1,'Unknown','','2020-11-12 16:40:55',NULL,NULL,'admin','2021-08-17 15:12:16',1,'unknown','unknown',NULL,NULL,NULL),(394,'Nazario','Dominic','Nazario Dominic','2004-05-29',17,'','M','Avenue','Ridgefield','','','','\0','','\0','\0','\0','\0','','N',0,'Unknown','','2020-11-12 16:40:55',NULL,NULL,NULL,NULL,1,'unknown','unknown',NULL,NULL,NULL),(395,'Mccutchan','Analisa','Mccutchan Analisa','2020-09-01',1,'','F','Avenue','Hummelstown','','+542145425','','U','','U','\0','U','U','','N',1,'Unknown','','2020-11-12 16:40:55',NULL,NULL,'admin','2020-11-21 22:56:13',1,'unknown','unknown',NULL,NULL,NULL),(396,'Batman','Camelia','Batman Camelia','2020-06-04',1,'','F','Sewell','New Kirt','','','','U','','U','\0','U','U','','N',1,'Unknown','','2020-11-12 16:40:55',NULL,NULL,'admin','2021-03-15 12:12:20',1,'unknown','unknown',NULL,NULL,NULL),(397,'Hassan','Ashlee','Hassan Ashlee','1944-01-26',77,'','F','Saddle Pl. 4','Laney','','+4311341','','U','','U','\0','U','U','','N',1,'A-','','2020-11-12 16:40:55',NULL,NULL,'admin','2021-11-11 19:46:08',1,'unknown','widowed',NULL,NULL,NULL),(398,'Divito','Marhtam','Divito Marhtam','2008-09-03',13,'','M','Ophius Rd. 4132','Wyandotte','','','','U','','U','\0','U','U','','N',1,'Unknown','','2020-11-12 16:40:55',NULL,NULL,'admin','2021-11-09 14:48:02',1,'unknown','unknown',NULL,NULL,NULL),(399,'Matias','Shannan','Matias Shannan','1953-08-25',68,'','F','Beloit 14','Williamson','','','','U','','U','\0','U','U','','N',1,'Unknown','','2020-11-12 16:40:55',NULL,NULL,'admin','2020-11-21 22:55:57',1,'unknown','unknown',NULL,NULL,NULL),(400,'Allmond','Eura','Allmond Eura','2019-05-11',2,'','F','Anchorage','AK','','','','\0','','\0','\0','\0','\0','','N',0,'Unknown','','2020-11-12 16:40:55',NULL,NULL,NULL,NULL,1,'unknown','unknown',NULL,NULL,NULL),(401,'Coale','Anneliese','Coale Anneliese','1980-08-14',41,'','F','Glen drive','Ellyn','','','','U','','U','\0','U','U','','N',1,'Unknown','','2020-11-12 16:40:55',NULL,NULL,'admin','2020-11-20 14:41:49',1,'unknown','unknown',NULL,NULL,NULL),(402,'Arana','Trina','Arana Trina','2019-05-01',2,'','M','Oxnard','Caffrey','','+231213123','','U','','U','\0','U','U','','N',1,'Unknown','','2020-11-12 16:40:55',NULL,NULL,'admin','2020-11-20 14:42:18',1,'unknown','unknown',NULL,NULL,NULL),(403,'Moua','Faustino','Moua Faustino','1960-07-29',61,'','M','Fullteron Dr. 612','Dearborn','','','','U','','U','\0','U','U','','N',2,'Unknown','','2020-11-12 16:40:55',NULL,NULL,'admin','2020-11-20 14:42:01',1,'unknown','unknown',NULL,NULL,NULL),(404,'Stermer','Genevie','Stermer Genevie','2020-03-14',1,'','F','Indiana avenue 6','Pamaro','','','','U','','U','\0','U','U','','N',2,'Unknown','','2020-11-12 16:40:55',NULL,NULL,'admin','2021-03-15 12:13:00',1,'unknown','unknown',NULL,NULL,NULL),(405,'Eddings','Carmine','Eddings Carmine','2006-01-18',15,'','M','Ave. Gulk','Buffalo','','','','U','','U','\0','U','U','','N',1,'Unknown','','2020-11-12 16:40:55',NULL,NULL,'admin','2020-11-21 22:55:46',1,'unknown','unknown',NULL,NULL,NULL),(406,'Amundsen','Mac','Amundsen Mac','2005-06-02',16,'','F','Rolling','Meadows','','','','\0','','\0','\0','\0','\0','','N',0,'Unknown','','2020-11-12 16:40:55',NULL,NULL,NULL,NULL,1,'unknown','unknown',NULL,NULL,NULL),(407,'Tirrell','Stacy','Tirrell Stacy','2020-04-06',1,'','M','Oconomowo','WI','','','','U','','U','\0','U','U','','N',1,'Unknown','','2020-11-12 16:40:55',NULL,NULL,'admin','2020-11-21 22:56:04',1,'unknown','unknown',NULL,NULL,NULL),(408,'Fyock','Ashley','Fyock Ashley','1973-10-30',48,'','F','Poland Dr.534','Sterling','','+56-123124','','U','','U','\0','U','U','','N',1,'Unknown','','2020-11-12 16:40:55',NULL,NULL,'admin','2020-11-20 14:47:22',1,'unknown','unknown',NULL,NULL,NULL),(409,'Gillon','Anibal','Gillon Anibal','1952-11-08',69,'','M','Highland place','Indy','','+76232355464','','U','','U','\0','U','U','','N',1,'0-','','2020-11-12 16:40:55',NULL,NULL,'admin','2021-11-09 15:29:07',1,'unknown','widowed',NULL,NULL,NULL),(410,'Cutts','Yong','Cutts Yong','2019-02-04',2,'','M','Willoughby rd 81','Ovington','','+5413431134','','U','','U','\0','U','U','','N',2,'Unknown','','2020-11-12 16:40:55',NULL,NULL,'admin','2021-11-09 15:28:34',1,'unknown','unknown',NULL,NULL,NULL),(411,'Marisa','Darren','Marisa Darren','1960-05-04',61,'','F','Pillow Buolevard 1','Santa Monica','','+542134134','','U','','U','\0','U','U','','N',1,'B+','','2020-11-12 16:40:55',NULL,NULL,'admin','2021-11-09 15:42:00',1,'unknown','married',NULL,NULL,NULL),(412,'Shannon','Jonah','Shannon Jonah','2020-07-15',1,'','F','Rome Road 52','NY','','','','U','','U','\0','U','U','','N',1,'Unknown','','2020-11-12 16:40:55',NULL,NULL,'admin','2020-11-21 22:55:15',1,'unknown','unknown',NULL,NULL,NULL),(413,'Abdul','Burton','Abdul Burton','1988-10-18',33,'','M','Hill Road 923','Road Town','','','','U','','U','\0','U','U','','N',1,'Unknown','','2020-11-12 16:40:55',NULL,NULL,'admin','2020-11-21 22:55:27',1,'unknown','unknown',NULL,NULL,NULL),(414,'Bertram','Aucon','Bertram Aucon','1946-09-06',75,'','M','Cranston st. 5','Rinja','','+56254354234','','U','','U','\0','U','U','','N',1,'AB+','','2020-11-12 16:40:55',NULL,NULL,'admin','2021-11-09 15:42:35',1,'unknown','widowed',NULL,NULL,NULL),(415,'Yonts','Dee','Yonts Dee','2014-02-27',7,'','F','Gurgy Street 11','Oak','','+34-143143','','U','','U','\0','U','U','','N',1,'Unknown','','2020-11-12 16:40:55',NULL,NULL,'admin','2020-11-20 14:47:36',1,'unknown','unknown',NULL,NULL,NULL),(416,'Das','Lloyd','Das Lloyd','1988-05-05',33,'','M','Anaheim st 5','Calverton','','','','U','','U','\0','U','U','','N',1,'Unknown','','2020-11-12 16:40:55',NULL,NULL,'admin','2021-03-15 14:46:45',1,'unknown','unknown',NULL,NULL,NULL),(417,'Jose','Stephanson','Jose Stephanson','2020-05-17',1,'','M','Braintree','Marynlan','','+56422332','','U','','U','\0','U','U','','N',2,'Unknown','','2020-11-12 16:40:55',NULL,NULL,'admin','2021-11-09 15:29:32',1,'unknown','unknown',NULL,NULL,NULL),(418,'Berta','Basil','Berta Basil','2019-10-20',2,'','F','Huntsville','AL','','+366542235','','U','','U','\0','U','U','','N',1,'Unknown','','2020-11-12 16:40:55',NULL,NULL,'admin','2020-11-21 22:55:05',1,'unknown','unknown',NULL,NULL,NULL),(419,'Destefano','Tuan','Destefano Tuan','1956-05-18',65,'','M','East Road 78a','Northport','','','','U','','U','\0','U','U','','N',1,'Unknown','','2020-11-12 16:40:55',NULL,NULL,'admin','2021-08-17 15:11:38',1,'unknown','unknown',NULL,NULL,NULL),(420,'Lampert','Lacy','Lampert Lacy','2014-04-02',7,'','F','Street','Jeffersonville','','','','U','','U','\0','U','U','','N',1,'Unknown','','2020-11-12 16:40:55',NULL,NULL,'admin','2020-11-20 14:25:35',1,'unknown','unknown',NULL,NULL,NULL),(421,'Kurt','Strain','Kurt Strain','2019-01-31',2,'','M','Winter Rd','Garden','','+541143134','','U','','U','\0','U','U','','N',1,'Unknown','','2020-11-12 16:40:55',NULL,NULL,'admin','2021-11-09 15:43:20',1,'unknown','unknown',NULL,NULL,NULL),(422,'Etherton','Hong','Etherton Hong','2000-06-10',21,'','M','North Drive 22','Fort','','','','U','','U','\0','U','U','','N',1,'Unknown','','2020-11-12 16:40:55',NULL,NULL,'admin','2020-11-20 14:41:22',1,'unknown','unknown',NULL,NULL,NULL),(423,'Bergdoll','Rafael','Bergdoll Rafael','1992-04-04',29,'','M','Carlington Ave. 11','Sioux','','','','U','','U','\0','U','U','','N',1,'Unknown','','2020-11-12 16:40:55',NULL,NULL,'admin','2020-11-20 14:40:22',1,'unknown','unknown',NULL,NULL,NULL),(424,'Tiedemann','Hayden','Tiedemann Hayden','1998-10-01',23,'','M','Saint St 81','Albans','','+4313431','','U','','U','\0','U','U','','N',1,'B-','','2020-11-12 16:40:55',NULL,NULL,'admin','2021-11-11 19:45:36',1,'foodhospitality','single',NULL,NULL,NULL),(426,'Lemmer','Chance','Lemmer Chance','2018-06-19',3,'','M','Felden Dr.','Galloway','','+2-1233642','','U','','U','\0','U','U','','N',1,'Unknown','','2020-11-12 16:40:55',NULL,NULL,'admin','2020-11-20 14:40:33',1,'unknown','unknown',NULL,NULL,NULL),(427,'Knoblock','Winston','Knoblock Winston','2018-11-08',3,'','M','Northbrook street','Evanston','','+62-343411','','U','','U','\0','U','U','','N',2,'Unknown','','2020-11-12 16:40:55',NULL,NULL,'admin','2020-11-20 14:41:38',1,'unknown','unknown',NULL,NULL,NULL),(428,'Dorian','Holtzman','Dorian Holtzman','2015-05-12',6,'','F','Bismark Street','Benidorn','','+54233243','','U','','U','\0','U','U','','N',1,'Unknown','','2020-11-12 16:40:55',NULL,NULL,'admin','2021-11-09 15:43:01',1,'unknown','unknown',NULL,NULL,NULL),(429,'Russom','Emmitt','Russom Emmitt','2020-11-06',1,'','F','Kingston','West Bromwich','','','','U','','U','\0','U','U','','N',2,'Unknown','','2020-11-12 16:40:55',NULL,NULL,'admin','2020-11-21 22:54:49',1,'unknown','unknown',NULL,NULL,NULL),(430,'Hemsley','Mohammad','Hemsley Mohammad','2019-08-23',2,'','M','Hephzibah Way N. 56','Madison','','','','U','','U','\0','U','U','','N',2,'Unknown','','2020-11-12 16:40:55',NULL,NULL,'admin','2021-11-09 14:47:05',1,'unknown','unknown',NULL,NULL,NULL),(431,'Croy','Max','Croy Max','2020-08-18',1,'','M','Killy Dr.','Blackwood','','','','U','','U','\0','U','U','','N',1,'Unknown','','2020-11-12 16:40:55',NULL,NULL,'admin','2020-11-20 14:40:44',1,'unknown','unknown',NULL,NULL,NULL),(432,'Watters','Hai','Watters Hai','2019-05-07',2,'','F','Genson St. 72','Rockville','','','','U','','U','\0','U','U','','N',1,'Unknown','','2020-11-12 16:40:55',NULL,NULL,'admin','2020-11-20 14:40:54',1,'unknown','unknown',NULL,NULL,NULL),(433,'Duby','Jewel','Duby Jewel','2020-08-17',1,'','F','Cranberry','Two port','','','','U','','U','\0','U','U','','N',1,'Unknown','','2020-11-12 16:40:55',NULL,NULL,'admin','2020-11-21 22:54:28',1,'unknown','unknown',NULL,NULL,NULL),(434,'Erdmann','Dustin','Erdmann Dustin','2019-05-27',2,'','F','Clifton','Parkville','','+1031133','','U','','U','\0','U','U','','N',2,'Unknown','','2020-11-12 16:40:55',NULL,NULL,'admin','2020-11-21 23:09:02',1,'unknown','unknown',NULL,NULL,NULL),(435,'Mastro','Domenic','Mastro Domenic','2018-02-01',3,'','M','Main avenue N. 1','Flint','','+41.2134431341','','U','','U','\0','U','U','','N',2,'Unknown','','2020-11-12 16:40:55',NULL,NULL,'admin','2021-11-09 14:47:31',1,'unknown','unknown',NULL,NULL,NULL),(436,'Murphey','Leana','Murphey Leana','2019-10-28',2,'','M','Forest','Hills','','+5124352','','U','','U','\0','U','U','','N',1,'Unknown','','2020-11-12 16:40:55',NULL,NULL,'admin','2020-11-21 22:54:19',1,'unknown','unknown',NULL,NULL,NULL),(437,'Hagwood','Velma','Hagwood Velma','2013-07-12',8,'','F','Qualis St. 11','Stone','','','','U','','U','\0','U','U','','N',1,'Unknown','','2020-11-12 16:40:55',NULL,NULL,'admin','2020-11-20 14:41:09',1,'unknown','unknown',NULL,NULL,NULL),(438,'Juarbe','Dong','Juarbe Dong','2020-02-14',1,'','F','Gusty Ave.','Mchenry','','+423423232','','U','','U','\0','U','U','','N',2,'Unknown','','2020-11-12 16:40:55',NULL,NULL,'admin','2021-11-09 15:29:47',1,'unknown','unknown',NULL,NULL,NULL),(439,'Denver','Aleta','Denver Aleta','2019-08-14',2,'','M','Huntsville 66','Albreight','','','','U','','U','\0','U','U','','N',1,'Unknown','','2020-11-12 16:40:55',NULL,NULL,'admin','2020-11-21 22:53:38',1,'unknown','unknown',NULL,NULL,NULL),(440,'Deschamp','Shonda','Deschamp Shonda','2016-03-21',5,'','F','Lane','Aberdeen','','','','\0','','\0','\0','\0','\0','','N',0,'Unknown','','2020-11-12 16:40:55',NULL,NULL,NULL,NULL,1,'unknown','unknown',NULL,NULL,NULL),(441,'Loveland','Shirley','Loveland Shirley','2020-11-04',1,'','F','Minot 2','New Doppel','','','','U','','U','\0','U','U','','N',2,'Unknown','','2020-11-12 16:40:55',NULL,NULL,'admin','2020-11-21 22:53:15',1,'unknown','unknown',NULL,NULL,NULL),(442,'Valderas','Kenneth','Valderas Kenneth','2016-03-23',5,'','F','Court Ave. 12','Minneapolis','','','','U','','U','\0','U','U','','N',1,'Unknown','','2020-11-12 16:40:55',NULL,NULL,'admin','2021-03-15 12:01:41',1,'unknown','unknown',NULL,NULL,NULL),(443,'Abboud','Jeanene','Abboud Jeanene','2020-03-10',1,'','F','Deer','Park','','+3053424125','','U','','U','\0','U','U','','N',2,'Unknown','','2020-11-12 16:40:55',NULL,NULL,'admin','2020-11-21 22:54:03',1,'unknown','unknown',NULL,NULL,NULL),(444,'Slape','Kathrine','Slape Kathrine','2020-03-22',1,'','F','Ave. One 11','Boca','','','','U','','U','\0','U','U','','N',2,'Unknown','','2020-11-12 16:40:55',NULL,NULL,'admin','2020-11-21 22:53:23',1,'unknown','unknown',NULL,NULL,NULL),(445,'Scoggins','Rodolfo','Scoggins Rodolfo','2017-07-02',4,'','M','Bowling','Green','','+23254545','','U','','U','\0','U','U','','N',1,'Unknown','','2020-11-12 16:40:55',NULL,NULL,'admin','2020-11-21 22:53:47',1,'unknown','unknown',NULL,NULL,NULL),(446,'Kasper','Agripina','Kasper Agripina','2020-02-25',1,'','F','Racine St.','WIchita','','','','U','','U','\0','U','U','','N',2,'Unknown','','2020-11-12 16:40:55',NULL,NULL,'admin','2020-11-21 22:50:00',1,'unknown','unknown',NULL,NULL,NULL),(447,'Crooks','Amos','Crooks Amos','2020-11-06',1,'','M','Forney rd','Texy block','','','','U','','U','\0','U','U','','N',1,'Unknown','','2020-11-12 16:40:55',NULL,NULL,'admin','2020-11-21 22:50:19',1,'unknown','unknown',NULL,NULL,NULL),(448,'Jurgensen','Fritz','Jurgensen Fritz','2018-06-15',3,'','M','Staunton','VA Virginia','','','','U','','U','\0','U','U','','N',1,'Unknown','','2020-11-12 16:40:55',NULL,NULL,'admin','2020-11-21 22:53:01',1,'unknown','unknown',NULL,NULL,NULL),(449,'Kondo','Hoyt','Kondo Hoyt','2018-07-06',3,'','F','St. West 112','Farmington','','','','U','','U','\0','U','U','','N',2,'Unknown','','2020-11-12 16:40:55',NULL,NULL,'admin','2020-11-21 22:52:42',1,'unknown','unknown',NULL,NULL,NULL),(450,'Reigle','Marquita','Reigle Marquita','2018-05-01',3,'','M','Niles Plaza','Milton','','+21-1-532413','','U','','U','\0','U','U','','N',1,'Unknown','','2020-11-12 16:40:55',NULL,NULL,'admin','2021-08-17 15:11:21',1,'unknown','unknown',NULL,NULL,NULL),(451,'Adelman','Kandace','Adelman Kandace','2018-01-24',3,'','F','Bear road 61','Derivy','','','','U','','U','\0','U','U','','N',3,'Unknown','','2020-11-12 16:40:55',NULL,NULL,'admin','2020-11-21 01:54:11',1,'unknown','unknown',NULL,NULL,NULL),(452,'Agosto','Aja','Agosto Aja','2020-02-13',1,'','F','Huntersville','Nort caol','','','','U','','U','\0','U','U','','N',3,'Unknown','','2020-11-12 16:40:55',NULL,NULL,'admin','2020-11-21 22:50:31',1,'unknown','unknown',NULL,NULL,NULL),(453,'Flagg','Apryl','Flagg Apryl','2020-05-04',1,'','F','Streamwood 51','Ilenton','','+541243134','','U','','U','\0','U','U','','N',4,'Unknown','','2020-11-12 16:40:55',NULL,NULL,'admin','2021-11-10 15:52:16',1,'unknown','unknown',NULL,NULL,NULL),(454,'Hebron','Leoma','Hebron Leoma','2020-06-24',1,'','M','Brick St. 12','NJ town','','','','U','','U','\0','U','U','','N',2,'Unknown','','2020-11-12 16:40:55',NULL,NULL,'admin','2021-11-09 14:46:45',1,'unknown','unknown',NULL,NULL,NULL),(455,'Melone','Ara','Melone Ara','2020-07-06',1,'','F','Olive Strett','Branch','','','','U','','U','\0','U','U','','N',2,'Unknown','','2020-11-12 16:40:55',NULL,NULL,'admin','2020-11-21 22:50:41',1,'unknown','unknown',NULL,NULL,NULL),(456,'Karin','Janessen','Karin Janessen','2020-04-05',1,'','F','Reidsville Av.','New City','','+5431134134','','U','','U','\0','U','U','','N',3,'Unknown','','2020-11-12 16:40:55',NULL,NULL,'admin','2021-11-09 15:43:39',1,'unknown','unknown',NULL,NULL,NULL),(457,'Antunez','Christel','Antunez Christel','2019-07-14',2,'','F','Perrysburg','Open Town','','+1231345325','','U','','U','\0','U','U','','N',1,'Unknown','','2020-11-12 16:40:55',NULL,NULL,'admin','2020-11-21 22:52:10',1,'unknown','unknown',NULL,NULL,NULL),(458,'Asberry','Jenny','Asberry Jenny','2020-03-17',1,'','F','Buckeye south','AZ Way','','','','U','','U','\0','U','U','','N',1,'Unknown','','2020-11-12 16:40:55',NULL,NULL,'admin','2020-11-21 22:50:54',1,'unknown','unknown',NULL,NULL,NULL),(459,'Lounsbury','Valda','Lounsbury Valda','2016-03-17',5,'','F','St.Loque','Bloomfield','','','','U','','U','\0','U','U','','N',2,'Unknown','','2020-11-12 16:40:55',NULL,NULL,'admin','2020-11-21 22:51:53',1,'unknown','unknown',NULL,NULL,NULL),(460,'Abramowitz','Heath','Abramowitz Heath','2013-05-16',8,'','M','Vassil Dr.','Navarre','','+34-4-54235','','U','','U','\0','U','U','','N',1,'Unknown','','2020-11-12 16:40:55',NULL,NULL,'admin','2020-11-20 14:39:57',1,'unknown','unknown',NULL,NULL,NULL),(461,'Jerabek','Emile','Jerabek Emile','2020-05-16',1,'','M','Lake Road west','Charles','','','','U','','U','\0','U','U','','N',1,'Unknown','','2020-11-12 16:40:55',NULL,NULL,'admin','2020-11-21 22:51:05',1,'unknown','unknown',NULL,NULL,NULL),(462,'Coe','Florinda','Coe Florinda','1990-09-12',31,'','F','Jonesborough','Springville','','+12001010','','U','','U','\0','U','U','','N',1,'Unknown','','2020-11-12 16:40:55',NULL,NULL,'admin','2020-11-21 23:09:18',1,'unknown','unknown',NULL,NULL,NULL),(463,'Jorgensen','Anissa','Jorgensen Anissa','1973-09-08',48,'','F','West St. 5','Manchester','','','','U','','U','\0','U','U','','N',1,'Unknown','','2020-11-12 16:40:55',NULL,NULL,'admin','2021-03-15 14:46:31',1,'unknown','unknown',NULL,NULL,NULL),(464,'Vossler','Quintin','Vossler Quintin','1960-06-23',61,'','F','Edison 51','New Jeskey','','','','U','','U','\0','U','U','','N',1,'Unknown','','2020-11-12 16:40:55',NULL,NULL,'admin','2020-11-21 22:51:28',1,'unknown','unknown',NULL,NULL,NULL),(465,'Harrell','Lucy','Harrell Lucy','2009-04-10',12,'','F','Palmetto','Florida town','','','','U','','U','\0','U','U','','N',2,'Unknown','','2020-11-12 16:40:55',NULL,NULL,'admin','2020-11-21 22:51:39',1,'unknown','unknown',NULL,NULL,NULL),(466,'Enders','Tammi','Enders Tammi','2019-09-19',2,'','F','Tyo Street 77','Council','','','','U','','U','\0','U','U','','N',1,'Unknown','','2020-11-12 16:40:55',NULL,NULL,'admin','2021-03-15 12:13:22',1,'unknown','unknown',NULL,NULL,NULL),(467,'Falkner','Ruthison','Falkner Ruthison','2010-04-04',11,'','M','Second street 82','Mishawaka','','','','U','','U','\0','U','U','','N',3,'Unknown','','2020-11-12 16:40:55',NULL,NULL,'admin','2020-11-21 01:55:03',1,'unknown','unknown',NULL,NULL,NULL),(468,'Albus','Tyree','Albus Tyree','2013-09-26',8,'','M','Halethorpe 45','Medidon','','','','U','','U','\0','U','U','','N',1,'Unknown','','2020-11-12 16:40:55',NULL,NULL,'admin','2020-11-20 14:35:29',1,'unknown','unknown',NULL,NULL,NULL),(469,'Quinley','Arden','Quinley Arden','1974-05-24',47,'','M','Stockbridge 678','Galverson','','','','U','','U','\0','U','U','','N',1,'Unknown','','2020-11-12 16:40:55',NULL,NULL,'admin','2020-11-20 14:35:41',1,'unknown','unknown',NULL,NULL,NULL),(470,'Leddy','Everette','Leddy Everette','1976-07-15',45,'','M','Elizabeth','City of Werthomn','','','','U','','U','\0','U','U','','N',1,'Unknown','','2020-11-12 16:40:55',NULL,NULL,'admin','2020-11-20 14:35:07',1,'unknown','unknown',NULL,NULL,NULL),(471,'Teixeira','Levi','Teixeira Levi','2020-08-19',1,'','F','Tallahassee Rd.','Florin','','','','U','','U','\0','U','U','.','N',1,'Unknown','','2020-11-12 16:40:55',NULL,NULL,'admin','2020-11-20 14:35:19',1,'unknown','unknown',NULL,NULL,NULL),(472,'Rodrigues','Tod','Rodrigues Tod','2019-09-09',2,'','F','Ave.','Mechanicsville','','','','\0','','\0','\0','\0','\0','','N',0,'Unknown','','2020-11-12 16:40:55',NULL,NULL,NULL,NULL,1,'unknown','unknown',NULL,NULL,NULL),(473,'Taplin','Roxane','Taplin Roxane','2018-09-08',3,'','M','St. Strett 62','New Gutty','','','','U','','U','\0','U','U','','N',2,'Unknown','','2020-11-12 16:40:55',NULL,NULL,'admin','2020-11-21 22:49:12',1,'unknown','unknown',NULL,NULL,NULL),(474,'Alverson','Stacy','Alverson Stacy','2020-07-01',1,'','F','Road','Chatsworth','','','','U','','U','\0','U','U','Malaria.','N',2,'Unknown','','2020-11-12 16:40:55',NULL,NULL,'admin','2020-11-21 22:48:54',1,'unknown','unknown',NULL,NULL,NULL),(475,'Edmonds','Evan','Edmonds Evan','2015-05-21',6,'','M','Quory Dr.','Woonsocket','','','','U','','U','\0','U','U','','N',1,'Unknown','','2020-11-12 16:40:55',NULL,NULL,'admin','2020-11-20 14:36:12',1,'unknown','unknown',NULL,NULL,NULL),(476,'Linhart','Fausto','Linhart Fausto','2020-05-21',1,'','F','Kearny st. 56','NJ','','','','U','','U','\0','U','U','','N',1,'Unknown','','2020-11-12 16:40:55',NULL,NULL,'admin','2021-08-17 15:11:02',1,'unknown','unknown',NULL,NULL,NULL),(477,'Eloise','Tullius','Eloise Tullius','2019-09-25',2,'','F','Downtown plasa','MN - Minneapolis','','+54143141','','U','','U','\0','U','U','','N',3,'Unknown','','2020-11-12 16:40:55',NULL,NULL,'admin','2021-11-09 15:44:12',1,'unknown','unknown',NULL,NULL,NULL),(479,'Rozier','Lydia','Rozier Lydia','2020-10-28',1,'','M','Eugene way 61','Orange county','','','','U','','U','\0','U','U','','N',2,'Unknown','','2020-11-12 16:40:55',NULL,NULL,'admin','2020-11-21 22:49:24',1,'unknown','unknown',NULL,NULL,NULL),(480,'Swicegood','See','Swicegood See','2014-03-23',7,'','M','Saint etienne 56','Albans','','','','U','','U','\0','U','U','','N',1,'Unknown','','2020-11-12 16:40:55',NULL,NULL,'admin','2020-11-20 14:35:49',1,'unknown','unknown',NULL,NULL,NULL),(482,'Efird','Arlen','Efird Arlen','2020-03-31',1,'','F','Atwater','CA','','+194413431','','U','','U','\0','U','U','','N',1,'Unknown','','2020-11-12 16:40:55',NULL,NULL,'admin','2020-11-21 23:09:38',1,'unknown','unknown',NULL,NULL,NULL),(483,'Eddins','Queenie','Eddins Queenie','2020-07-07',1,'','M','Hampton','VA','','+1212311','','U','','U','\0','U','U','','N',1,'Unknown','','2020-11-12 16:40:55',NULL,NULL,'admin','2020-11-21 23:09:29',1,'unknown','unknown',NULL,NULL,NULL),(484,'Lajeunesse','Chanell','Lajeunesse Chanell','2012-02-25',9,'','M','Ocean springs Rd 542','Palm','','','','U','','U','\0','U','U','','N',1,'Unknown','','2020-11-12 16:40:55',NULL,NULL,'admin','2020-11-20 14:39:15',1,'unknown','unknown',NULL,NULL,NULL),(485,'Aguil','Cortes','Aguil Cortes','2019-10-22',2,'','M','Cranck Ave.','Cornelius village','','+87234','','U','','U','\0','U','U','','N',2,'Unknown','','2020-11-12 16:40:55',NULL,NULL,'admin','2021-11-09 15:44:30',1,'unknown','unknown',NULL,NULL,NULL),(486,'Belverin','Anthony','Belverin Anthony','2020-04-04',1,'','F','Lindenhurst st. 12','NY Fully','','','','U','','U','\0','U','U','','N',2,'Unknown','','2020-11-12 16:40:55',NULL,NULL,'admin','2020-11-21 22:49:37',1,'unknown','unknown',NULL,NULL,NULL),(487,'Johanson','Tamie','Johanson Tamie','2019-06-15',2,'','F','Gulcon St.','Butte Town','','+334134134','','U','','U','\0','U','U','','N',2,'Unknown','','2020-11-12 16:40:55',NULL,NULL,'admin','2021-11-10 15:51:45',1,'unknown','unknown',NULL,NULL,NULL),(488,'Isabelle','Glennis','Isabelle Glennis','2014-08-19',7,'','F','Downers Rd south','Grove','','+34123443','','U','','U','\0','U','U','','N',1,'B-','','2020-11-12 16:40:55',NULL,NULL,'admin','2021-11-10 15:52:05',1,'unknown','unknown',NULL,NULL,NULL),(489,'Morning','Mellis','Morning Mellis','2018-02-09',3,'','M','New Ave. 55','Waxhaw','','+71661111','','U','','U','\0','U','U','','N',2,'Unknown','','2020-11-12 16:40:55',NULL,NULL,'admin','2021-11-09 15:44:48',1,'unknown','unknown',NULL,NULL,NULL),(490,'Cairo','Tawnya','Cairo Tawnya','2018-03-31',3,'','F','Patchogue 12','NY Westerton','','','','U','','U','\0','U','U','','N',1,'Unknown','','2020-11-12 16:40:55',NULL,NULL,'admin','2020-11-21 22:48:23',1,'unknown','unknown',NULL,NULL,NULL),(491,'Holter','Josette','Holter Josette','2017-11-10',4,'','M','Drive road 55','Villa','','','','U','','U','\0','U','U','','N',1,'Unknown','','2020-11-12 16:40:55',NULL,NULL,'admin','2020-11-21 22:49:47',1,'unknown','unknown',NULL,NULL,NULL),(492,'Ballantine','Lashawna','Ballantine Lashawna','2020-03-24',1,'','F','Lekan Ave.','Upland Town','','','','U','','U','\0','U','U','','N',2,'Unknown','','2020-11-12 16:40:55',NULL,NULL,'admin','2021-03-15 12:01:20',1,'unknown','unknown',NULL,NULL,NULL),(493,'Musso','Kina','Musso Kina','2020-02-29',1,'','F','South Street 91','Jamison','','+4111112','','U','','U','\0','U','U','','N',1,'Unknown','','2020-11-12 16:40:55',NULL,NULL,'admin','2020-11-21 23:09:57',1,'unknown','unknown',NULL,NULL,NULL),(494,'James','Veronica','James Veronica','2020-01-27',1,'','F','South street 11','Warady','','','','U','','U','\0','U','U','','N',1,'Unknown','','2020-11-12 16:40:55',NULL,NULL,'admin','2020-11-21 22:46:15',1,'unknown','unknown',NULL,NULL,NULL),(495,'Rodriguez','Oscar','Rodriguez Oscar','2020-08-28',1,'','M','East road N 4','Green land','','','','U','','U','\0','U','U','','N',2,'Unknown','','2020-11-12 16:40:55',NULL,NULL,'admin','2021-11-09 15:45:02',1,'unknown','unknown',NULL,NULL,NULL),(496,'Angelo','Jaime','Angelo Jaime','2020-07-22',1,'','M','South Street 11','Rangon 545','','+22113123','','U','','U','\0','U','U','','N',1,'Unknown','','2020-11-12 16:40:55',NULL,NULL,'admin','2020-11-21 22:48:11',1,'unknown','unknown',NULL,NULL,NULL),(497,'Vernon','Reklin','Vernon Reklin','2020-10-07',1,'','F','West corridor 1','Stonybrook','','','','U','','U','\0','U','U','','N',1,'Unknown','','2020-11-12 16:40:55',NULL,NULL,'admin','2020-11-21 22:46:40',1,'unknown','unknown',NULL,NULL,NULL),(498,'Falky','Mady','Falky Mady','2020-06-21',1,'','F','Suburb  55','Lonesdale','','+123142114','','U','','U','\0','U','U','','N',2,'Unknown','','2020-11-12 16:40:55',NULL,NULL,'admin','2020-11-21 22:46:56',1,'unknown','unknown',NULL,NULL,NULL),(499,'Vessin','Jordan','Vessin Jordan','2020-11-02',1,'','M','West street','Figueroa','','+3443113413','','U','','U','\0','U','U','','N',1,'Unknown','','2020-11-12 16:40:55',NULL,NULL,'admin','2020-11-21 22:46:06',1,'unknown','unknown',NULL,NULL,NULL),(500,'Matthews','Ruth','Matthews Ruth','2018-04-05',3,'','F','East Road n. 77','Wesfield','','','','U','','U','\0','U','U','','N',2,'Unknown','','2020-11-12 16:40:55',NULL,NULL,'admin','2021-11-09 15:45:10',1,'unknown','unknown',NULL,NULL,NULL),(501,'Mario','Rossi','Mario Rossi','1991-05-11',30,'','M','Via Verdi','Roma','','+390611111','','U','','U',NULL,'Y','U','','Y',0,'A+','','2020-11-19 00:19:42','admin','2020-11-19 01:19:42','admin','2020-11-19 01:19:42',1,'engineering','married',NULL,NULL,NULL),(502,'Furlong','Merryman','Furlong Merryman','2005-04-07',16,'','M','West Road 131','Field','','+2-12-43341','','U','','U',NULL,'U','U','','N',1,'Unknown','','2020-11-19 22:51:47','admin','2020-11-19 23:51:47','admin','2020-11-20 14:38:55',1,'unknown','unknown',NULL,NULL,NULL),(503,'Sturgeon','Charlie','Sturgeon Charlie','1990-03-01',31,'','M','Gronky Plaza','Benidorm','','','','U','','U','\0','U','U','','N',2,'Unknown','','2020-11-12 16:40:55',NULL,NULL,'admin','2020-11-21 22:45:28',1,'unknown','unknown',NULL,NULL,NULL),(504,'Froue','Jane','Froue Jane','2000-10-14',21,'','F','South road 16','Rangon','','','','U','','U','\0','U','U','','N',2,'Unknown','','2020-11-12 16:40:55',NULL,NULL,'admin','2020-11-21 22:45:02',1,'unknown','unknown',NULL,NULL,NULL),(505,'Curtney','Gina','Curtney Gina','2010-02-07',11,'','F','North Way 11','Rangon','','','','U','','U','\0','U','U','','N',2,'Unknown','','2020-11-12 16:40:55',NULL,NULL,'admin','2020-11-21 22:47:44',1,'unknown','unknown',NULL,NULL,NULL),(506,'Zabel','John','Zabel John','2020-08-02',1,'','M','South suburb','Illman','','','','U','','U','\0','U','U','','N',2,'Unknown','','2020-11-12 16:40:55',NULL,NULL,'admin','2020-11-21 22:44:25',1,'unknown','unknown',NULL,NULL,NULL),(507,'Westermann','Fred','Westermann Fred','1999-02-06',22,'','M','Avenida johanes 84','Bilbao','','','','U','','U','\0','U','U','','N',2,'Unknown','','2020-11-12 16:40:55',NULL,NULL,'admin','2020-11-21 22:44:20',1,'unknown','unknown',NULL,NULL,NULL),(508,'De Koenig','Melissa','De Koenig Melissa','1970-05-07',51,'','F','Merriam plaza','Furklo','','','','U','','U','\0','U','U','','N',1,'Unknown','','2020-11-12 16:40:55',NULL,NULL,'admin','2020-11-21 22:45:17',1,'unknown','unknown',NULL,NULL,NULL),(509,'Ventier','Asia','Ventier Asia','1988-07-28',33,'','F','Flamingo 45','Roadinsy','','','','U','','U','\0','U','U','','N',2,'Unknown','','2020-11-12 16:40:55',NULL,NULL,'admin','2020-11-21 22:44:55',1,'unknown','unknown',NULL,NULL,NULL),(510,'Racuba','Scottie','Racuba Scottie','1978-02-16',43,'','F','Montgomery road 11','Valley south','','+12-43541\\54','','U','','U','\0','U','U','','N',2,'Unknown','','2020-11-12 16:40:55',NULL,NULL,'admin','2020-11-21 22:47:19',1,'unknown','married',NULL,NULL,NULL),(511,'Henderson','Alba','Henderson Alba','1967-07-12',54,'','F','South Ilford Street','Palmington','','+44-1-2345351','','U','','U','\0','U','U','','N',3,'Unknown','','2020-11-12 16:40:55',NULL,NULL,'admin','2021-08-17 15:10:54',1,'unknown','unknown',NULL,NULL,NULL),(512,'Millman','Enriquetta','Millman Enriquetta','1940-07-23',81,'','F','Hartney St. 55','Crossing','','','','U','','U','\0','U','U','','N',2,'Unknown','','2020-11-12 16:40:55',NULL,NULL,'admin','2020-11-21 22:47:34',1,'unknown','unknown',NULL,NULL,NULL),(513,'Makenzie','Everton','Makenzie Everton','1993-05-19',28,'','M','Wayland 21','Albrington','','+3924534314','','U','','U',NULL,'U','U','','N',1,'B-','','2020-11-20 01:26:06','admin','2020-11-20 02:26:06','admin','2020-11-20 14:38:00',1,'foodhospitality','single',NULL,NULL,NULL),(514,'Mario','Rossi','Mario Rossi','1992-11-11',29,'','M','Via Verdi','Roma','','+397653431','','U','','U',NULL,'U','U','','N',1,'A-','','2020-11-20 01:40:05','admin','2020-11-20 02:40:05','admin','2020-11-20 14:38:32',1,'mechanic','married',NULL,NULL,NULL),(515,'Alvaro','Robertson','Alvaro Robertson','2009-05-14',12,'','M','Courtney ST. 27','Guarinton','','+39','','U','','U',NULL,'U','U','','N',1,'0-','','2020-11-21 00:53:16','admin','2020-11-21 01:53:16','admin','2020-11-21 01:53:36',1,'unknown','unknown',NULL,NULL,NULL),(516,'Genna','Susterlind','Genna Susterlind','1975-05-21',46,'','F','Genev Road 77','Rudkenny','','+3813144111','','U','','U',NULL,'U','U','','N',0,'Unknown','','2020-11-21 01:20:48','admin','2020-11-21 02:20:48','admin','2020-11-21 02:20:48',1,'unknown','unknown',NULL,NULL,NULL),(517,'Maria','Njoko','Maria Njoko','2000-08-01',21,'','F','Mongi Road 56','West Kurtika','','+2434\\334','','U','','U',NULL,'U','U','','N',0,'AB+','','2020-11-21 02:29:57','admin','2020-11-21 03:29:57','admin','2020-11-21 03:29:57',1,'unknown','married',NULL,NULL,NULL),(518,'Jeremy','Lindon','Jeremy Lindon','1963-01-04',58,'','M','Stenton Plaza 151','Misurel','','+394252422','','U','','U',NULL,'U','U','','N',0,'B-','','2020-11-21 20:56:24','admin','2020-11-21 21:56:24','admin','2020-11-21 21:56:24',1,'unknown','married',NULL,NULL,NULL),(519,'Jeanna','Rickember','Jeanna Rickember','2017-06-08',4,'','F','Lavon Road 62','Justin','','+2243143213','','U','','U',NULL,'U','U','','N',0,'B+','','2020-11-21 20:58:52','admin','2020-11-21 21:58:52','admin','2020-11-21 21:58:52',1,'unknown','unknown',NULL,NULL,NULL),(520,'Rochester','Lenny','Rochester Lenny','2020-03-25',1,'','M','Letterman St. 512','Warengton','','+005199944','','U','','U',NULL,'U','U','','N',0,'A-','','2020-11-22 01:34:49','admin','2020-11-22 02:34:49','admin','2020-11-22 02:34:49',1,'unknown','single',NULL,NULL,NULL),(521,'Betta','Jamison','Betta Jamison','2010-08-22',11,'','F','Kinney Rd. 43','Kensington','','+39','','U','','U',NULL,'U','U','','N',0,'Unknown','','2020-11-22 01:36:53','admin','2020-11-22 02:36:53','admin','2020-11-22 02:36:53',1,'unknown','unknown',NULL,NULL,NULL),(522,'Harry','Colterson','Harry Colterson','1959-02-12',62,'','M','Westeman St. 12','Ottey','','+912314411','','U','','U',NULL,'U','U','','N',0,'A-','','2020-11-22 16:57:57','admin','2020-11-22 17:57:57','admin','2020-11-22 17:57:57',1,'unknown','divorced',NULL,NULL,NULL),(523,'Quinlan','Coors','Quinlan Coors','2014-08-04',7,'','M','Franlkin St 12','Derbyshire','','+416824999','','U','','U',NULL,'U','U','','N',0,'B-','','2020-11-23 14:58:01','admin','2020-11-23 15:58:01','admin','2020-11-23 15:58:01',1,'unknown','unknown',NULL,NULL,NULL),(524,'Geremia','Dickinson','Geremia Dickinson','1953-08-06',68,'','M','Springfiled','Kellog','','+396131211','','U','','U',NULL,'U','U','','N',1,'AB+','','2021-03-13 21:42:59','admin','2021-03-13 22:42:59','admin','2021-08-17 15:10:18',1,'construction','married',NULL,NULL,NULL),(525,'Mary','Garrington','Mary Garrington','2020-08-20',1,'','F','Ganston','Kendring','','+393413231','','U','','U',NULL,'U','U','','N',1,'0+','','2021-03-14 23:45:47','admin','2021-03-15 00:45:47','admin','2021-08-17 15:10:11',1,'unknown','unknown',NULL,NULL,NULL),(526,'Genina','Justterin','Genina Justterin','1984-12-14',36,'','F','Ghoulam Rd 231','Uribe','','+393452432','','U','','U',NULL,'U','U','','N',0,'B-','','2021-03-14 23:57:26','admin','2021-03-15 00:57:26','admin','2021-03-15 00:57:26',1,'farming','widowed',NULL,NULL,NULL),(527,'Marcus','Kellop','Marcus Kellop','1968-02-15',53,'','M','Fullister Pl. 45/b','Mirly','','+396153134','','U','','U',NULL,'U','U','','N',0,'0-','','2021-03-15 00:04:03','admin','2021-03-15 01:04:03','admin','2021-03-15 01:04:03',1,'unknown','married',NULL,NULL,NULL),(528,'Kenty','Willis','Kenty Willis','2006-07-16',15,'','F','Furja Street 81','Jikney','','+3914413','','U','','U',NULL,'U','U','','N',0,'B-','','2021-03-15 00:15:05','admin','2021-03-15 01:15:05','admin','2021-03-15 01:15:05',1,'unknown','single',NULL,NULL,NULL),(529,'Sara','Hucklington','Sara Hucklington','2020-02-29',1,'','F','Long Road 1','Kulele','','+39','','U','','U',NULL,'U','U','','N',0,'B+','','2021-03-15 11:19:27','admin','2021-03-15 12:19:27','admin','2021-03-15 12:19:27',1,'unknown','unknown',NULL,NULL,NULL),(530,'Jeanina','Smith','Jeanina Smith','1997-06-24',24,'','F','Flanders Rd','Springfield','','+12443111','','U','','U',NULL,'U','U','','N',1,'A+','','2021-08-17 13:28:09','admin','2021-08-17 15:28:09','admin','2021-11-10 16:49:27',1,'farming','married',NULL,NULL,NULL),(531,'Maximilian','Huntis','Maximilian Huntis','1966-11-30',54,'','M','Wilson road 51','Restiville','','+2-23131312','','U','','D',NULL,'U','U','','N',0,'AB-','','2021-08-17 13:34:31','admin','2021-08-17 15:34:31','admin','2021-08-17 15:34:31',1,'mechanic','widowed',NULL,NULL,NULL),(532,'Kevin','Aramburu','Kevin Aramburu','1978-11-01',43,'','M','St. Regents Road 45','Medington','','+21.112431545','','U','','U',NULL,'U','U','','N',0,'A+','','2021-11-09 13:41:05','admin','2021-11-09 14:41:05','admin','2021-11-09 14:41:05',1,'unknown','married',NULL,NULL,NULL),(533,'Jennifer','Stantson','Jennifer Stantson','1996-05-14',25,'','F','Fersy Plaza 1','Madison','','+39','','U','','U',NULL,'U','U','','N',0,'B+','','2021-11-09 13:45:06','admin','2021-11-09 14:45:06','admin','2021-11-09 14:45:06',1,'unknown','married',NULL,NULL,NULL),(534,'Mirta','Veluma','Mirta Veluma','1981-05-06',40,'','F','Ambalony way','Alimbu','','+39432313123','','U','','U',NULL,'U','U','','N',0,'AB+','','2021-11-09 14:36:51','admin','2021-11-09 15:36:51','admin','2021-11-09 15:36:51',1,'unknown','married',NULL,NULL,NULL),(535,'Kenny','Flanagan','Kenny Flanagan','1966-06-01',55,'','M','First Avn. 762','Wally','','+123451354','','U','','U',NULL,'U','U','','N',0,'AB+','','2021-11-09 14:40:30','admin','2021-11-09 15:40:30','admin','2021-11-09 15:40:30',1,'construction','married',NULL,NULL,NULL),(536,'Geofrey','Adenilson','Geofrey Adenilson','1970-01-13',51,'','M','Jefferson lane 258','Juskey','','+1443521111','','U','','U',NULL,'U','U','','N',0,'0-','','2021-11-09 16:11:57','admin','2021-11-09 17:11:57','admin','2021-11-09 17:11:57',1,'engineering','married',NULL,NULL,NULL),(537,'Wally','Simpsons','Wally Simpsons','1976-05-06',45,'','M','Remsy Av. 1','New Village','','+394331112313','','U','','U',NULL,'U','U','','N',0,'0+','','2021-11-09 16:22:19','admin','2021-11-09 17:22:19','admin','2021-11-09 17:22:19',1,'other','married',NULL,NULL,NULL),(538,'Veronica','Erini','Veronica Erini','2020-03-14',1,'','F','New place 1','Uroha','','+2154215434314','','U','','U',NULL,'U','U','','N',0,'B+','','2021-11-09 16:27:05','admin','2021-11-09 17:27:05','admin','2021-11-09 17:27:05',1,'unknown','unknown',NULL,NULL,NULL),(539,'Philomena','Redondo','Philomena Redondo','1982-07-28',39,'','F','Westfiled district','Muoni','','+180287435746545','','U','','U',NULL,'U','U','','N',0,'A-','','2021-11-09 16:43:04','admin','2021-11-09 17:43:04','admin','2021-11-09 17:43:04',1,'farming','married',NULL,NULL,NULL),(540,'Redy','Villen','Redy Villen','1979-02-12',42,'','F','Willer road 81','Bloomingdale','','+393134341','','U','','U',NULL,'U','U','','N',0,'A+','','2021-11-09 17:28:48','admin','2021-11-09 18:28:48','admin','2021-11-09 18:28:48',1,'foodhospitality','married',NULL,NULL,NULL),(541,'Philomena','Jenkins','Philomena Jenkins','1984-06-30',37,'','F','Western park N. 23','Wellington','','+72145462545','','U','','U',NULL,'U','U','','N',0,'0-','','2021-11-10 14:50:20','admin','2021-11-10 15:50:20','admin','2021-11-10 15:50:20',1,'janitorial','married',NULL,NULL,NULL),(542,'Jeff','Buskey','Jeff Buskey','2001-04-22',20,'','M','Ruster Street 27','Kernigan','','+851344333','','U','','U',NULL,'U','U','','N',0,'A+','','2021-11-10 15:47:00','admin','2021-11-10 16:47:00','admin','2021-11-10 16:47:00',1,'mining','single',NULL,NULL,NULL),(543,'Jeremy','Keenan','Jeremy Keenan','1976-02-10',46,'','M','Giant Plaza 24','Gherson','','+39213221312','','U','','U',NULL,'U','U','','N',0,'B-','','2023-02-02 21:35:18','admin','2023-02-02 22:35:18','admin','2023-02-02 22:35:18',1,'mechanic','married',NULL,NULL,NULL),(544,'Rosa','Ursily','Rosa Ursily','2002-01-14',21,'','F','Westington st. N. 45','Maryint','','+39','','U','','U',NULL,'U','U','','N',0,'A+','','2023-02-02 21:37:11','admin','2023-02-02 22:37:11','admin','2023-02-02 22:37:11',1,'unknown','single',NULL,NULL,NULL),(545,'Kenny','Gurion','Kenny Gurion','1982-02-02',41,'','M','Wayland town N 45','Resping','','+442315435425','','U','','U',NULL,'U','U','','N',0,'B+','','2023-02-02 21:40:33','admin','2023-02-02 22:40:33','admin','2023-02-02 22:40:33',1,'unknown','divorced',NULL,NULL,NULL),(546,'Jennifer','Florence','Jennifer Florence','2018-02-06',4,'','F','Sesame st. 26/2','Johnson','','+2245423234','','U','David','U',NULL,'U','U','','N',0,'A+','','2023-02-03 22:30:25','admin','2023-02-03 23:30:25','admin','2023-02-03 23:30:25',1,'unknown','unknown',NULL,NULL,NULL),(547,'John','Mastiry','John Mastiry','1968-02-03',55,'','M','Korty Road lt. 55','Keiring','','+144542245','','U','','U',NULL,'U','U','','N',0,'B+','','2023-02-03 22:33:04','admin','2023-02-03 23:33:04','admin','2023-02-03 23:33:04',1,'foodhospitality','widowed',NULL,NULL,NULL),(548,'Mary','Parway','Mary Parway','1950-02-07',72,'','F','Marins Place 86/b','Verink','','+39','','U','','U',NULL,'U','U','','N',0,'0-','','2023-02-03 22:38:17','admin','2023-02-03 23:38:17','admin','2023-02-03 23:38:17',1,'farming','widowed',NULL,NULL,NULL),(549,'Kerry','Johnson','Kerry Johnson','2020-11-29',2,'','M','Local way 27/2','Madison Town','','+2145245253','Flora','U','John','U',NULL,'U','U','','N',0,'A-','','2023-02-03 22:45:08','admin','2023-02-03 23:45:08','admin','2023-02-03 23:45:08',1,'unknown','unknown',NULL,NULL,NULL),(550,'Loredana','Worthy','Loredana Worthy','1971-07-23',51,'','F','Portland way 4','Misty city','','+551354224','','U','','U',NULL,'U','U','','N',0,'AB+','','2023-02-03 22:48:27','admin','2023-02-03 23:48:27','admin','2023-02-03 23:48:27',1,'medicine','unknown',NULL,NULL,NULL),(551,'Anna','Porttison','Anna Porttison','2010-02-04',13,'','F','Road Village st. 1','Roty','','+11.4322121','Fanny','U','','U',NULL,'U','U','','N',0,'B-','','2023-02-03 23:07:23','admin','2023-02-04 00:07:23','admin','2023-02-04 00:07:23',1,'unknown','unknown',NULL,NULL,NULL),(552,'Troy','Daniels','Troy Daniels','1978-02-04',45,'','M','Joysan avenu 27','Kroster','','+33143143431','','U','','U',NULL,'U','U','','N',0,'AB+','','2023-02-04 01:05:22','admin','2023-02-04 02:05:22','admin','2023-02-04 02:05:22',1,'construction','married',NULL,NULL,NULL),(553,'Yellen','Unison','Yellen Unison','1998-02-04',25,'','F','Maddy rd. 90','Tuscin','','+39','','U','','U',NULL,'U','U','','N',0,'A+','','2023-02-04 01:25:25','admin','2023-02-04 02:25:25','admin','2023-02-04 02:25:25',1,'unknown','married',NULL,NULL,NULL);
/*!40000 ALTER TABLE `oh_patient` ENABLE KEYS */;
UNLOCK TABLES;

--
-- Table structure for table `oh_patient_consensus`
--

DROP TABLE IF EXISTS `oh_patient_consensus`;
/*!40101 SET @saved_cs_client     = @@character_set_client */;
/*!40101 SET character_set_client = utf8 */;
CREATE TABLE `oh_patient_consensus` (
  `PTC_ID` int(11) unsigned NOT NULL AUTO_INCREMENT,
  `PTC_PAT_ID` int(11) NOT NULL,
  `PTC_CONSENSUS` tinyint(1) NOT NULL DEFAULT 0,
  `PTC_SERVICE` tinyint(1) NOT NULL DEFAULT 0,
  `PTC_CREATED_BY` varchar(50) DEFAULT NULL,
  `PTC_CREATED_DATE` datetime DEFAULT NULL,
  `PTC_LAST_MODIFIED_BY` varchar(50) DEFAULT NULL,
  `PTC_LAST_MODIFIED_DATE` datetime DEFAULT NULL,
  `PTC_ACTIVE` tinyint(1) NOT NULL DEFAULT 1,
  PRIMARY KEY (`PTC_ID`),
  UNIQUE KEY `PTC_PAT_ID` (`PTC_PAT_ID`),
  CONSTRAINT `oh_patient_consensus_ibfk_1` FOREIGN KEY (`PTC_PAT_ID`) REFERENCES `oh_patient` (`PAT_ID`)
) ENGINE=InnoDB AUTO_INCREMENT=554 DEFAULT CHARSET=utf8mb3 COLLATE=utf8mb3_general_ci;
/*!40101 SET character_set_client = @saved_cs_client */;

--
-- Dumping data for table `oh_patient_consensus`
--

LOCK TABLES `oh_patient_consensus` WRITE;
/*!40000 ALTER TABLE `oh_patient_consensus` DISABLE KEYS */;
INSERT INTO `oh_patient_consensus` (`PTC_ID`, `PTC_PAT_ID`, `PTC_CONSENSUS`, `PTC_SERVICE`, `PTC_CREATED_BY`, `PTC_CREATED_DATE`, `PTC_LAST_MODIFIED_BY`, `PTC_LAST_MODIFIED_DATE`, `PTC_ACTIVE`) VALUES (0,0,1,1,'admin','2023-03-22 21:06:29','admin','2023-03-22 21:06:29',1),(1,1,1,1,'admin','2023-03-22 21:06:29','admin','2023-03-22 21:06:29',1),(2,2,1,1,'admin','2023-03-22 21:06:29','admin','2023-03-22 21:06:29',1),(3,3,1,1,'admin','2023-03-22 21:06:29','admin','2023-03-22 21:06:29',1),(4,4,1,0,'admin','2023-03-22 21:06:29','admin','2023-03-22 21:06:29',1),(5,5,1,0,'admin','2023-03-22 21:06:29','admin','2023-03-22 21:06:29',1),(6,6,1,0,'admin','2023-03-22 21:06:29','admin','2023-03-22 21:06:29',1),(7,7,1,1,'admin','2023-03-22 21:06:29','admin','2023-03-22 21:06:29',1),(8,8,1,0,'admin','2023-03-22 21:06:29','admin','2023-03-22 21:06:29',1),(9,9,1,1,'admin','2023-03-22 21:06:29','admin','2023-03-22 21:06:29',1),(10,10,1,0,'admin','2023-03-22 21:06:29','admin','2023-03-22 21:06:29',1),(11,11,1,0,'admin','2023-03-22 21:06:29','admin','2023-03-22 21:06:29',1),(12,12,1,1,'admin','2023-03-22 21:06:29','admin','2023-03-22 21:06:29',1),(13,13,1,0,'admin','2023-03-22 21:06:29','admin','2023-03-22 21:06:29',1),(14,14,1,0,'admin','2023-03-22 21:06:29','admin','2023-03-22 21:06:29',1),(15,15,1,0,'admin','2023-03-22 21:06:29','admin','2023-03-22 21:06:29',1),(16,16,1,1,'admin','2023-03-22 21:06:29','admin','2023-03-22 21:06:29',1),(17,17,1,0,'admin','2023-03-22 21:06:29','admin','2023-03-22 21:06:29',1),(18,18,1,0,'admin','2023-03-22 21:06:29','admin','2023-03-22 21:06:29',1),(19,19,1,1,'admin','2023-03-22 21:06:29','admin','2023-03-22 21:06:29',1),(20,20,1,0,'admin','2023-03-22 21:06:29','admin','2023-03-22 21:06:29',1),(21,21,1,1,'admin','2023-03-22 21:06:29','admin','2023-03-22 21:06:29',1),(22,22,1,0,'admin','2023-03-22 21:06:29','admin','2023-03-22 21:06:29',1),(23,23,1,0,'admin','2023-03-22 21:06:29','admin','2023-03-22 21:06:29',1),(24,24,1,0,'admin','2023-03-22 21:06:29','admin','2023-03-22 21:06:29',1),(25,25,1,0,'admin','2023-03-22 21:06:29','admin','2023-03-22 21:06:29',1),(26,26,1,1,'admin','2023-03-22 21:06:29','admin','2023-03-22 21:06:29',1),(27,27,1,1,'admin','2023-03-22 21:06:29','admin','2023-03-22 21:06:29',1),(28,28,1,0,'admin','2023-03-22 21:06:29','admin','2023-03-22 21:06:29',1),(29,29,1,0,'admin','2023-03-22 21:06:29','admin','2023-03-22 21:06:29',1),(30,30,1,0,'admin','2023-03-22 21:06:29','admin','2023-03-22 21:06:29',1),(31,31,1,0,'admin','2023-03-22 21:06:29','admin','2023-03-22 21:06:29',1),(32,32,1,1,'admin','2023-03-22 21:06:29','admin','2023-03-22 21:06:29',1),(33,33,1,1,'admin','2023-03-22 21:06:29','admin','2023-03-22 21:06:29',1),(34,34,1,0,'admin','2023-03-22 21:06:29','admin','2023-03-22 21:06:29',1),(35,35,1,1,'admin','2023-03-22 21:06:29','admin','2023-03-22 21:06:29',1),(36,36,1,1,'admin','2023-03-22 21:06:29','admin','2023-03-22 21:06:29',1),(37,37,1,1,'admin','2023-03-22 21:06:29','admin','2023-03-22 21:06:29',1),(38,38,1,1,'admin','2023-03-22 21:06:29','admin','2023-03-22 21:06:29',1),(39,39,1,0,'admin','2023-03-22 21:06:29','admin','2023-03-22 21:06:29',1),(40,40,1,0,'admin','2023-03-22 21:06:29','admin','2023-03-22 21:06:29',1),(41,41,1,0,'admin','2023-03-22 21:06:29','admin','2023-03-22 21:06:29',1),(42,42,1,0,'admin','2023-03-22 21:06:29','admin','2023-03-22 21:06:29',1),(43,43,1,0,'admin','2023-03-22 21:06:29','admin','2023-03-22 21:06:29',1),(44,44,1,1,'admin','2023-03-22 21:06:29','admin','2023-03-22 21:06:29',1),(45,45,1,1,'admin','2023-03-22 21:06:29','admin','2023-03-22 21:06:29',1),(46,46,1,1,'admin','2023-03-22 21:06:29','admin','2023-03-22 21:06:29',1),(47,47,1,0,'admin','2023-03-22 21:06:29','admin','2023-03-22 21:06:29',1),(48,48,1,0,'admin','2023-03-22 21:06:29','admin','2023-03-22 21:06:29',1),(49,49,1,0,'admin','2023-03-22 21:06:29','admin','2023-03-22 21:06:29',1),(50,50,1,1,'admin','2023-03-22 21:06:29','admin','2023-03-22 21:06:29',1),(51,51,1,1,'admin','2023-03-22 21:06:29','admin','2023-03-22 21:06:29',1),(52,52,1,1,'admin','2023-03-22 21:06:29','admin','2023-03-22 21:06:29',1),(53,53,1,0,'admin','2023-03-22 21:06:29','admin','2023-03-22 21:06:29',1),(54,54,1,0,'admin','2023-03-22 21:06:29','admin','2023-03-22 21:06:29',1),(55,55,1,1,'admin','2023-03-22 21:06:29','admin','2023-03-22 21:06:29',1),(56,56,1,1,'admin','2023-03-22 21:06:29','admin','2023-03-22 21:06:29',1),(57,57,1,1,'admin','2023-03-22 21:06:29','admin','2023-03-22 21:06:29',1),(58,58,1,1,'admin','2023-03-22 21:06:29','admin','2023-03-22 21:06:29',1),(59,59,1,0,'admin','2023-03-22 21:06:29','admin','2023-03-22 21:06:29',1),(60,60,1,1,'admin','2023-03-22 21:06:29','admin','2023-03-22 21:06:29',1),(61,61,1,1,'admin','2023-03-22 21:06:29','admin','2023-03-22 21:06:29',1),(62,62,1,0,'admin','2023-03-22 21:06:29','admin','2023-03-22 21:06:29',1),(63,63,1,1,'admin','2023-03-22 21:06:29','admin','2023-03-22 21:06:29',1),(64,64,1,0,'admin','2023-03-22 21:06:29','admin','2023-03-22 21:06:29',1),(65,65,1,0,'admin','2023-03-22 21:06:29','admin','2023-03-22 21:06:29',1),(66,66,1,1,'admin','2023-03-22 21:06:29','admin','2023-03-22 21:06:29',1),(67,67,1,0,'admin','2023-03-22 21:06:29','admin','2023-03-22 21:06:29',1),(68,68,1,0,'admin','2023-03-22 21:06:29','admin','2023-03-22 21:06:29',1),(69,69,1,0,'admin','2023-03-22 21:06:29','admin','2023-03-22 21:06:29',1),(70,70,1,1,'admin','2023-03-22 21:06:29','admin','2023-03-22 21:06:29',1),(71,71,1,0,'admin','2023-03-22 21:06:29','admin','2023-03-22 21:06:29',1),(72,72,1,1,'admin','2023-03-22 21:06:29','admin','2023-03-22 21:06:29',1),(73,73,1,1,'admin','2023-03-22 21:06:29','admin','2023-03-22 21:06:29',1),(74,74,1,0,'admin','2023-03-22 21:06:29','admin','2023-03-22 21:06:29',1),(75,75,1,1,'admin','2023-03-22 21:06:29','admin','2023-03-22 21:06:29',1),(76,76,1,1,'admin','2023-03-22 21:06:29','admin','2023-03-22 21:06:29',1),(77,77,1,1,'admin','2023-03-22 21:06:29','admin','2023-03-22 21:06:29',1),(78,78,1,0,'admin','2023-03-22 21:06:29','admin','2023-03-22 21:06:29',1),(79,79,1,1,'admin','2023-03-22 21:06:29','admin','2023-03-22 21:06:29',1),(80,80,1,1,'admin','2023-03-22 21:06:29','admin','2023-03-22 21:06:29',1),(81,81,1,1,'admin','2023-03-22 21:06:29','admin','2023-03-22 21:06:29',1),(82,82,1,1,'admin','2023-03-22 21:06:29','admin','2023-03-22 21:06:29',1),(83,83,1,1,'admin','2023-03-22 21:06:29','admin','2023-03-22 21:06:29',1),(84,84,1,1,'admin','2023-03-22 21:06:29','admin','2023-03-22 21:06:29',1),(85,85,1,1,'admin','2023-03-22 21:06:29','admin','2023-03-22 21:06:29',1),(86,86,1,1,'admin','2023-03-22 21:06:29','admin','2023-03-22 21:06:29',1),(87,87,1,1,'admin','2023-03-22 21:06:29','admin','2023-03-22 21:06:29',1),(88,88,1,1,'admin','2023-03-22 21:06:29','admin','2023-03-22 21:06:29',1),(89,89,1,1,'admin','2023-03-22 21:06:29','admin','2023-03-22 21:06:29',1),(90,90,1,0,'admin','2023-03-22 21:06:29','admin','2023-03-22 21:06:29',1),(91,91,1,1,'admin','2023-03-22 21:06:29','admin','2023-03-22 21:06:29',1),(92,92,1,1,'admin','2023-03-22 21:06:29','admin','2023-03-22 21:06:29',1),(93,93,1,1,'admin','2023-03-22 21:06:29','admin','2023-03-22 21:06:29',1),(94,94,1,0,'admin','2023-03-22 21:06:29','admin','2023-03-22 21:06:29',1),(95,95,1,0,'admin','2023-03-22 21:06:29','admin','2023-03-22 21:06:29',1),(96,96,1,1,'admin','2023-03-22 21:06:29','admin','2023-03-22 21:06:29',1),(97,97,1,1,'admin','2023-03-22 21:06:29','admin','2023-03-22 21:06:29',1),(98,98,1,1,'admin','2023-03-22 21:06:29','admin','2023-03-22 21:06:29',1),(99,99,1,1,'admin','2023-03-22 21:06:29','admin','2023-03-22 21:06:29',1),(100,100,1,1,'admin','2023-03-22 21:06:29','admin','2023-03-22 21:06:29',1),(101,101,1,0,'admin','2023-03-22 21:06:29','admin','2023-03-22 21:06:29',1),(102,102,1,1,'admin','2023-03-22 21:06:29','admin','2023-03-22 21:06:29',1),(103,103,1,1,'admin','2023-03-22 21:06:29','admin','2023-03-22 21:06:29',1),(104,104,1,1,'admin','2023-03-22 21:06:29','admin','2023-03-22 21:06:29',1),(105,105,1,0,'admin','2023-03-22 21:06:29','admin','2023-03-22 21:06:29',1),(106,106,1,1,'admin','2023-03-22 21:06:29','admin','2023-03-22 21:06:29',1),(107,107,1,0,'admin','2023-03-22 21:06:29','admin','2023-03-22 21:06:29',1),(108,108,1,1,'admin','2023-03-22 21:06:29','admin','2023-03-22 21:06:29',1),(109,109,1,1,'admin','2023-03-22 21:06:29','admin','2023-03-22 21:06:29',1),(110,110,1,0,'admin','2023-03-22 21:06:29','admin','2023-03-22 21:06:29',1),(111,111,1,1,'admin','2023-03-22 21:06:29','admin','2023-03-22 21:06:29',1),(112,112,1,1,'admin','2023-03-22 21:06:29','admin','2023-03-22 21:06:29',1),(113,113,1,1,'admin','2023-03-22 21:06:29','admin','2023-03-22 21:06:29',1),(114,114,1,0,'admin','2023-03-22 21:06:29','admin','2023-03-22 21:06:29',1),(115,115,1,1,'admin','2023-03-22 21:06:29','admin','2023-03-22 21:06:29',1),(116,116,1,1,'admin','2023-03-22 21:06:29','admin','2023-03-22 21:06:29',1),(117,117,1,1,'admin','2023-03-22 21:06:29','admin','2023-03-22 21:06:29',1),(118,118,1,1,'admin','2023-03-22 21:06:29','admin','2023-03-22 21:06:29',1),(119,119,1,0,'admin','2023-03-22 21:06:29','admin','2023-03-22 21:06:29',1),(120,120,1,0,'admin','2023-03-22 21:06:29','admin','2023-03-22 21:06:29',1),(121,121,1,1,'admin','2023-03-22 21:06:29','admin','2023-03-22 21:06:29',1),(122,122,1,0,'admin','2023-03-22 21:06:29','admin','2023-03-22 21:06:29',1),(123,123,1,0,'admin','2023-03-22 21:06:29','admin','2023-03-22 21:06:29',1),(124,124,1,1,'admin','2023-03-22 21:06:29','admin','2023-03-22 21:06:29',1),(125,125,1,0,'admin','2023-03-22 21:06:29','admin','2023-03-22 21:06:29',1),(126,126,1,1,'admin','2023-03-22 21:06:29','admin','2023-03-22 21:06:29',1),(127,127,1,0,'admin','2023-03-22 21:06:29','admin','2023-03-22 21:06:29',1),(128,128,1,0,'admin','2023-03-22 21:06:29','admin','2023-03-22 21:06:29',1),(129,129,1,0,'admin','2023-03-22 21:06:29','admin','2023-03-22 21:06:29',1),(130,130,1,0,'admin','2023-03-22 21:06:29','admin','2023-03-22 21:06:29',1),(131,131,1,0,'admin','2023-03-22 21:06:29','admin','2023-03-22 21:06:29',1),(132,132,1,1,'admin','2023-03-22 21:06:29','admin','2023-03-22 21:06:29',1),(133,133,1,0,'admin','2023-03-22 21:06:29','admin','2023-03-22 21:06:29',1),(134,134,1,0,'admin','2023-03-22 21:06:29','admin','2023-03-22 21:06:29',1),(135,135,1,1,'admin','2023-03-22 21:06:29','admin','2023-03-22 21:06:29',1),(136,136,1,0,'admin','2023-03-22 21:06:29','admin','2023-03-22 21:06:29',1),(137,137,1,0,'admin','2023-03-22 21:06:29','admin','2023-03-22 21:06:29',1),(138,138,1,1,'admin','2023-03-22 21:06:29','admin','2023-03-22 21:06:29',1),(139,139,1,0,'admin','2023-03-22 21:06:29','admin','2023-03-22 21:06:29',1),(140,140,1,0,'admin','2023-03-22 21:06:29','admin','2023-03-22 21:06:29',1),(141,141,1,0,'admin','2023-03-22 21:06:29','admin','2023-03-22 21:06:29',1),(142,142,1,1,'admin','2023-03-22 21:06:29','admin','2023-03-22 21:06:29',1),(143,143,1,1,'admin','2023-03-22 21:06:29','admin','2023-03-22 21:06:29',1),(144,144,1,1,'admin','2023-03-22 21:06:29','admin','2023-03-22 21:06:29',1),(145,145,1,1,'admin','2023-03-22 21:06:29','admin','2023-03-22 21:06:29',1),(146,146,1,1,'admin','2023-03-22 21:06:29','admin','2023-03-22 21:06:29',1),(147,147,1,0,'admin','2023-03-22 21:06:29','admin','2023-03-22 21:06:29',1),(148,148,1,0,'admin','2023-03-22 21:06:29','admin','2023-03-22 21:06:29',1),(149,149,1,0,'admin','2023-03-22 21:06:29','admin','2023-03-22 21:06:29',1),(150,150,1,1,'admin','2023-03-22 21:06:29','admin','2023-03-22 21:06:29',1),(151,151,1,0,'admin','2023-03-22 21:06:29','admin','2023-03-22 21:06:29',1),(152,152,1,0,'admin','2023-03-22 21:06:29','admin','2023-03-22 21:06:29',1),(153,153,1,0,'admin','2023-03-22 21:06:29','admin','2023-03-22 21:06:29',1),(154,154,1,1,'admin','2023-03-22 21:06:29','admin','2023-03-22 21:06:29',1),(155,155,1,0,'admin','2023-03-22 21:06:29','admin','2023-03-22 21:06:29',1),(156,156,1,1,'admin','2023-03-22 21:06:29','admin','2023-03-22 21:06:29',1),(157,157,1,0,'admin','2023-03-22 21:06:29','admin','2023-03-22 21:06:29',1),(158,158,1,1,'admin','2023-03-22 21:06:29','admin','2023-03-22 21:06:29',1),(159,159,1,0,'admin','2023-03-22 21:06:29','admin','2023-03-22 21:06:29',1),(160,160,1,1,'admin','2023-03-22 21:06:29','admin','2023-03-22 21:06:29',1),(161,161,1,1,'admin','2023-03-22 21:06:29','admin','2023-03-22 21:06:29',1),(162,162,1,1,'admin','2023-03-22 21:06:29','admin','2023-03-22 21:06:29',1),(163,163,1,0,'admin','2023-03-22 21:06:29','admin','2023-03-22 21:06:29',1),(164,164,1,1,'admin','2023-03-22 21:06:29','admin','2023-03-22 21:06:29',1),(165,165,1,0,'admin','2023-03-22 21:06:29','admin','2023-03-22 21:06:29',1),(166,166,1,1,'admin','2023-03-22 21:06:29','admin','2023-03-22 21:06:29',1),(167,167,1,1,'admin','2023-03-22 21:06:29','admin','2023-03-22 21:06:29',1),(168,168,1,0,'admin','2023-03-22 21:06:29','admin','2023-03-22 21:06:29',1),(169,169,1,0,'admin','2023-03-22 21:06:29','admin','2023-03-22 21:06:29',1),(170,170,1,1,'admin','2023-03-22 21:06:29','admin','2023-03-22 21:06:29',1),(171,171,1,0,'admin','2023-03-22 21:06:29','admin','2023-03-22 21:06:29',1),(172,172,1,0,'admin','2023-03-22 21:06:29','admin','2023-03-22 21:06:29',1),(173,173,1,0,'admin','2023-03-22 21:06:29','admin','2023-03-22 21:06:29',1),(174,174,1,1,'admin','2023-03-22 21:06:29','admin','2023-03-22 21:06:29',1),(175,175,1,1,'admin','2023-03-22 21:06:29','admin','2023-03-22 21:06:29',1),(176,176,1,1,'admin','2023-03-22 21:06:29','admin','2023-03-22 21:06:29',1),(177,177,1,1,'admin','2023-03-22 21:06:29','admin','2023-03-22 21:06:29',1),(178,178,1,1,'admin','2023-03-22 21:06:29','admin','2023-03-22 21:06:29',1),(179,179,1,0,'admin','2023-03-22 21:06:29','admin','2023-03-22 21:06:29',1),(180,180,1,1,'admin','2023-03-22 21:06:29','admin','2023-03-22 21:06:29',1),(181,181,1,1,'admin','2023-03-22 21:06:29','admin','2023-03-22 21:06:29',1),(182,182,1,0,'admin','2023-03-22 21:06:29','admin','2023-03-22 21:06:29',1),(183,183,1,0,'admin','2023-03-22 21:06:29','admin','2023-03-22 21:06:29',1),(184,184,1,1,'admin','2023-03-22 21:06:29','admin','2023-03-22 21:06:29',1),(185,185,1,0,'admin','2023-03-22 21:06:29','admin','2023-03-22 21:06:29',1),(186,186,1,0,'admin','2023-03-22 21:06:29','admin','2023-03-22 21:06:29',1),(187,187,1,0,'admin','2023-03-22 21:06:29','admin','2023-03-22 21:06:29',1),(188,188,1,1,'admin','2023-03-22 21:06:29','admin','2023-03-22 21:06:29',1),(189,189,1,0,'admin','2023-03-22 21:06:29','admin','2023-03-22 21:06:29',1),(190,190,1,1,'admin','2023-03-22 21:06:29','admin','2023-03-22 21:06:29',1),(191,191,1,0,'admin','2023-03-22 21:06:29','admin','2023-03-22 21:06:29',1),(192,192,1,1,'admin','2023-03-22 21:06:29','admin','2023-03-22 21:06:29',1),(193,193,1,1,'admin','2023-03-22 21:06:29','admin','2023-03-22 21:06:29',1),(194,194,1,1,'admin','2023-03-22 21:06:29','admin','2023-03-22 21:06:29',1),(195,195,1,1,'admin','2023-03-22 21:06:29','admin','2023-03-22 21:06:29',1),(196,196,1,0,'admin','2023-03-22 21:06:29','admin','2023-03-22 21:06:29',1),(197,197,1,1,'admin','2023-03-22 21:06:29','admin','2023-03-22 21:06:29',1),(198,198,1,0,'admin','2023-03-22 21:06:29','admin','2023-03-22 21:06:29',1),(199,199,1,0,'admin','2023-03-22 21:06:29','admin','2023-03-22 21:06:29',1),(200,200,1,0,'admin','2023-03-22 21:06:29','admin','2023-03-22 21:06:29',1),(201,201,1,1,'admin','2023-03-22 21:06:29','admin','2023-03-22 21:06:29',1),(202,202,1,1,'admin','2023-03-22 21:06:29','admin','2023-03-22 21:06:29',1),(203,203,1,1,'admin','2023-03-22 21:06:29','admin','2023-03-22 21:06:29',1),(204,204,1,1,'admin','2023-03-22 21:06:29','admin','2023-03-22 21:06:29',1),(205,205,1,1,'admin','2023-03-22 21:06:29','admin','2023-03-22 21:06:29',1),(206,206,1,0,'admin','2023-03-22 21:06:29','admin','2023-03-22 21:06:29',1),(207,207,1,1,'admin','2023-03-22 21:06:29','admin','2023-03-22 21:06:29',1),(208,208,1,1,'admin','2023-03-22 21:06:29','admin','2023-03-22 21:06:29',1),(209,209,1,0,'admin','2023-03-22 21:06:29','admin','2023-03-22 21:06:29',1),(210,210,1,0,'admin','2023-03-22 21:06:29','admin','2023-03-22 21:06:29',1),(211,211,1,0,'admin','2023-03-22 21:06:29','admin','2023-03-22 21:06:29',1),(212,212,1,0,'admin','2023-03-22 21:06:29','admin','2023-03-22 21:06:29',1),(213,213,1,0,'admin','2023-03-22 21:06:29','admin','2023-03-22 21:06:29',1),(214,214,1,0,'admin','2023-03-22 21:06:29','admin','2023-03-22 21:06:29',1),(215,215,1,0,'admin','2023-03-22 21:06:29','admin','2023-03-22 21:06:29',1),(216,216,1,1,'admin','2023-03-22 21:06:29','admin','2023-03-22 21:06:29',1),(217,217,1,1,'admin','2023-03-22 21:06:29','admin','2023-03-22 21:06:29',1),(218,218,1,0,'admin','2023-03-22 21:06:29','admin','2023-03-22 21:06:29',1),(219,219,1,0,'admin','2023-03-22 21:06:29','admin','2023-03-22 21:06:29',1),(220,220,1,0,'admin','2023-03-22 21:06:29','admin','2023-03-22 21:06:29',1),(221,221,1,0,'admin','2023-03-22 21:06:29','admin','2023-03-22 21:06:29',1),(222,222,1,1,'admin','2023-03-22 21:06:29','admin','2023-03-22 21:06:29',1),(223,223,1,1,'admin','2023-03-22 21:06:29','admin','2023-03-22 21:06:29',1),(224,224,1,0,'admin','2023-03-22 21:06:29','admin','2023-03-22 21:06:29',1),(225,225,1,1,'admin','2023-03-22 21:06:29','admin','2023-03-22 21:06:29',1),(226,226,1,1,'admin','2023-03-22 21:06:29','admin','2023-03-22 21:06:29',1),(227,227,1,0,'admin','2023-03-22 21:06:29','admin','2023-03-22 21:06:29',1),(228,228,1,1,'admin','2023-03-22 21:06:29','admin','2023-03-22 21:06:29',1),(229,229,1,0,'admin','2023-03-22 21:06:29','admin','2023-03-22 21:06:29',1),(230,230,1,0,'admin','2023-03-22 21:06:29','admin','2023-03-22 21:06:29',1),(231,231,1,0,'admin','2023-03-22 21:06:29','admin','2023-03-22 21:06:29',1),(232,232,1,0,'admin','2023-03-22 21:06:29','admin','2023-03-22 21:06:29',1),(233,233,1,0,'admin','2023-03-22 21:06:29','admin','2023-03-22 21:06:29',1),(234,234,1,1,'admin','2023-03-22 21:06:29','admin','2023-03-22 21:06:29',1),(235,235,1,1,'admin','2023-03-22 21:06:29','admin','2023-03-22 21:06:29',1),(236,236,1,1,'admin','2023-03-22 21:06:29','admin','2023-03-22 21:06:29',1),(237,237,1,0,'admin','2023-03-22 21:06:29','admin','2023-03-22 21:06:29',1),(238,238,1,0,'admin','2023-03-22 21:06:29','admin','2023-03-22 21:06:29',1),(239,239,1,0,'admin','2023-03-22 21:06:29','admin','2023-03-22 21:06:29',1),(240,240,1,1,'admin','2023-03-22 21:06:29','admin','2023-03-22 21:06:29',1),(241,241,1,0,'admin','2023-03-22 21:06:29','admin','2023-03-22 21:06:29',1),(242,242,1,0,'admin','2023-03-22 21:06:29','admin','2023-03-22 21:06:29',1),(243,243,1,1,'admin','2023-03-22 21:06:29','admin','2023-03-22 21:06:29',1),(244,244,1,0,'admin','2023-03-22 21:06:29','admin','2023-03-22 21:06:29',1),(245,245,1,1,'admin','2023-03-22 21:06:29','admin','2023-03-22 21:06:29',1),(246,246,1,1,'admin','2023-03-22 21:06:29','admin','2023-03-22 21:06:29',1),(247,247,1,0,'admin','2023-03-22 21:06:29','admin','2023-03-22 21:06:29',1),(248,248,1,1,'admin','2023-03-22 21:06:29','admin','2023-03-22 21:06:29',1),(249,249,1,1,'admin','2023-03-22 21:06:29','admin','2023-03-22 21:06:29',1),(250,250,1,0,'admin','2023-03-22 21:06:29','admin','2023-03-22 21:06:29',1),(251,251,1,0,'admin','2023-03-22 21:06:29','admin','2023-03-22 21:06:29',1),(252,252,1,0,'admin','2023-03-22 21:06:29','admin','2023-03-22 21:06:29',1),(253,253,1,0,'admin','2023-03-22 21:06:29','admin','2023-03-22 21:06:29',1),(254,254,1,0,'admin','2023-03-22 21:06:29','admin','2023-03-22 21:06:29',1),(255,255,1,0,'admin','2023-03-22 21:06:29','admin','2023-03-22 21:06:29',1),(256,256,1,1,'admin','2023-03-22 21:06:29','admin','2023-03-22 21:06:29',1),(257,257,1,0,'admin','2023-03-22 21:06:29','admin','2023-03-22 21:06:29',1),(258,258,1,1,'admin','2023-03-22 21:06:29','admin','2023-03-22 21:06:29',1),(259,259,1,0,'admin','2023-03-22 21:06:29','admin','2023-03-22 21:06:29',1),(260,260,1,0,'admin','2023-03-22 21:06:29','admin','2023-03-22 21:06:29',1),(261,261,1,0,'admin','2023-03-22 21:06:29','admin','2023-03-22 21:06:29',1),(262,262,1,0,'admin','2023-03-22 21:06:29','admin','2023-03-22 21:06:29',1),(263,263,1,1,'admin','2023-03-22 21:06:29','admin','2023-03-22 21:06:29',1),(264,264,1,0,'admin','2023-03-22 21:06:29','admin','2023-03-22 21:06:29',1),(265,265,1,0,'admin','2023-03-22 21:06:29','admin','2023-03-22 21:06:29',1),(266,266,1,0,'admin','2023-03-22 21:06:29','admin','2023-03-22 21:06:29',1),(267,267,1,1,'admin','2023-03-22 21:06:29','admin','2023-03-22 21:06:29',1),(268,268,1,1,'admin','2023-03-22 21:06:29','admin','2023-03-22 21:06:29',1),(269,269,1,0,'admin','2023-03-22 21:06:29','admin','2023-03-22 21:06:29',1),(270,270,1,0,'admin','2023-03-22 21:06:29','admin','2023-03-22 21:06:29',1),(271,271,1,1,'admin','2023-03-22 21:06:29','admin','2023-03-22 21:06:29',1),(272,272,1,0,'admin','2023-03-22 21:06:29','admin','2023-03-22 21:06:29',1),(273,273,1,0,'admin','2023-03-22 21:06:29','admin','2023-03-22 21:06:29',1),(274,274,1,0,'admin','2023-03-22 21:06:29','admin','2023-03-22 21:06:29',1),(275,275,1,0,'admin','2023-03-22 21:06:29','admin','2023-03-22 21:06:29',1),(276,276,1,0,'admin','2023-03-22 21:06:29','admin','2023-03-22 21:06:29',1),(277,277,1,1,'admin','2023-03-22 21:06:29','admin','2023-03-22 21:06:29',1),(278,278,1,1,'admin','2023-03-22 21:06:29','admin','2023-03-22 21:06:29',1),(279,279,1,0,'admin','2023-03-22 21:06:29','admin','2023-03-22 21:06:29',1),(280,280,1,0,'admin','2023-03-22 21:06:29','admin','2023-03-22 21:06:29',1),(281,281,1,1,'admin','2023-03-22 21:06:29','admin','2023-03-22 21:06:29',1),(282,282,1,0,'admin','2023-03-22 21:06:29','admin','2023-03-22 21:06:29',1),(283,283,1,0,'admin','2023-03-22 21:06:29','admin','2023-03-22 21:06:29',1),(284,284,1,0,'admin','2023-03-22 21:06:29','admin','2023-03-22 21:06:29',1),(285,285,1,1,'admin','2023-03-22 21:06:29','admin','2023-03-22 21:06:29',1),(286,286,1,0,'admin','2023-03-22 21:06:29','admin','2023-03-22 21:06:29',1),(287,287,1,1,'admin','2023-03-22 21:06:29','admin','2023-03-22 21:06:29',1),(288,288,1,0,'admin','2023-03-22 21:06:29','admin','2023-03-22 21:06:29',1),(289,289,1,0,'admin','2023-03-22 21:06:29','admin','2023-03-22 21:06:29',1),(290,290,1,0,'admin','2023-03-22 21:06:29','admin','2023-03-22 21:06:29',1),(291,291,1,1,'admin','2023-03-22 21:06:29','admin','2023-03-22 21:06:29',1),(292,292,1,0,'admin','2023-03-22 21:06:29','admin','2023-03-22 21:06:29',1),(293,293,1,1,'admin','2023-03-22 21:06:29','admin','2023-03-22 21:06:29',1),(294,294,1,1,'admin','2023-03-22 21:06:29','admin','2023-03-22 21:06:29',1),(295,295,1,1,'admin','2023-03-22 21:06:29','admin','2023-03-22 21:06:29',1),(296,296,1,0,'admin','2023-03-22 21:06:29','admin','2023-03-22 21:06:29',1),(297,297,1,0,'admin','2023-03-22 21:06:29','admin','2023-03-22 21:06:29',1),(298,298,1,1,'admin','2023-03-22 21:06:29','admin','2023-03-22 21:06:29',1),(299,299,1,0,'admin','2023-03-22 21:06:29','admin','2023-03-22 21:06:29',1),(300,300,1,1,'admin','2023-03-22 21:06:29','admin','2023-03-22 21:06:29',1),(301,301,1,1,'admin','2023-03-22 21:06:29','admin','2023-03-22 21:06:29',1),(302,302,1,0,'admin','2023-03-22 21:06:29','admin','2023-03-22 21:06:29',1),(303,303,1,0,'admin','2023-03-22 21:06:29','admin','2023-03-22 21:06:29',1),(304,304,1,0,'admin','2023-03-22 21:06:29','admin','2023-03-22 21:06:29',1),(305,305,1,1,'admin','2023-03-22 21:06:29','admin','2023-03-22 21:06:29',1),(306,306,1,1,'admin','2023-03-22 21:06:29','admin','2023-03-22 21:06:29',1),(307,307,1,0,'admin','2023-03-22 21:06:29','admin','2023-03-22 21:06:29',1),(308,308,1,1,'admin','2023-03-22 21:06:29','admin','2023-03-22 21:06:29',1),(309,309,1,0,'admin','2023-03-22 21:06:29','admin','2023-03-22 21:06:29',1),(310,310,1,1,'admin','2023-03-22 21:06:29','admin','2023-03-22 21:06:29',1),(311,311,1,1,'admin','2023-03-22 21:06:29','admin','2023-03-22 21:06:29',1),(312,312,1,1,'admin','2023-03-22 21:06:29','admin','2023-03-22 21:06:29',1),(313,313,1,1,'admin','2023-03-22 21:06:29','admin','2023-03-22 21:06:29',1),(314,314,1,0,'admin','2023-03-22 21:06:29','admin','2023-03-22 21:06:29',1),(315,315,1,0,'admin','2023-03-22 21:06:29','admin','2023-03-22 21:06:29',1),(316,316,1,0,'admin','2023-03-22 21:06:29','admin','2023-03-22 21:06:29',1),(317,317,1,0,'admin','2023-03-22 21:06:29','admin','2023-03-22 21:06:29',1),(318,318,1,0,'admin','2023-03-22 21:06:29','admin','2023-03-22 21:06:29',1),(319,319,1,0,'admin','2023-03-22 21:06:29','admin','2023-03-22 21:06:29',1),(320,320,1,0,'admin','2023-03-22 21:06:29','admin','2023-03-22 21:06:29',1),(321,321,1,1,'admin','2023-03-22 21:06:29','admin','2023-03-22 21:06:29',1),(322,322,1,1,'admin','2023-03-22 21:06:29','admin','2023-03-22 21:06:29',1),(323,323,1,1,'admin','2023-03-22 21:06:29','admin','2023-03-22 21:06:29',1),(324,324,1,0,'admin','2023-03-22 21:06:29','admin','2023-03-22 21:06:29',1),(325,325,1,0,'admin','2023-03-22 21:06:29','admin','2023-03-22 21:06:29',1),(326,326,1,1,'admin','2023-03-22 21:06:29','admin','2023-03-22 21:06:29',1),(327,327,1,1,'admin','2023-03-22 21:06:29','admin','2023-03-22 21:06:29',1),(328,328,1,1,'admin','2023-03-22 21:06:29','admin','2023-03-22 21:06:29',1),(329,329,1,1,'admin','2023-03-22 21:06:29','admin','2023-03-22 21:06:29',1),(330,330,1,0,'admin','2023-03-22 21:06:29','admin','2023-03-22 21:06:29',1),(331,331,1,1,'admin','2023-03-22 21:06:29','admin','2023-03-22 21:06:29',1),(332,332,1,1,'admin','2023-03-22 21:06:29','admin','2023-03-22 21:06:29',1),(333,333,1,0,'admin','2023-03-22 21:06:29','admin','2023-03-22 21:06:29',1),(334,334,1,0,'admin','2023-03-22 21:06:29','admin','2023-03-22 21:06:29',1),(335,335,1,1,'admin','2023-03-22 21:06:29','admin','2023-03-22 21:06:29',1),(336,336,1,0,'admin','2023-03-22 21:06:29','admin','2023-03-22 21:06:29',1),(337,337,1,0,'admin','2023-03-22 21:06:29','admin','2023-03-22 21:06:29',1),(338,338,1,1,'admin','2023-03-22 21:06:29','admin','2023-03-22 21:06:29',1),(339,339,1,0,'admin','2023-03-22 21:06:29','admin','2023-03-22 21:06:29',1),(340,340,1,0,'admin','2023-03-22 21:06:29','admin','2023-03-22 21:06:29',1),(341,341,1,0,'admin','2023-03-22 21:06:29','admin','2023-03-22 21:06:29',1),(342,342,1,0,'admin','2023-03-22 21:06:29','admin','2023-03-22 21:06:29',1),(343,343,1,1,'admin','2023-03-22 21:06:29','admin','2023-03-22 21:06:29',1),(344,344,1,0,'admin','2023-03-22 21:06:29','admin','2023-03-22 21:06:29',1),(345,345,1,0,'admin','2023-03-22 21:06:29','admin','2023-03-22 21:06:29',1),(346,346,1,1,'admin','2023-03-22 21:06:29','admin','2023-03-22 21:06:29',1),(347,347,1,0,'admin','2023-03-22 21:06:29','admin','2023-03-22 21:06:29',1),(348,348,1,1,'admin','2023-03-22 21:06:29','admin','2023-03-22 21:06:29',1),(349,349,1,0,'admin','2023-03-22 21:06:29','admin','2023-03-22 21:06:29',1),(350,350,1,1,'admin','2023-03-22 21:06:29','admin','2023-03-22 21:06:29',1),(351,351,1,0,'admin','2023-03-22 21:06:29','admin','2023-03-22 21:06:29',1),(352,352,1,0,'admin','2023-03-22 21:06:29','admin','2023-03-22 21:06:29',1),(353,353,1,0,'admin','2023-03-22 21:06:29','admin','2023-03-22 21:06:29',1),(354,354,1,0,'admin','2023-03-22 21:06:29','admin','2023-03-22 21:06:29',1),(355,355,1,1,'admin','2023-03-22 21:06:29','admin','2023-03-22 21:06:29',1),(356,356,1,1,'admin','2023-03-22 21:06:29','admin','2023-03-22 21:06:29',1),(357,357,1,0,'admin','2023-03-22 21:06:29','admin','2023-03-22 21:06:29',1),(358,358,1,0,'admin','2023-03-22 21:06:29','admin','2023-03-22 21:06:29',1),(359,359,1,0,'admin','2023-03-22 21:06:29','admin','2023-03-22 21:06:29',1),(360,360,1,0,'admin','2023-03-22 21:06:29','admin','2023-03-22 21:06:29',1),(361,361,1,0,'admin','2023-03-22 21:06:29','admin','2023-03-22 21:06:29',1),(362,362,1,1,'admin','2023-03-22 21:06:29','admin','2023-03-22 21:06:29',1),(363,363,1,1,'admin','2023-03-22 21:06:29','admin','2023-03-22 21:06:29',1),(364,364,1,0,'admin','2023-03-22 21:06:29','admin','2023-03-22 21:06:29',1),(365,365,1,0,'admin','2023-03-22 21:06:29','admin','2023-03-22 21:06:29',1),(366,366,1,0,'admin','2023-03-22 21:06:29','admin','2023-03-22 21:06:29',1),(367,367,1,0,'admin','2023-03-22 21:06:29','admin','2023-03-22 21:06:29',1),(368,368,1,0,'admin','2023-03-22 21:06:29','admin','2023-03-22 21:06:29',1),(369,369,1,1,'admin','2023-03-22 21:06:29','admin','2023-03-22 21:06:29',1),(370,370,1,0,'admin','2023-03-22 21:06:29','admin','2023-03-22 21:06:29',1),(371,371,1,1,'admin','2023-03-22 21:06:29','admin','2023-03-22 21:06:29',1),(372,372,1,1,'admin','2023-03-22 21:06:29','admin','2023-03-22 21:06:29',1),(373,373,1,1,'admin','2023-03-22 21:06:29','admin','2023-03-22 21:06:29',1),(374,374,1,0,'admin','2023-03-22 21:06:29','admin','2023-03-22 21:06:29',1),(375,375,1,0,'admin','2023-03-22 21:06:29','admin','2023-03-22 21:06:29',1),(376,376,1,1,'admin','2023-03-22 21:06:29','admin','2023-03-22 21:06:29',1),(377,377,1,0,'admin','2023-03-22 21:06:29','admin','2023-03-22 21:06:29',1),(378,378,1,0,'admin','2023-03-22 21:06:29','admin','2023-03-22 21:06:29',1),(379,379,1,0,'admin','2023-03-22 21:06:29','admin','2023-03-22 21:06:29',1),(380,380,1,1,'admin','2023-03-22 21:06:29','admin','2023-03-22 21:06:29',1),(381,381,1,1,'admin','2023-03-22 21:06:29','admin','2023-03-22 21:06:29',1),(382,382,1,0,'admin','2023-03-22 21:06:29','admin','2023-03-22 21:06:29',1),(383,383,1,0,'admin','2023-03-22 21:06:29','admin','2023-03-22 21:06:29',1),(384,384,1,0,'admin','2023-03-22 21:06:29','admin','2023-03-22 21:06:29',1),(385,385,1,1,'admin','2023-03-22 21:06:29','admin','2023-03-22 21:06:29',1),(386,386,1,0,'admin','2023-03-22 21:06:29','admin','2023-03-22 21:06:29',1),(387,387,1,1,'admin','2023-03-22 21:06:29','admin','2023-03-22 21:06:29',1),(388,388,1,0,'admin','2023-03-22 21:06:29','admin','2023-03-22 21:06:29',1),(389,389,1,1,'admin','2023-03-22 21:06:29','admin','2023-03-22 21:06:29',1),(390,390,1,0,'admin','2023-03-22 21:06:29','admin','2023-03-22 21:06:29',1),(391,391,1,1,'admin','2023-03-22 21:06:29','admin','2023-03-22 21:06:29',1),(392,392,1,1,'admin','2023-03-22 21:06:29','admin','2023-03-22 21:06:29',1),(393,393,1,1,'admin','2023-03-22 21:06:29','admin','2023-03-22 21:06:29',1),(394,394,1,0,'admin','2023-03-22 21:06:29','admin','2023-03-22 21:06:29',1),(395,395,1,1,'admin','2023-03-22 21:06:29','admin','2023-03-22 21:06:29',1),(396,396,1,0,'admin','2023-03-22 21:06:29','admin','2023-03-22 21:06:29',1),(397,397,1,1,'admin','2023-03-22 21:06:29','admin','2023-03-22 21:06:29',1),(398,398,1,1,'admin','2023-03-22 21:06:29','admin','2023-03-22 21:06:29',1),(399,399,1,1,'admin','2023-03-22 21:06:29','admin','2023-03-22 21:06:29',1),(400,400,1,1,'admin','2023-03-22 21:06:29','admin','2023-03-22 21:06:29',1),(401,401,1,0,'admin','2023-03-22 21:06:29','admin','2023-03-22 21:06:29',1),(402,402,1,1,'admin','2023-03-22 21:06:29','admin','2023-03-22 21:06:29',1),(403,403,1,0,'admin','2023-03-22 21:06:29','admin','2023-03-22 21:06:29',1),(404,404,1,0,'admin','2023-03-22 21:06:29','admin','2023-03-22 21:06:29',1),(405,405,1,0,'admin','2023-03-22 21:06:29','admin','2023-03-22 21:06:29',1),(406,406,1,1,'admin','2023-03-22 21:06:29','admin','2023-03-22 21:06:29',1),(407,407,1,0,'admin','2023-03-22 21:06:29','admin','2023-03-22 21:06:29',1),(408,408,1,0,'admin','2023-03-22 21:06:29','admin','2023-03-22 21:06:29',1),(409,409,1,1,'admin','2023-03-22 21:06:29','admin','2023-03-22 21:06:29',1),(410,410,1,1,'admin','2023-03-22 21:06:29','admin','2023-03-22 21:06:29',1),(411,411,1,1,'admin','2023-03-22 21:06:29','admin','2023-03-22 21:06:29',1),(412,412,1,0,'admin','2023-03-22 21:06:29','admin','2023-03-22 21:06:29',1),(413,413,1,1,'admin','2023-03-22 21:06:29','admin','2023-03-22 21:06:29',1),(414,414,1,1,'admin','2023-03-22 21:06:29','admin','2023-03-22 21:06:29',1),(415,415,1,0,'admin','2023-03-22 21:06:29','admin','2023-03-22 21:06:29',1),(416,416,1,1,'admin','2023-03-22 21:06:29','admin','2023-03-22 21:06:29',1),(417,417,1,1,'admin','2023-03-22 21:06:29','admin','2023-03-22 21:06:29',1),(418,418,1,1,'admin','2023-03-22 21:06:29','admin','2023-03-22 21:06:29',1),(419,419,1,1,'admin','2023-03-22 21:06:29','admin','2023-03-22 21:06:29',1),(420,420,1,0,'admin','2023-03-22 21:06:29','admin','2023-03-22 21:06:29',1),(421,421,1,0,'admin','2023-03-22 21:06:29','admin','2023-03-22 21:06:29',1),(422,422,1,0,'admin','2023-03-22 21:06:29','admin','2023-03-22 21:06:29',1),(423,423,1,0,'admin','2023-03-22 21:06:29','admin','2023-03-22 21:06:29',1),(424,424,1,1,'admin','2023-03-22 21:06:29','admin','2023-03-22 21:06:29',1),(425,425,1,0,'admin','2023-03-22 21:06:29','admin','2023-03-22 21:06:29',1),(426,426,1,0,'admin','2023-03-22 21:06:29','admin','2023-03-22 21:06:29',1),(427,427,1,1,'admin','2023-03-22 21:06:29','admin','2023-03-22 21:06:29',1),(428,428,1,0,'admin','2023-03-22 21:06:29','admin','2023-03-22 21:06:29',1),(429,429,1,0,'admin','2023-03-22 21:06:29','admin','2023-03-22 21:06:29',1),(430,430,1,1,'admin','2023-03-22 21:06:29','admin','2023-03-22 21:06:29',1),(431,431,1,0,'admin','2023-03-22 21:06:29','admin','2023-03-22 21:06:29',1),(432,432,1,1,'admin','2023-03-22 21:06:29','admin','2023-03-22 21:06:29',1),(433,433,1,0,'admin','2023-03-22 21:06:29','admin','2023-03-22 21:06:29',1),(434,434,1,1,'admin','2023-03-22 21:06:29','admin','2023-03-22 21:06:29',1),(435,435,1,1,'admin','2023-03-22 21:06:29','admin','2023-03-22 21:06:29',1),(436,436,1,1,'admin','2023-03-22 21:06:29','admin','2023-03-22 21:06:29',1),(437,437,1,1,'admin','2023-03-22 21:06:29','admin','2023-03-22 21:06:29',1),(438,438,1,0,'admin','2023-03-22 21:06:29','admin','2023-03-22 21:06:29',1),(439,439,1,0,'admin','2023-03-22 21:06:29','admin','2023-03-22 21:06:29',1),(440,440,1,1,'admin','2023-03-22 21:06:29','admin','2023-03-22 21:06:29',1),(441,441,1,1,'admin','2023-03-22 21:06:29','admin','2023-03-22 21:06:29',1),(442,442,1,1,'admin','2023-03-22 21:06:29','admin','2023-03-22 21:06:29',1),(443,443,1,0,'admin','2023-03-22 21:06:29','admin','2023-03-22 21:06:29',1),(444,444,1,0,'admin','2023-03-22 21:06:29','admin','2023-03-22 21:06:29',1),(445,445,1,0,'admin','2023-03-22 21:06:29','admin','2023-03-22 21:06:29',1),(446,446,1,1,'admin','2023-03-22 21:06:29','admin','2023-03-22 21:06:29',1),(447,447,1,1,'admin','2023-03-22 21:06:29','admin','2023-03-22 21:06:29',1),(448,448,1,0,'admin','2023-03-22 21:06:29','admin','2023-03-22 21:06:29',1),(449,449,1,1,'admin','2023-03-22 21:06:29','admin','2023-03-22 21:06:29',1),(450,450,1,0,'admin','2023-03-22 21:06:29','admin','2023-03-22 21:06:29',1),(451,451,1,1,'admin','2023-03-22 21:06:29','admin','2023-03-22 21:06:29',1),(452,452,1,0,'admin','2023-03-22 21:06:29','admin','2023-03-22 21:06:29',1),(453,453,1,0,'admin','2023-03-22 21:06:29','admin','2023-03-22 21:06:29',1),(454,454,1,1,'admin','2023-03-22 21:06:29','admin','2023-03-22 21:06:29',1),(455,455,1,1,'admin','2023-03-22 21:06:29','admin','2023-03-22 21:06:29',1),(456,456,1,0,'admin','2023-03-22 21:06:29','admin','2023-03-22 21:06:29',1),(457,457,1,0,'admin','2023-03-22 21:06:29','admin','2023-03-22 21:06:29',1),(458,458,1,1,'admin','2023-03-22 21:06:29','admin','2023-03-22 21:06:29',1),(459,459,1,0,'admin','2023-03-22 21:06:29','admin','2023-03-22 21:06:29',1),(460,460,1,0,'admin','2023-03-22 21:06:29','admin','2023-03-22 21:06:29',1),(461,461,1,0,'admin','2023-03-22 21:06:29','admin','2023-03-22 21:06:29',1),(462,462,1,1,'admin','2023-03-22 21:06:29','admin','2023-03-22 21:06:29',1),(463,463,1,0,'admin','2023-03-22 21:06:29','admin','2023-03-22 21:06:29',1),(464,464,1,0,'admin','2023-03-22 21:06:29','admin','2023-03-22 21:06:29',1),(465,465,1,1,'admin','2023-03-22 21:06:29','admin','2023-03-22 21:06:29',1),(466,466,1,1,'admin','2023-03-22 21:06:29','admin','2023-03-22 21:06:29',1),(467,467,1,1,'admin','2023-03-22 21:06:29','admin','2023-03-22 21:06:29',1),(468,468,1,1,'admin','2023-03-22 21:06:29','admin','2023-03-22 21:06:29',1),(469,469,1,0,'admin','2023-03-22 21:06:29','admin','2023-03-22 21:06:29',1),(470,470,1,1,'admin','2023-03-22 21:06:29','admin','2023-03-22 21:06:29',1),(471,471,1,0,'admin','2023-03-22 21:06:29','admin','2023-03-22 21:06:29',1),(472,472,1,1,'admin','2023-03-22 21:06:29','admin','2023-03-22 21:06:29',1),(473,473,1,0,'admin','2023-03-22 21:06:29','admin','2023-03-22 21:06:29',1),(474,474,1,0,'admin','2023-03-22 21:06:29','admin','2023-03-22 21:06:29',1),(475,475,1,1,'admin','2023-03-22 21:06:29','admin','2023-03-22 21:06:29',1),(476,476,1,1,'admin','2023-03-22 21:06:29','admin','2023-03-22 21:06:29',1),(477,477,1,0,'admin','2023-03-22 21:06:29','admin','2023-03-22 21:06:29',1),(478,478,1,1,'admin','2023-03-22 21:06:29','admin','2023-03-22 21:06:29',1),(479,479,1,0,'admin','2023-03-22 21:06:29','admin','2023-03-22 21:06:29',1),(480,480,1,0,'admin','2023-03-22 21:06:29','admin','2023-03-22 21:06:29',1),(481,481,1,1,'admin','2023-03-22 21:06:29','admin','2023-03-22 21:06:29',1),(482,482,1,1,'admin','2023-03-22 21:06:29','admin','2023-03-22 21:06:29',1),(483,483,1,1,'admin','2023-03-22 21:06:29','admin','2023-03-22 21:06:29',1),(484,484,1,1,'admin','2023-03-22 21:06:29','admin','2023-03-22 21:06:29',1),(485,485,1,0,'admin','2023-03-22 21:06:29','admin','2023-03-22 21:06:29',1),(486,486,1,0,'admin','2023-03-22 21:06:29','admin','2023-03-22 21:06:29',1),(487,487,1,0,'admin','2023-03-22 21:06:29','admin','2023-03-22 21:06:29',1),(488,488,1,0,'admin','2023-03-22 21:06:29','admin','2023-03-22 21:06:29',1),(489,489,1,1,'admin','2023-03-22 21:06:29','admin','2023-03-22 21:06:29',1),(490,490,1,0,'admin','2023-03-22 21:06:29','admin','2023-03-22 21:06:29',1),(491,491,1,0,'admin','2023-03-22 21:06:29','admin','2023-03-22 21:06:29',1),(492,492,1,0,'admin','2023-03-22 21:06:29','admin','2023-03-22 21:06:29',1),(493,493,1,0,'admin','2023-03-22 21:06:29','admin','2023-03-22 21:06:29',1),(494,494,1,0,'admin','2023-03-22 21:06:29','admin','2023-03-22 21:06:29',1),(495,495,1,0,'admin','2023-03-22 21:06:29','admin','2023-03-22 21:06:29',1),(496,496,1,0,'admin','2023-03-22 21:06:29','admin','2023-03-22 21:06:29',1),(497,497,1,0,'admin','2023-03-22 21:06:29','admin','2023-03-22 21:06:29',1),(498,498,1,0,'admin','2023-03-22 21:06:29','admin','2023-03-22 21:06:29',1),(499,499,1,1,'admin','2023-03-22 21:06:29','admin','2023-03-22 21:06:29',1),(500,500,1,1,'admin','2023-03-22 21:06:29','admin','2023-03-22 21:06:29',1),(501,501,1,0,'admin','2023-03-22 21:06:29','admin','2023-03-22 21:06:29',1),(502,502,1,1,'admin','2023-03-22 21:06:29','admin','2023-03-22 21:06:29',1),(503,503,1,0,'admin','2023-03-22 21:06:29','admin','2023-03-22 21:06:29',1),(504,504,1,1,'admin','2023-03-22 21:06:29','admin','2023-03-22 21:06:29',1),(505,505,1,1,'admin','2023-03-22 21:06:29','admin','2023-03-22 21:06:29',1),(506,506,1,0,'admin','2023-03-22 21:06:29','admin','2023-03-22 21:06:29',1),(507,507,1,0,'admin','2023-03-22 21:06:29','admin','2023-03-22 21:06:29',1),(508,508,1,1,'admin','2023-03-22 21:06:29','admin','2023-03-22 21:06:29',1),(509,509,1,0,'admin','2023-03-22 21:06:29','admin','2023-03-22 21:06:29',1),(510,510,1,1,'admin','2023-03-22 21:06:29','admin','2023-03-22 21:06:29',1),(511,511,1,0,'admin','2023-03-22 21:06:29','admin','2023-03-22 21:06:29',1),(512,512,1,1,'admin','2023-03-22 21:06:29','admin','2023-03-22 21:06:29',1),(513,513,1,1,'admin','2023-03-22 21:06:29','admin','2023-03-22 21:06:29',1),(514,514,1,0,'admin','2023-03-22 21:06:29','admin','2023-03-22 21:06:29',1),(515,515,1,0,'admin','2023-03-22 21:06:29','admin','2023-03-22 21:06:29',1),(516,516,1,0,'admin','2023-03-22 21:06:29','admin','2023-03-22 21:06:29',1),(517,517,1,1,'admin','2023-03-22 21:06:29','admin','2023-03-22 21:06:29',1),(518,518,1,0,'admin','2023-03-22 21:06:29','admin','2023-03-22 21:06:29',1),(519,519,1,0,'admin','2023-03-22 21:06:29','admin','2023-03-22 21:06:29',1),(520,520,1,0,'admin','2023-03-22 21:06:29','admin','2023-03-22 21:06:29',1),(521,521,1,1,'admin','2023-03-22 21:06:29','admin','2023-03-22 21:06:29',1),(522,522,1,0,'admin','2023-03-22 21:06:29','admin','2023-03-22 21:06:29',1),(523,523,1,0,'admin','2023-03-22 21:06:29','admin','2023-03-22 21:06:29',1),(524,524,1,1,'admin','2023-03-22 21:06:29','admin','2023-03-22 21:06:29',1),(525,525,1,1,'admin','2023-03-22 21:06:29','admin','2023-03-22 21:06:29',1),(526,526,1,0,'admin','2023-03-22 21:06:29','admin','2023-03-22 21:06:29',1),(527,527,1,0,'admin','2023-03-22 21:06:29','admin','2023-03-22 21:06:29',1),(528,528,1,0,'admin','2023-03-22 21:06:29','admin','2023-03-22 21:06:29',1),(529,529,1,0,'admin','2023-03-22 21:06:29','admin','2023-03-22 21:06:29',1),(530,530,1,1,'admin','2023-03-22 21:06:29','admin','2023-03-22 21:06:29',1),(531,531,1,0,'admin','2023-03-22 21:06:29','admin','2023-03-22 21:06:29',1),(532,532,1,1,'admin','2023-03-22 21:06:29','admin','2023-03-22 21:06:29',1),(533,533,1,1,'admin','2023-03-22 21:06:29','admin','2023-03-22 21:06:29',1),(534,534,1,0,'admin','2023-03-22 21:06:29','admin','2023-03-22 21:06:29',1),(535,535,1,0,'admin','2023-03-22 21:06:29','admin','2023-03-22 21:06:29',1),(536,536,1,0,'admin','2023-03-22 21:06:29','admin','2023-03-22 21:06:29',1),(537,537,1,0,'admin','2023-03-22 21:06:29','admin','2023-03-22 21:06:29',1),(538,538,1,0,'admin','2023-03-22 21:06:29','admin','2023-03-22 21:06:29',1),(539,539,1,1,'admin','2023-03-22 21:06:29','admin','2023-03-22 21:06:29',1),(540,540,1,0,'admin','2023-03-22 21:06:29','admin','2023-03-22 21:06:29',1),(541,541,1,0,'admin','2023-03-22 21:06:29','admin','2023-03-22 21:06:29',1),(542,542,1,0,'admin','2023-03-22 21:06:29','admin','2023-03-22 21:06:29',1),(543,543,1,1,'admin','2023-03-22 21:06:29','admin','2023-03-22 21:06:29',1),(544,544,1,0,'admin','2023-03-22 21:06:29','admin','2023-03-22 21:06:29',1),(545,545,1,1,'admin','2023-03-22 21:06:29','admin','2023-03-22 21:06:29',1),(546,546,1,1,'admin','2023-03-22 21:06:29','admin','2023-03-22 21:06:29',1),(547,547,1,1,'admin','2023-03-22 21:06:29','admin','2023-03-22 21:06:29',1),(548,548,1,0,'admin','2023-03-22 21:06:29','admin','2023-03-22 21:06:29',1),(549,549,1,0,'admin','2023-03-22 21:06:29','admin','2023-03-22 21:06:29',1),(550,550,1,1,'admin','2023-03-22 21:06:29','admin','2023-03-22 21:06:29',1),(551,551,1,0,'admin','2023-03-22 21:06:29','admin','2023-03-22 21:06:29',1),(552,552,1,1,'admin','2023-03-22 21:06:29','admin','2023-03-22 21:06:29',1),(553,553,1,1,'admin','2023-03-22 21:06:29','admin','2023-03-22 21:06:29',1);
/*!40000 ALTER TABLE `oh_patient_consensus` ENABLE KEYS */;
UNLOCK TABLES;

--
-- Table structure for table `oh_patient_profile_photo`
--

DROP TABLE IF EXISTS `oh_patient_profile_photo`;
/*!40101 SET @saved_cs_client     = @@character_set_client */;
/*!40101 SET character_set_client = utf8 */;
CREATE TABLE `oh_patient_profile_photo` (
  `PAT_PROFILE_PHOTO_ID` int(11) NOT NULL AUTO_INCREMENT,
  `PAT_PHOTO` blob DEFAULT NULL,
  PRIMARY KEY (`PAT_PROFILE_PHOTO_ID`)
) ENGINE=InnoDB DEFAULT CHARSET=utf8mb3 COLLATE=utf8mb3_general_ci;
/*!40101 SET character_set_client = @saved_cs_client */;

--
-- Dumping data for table `oh_patient_profile_photo`
--

LOCK TABLES `oh_patient_profile_photo` WRITE;
/*!40000 ALTER TABLE `oh_patient_profile_photo` DISABLE KEYS */;
/*!40000 ALTER TABLE `oh_patient_profile_photo` ENABLE KEYS */;
UNLOCK TABLES;

--
-- Table structure for table `oh_patientexamination`
--

DROP TABLE IF EXISTS `oh_patientexamination`;
/*!40101 SET @saved_cs_client     = @@character_set_client */;
/*!40101 SET character_set_client = utf8 */;
CREATE TABLE `oh_patientexamination` (
  `PEX_ID` int(11) NOT NULL AUTO_INCREMENT,
  `PEX_DATE` datetime NOT NULL,
  `PEX_PAT_ID` int(11) NOT NULL,
  `PEX_HEIGHT` int(11) DEFAULT NULL COMMENT 'Height in cm',
  `PEX_WEIGHT` double DEFAULT NULL COMMENT 'Weight in Kg',
  `PEX_AP_MIN` int(11) DEFAULT NULL COMMENT 'Blood Pressure MIN in mmHg',
  `PEX_AP_MAX` int(11) DEFAULT NULL COMMENT 'Blood Pressure MAX in mmHg',
  `PEX_HR` int(11) DEFAULT NULL COMMENT 'Heart Rate in APm',
  `PEX_TEMP` double DEFAULT NULL COMMENT 'Temperature in C',
  `PEX_SAT` double DEFAULT NULL COMMENT 'Saturation in %',
  `PEX_HGT` int(3) DEFAULT NULL COMMENT 'Hemo Glucose Test',
  `PEX_DIURESIS` int(11) DEFAULT NULL COMMENT 'Daily Urine Volume in ml',
  `PEX_DIURESIS_DESC` varchar(45) DEFAULT NULL COMMENT 'Diuresis: physiological, oliguria, anuria, fequent, nocturia, stranguria, hematuria, pyuria',
  `PEX_BOWEL_DESC` varchar(45) DEFAULT NULL COMMENT 'Bowel Function: regular, irregular, constipation, diarrheal',
  `PEX_RR` int(11) DEFAULT NULL COMMENT 'Respiratory rate in bpm',
  `PEX_AUSC` varchar(50) DEFAULT NULL COMMENT 'Auscultation: normal, wheezes, rhonchi, crackles, stridor, bronchial',
  `PEX_NOTE` varchar(2000) DEFAULT NULL,
  `PEX_CREATED_BY` varchar(50) DEFAULT NULL,
  `PEX_CREATED_DATE` datetime DEFAULT NULL,
  `PEX_LAST_MODIFIED_BY` varchar(50) DEFAULT NULL,
  `PEX_LAST_MODIFIED_DATE` datetime DEFAULT NULL,
  `PEX_ACTIVE` tinyint(1) NOT NULL DEFAULT 1,
  PRIMARY KEY (`PEX_ID`),
  KEY `PEX_PAT_ID` (`PEX_PAT_ID`),
  KEY `FK_PATIENTEXAMINATION_CREATED_BY_IDX` (`PEX_CREATED_BY`),
  KEY `FK_PATIENTEXAMINATION_LAST_MODIFIED_BY_IDX` (`PEX_LAST_MODIFIED_BY`),
  CONSTRAINT `FK_PATIENTEXAMINATION_CREATED_BY` FOREIGN KEY (`PEX_CREATED_BY`) REFERENCES `oh_user` (`US_ID_A`) ON DELETE NO ACTION ON UPDATE NO ACTION,
  CONSTRAINT `FK_PATIENTEXAMINATION_LAST_MODIFIED_BY` FOREIGN KEY (`PEX_LAST_MODIFIED_BY`) REFERENCES `oh_user` (`US_ID_A`) ON DELETE NO ACTION ON UPDATE NO ACTION,
  CONSTRAINT `FK_PATIENTEXAMINATION_PATIENT` FOREIGN KEY (`PEX_PAT_ID`) REFERENCES `oh_patient` (`PAT_ID`) ON DELETE CASCADE ON UPDATE CASCADE
) ENGINE=InnoDB AUTO_INCREMENT=50 DEFAULT CHARSET=utf8mb3 COLLATE=utf8mb3_general_ci;
/*!40101 SET character_set_client = @saved_cs_client */;

--
-- Dumping data for table `oh_patientexamination`
--

LOCK TABLES `oh_patientexamination` WRITE;
/*!40000 ALTER TABLE `oh_patientexamination` DISABLE KEYS */;
INSERT INTO `oh_patientexamination` (`PEX_ID`, `PEX_DATE`, `PEX_PAT_ID`, `PEX_HEIGHT`, `PEX_WEIGHT`, `PEX_AP_MIN`, `PEX_AP_MAX`, `PEX_HR`, `PEX_TEMP`, `PEX_SAT`, `PEX_HGT`, `PEX_DIURESIS`, `PEX_DIURESIS_DESC`, `PEX_BOWEL_DESC`, `PEX_RR`, `PEX_AUSC`, `PEX_NOTE`, `PEX_CREATED_BY`, `PEX_CREATED_DATE`, `PEX_LAST_MODIFIED_BY`, `PEX_LAST_MODIFIED_DATE`, `PEX_ACTIVE`) VALUES (1,'2022-11-19 01:21:06',501,180,75,80,120,60,36,98,80,100,'physiological','regular',20,'normal','',NULL,NULL,NULL,NULL,1),(2,'2022-11-20 02:33:07',467,167,72,NULL,NULL,60,NULL,98,80,100,NULL,NULL,20,NULL,'',NULL,NULL,NULL,NULL,1),(3,'2022-11-20 02:40:08',514,185,87.1,80,120,60,36,98,80,100,'physiological','regular',20,'normal','',NULL,NULL,NULL,NULL,1),(4,'2022-11-20 14:28:05',161,155,55,80,120,60,36,98,80,100,'physiological','regular',20,'normal','',NULL,NULL,NULL,NULL,1),(5,'2022-11-20 23:29:27',42,171,74.2,80,120,60,36,98,80,100,'hematuria','regular',20,'bronchial','',NULL,NULL,NULL,NULL,1),(6,'2022-11-20 23:59:52',447,160,72,80,120,60,36,98,NULL,NULL,NULL,NULL,NULL,NULL,'',NULL,NULL,NULL,NULL,1),(7,'2022-11-21 00:00:39',43,191,86,90,130,60,NULL,NULL,80,100,'physiological','regular',NULL,'normal','',NULL,NULL,NULL,NULL,1),(8,'2022-11-21 00:33:06',229,0,0,NULL,NULL,NULL,NULL,NULL,NULL,100,'physiological',NULL,20,NULL,'',NULL,NULL,NULL,NULL,1),(9,'2022-11-21 01:48:56',144,0,0,NULL,NULL,60,36,98,80,100,NULL,'regular',NULL,'normal','',NULL,NULL,NULL,NULL,1),(10,'2022-11-21 02:23:50',196,0,0,NULL,NULL,60,36,98,80,NULL,NULL,NULL,20,NULL,'',NULL,NULL,NULL,NULL,1),(12,'2022-11-21 03:32:56',301,0,0,NULL,NULL,60,36,98,NULL,NULL,'hematuria','regular',20,'normal','',NULL,NULL,NULL,NULL,1),(13,'2022-11-21 03:33:07',301,172,71,NULL,NULL,NULL,NULL,NULL,NULL,NULL,NULL,NULL,NULL,NULL,'',NULL,NULL,NULL,NULL,1),(14,'2022-11-21 03:36:31',219,167,46.2,50,80,60,36,98,80,100,'physiological',NULL,20,NULL,'',NULL,NULL,NULL,NULL,1),(15,'2022-11-21 21:56:53',518,173,83.9,80,120,85,NULL,97.9,80,100,'physiological','irregular',20,'bronchial','',NULL,NULL,NULL,NULL,1),(16,'2022-11-21 22:42:51',217,180,75.3,NULL,NULL,63,36.1,97.6,83,100,'physiological','constipation',23,'wheezes','',NULL,NULL,NULL,NULL,1),(17,'2022-11-22 02:35:05',520,171,69.9,80,120,60,36,98,80,100,'oliguria','diarrheal',NULL,'crackles','',NULL,NULL,NULL,NULL,1),(18,'2022-11-23 15:58:17',523,120,40,NULL,NULL,60,36,98,80,100,'physiological','regular',20,'normal','',NULL,NULL,NULL,NULL,1),(19,'2022-11-23 15:59:45',493,0,0,NULL,NULL,NULL,36,NULL,80,100,'physiological',NULL,20,NULL,'',NULL,NULL,NULL,NULL,1),(20,'2021-03-13 22:43:23',524,180,88.2,80,120,61,NULL,95.2,NULL,100,'physiological',NULL,20,NULL,'',NULL,NULL,NULL,NULL,1),(21,'2021-03-13 22:45:18',409,164,66.7,80,120,60,36,98,80,100,NULL,NULL,20,NULL,'',NULL,NULL,NULL,NULL,1),(22,'2021-03-15 00:45:54',525,52,7.5,80,120,60,36,98,80,100,'physiological',NULL,20,NULL,'',NULL,NULL,NULL,NULL,1),(23,'2021-03-15 01:01:56',526,153,61.3,80,120,71,36.7,96,80,100,'physiological','regular',25,'normal','',NULL,NULL,NULL,NULL,1),(24,'2021-03-15 01:04:04',527,184,87.1,80,120,86,38.2,95.4,80,100,'anuria','regular',30,'bronchial','',NULL,NULL,NULL,NULL,1),(25,'2021-03-15 01:16:05',528,145,48.4,80,120,60,36,98,80,NULL,'physiological','irregular',20,'stridor','',NULL,NULL,NULL,NULL,1),(26,'2021-03-15 12:19:42',529,50,8,80,120,60,36,95.4,80,100,'anuria','diarrheal',40,'stridor','',NULL,NULL,NULL,NULL,1),(27,'2021-08-17 15:29:49',530,161,66.2,90,130,55,36,98,92,101,'physiological','regular',21,'normal','',NULL,NULL,NULL,NULL,1),(28,'2021-08-17 15:34:58',531,187,93.1,70,115,60,36,94.6,80,100,'physiological','regular',27,'bronchial','',NULL,NULL,NULL,NULL,1),(29,'2021-11-09 14:41:08',532,188,85.1,NULL,NULL,67,36.2,97.6,85,100,'physiological','regular',20,NULL,'',NULL,NULL,NULL,NULL,1),(30,'2021-11-09 14:45:15',533,158,54,80,120,60,36.2,97.8,101,102,'physiological','constipation',25,'normal','',NULL,NULL,NULL,NULL,1),(31,'2021-11-09 15:37:05',534,160,56,80,120,60,36,98,80,100,'physiological','regular',20,'normal','',NULL,NULL,NULL,NULL,1),(32,'2021-11-09 15:40:31',535,180,78,90,110,60,36,98,80,100,'physiological','irregular',20,'wheezes','',NULL,NULL,NULL,NULL,1),(33,'2021-11-09 17:11:58',536,174,71,NULL,NULL,60,36,98,80,100,'physiological','constipation',20,'crackles','',NULL,NULL,NULL,NULL,1),(34,'2021-11-09 17:22:22',537,0,0,NULL,NULL,60,36,98,80,NULL,'physiological','regular',20,NULL,'',NULL,NULL,NULL,NULL,1),(35,'2021-11-09 17:27:06',538,80,12,NULL,NULL,NULL,36,98,80,100,'physiological','regular',NULL,'normal','',NULL,NULL,NULL,NULL,1),(36,'2021-11-09 17:43:42',539,156,63,80,120,60,36,98,80,100,'nocturia','regular',20,'crackles','',NULL,NULL,NULL,NULL,1),(37,'2021-11-09 18:28:49',540,162,71,85,125,63,36.2,99.8,98,101,'physiological','regular',20,NULL,'',NULL,NULL,NULL,NULL,1),(38,'2021-11-10 15:50:21',541,161,59,80,120,67,NULL,94.8,154,100,'oliguria','regular',22,'normal','',NULL,NULL,NULL,NULL,1),(39,'2021-11-10 16:48:18',542,190,98,80,120,90,38,98,80,100,'physiological',NULL,20,'normal','',NULL,NULL,NULL,NULL,1),(40,'2023-02-02 22:35:00',543,180,76,NULL,NULL,67,36.1,95.7,81,100,'physiological','regular',20,'normal','',NULL,NULL,NULL,NULL,1),(41,'2023-02-02 22:37:00',544,157,61,80,120,58,36.8,96.6,92,102,'physiological','regular',NULL,'crackles','',NULL,NULL,NULL,NULL,1),(42,'2023-02-02 22:39:00',544,157,61,NULL,NULL,NULL,NULL,NULL,NULL,NULL,NULL,NULL,NULL,NULL,'',NULL,NULL,NULL,NULL,1),(43,'2023-02-02 22:40:00',545,171,76.6,80,120,60,38.8,86.7,80,NULL,'anuria','constipation',20,'rhonchi','',NULL,NULL,NULL,NULL,1),(44,'2023-02-03 23:33:00',547,188,100,80,120,69,36.5,95.7,80,100,'hematuria','regular',20,'normal','',NULL,NULL,NULL,NULL,1),(45,'2023-02-03 23:38:00',548,150,51,80,120,60,36,94.6,99,282,'physiological','regular',34,'rhonchi','',NULL,NULL,NULL,NULL,1),(47,'2023-02-04 00:08:00',551,140,40,80,120,60,37.2,96.2,115,100,'physiological','regular',31,'normal','',NULL,NULL,NULL,NULL,1),(48,'2023-02-04 02:05:00',552,178,78,78,118,69,37.2,95.5,80,100,'oliguria','regular',20,'normal','',NULL,NULL,NULL,NULL,1),(49,'2023-02-04 02:25:00',553,160,70,78,115,60,36.6,98,80,100,'physiological',NULL,20,'wheezes','',NULL,NULL,NULL,NULL,1);
/*!40000 ALTER TABLE `oh_patientexamination` ENABLE KEYS */;
UNLOCK TABLES;

--
-- Table structure for table `oh_patienthistory`
--

DROP TABLE IF EXISTS `oh_patienthistory`;
/*!40101 SET @saved_cs_client     = @@character_set_client */;
/*!40101 SET character_set_client = utf8 */;
CREATE TABLE `oh_patienthistory` (
  `PAH_ID` int(11) NOT NULL AUTO_INCREMENT,
  `PAH_PAT_ID` int(11) NOT NULL,
  `PAH_ACTIVE` tinyint(1) NOT NULL DEFAULT 1,
  `PAH_CREATED_BY` varchar(50) DEFAULT NULL,
  `PAH_CREATED_DATE` datetime DEFAULT NULL,
  `PAH_LAST_MODIFIED_BY` varchar(50) DEFAULT NULL,
  `PAH_LAST_MODIFIED_DATE` datetime DEFAULT NULL,
  `PAH_FAM_NOTHING` tinyint(1) DEFAULT 1,
  `PAH_FAM_HYPER` tinyint(1) DEFAULT 0,
  `PAH_FAM_DRUGADD` tinyint(1) DEFAULT 0,
  `PAH_FAM_CARDIO` tinyint(1) DEFAULT 0,
  `PAH_FAM_INFECT` tinyint(1) DEFAULT 0,
  `PAH_FAM_ENDO` tinyint(1) DEFAULT 0,
  `PAH_FAM_RESP` tinyint(1) DEFAULT 0,
  `PAH_FAM_CANCER` tinyint(1) DEFAULT 0,
  `PAH_FAM_ORTO` tinyint(1) DEFAULT 0,
  `PAH_FAM_GYNO` tinyint(1) DEFAULT 0,
  `PAH_FAM_OTHER` tinyint(1) DEFAULT 0,
  `PAH_FAM_NOTE` varchar(100) DEFAULT NULL,
  `PAH_PAT_CLO_NOTHING` tinyint(1) DEFAULT 1,
  `PAH_PAT_CLO_HYPER` tinyint(1) DEFAULT 0,
  `PAH_PAT_CLO_DRUGADD` tinyint(1) DEFAULT 0,
  `PAH_PAT_CLO_CARDIO` tinyint(1) DEFAULT 0,
  `PAH_PAT_CLO_INFECT` tinyint(1) DEFAULT 0,
  `PAH_PAT_CLO_ENDO` tinyint(1) DEFAULT 0,
  `PAH_PAT_CLO_RESP` tinyint(1) DEFAULT 0,
  `PAH_PAT_CLO_CANCER` tinyint(1) DEFAULT 0,
  `PAH_PAT_CLO_ORTO` tinyint(1) DEFAULT 0,
  `PAH_PAT_CLO_GYNO` tinyint(1) DEFAULT 0,
  `PAH_PAT_CLO_OTHER` tinyint(1) DEFAULT 0,
  `PAH_PAT_CLO_NOTE` varchar(100) DEFAULT NULL,
  `PAH_PAT_OPN_NOTHING` tinyint(1) DEFAULT 1,
  `PAH_PAT_OPN_HYPER` tinyint(1) DEFAULT 0,
  `PAH_PAT_OPN_DRUGADD` tinyint(1) DEFAULT 0,
  `PAH_PAT_OPN_CARDIO` tinyint(1) DEFAULT 0,
  `PAH_PAT_OPN_INFECT` tinyint(1) DEFAULT 0,
  `PAH_PAT_OPN_ENDO` tinyint(1) DEFAULT 0,
  `PAH_PAT_OPN_RESP` tinyint(1) DEFAULT 0,
  `PAH_PAT_OPN_CANCER` tinyint(1) DEFAULT 0,
  `PAH_PAT_OPN_ORTO` tinyint(1) DEFAULT 0,
  `PAH_PAT_OPN_GYNO` tinyint(1) DEFAULT 0,
  `PAH_PAT_OPN_OTHER` tinyint(1) DEFAULT 0,
  `PAH_PAT_OPN_NOTE` varchar(100) DEFAULT NULL,
  `PAH_PAT_SURGERY` varchar(200) DEFAULT NULL,
  `PAH_PAT_ALLERGY` varchar(100) DEFAULT NULL,
  `PAH_PAT_THERAPY` varchar(200) DEFAULT NULL,
  `PAH_PAT_MEDICINE` varchar(200) DEFAULT NULL,
  `PAH_PAT_NOTE` varchar(100) DEFAULT NULL,
  `PAH_PHY_NUTR_NOR` tinyint(1) DEFAULT 1,
  `PAH_PHY_NUTR_ABN` varchar(30) DEFAULT NULL,
  `PAH_PHY_ALVO_NOR` tinyint(1) DEFAULT 1,
  `PAH_PHY_ALVO_ABN` varchar(30) DEFAULT NULL,
  `PAH_PHY_DIURE_NOR` tinyint(1) DEFAULT 1,
  `PAH_PHY_DIURE_ABN` varchar(30) DEFAULT NULL,
  `PAH_PHY_ALCOOL` tinyint(1) DEFAULT 0,
  `PAH_PHY_SMOKE` tinyint(1) DEFAULT 0,
  `PAH_PHY_DRUG` tinyint(1) DEFAULT 0,
  `PAH_PHY_PERIOD_NOR` tinyint(1) DEFAULT 1,
  `PAH_PHY_PERIOD_ABN` varchar(30) DEFAULT NULL,
  `PAH_PHY_MENOP` tinyint(1) DEFAULT 0,
  `PAH_PHY_MENOP_Y` int(11) DEFAULT NULL,
  `PAH_PHY_HRT_NOR` tinyint(1) DEFAULT 1,
  `PAH_PHY_HRT_ABN` varchar(30) DEFAULT NULL,
  `PAH_PHY_PREG` tinyint(1) DEFAULT 0,
  `PAH_PHY_PREG_N` int(11) DEFAULT NULL,
  `PAH_PHY_PREG_BIRTH` int(11) DEFAULT NULL,
  `PAH_PHY_PREG_ABORT` int(11) DEFAULT NULL,
  `PAH_DATE_UPDATE` timestamp NOT NULL DEFAULT current_timestamp() ON UPDATE current_timestamp(),
  PRIMARY KEY (`PAH_ID`),
  KEY `PAH_PAT_ID` (`PAH_PAT_ID`),
  KEY `FK_PATIENTHISTORY_CREATED_BY_IDX` (`PAH_CREATED_BY`),
  KEY `FK_PATIENTHISTORY_LAST_MODIFIED_BY_IDX` (`PAH_LAST_MODIFIED_BY`),
  CONSTRAINT `FK_PATIENTHISTORY_CREATED_BY` FOREIGN KEY (`PAH_CREATED_BY`) REFERENCES `oh_user` (`US_ID_A`) ON DELETE NO ACTION ON UPDATE NO ACTION,
  CONSTRAINT `FK_PATIENTHISTORY_LAST_MODIFIED_BY` FOREIGN KEY (`PAH_LAST_MODIFIED_BY`) REFERENCES `oh_user` (`US_ID_A`) ON DELETE NO ACTION ON UPDATE NO ACTION
) ENGINE=InnoDB AUTO_INCREMENT=7 DEFAULT CHARSET=utf8mb3 COLLATE=utf8mb3_general_ci;
/*!40101 SET character_set_client = @saved_cs_client */;

--
-- Dumping data for table `oh_patienthistory`
--

LOCK TABLES `oh_patienthistory` WRITE;
/*!40000 ALTER TABLE `oh_patienthistory` DISABLE KEYS */;
INSERT INTO `oh_patienthistory` (`PAH_ID`, `PAH_PAT_ID`, `PAH_ACTIVE`, `PAH_CREATED_BY`, `PAH_CREATED_DATE`, `PAH_LAST_MODIFIED_BY`, `PAH_LAST_MODIFIED_DATE`, `PAH_FAM_NOTHING`, `PAH_FAM_HYPER`, `PAH_FAM_DRUGADD`, `PAH_FAM_CARDIO`, `PAH_FAM_INFECT`, `PAH_FAM_ENDO`, `PAH_FAM_RESP`, `PAH_FAM_CANCER`, `PAH_FAM_ORTO`, `PAH_FAM_GYNO`, `PAH_FAM_OTHER`, `PAH_FAM_NOTE`, `PAH_PAT_CLO_NOTHING`, `PAH_PAT_CLO_HYPER`, `PAH_PAT_CLO_DRUGADD`, `PAH_PAT_CLO_CARDIO`, `PAH_PAT_CLO_INFECT`, `PAH_PAT_CLO_ENDO`, `PAH_PAT_CLO_RESP`, `PAH_PAT_CLO_CANCER`, `PAH_PAT_CLO_ORTO`, `PAH_PAT_CLO_GYNO`, `PAH_PAT_CLO_OTHER`, `PAH_PAT_CLO_NOTE`, `PAH_PAT_OPN_NOTHING`, `PAH_PAT_OPN_HYPER`, `PAH_PAT_OPN_DRUGADD`, `PAH_PAT_OPN_CARDIO`, `PAH_PAT_OPN_INFECT`, `PAH_PAT_OPN_ENDO`, `PAH_PAT_OPN_RESP`, `PAH_PAT_OPN_CANCER`, `PAH_PAT_OPN_ORTO`, `PAH_PAT_OPN_GYNO`, `PAH_PAT_OPN_OTHER`, `PAH_PAT_OPN_NOTE`, `PAH_PAT_SURGERY`, `PAH_PAT_ALLERGY`, `PAH_PAT_THERAPY`, `PAH_PAT_MEDICINE`, `PAH_PAT_NOTE`, `PAH_PHY_NUTR_NOR`, `PAH_PHY_NUTR_ABN`, `PAH_PHY_ALVO_NOR`, `PAH_PHY_ALVO_ABN`, `PAH_PHY_DIURE_NOR`, `PAH_PHY_DIURE_ABN`, `PAH_PHY_ALCOOL`, `PAH_PHY_SMOKE`, `PAH_PHY_DRUG`, `PAH_PHY_PERIOD_NOR`, `PAH_PHY_PERIOD_ABN`, `PAH_PHY_MENOP`, `PAH_PHY_MENOP_Y`, `PAH_PHY_HRT_NOR`, `PAH_PHY_HRT_ABN`, `PAH_PHY_PREG`, `PAH_PHY_PREG_N`, `PAH_PHY_PREG_BIRTH`, `PAH_PHY_PREG_ABORT`, `PAH_DATE_UPDATE`) VALUES (1,543,1,'admin','2023-02-02 22:35:18','admin','2023-02-02 22:35:18',0,0,0,0,0,0,1,0,0,0,0,'',0,1,0,0,0,0,0,0,0,0,0,'',0,0,0,0,0,1,0,0,0,0,0,'','','','','','',1,'',1,'',1,'',0,0,0,1,'',0,0,1,'',0,0,0,0,'2023-02-02 21:35:18'),(2,544,1,'admin','2023-02-02 22:37:11','admin','2023-02-02 22:37:11',0,0,0,0,0,0,0,0,0,0,0,'',0,0,0,0,0,0,0,0,0,1,0,'',0,0,0,0,0,0,0,0,0,0,0,'','','','','','',1,'',1,'',1,'',0,0,0,1,'',0,0,1,'',0,0,0,0,'2023-02-02 21:37:11'),(3,546,1,'admin','2023-02-03 23:30:25','admin','2023-02-03 23:30:25',0,0,0,0,1,0,0,0,0,0,0,'',0,0,0,0,1,0,0,0,0,0,0,'',0,0,0,0,1,0,0,0,0,0,0,'','','','','','',1,'',1,'',1,'',0,0,0,1,'',0,0,1,'',0,0,0,0,'2023-02-03 22:30:25'),(4,548,1,'admin','2023-02-03 23:38:17','admin','2023-02-03 23:38:17',0,0,0,1,0,0,0,0,0,0,0,'',0,1,0,0,0,0,0,0,0,0,0,'',0,0,0,0,0,0,0,0,0,0,1,'','','','','','',1,'',1,'',1,'',0,0,0,1,'',0,0,1,'',0,0,0,0,'2023-02-03 22:38:17'),(5,550,1,'admin','2023-02-03 23:48:27','admin','2023-02-03 23:48:27',0,0,0,0,0,0,1,0,0,0,0,'',1,0,0,0,0,0,0,0,0,0,0,'',1,0,0,0,0,0,0,0,0,0,0,'','','','','','',1,'',1,'',1,'',0,0,0,1,'',0,0,1,'',0,0,0,0,'2023-02-03 22:48:27'),(6,553,1,'admin','2023-02-04 02:28:36','admin','2023-02-04 02:28:36',0,0,0,0,0,0,1,0,0,0,0,'',0,0,0,0,0,0,0,0,0,1,0,'',1,0,0,0,0,0,0,0,0,0,0,'','','','','','',1,'',1,'',1,'',0,0,0,1,'',0,0,1,'',0,0,0,0,'2023-02-04 01:28:36');
/*!40000 ALTER TABLE `oh_patienthistory` ENABLE KEYS */;
UNLOCK TABLES;

--
-- Table structure for table `oh_patientvaccine`
--

DROP TABLE IF EXISTS `oh_patientvaccine`;
/*!40101 SET @saved_cs_client     = @@character_set_client */;
/*!40101 SET character_set_client = utf8 */;
CREATE TABLE `oh_patientvaccine` (
  `PAV_ID` int(11) NOT NULL AUTO_INCREMENT,
  `PAV_YPROG` int(11) NOT NULL,
  `PAV_DATE` datetime NOT NULL,
  `PAV_PAT_ID` int(11) NOT NULL,
  `PAV_VAC_ID_A` varchar(10) NOT NULL,
  `PAV_LOCK` int(11) NOT NULL DEFAULT 0,
  `PAV_CREATED_BY` varchar(50) DEFAULT NULL,
  `PAV_CREATED_DATE` datetime DEFAULT NULL,
  `PAV_LAST_MODIFIED_BY` varchar(50) DEFAULT NULL,
  `PAV_LAST_MODIFIED_DATE` datetime DEFAULT NULL,
  `PAV_ACTIVE` tinyint(1) NOT NULL DEFAULT 1,
  PRIMARY KEY (`PAV_ID`),
  KEY `FK_PATIENTVACCINE_PATIENT` (`PAV_PAT_ID`),
  KEY `FK_PATIENTVACCINE_VACCINE` (`PAV_VAC_ID_A`),
  KEY `FK_PATIENTVACCINE_CREATED_BY_IDX` (`PAV_CREATED_BY`),
  KEY `FK_PATIENTVACCINE_LAST_MODIFIED_BY_IDX` (`PAV_LAST_MODIFIED_BY`),
  CONSTRAINT `FK_PATIENTVACCINE_CREATED_BY` FOREIGN KEY (`PAV_CREATED_BY`) REFERENCES `oh_user` (`US_ID_A`) ON DELETE NO ACTION ON UPDATE NO ACTION,
  CONSTRAINT `FK_PATIENTVACCINE_LAST_MODIFIED_BY` FOREIGN KEY (`PAV_LAST_MODIFIED_BY`) REFERENCES `oh_user` (`US_ID_A`) ON DELETE NO ACTION ON UPDATE NO ACTION,
  CONSTRAINT `FK_PATIENTVACCINE_PATIENT` FOREIGN KEY (`PAV_PAT_ID`) REFERENCES `oh_patient` (`PAT_ID`) ON DELETE CASCADE ON UPDATE CASCADE,
  CONSTRAINT `FK_PATIENTVACCINE_VACCINE` FOREIGN KEY (`PAV_VAC_ID_A`) REFERENCES `oh_vaccine` (`VAC_ID_A`) ON DELETE NO ACTION ON UPDATE NO ACTION
) ENGINE=InnoDB AUTO_INCREMENT=30 DEFAULT CHARSET=utf8mb3 COLLATE=utf8mb3_general_ci;
/*!40101 SET character_set_client = @saved_cs_client */;

--
-- Dumping data for table `oh_patientvaccine`
--

LOCK TABLES `oh_patientvaccine` WRITE;
/*!40000 ALTER TABLE `oh_patientvaccine` DISABLE KEYS */;
INSERT INTO `oh_patientvaccine` (`PAV_ID`, `PAV_YPROG`, `PAV_DATE`, `PAV_PAT_ID`, `PAV_VAC_ID_A`, `PAV_LOCK`, `PAV_CREATED_BY`, `PAV_CREATED_DATE`, `PAV_LAST_MODIFIED_BY`, `PAV_LAST_MODIFIED_DATE`, `PAV_ACTIVE`) VALUES (1,1,'2022-11-19 00:00:00',501,'16',0,'admin','2022-11-19 01:35:10','admin','2022-11-19 01:35:10',1),(2,2,'2022-11-20 00:18:05',5,'5',0,'admin','2022-11-20 00:18:15','admin','2022-11-20 00:18:15',1),(3,3,'2022-11-20 00:18:19',217,'1',0,'admin','2022-11-20 00:18:57','admin','2022-11-20 00:18:57',1),(4,4,'2022-11-20 00:18:59',413,'13',0,'admin','2022-11-20 00:19:07','admin','2022-11-20 00:19:07',1),(5,5,'2022-11-20 00:19:08',79,'18',0,'admin','2022-11-20 00:19:20','admin','2022-11-20 00:19:20',1),(6,6,'2022-11-20 00:19:22',300,'1',0,'admin','2022-11-20 00:19:29','admin','2022-11-20 00:19:29',1),(7,7,'2022-11-20 00:19:31',440,'9',0,'admin','2022-11-20 00:19:40','admin','2022-11-20 00:19:40',1),(8,8,'2022-11-20 00:19:41',393,'11',0,'admin','2022-11-20 00:19:48','admin','2022-11-20 00:19:48',1),(9,9,'2022-11-20 00:19:51',349,'8',0,'admin','2022-11-20 00:20:13','admin','2022-11-20 00:20:13',1),(10,10,'2022-11-20 00:20:15',279,'7',0,'admin','2022-11-20 00:20:25','admin','2022-11-20 00:20:25',1),(11,11,'2022-11-20 00:20:28',434,'3',0,'admin','2022-11-20 00:20:37','admin','2022-11-20 00:20:37',1),(12,12,'2022-11-20 02:07:35',389,'8',0,'admin','2022-11-20 02:07:48','admin','2022-11-20 02:07:48',1),(13,13,'2022-11-20 23:38:00',396,'7',0,'admin','2022-11-20 23:38:08','admin','2022-11-20 23:38:08',1),(14,14,'2022-11-20 23:38:09',353,'11',0,'admin','2022-11-20 23:38:22','admin','2022-11-20 23:38:22',1),(15,15,'2022-11-21 02:05:03',269,'12',0,'admin','2022-11-21 02:05:11','admin','2022-11-21 02:05:11',1),(16,16,'2022-11-21 02:05:11',131,'4',0,'admin','2022-11-21 02:05:21','admin','2022-11-21 02:05:21',1),(17,17,'2022-11-21 02:05:23',227,'9',0,'admin','2022-11-21 02:05:46','admin','2022-11-21 02:05:46',1),(18,18,'2022-11-21 03:30:08',459,'3',0,'admin','2022-11-21 03:30:19','admin','2022-11-21 03:30:19',1),(19,19,'2022-11-22 17:59:23',520,'5',0,'admin','2022-11-22 17:59:32','admin','2022-11-22 17:59:32',1),(20,20,'2022-11-23 16:00:39',65,'9',0,'admin','2022-11-23 16:00:47','admin','2022-11-23 16:00:47',1),(21,21,'2022-11-23 16:00:48',89,'11',0,'admin','2022-11-23 16:00:58','admin','2022-11-23 16:00:58',1),(22,22,'2022-11-23 16:00:59',148,'5',0,'admin','2022-11-23 16:01:05','admin','2022-11-23 16:01:05',1),(23,23,'2021-03-15 01:24:07',527,'13',0,'admin','2021-03-15 01:24:23','admin','2021-03-15 01:24:23',1),(24,24,'2021-03-15 01:24:31',42,'12',0,'admin','2021-03-15 01:24:44','admin','2021-03-15 01:24:44',1),(25,25,'2021-03-15 01:24:45',526,'11',0,'admin','2021-03-15 01:24:59','admin','2021-03-15 01:24:59',1),(26,26,'2021-03-15 14:54:31',499,'3',0,'admin','2021-03-15 14:54:50','admin','2021-03-15 14:54:50',1),(27,27,'2023-02-04 00:00:00',57,'9',0,'admin','2023-02-04 00:08:50','admin','2023-02-04 00:08:50',1),(28,28,'2023-02-04 00:00:00',5,'13',0,'admin','2023-02-04 00:09:02','admin','2023-02-04 00:09:02',1),(29,29,'2023-02-04 00:00:00',242,'14',0,'admin','2023-02-04 02:07:17','admin','2023-02-04 02:07:17',1);
/*!40000 ALTER TABLE `oh_patientvaccine` ENABLE KEYS */;
UNLOCK TABLES;

--
-- Table structure for table `oh_permissions`
--

DROP TABLE IF EXISTS `oh_permissions`;
/*!40101 SET @saved_cs_client     = @@character_set_client */;
/*!40101 SET character_set_client = utf8 */;
CREATE TABLE `oh_permissions` (
  `P_ID_A` int(11) NOT NULL AUTO_INCREMENT,
  `P_NAME` varchar(50) NOT NULL DEFAULT '',
  `P_DESCRIPTION` varchar(255) NOT NULL DEFAULT '',
  `P_ACTIVE` char(1) NOT NULL DEFAULT '',
  `P_CREATED_BY` varchar(50) DEFAULT NULL,
  `P_CREATED_DATE` datetime DEFAULT NULL,
  `P_LAST_MODIFIED_BY` varchar(50) DEFAULT NULL,
  `P_LAST_MODIFIED_DATE` datetime DEFAULT NULL,
  PRIMARY KEY (`P_ID_A`),
  KEY `FK_PERMISSIONS_CREATED_BY_IDX` (`P_CREATED_BY`),
  KEY `FK_PERMISSIONS_LAST_MODIFIED_BY_IDX` (`P_LAST_MODIFIED_BY`),
  CONSTRAINT `FK_PERMISSIONS_CREATED_BY` FOREIGN KEY (`P_CREATED_BY`) REFERENCES `oh_user` (`US_ID_A`) ON DELETE NO ACTION ON UPDATE NO ACTION,
  CONSTRAINT `FK_PERMISSIONS_LAST_MODIFIED_BY` FOREIGN KEY (`P_LAST_MODIFIED_BY`) REFERENCES `oh_user` (`US_ID_A`) ON DELETE NO ACTION ON UPDATE NO ACTION
) ENGINE=InnoDB AUTO_INCREMENT=167 DEFAULT CHARSET=utf8mb3 COLLATE=utf8mb3_general_ci;
/*!40101 SET character_set_client = @saved_cs_client */;

--
-- Dumping data for table `oh_permissions`
--

LOCK TABLES `oh_permissions` WRITE;
/*!40000 ALTER TABLE `oh_permissions` DISABLE KEYS */;
INSERT INTO `oh_permissions` (`P_ID_A`, `P_NAME`, `P_DESCRIPTION`, `P_ACTIVE`, `P_CREATED_BY`, `P_CREATED_DATE`, `P_LAST_MODIFIED_BY`, `P_LAST_MODIFIED_DATE`) VALUES (1,'admissions.create','','1',NULL,NULL,NULL,NULL),(2,'admissions.read','','1',NULL,NULL,NULL,NULL),(3,'admissions.update','','1',NULL,NULL,NULL,NULL),(4,'admissions.delete','','1',NULL,NULL,NULL,NULL),(5,'admissiontypes.create','','1',NULL,NULL,NULL,NULL),(6,'admissiontypes.read','','1',NULL,NULL,NULL,NULL),(7,'admissiontypes.update','','1',NULL,NULL,NULL,NULL),(8,'admissiontypes.delete','','1',NULL,NULL,NULL,NULL),(9,'agetypes.read','','1',NULL,NULL,NULL,NULL),(10,'agetypes.update','','1',NULL,NULL,NULL,NULL),(11,'dischargetypes.create','','1',NULL,NULL,NULL,NULL),(12,'dischargetypes.read','','1',NULL,NULL,NULL,NULL),(13,'dischargetypes.update','','1',NULL,NULL,NULL,NULL),(14,'dischargetypes.delete','','1',NULL,NULL,NULL,NULL),(15,'diseases.create','','1',NULL,NULL,NULL,NULL),(16,'diseases.read','','1',NULL,NULL,NULL,NULL),(17,'diseases.update','','1',NULL,NULL,NULL,NULL),(18,'diseases.delete','','1',NULL,NULL,NULL,NULL),(19,'diseasetypes.create','','1',NULL,NULL,NULL,NULL),(20,'diseasetypes.read','','1',NULL,NULL,NULL,NULL),(21,'diseasetypes.update','','1',NULL,NULL,NULL,NULL),(22,'diseasetypes.delete','','1',NULL,NULL,NULL,NULL),(23,'deliveryresulttypes.create','','1',NULL,NULL,NULL,NULL),(24,'deliveryresulttypes.read','','1',NULL,NULL,NULL,NULL),(25,'deliveryresulttypes.update','','1',NULL,NULL,NULL,NULL),(26,'deliveryresulttypes.delete','','1',NULL,NULL,NULL,NULL),(27,'deliverytypes.create','','1',NULL,NULL,NULL,NULL),(28,'deliverytypes.read','','1',NULL,NULL,NULL,NULL),(29,'deliverytypes.update','','1',NULL,NULL,NULL,NULL),(30,'deliverytypes.delete','','1',NULL,NULL,NULL,NULL),(31,'exams.create','','1',NULL,NULL,NULL,NULL),(32,'exams.read','','1',NULL,NULL,NULL,NULL),(33,'exams.update','','1',NULL,NULL,NULL,NULL),(34,'exams.delete','','1',NULL,NULL,NULL,NULL),(35,'examrows.create','','1',NULL,NULL,NULL,NULL),(36,'examrows.read','','1',NULL,NULL,NULL,NULL),(37,'examrows.update','','1',NULL,NULL,NULL,NULL),(38,'examrows.delete','','1',NULL,NULL,NULL,NULL),(39,'examinations.create','','1',NULL,NULL,NULL,NULL),(40,'examinations.read','','1',NULL,NULL,NULL,NULL),(41,'examinations.update','','1',NULL,NULL,NULL,NULL),(42,'examinations.delete','','1',NULL,NULL,NULL,NULL),(43,'examtypes.create','','1',NULL,NULL,NULL,NULL),(44,'examtypes.read','','1',NULL,NULL,NULL,NULL),(45,'examtypes.update','','1',NULL,NULL,NULL,NULL),(46,'examtypes.delete','','1',NULL,NULL,NULL,NULL),(47,'hospitals.create','','1',NULL,NULL,NULL,NULL),(48,'hospitals.read','','1',NULL,NULL,NULL,NULL),(49,'hospitals.update','','1',NULL,NULL,NULL,NULL),(50,'hospitals.delete','','1',NULL,NULL,NULL,NULL),(51,'laboratories.create','','1',NULL,NULL,NULL,NULL),(52,'laboratories.read','','1',NULL,NULL,NULL,NULL),(53,'laboratories.update','','1',NULL,NULL,NULL,NULL),(54,'laboratories.delete','','1',NULL,NULL,NULL,NULL),(55,'malnutritions.create','','1',NULL,NULL,NULL,NULL),(56,'malnutritions.read','','1',NULL,NULL,NULL,NULL),(57,'malnutritions.update','','1',NULL,NULL,NULL,NULL),(58,'malnutritions.delete','','1',NULL,NULL,NULL,NULL),(59,'medicals.create','','1',NULL,NULL,NULL,NULL),(60,'medicals.read','','1',NULL,NULL,NULL,NULL),(61,'medicals.update','','1',NULL,NULL,NULL,NULL),(62,'medicals.delete','','1',NULL,NULL,NULL,NULL),(63,'medicalstockmovements.create','','1',NULL,NULL,NULL,NULL),(64,'medicalstockmovements.read','','1',NULL,NULL,NULL,NULL),(65,'medicalstockmovements.update','','1',NULL,NULL,NULL,NULL),(66,'medicalstockmovements.delete','','1',NULL,NULL,NULL,NULL),(67,'medicalstockward.create','','1',NULL,NULL,NULL,NULL),(68,'medicalstockward.read','','1',NULL,NULL,NULL,NULL),(69,'medicalstockward.update','','1',NULL,NULL,NULL,NULL),(70,'medicalstockward.delete','','1',NULL,NULL,NULL,NULL),(71,'medstockmovementtypes.create','','1',NULL,NULL,NULL,NULL),(72,'medstockmovementtypes.read','','1',NULL,NULL,NULL,NULL),(73,'medstockmovementtypes.update','','1',NULL,NULL,NULL,NULL),(74,'medstockmovementtypes.delete','','1',NULL,NULL,NULL,NULL),(75,'medicaltypes.create','','1',NULL,NULL,NULL,NULL),(76,'medicaltypes.read','','1',NULL,NULL,NULL,NULL),(77,'medicaltypes.update','','1',NULL,NULL,NULL,NULL),(78,'medicaltypes.delete','','1',NULL,NULL,NULL,NULL),(79,'opds.create','','1',NULL,NULL,NULL,NULL),(80,'opds.read','','1',NULL,NULL,NULL,NULL),(81,'opds.update','','1',NULL,NULL,NULL,NULL),(82,'opds.delete','','1',NULL,NULL,NULL,NULL),(83,'operations.create','','1',NULL,NULL,NULL,NULL),(84,'operations.read','','1',NULL,NULL,NULL,NULL),(85,'operations.update','','1',NULL,NULL,NULL,NULL),(86,'operations.delete','','1',NULL,NULL,NULL,NULL),(87,'operationtypes.create','','1',NULL,NULL,NULL,NULL),(88,'operationtypes.read','','1',NULL,NULL,NULL,NULL),(89,'operationtypes.update','','1',NULL,NULL,NULL,NULL),(90,'operationtypes.delete','','1',NULL,NULL,NULL,NULL),(91,'patientconsensus.create','','1',NULL,NULL,NULL,NULL),(92,'patientconsensus.read','','1',NULL,NULL,NULL,NULL),(93,'patientconsensus.update','','1',NULL,NULL,NULL,NULL),(94,'patientconsensus.delete','','1',NULL,NULL,NULL,NULL),(95,'patients.create','','1',NULL,NULL,NULL,NULL),(96,'patients.read','','1',NULL,NULL,NULL,NULL),(97,'patients.update','','1',NULL,NULL,NULL,NULL),(98,'patients.delete','','1',NULL,NULL,NULL,NULL),(99,'patientvaccines.create','','1',NULL,NULL,NULL,NULL),(100,'patientvaccines.read','','1',NULL,NULL,NULL,NULL),(101,'patientvaccines.update','','1',NULL,NULL,NULL,NULL),(102,'patientvaccines.delete','','1',NULL,NULL,NULL,NULL),(103,'permissions.create','','1',NULL,NULL,NULL,NULL),(104,'permissions.read','','1',NULL,NULL,NULL,NULL),(105,'permissions.update','','1',NULL,NULL,NULL,NULL),(106,'permissions.delete','','1',NULL,NULL,NULL,NULL),(107,'grouppermission.create','','1',NULL,NULL,NULL,NULL),(108,'grouppermission.read','','1',NULL,NULL,NULL,NULL),(109,'grouppermission.update','','1',NULL,NULL,NULL,NULL),(110,'grouppermission.delete','','1',NULL,NULL,NULL,NULL),(111,'users.create','','1',NULL,NULL,NULL,NULL),(112,'users.read','','1',NULL,NULL,NULL,NULL),(113,'users.update','','1',NULL,NULL,NULL,NULL),(114,'users.delete','','1',NULL,NULL,NULL,NULL),(115,'usersettings.create','','1',NULL,NULL,NULL,NULL),(116,'usersettings.read','','1',NULL,NULL,NULL,NULL),(117,'usersettings.update','','1',NULL,NULL,NULL,NULL),(118,'usersettings.delete','','1',NULL,NULL,NULL,NULL),(119,'pregnanttreatmenttypes.create','','1',NULL,NULL,NULL,NULL),(120,'pregnanttreatmenttypes.read','','1',NULL,NULL,NULL,NULL),(121,'pregnanttreatmenttypes.update','','1',NULL,NULL,NULL,NULL),(122,'pregnanttreatmenttypes.delete','','1',NULL,NULL,NULL,NULL),(123,'pricelists.create','','1',NULL,NULL,NULL,NULL),(124,'pricelists.read','','1',NULL,NULL,NULL,NULL),(125,'pricelists.update','','1',NULL,NULL,NULL,NULL),(126,'pricelists.delete','','1',NULL,NULL,NULL,NULL),(127,'pricesothers.create','','1',NULL,NULL,NULL,NULL),(128,'pricesothers.read','','1',NULL,NULL,NULL,NULL),(129,'pricesothers.update','','1',NULL,NULL,NULL,NULL),(130,'pricesothers.delete','','1',NULL,NULL,NULL,NULL),(131,'reports.create','','1',NULL,NULL,NULL,NULL),(132,'reports.read','','1',NULL,NULL,NULL,NULL),(133,'reports.update','','1',NULL,NULL,NULL,NULL),(134,'reports.delete','','1',NULL,NULL,NULL,NULL),(135,'sms.create','','1',NULL,NULL,NULL,NULL),(136,'sms.read','','1',NULL,NULL,NULL,NULL),(137,'sms.update','','1',NULL,NULL,NULL,NULL),(138,'sms.delete','','1',NULL,NULL,NULL,NULL),(139,'suppliers.create','','1',NULL,NULL,NULL,NULL),(140,'suppliers.read','','1',NULL,NULL,NULL,NULL),(141,'suppliers.update','','1',NULL,NULL,NULL,NULL),(142,'suppliers.delete','','1',NULL,NULL,NULL,NULL),(143,'therapies.create','','1',NULL,NULL,NULL,NULL),(144,'therapies.read','','1',NULL,NULL,NULL,NULL),(145,'therapies.update','','1',NULL,NULL,NULL,NULL),(146,'therapies.delete','','1',NULL,NULL,NULL,NULL),(147,'vaccines.create','','1',NULL,NULL,NULL,NULL),(148,'vaccines.read','','1',NULL,NULL,NULL,NULL),(149,'vaccines.update','','1',NULL,NULL,NULL,NULL),(150,'vaccines.delete','','1',NULL,NULL,NULL,NULL),(151,'vaccinetype.create','','1',NULL,NULL,NULL,NULL),(152,'vaccinetype.read','','1',NULL,NULL,NULL,NULL),(153,'vaccinetype.update','','1',NULL,NULL,NULL,NULL),(154,'vaccinetype.delete','','1',NULL,NULL,NULL,NULL),(155,'visits.create','','1',NULL,NULL,NULL,NULL),(156,'visits.read','','1',NULL,NULL,NULL,NULL),(157,'visits.update','','1',NULL,NULL,NULL,NULL),(158,'visits.delete','','1',NULL,NULL,NULL,NULL),(159,'wards.create','','1',NULL,NULL,NULL,NULL),(160,'wards.read','','1',NULL,NULL,NULL,NULL),(161,'wards.update','','1',NULL,NULL,NULL,NULL),(162,'wards.delete','','1',NULL,NULL,NULL,NULL),(163,'dashboard.access','','1',NULL,NULL,NULL,NULL),(164,'laboratories.access','','1',NULL,NULL,NULL,NULL),(165,'patients.access','','1',NULL,NULL,NULL,NULL),(166,'opds.access','','1',NULL,NULL,NULL,NULL);
/*!40000 ALTER TABLE `oh_permissions` ENABLE KEYS */;
UNLOCK TABLES;

--
-- Table structure for table `oh_pregnanttreatmenttype`
--

DROP TABLE IF EXISTS `oh_pregnanttreatmenttype`;
/*!40101 SET @saved_cs_client     = @@character_set_client */;
/*!40101 SET character_set_client = utf8 */;
CREATE TABLE `oh_pregnanttreatmenttype` (
  `PTT_ID_A` varchar(10) NOT NULL,
  `PTT_DESC` varchar(50) NOT NULL,
  `PTT_CREATED_BY` varchar(50) DEFAULT NULL,
  `PTT_CREATED_DATE` datetime DEFAULT NULL,
  `PTT_LAST_MODIFIED_BY` varchar(50) DEFAULT NULL,
  `PTT_LAST_MODIFIED_DATE` datetime DEFAULT NULL,
  `PTT_ACTIVE` tinyint(1) NOT NULL DEFAULT 1,
  PRIMARY KEY (`PTT_ID_A`),
  KEY `FK_PREGNANTTREATMENTTYPE_CREATED_BY_IDX` (`PTT_CREATED_BY`),
  KEY `FK_PREGNANTTREATMENTTYPE_LAST_MODIFIED_BY_IDX` (`PTT_LAST_MODIFIED_BY`),
  CONSTRAINT `FK_PREGNANTTREATMENTTYPE_CREATED_BY` FOREIGN KEY (`PTT_CREATED_BY`) REFERENCES `oh_user` (`US_ID_A`) ON DELETE NO ACTION ON UPDATE NO ACTION,
  CONSTRAINT `FK_PREGNANTTREATMENTTYPE_LAST_MODIFIED_BY` FOREIGN KEY (`PTT_LAST_MODIFIED_BY`) REFERENCES `oh_user` (`US_ID_A`) ON DELETE NO ACTION ON UPDATE NO ACTION
) ENGINE=InnoDB DEFAULT CHARSET=utf8mb3 COLLATE=utf8mb3_general_ci;
/*!40101 SET character_set_client = @saved_cs_client */;

--
-- Dumping data for table `oh_pregnanttreatmenttype`
--

LOCK TABLES `oh_pregnanttreatmenttype` WRITE;
/*!40000 ALTER TABLE `oh_pregnanttreatmenttype` DISABLE KEYS */;
INSERT INTO `oh_pregnanttreatmenttype` (`PTT_ID_A`, `PTT_DESC`, `PTT_CREATED_BY`, `PTT_CREATED_DATE`, `PTT_LAST_MODIFIED_BY`, `PTT_LAST_MODIFIED_DATE`, `PTT_ACTIVE`) VALUES ('A','ANC RE-ATTENDANCE',NULL,NULL,NULL,NULL,1),('I1','IMMUNISATION 1',NULL,NULL,NULL,NULL,1),('I2','IMMUNISATION 2',NULL,NULL,NULL,NULL,1),('I3','IMMUNISATION 3',NULL,NULL,NULL,NULL,1),('N','NEW ANC ATTENDANCE',NULL,NULL,NULL,NULL,1),('S1','FIRST DOSE WITH SP',NULL,NULL,NULL,NULL,1),('S2','SECOND DOSE WITH SP',NULL,NULL,NULL,NULL,1);
/*!40000 ALTER TABLE `oh_pregnanttreatmenttype` ENABLE KEYS */;
UNLOCK TABLES;

--
-- Table structure for table `oh_pricelists`
--

DROP TABLE IF EXISTS `oh_pricelists`;
/*!40101 SET @saved_cs_client     = @@character_set_client */;
/*!40101 SET character_set_client = utf8 */;
CREATE TABLE `oh_pricelists` (
  `LST_ID` int(11) NOT NULL AUTO_INCREMENT,
  `LST_CODE` varchar(7) NOT NULL,
  `LST_NAME` varchar(50) NOT NULL,
  `LST_DESC` varchar(100) NOT NULL,
  `LST_CURRENCY` varchar(10) NOT NULL,
  `LST_CREATED_BY` varchar(50) DEFAULT NULL,
  `LST_CREATED_DATE` datetime DEFAULT NULL,
  `LST_LAST_MODIFIED_BY` varchar(50) DEFAULT NULL,
  `LST_LAST_MODIFIED_DATE` datetime DEFAULT NULL,
  `LST_ACTIVE` tinyint(1) NOT NULL DEFAULT 1,
  PRIMARY KEY (`LST_ID`),
  KEY `FK_PRICELISTS_CREATED_BY_IDX` (`LST_CREATED_BY`),
  KEY `FK_PRICELISTS_LAST_MODIFIED_BY_IDX` (`LST_LAST_MODIFIED_BY`),
  CONSTRAINT `FK_PRICELISTS_CREATED_BY` FOREIGN KEY (`LST_CREATED_BY`) REFERENCES `oh_user` (`US_ID_A`) ON DELETE NO ACTION ON UPDATE NO ACTION,
  CONSTRAINT `FK_PRICELISTS_LAST_MODIFIED_BY` FOREIGN KEY (`LST_LAST_MODIFIED_BY`) REFERENCES `oh_user` (`US_ID_A`) ON DELETE NO ACTION ON UPDATE NO ACTION
) ENGINE=InnoDB AUTO_INCREMENT=2 DEFAULT CHARSET=utf8mb3 COLLATE=utf8mb3_general_ci;
/*!40101 SET character_set_client = @saved_cs_client */;

--
-- Dumping data for table `oh_pricelists`
--

LOCK TABLES `oh_pricelists` WRITE;
/*!40000 ALTER TABLE `oh_pricelists` DISABLE KEYS */;
INSERT INTO `oh_pricelists` (`LST_ID`, `LST_CODE`, `LST_NAME`, `LST_DESC`, `LST_CURRENCY`, `LST_CREATED_BY`, `LST_CREATED_DATE`, `LST_LAST_MODIFIED_BY`, `LST_LAST_MODIFIED_DATE`, `LST_ACTIVE`) VALUES (1,'LIST001','Basic','Basic price list','UGX',NULL,NULL,NULL,NULL,1);
/*!40000 ALTER TABLE `oh_pricelists` ENABLE KEYS */;
UNLOCK TABLES;

--
-- Table structure for table `oh_prices`
--

DROP TABLE IF EXISTS `oh_prices`;
/*!40101 SET @saved_cs_client     = @@character_set_client */;
/*!40101 SET character_set_client = utf8 */;
CREATE TABLE `oh_prices` (
  `PRC_ID` int(11) NOT NULL AUTO_INCREMENT,
  `PRC_LST_ID` int(11) NOT NULL,
  `PRC_GRP` char(3) NOT NULL,
  `PRC_ITEM` varchar(10) NOT NULL,
  `PRC_DESC` varchar(100) NOT NULL,
  `PRC_PRICE` double NOT NULL,
  `PRC_CREATED_BY` varchar(50) DEFAULT NULL,
  `PRC_CREATED_DATE` datetime DEFAULT NULL,
  `PRC_LAST_MODIFIED_BY` varchar(50) DEFAULT NULL,
  `PRC_LAST_MODIFIED_DATE` datetime DEFAULT NULL,
  `PRC_ACTIVE` tinyint(1) NOT NULL DEFAULT 1,
  PRIMARY KEY (`PRC_ID`),
  KEY `FK_PRICES_PRICELISTS` (`PRC_LST_ID`),
  KEY `FK_PRICES_CREATED_BY_IDX` (`PRC_CREATED_BY`),
  KEY `FK_PRICES_LAST_MODIFIED_BY_IDX` (`PRC_LAST_MODIFIED_BY`),
  CONSTRAINT `FK_PRICES_CREATED_BY` FOREIGN KEY (`PRC_CREATED_BY`) REFERENCES `oh_user` (`US_ID_A`) ON DELETE NO ACTION ON UPDATE NO ACTION,
  CONSTRAINT `FK_PRICES_LAST_MODIFIED_BY` FOREIGN KEY (`PRC_LAST_MODIFIED_BY`) REFERENCES `oh_user` (`US_ID_A`) ON DELETE NO ACTION ON UPDATE NO ACTION,
  CONSTRAINT `FK_PRICES_PRICELISTS` FOREIGN KEY (`PRC_LST_ID`) REFERENCES `oh_pricelists` (`LST_ID`) ON DELETE CASCADE ON UPDATE CASCADE
) ENGINE=InnoDB AUTO_INCREMENT=17545 DEFAULT CHARSET=utf8mb3 COLLATE=utf8mb3_general_ci;
/*!40101 SET character_set_client = @saved_cs_client */;

--
-- Dumping data for table `oh_prices`
--

LOCK TABLES `oh_prices` WRITE;
/*!40000 ALTER TABLE `oh_prices` DISABLE KEYS */;
INSERT INTO `oh_prices` (`PRC_ID`, `PRC_LST_ID`, `PRC_GRP`, `PRC_ITEM`, `PRC_DESC`, `PRC_PRICE`, `PRC_CREATED_BY`, `PRC_CREATED_DATE`, `PRC_LAST_MODIFIED_BY`, `PRC_LAST_MODIFIED_DATE`, `PRC_ACTIVE`) VALUES (17029,1,'EXA','01.01','1.1 HB',10,'admin','2022-11-23 19:43:15','admin','2022-11-23 19:43:15',1),(17030,1,'EXA','01.02','1.2 WBC Count',10,'admin','2022-11-23 19:43:15','admin','2022-11-23 19:43:15',1),(17031,1,'EXA','01.03','1.3 Differential ',12,'admin','2022-11-23 19:43:15','admin','2022-11-23 19:43:15',1),(17032,1,'EXA','01.04','1.4 Film Comment',8,'admin','2022-11-23 19:43:15','admin','2022-11-23 19:43:15',1),(17033,1,'EXA','01.05','1.5 ESR',14,'admin','2022-11-23 19:43:15','admin','2022-11-23 19:43:15',1),(17034,1,'EXA','01.06','1.6 Sickling Test',14,'admin','2022-11-23 19:43:15','admin','2022-11-23 19:43:15',1),(17035,1,'EXA','02.01','2.1 Grouping',10,'admin','2022-11-23 19:43:15','admin','2022-11-23 19:43:15',1),(17036,1,'EXA','02.02','2.2 Comb\'s Test',0,'admin','2022-11-23 19:43:15','admin','2022-11-23 19:43:15',1),(17037,1,'EXA','03.01','3.1 Blood Slide (Malaria)',10,'admin','2022-11-23 19:43:15','admin','2022-11-23 19:43:15',1),(17038,1,'EXA','03.02','3.2 Blood Slide (OTHERS, E.G. TRIUPHANOSOMIAS, MICRIFILARIA, LEISHMANIA, BORRELIA)',12,'admin','2022-11-23 19:43:15','admin','2022-11-23 19:43:15',1),(17039,1,'EXA','03.021','3.21 Trypanosomiasis',15,'admin','2022-11-23 19:43:15','admin','2022-11-23 19:43:15',1),(17040,1,'EXA','03.022','3.22 MICROFILARIA',12,'admin','2022-11-23 19:43:15','admin','2022-11-23 19:43:15',1),(17041,1,'EXA','03.023','3.23 LEISHMANIA',12,'admin','2022-11-23 19:43:15','admin','2022-11-23 19:43:15',1),(17042,1,'EXA','03.024','3.24 BORRELIA',12,'admin','2022-11-23 19:43:15','admin','2022-11-23 19:43:15',1),(17043,1,'EXA','03.03','3.3 STOOL MICROSCOPY',16,'admin','2022-11-23 19:43:15','admin','2022-11-23 19:43:15',1),(17044,1,'EXA','03.04','3.4 URINE MICROSCOPY',16,'admin','2022-11-23 19:43:15','admin','2022-11-23 19:43:15',1),(17045,1,'EXA','03.05','3.5 TISSUE MICROSCOPY',16,'admin','2022-11-23 19:43:15','admin','2022-11-23 19:43:15',1),(17046,1,'EXA','03.06','3.6 CSF WET PREP',8,'admin','2022-11-23 19:43:15','admin','2022-11-23 19:43:15',1),(17047,1,'EXA','04.01','4.1 CULTURE AND SENSITIVITY (C&S) FOR HAEMOPHILUS INFUENZA TYPE B',18,'admin','2022-11-23 19:43:15','admin','2022-11-23 19:43:15',1),(17048,1,'EXA','04.02','4.2 C&S FOR SALMONELA TYPHI',18,'admin','2022-11-23 19:43:15','admin','2022-11-23 19:43:15',1),(17049,1,'EXA','04.03','4.3 C&S FOR VIBRO CHOLERA',18,'admin','2022-11-23 19:43:15','admin','2022-11-23 19:43:15',1),(17050,1,'EXA','04.04','4.4 C&S FOR SHIGELLA DYSENTERIAE',18,'admin','2022-11-23 19:43:15','admin','2022-11-23 19:43:15',1),(17051,1,'EXA','04.05','4.5 C&S FOR NEISSERIA MENINGITIDES',18,'admin','2022-11-23 19:43:15','admin','2022-11-23 19:43:15',1),(17052,1,'EXA','04.06','4.6 OTHER C&S ',10,'admin','2022-11-23 19:43:15','admin','2022-11-23 19:43:15',1),(17053,1,'EXA','05.01','5.1 WET PREP',8,'admin','2022-11-23 19:43:15','admin','2022-11-23 19:43:15',1),(17054,1,'EXA','05.02','5.2 GRAM STAIN',14,'admin','2022-11-23 19:43:15','admin','2022-11-23 19:43:15',1),(17055,1,'EXA','05.03','5.3 INDIA INK',12,'admin','2022-11-23 19:43:15','admin','2022-11-23 19:43:15',1),(17056,1,'EXA','05.04','5.4 LEISMANIA',10,'admin','2022-11-23 19:43:15','admin','2022-11-23 19:43:15',1),(17057,1,'EXA','05.05','5.5 ZN',20,'admin','2022-11-23 19:43:15','admin','2022-11-23 19:43:15',1),(17058,1,'EXA','05.06','5.6 WAYSON',20,'admin','2022-11-23 19:43:15','admin','2022-11-23 19:43:15',1),(17059,1,'EXA','05.07','5.7 PAP SMEAR',18,'admin','2022-11-23 19:43:15','admin','2022-11-23 19:43:15',1),(17060,1,'EXA','06.01','6.1 VDRL/RPR',20,'admin','2022-11-23 19:43:15','admin','2022-11-23 19:43:15',1),(17061,1,'EXA','06.02','6.2 TPHA',18,'admin','2022-11-23 19:43:15','admin','2022-11-23 19:43:15',1),(17062,1,'EXA','06.03','6.3 HIV',15,'admin','2022-11-23 19:43:15','admin','2022-11-23 19:43:15',1),(17063,1,'EXA','06.04','6.4 HEPATITIS',12,'admin','2022-11-23 19:43:15','admin','2022-11-23 19:43:15',1),(17064,1,'EXA','06.05','6.5 OTHERS E.G BRUCELLA, RHEUMATOID FACTOR, WEIL FELIX',20,'admin','2022-11-23 19:43:15','admin','2022-11-23 19:43:15',1),(17065,1,'EXA','06.06','6.6 PREGNANCY TEST',10,'admin','2022-11-23 19:43:15','admin','2022-11-23 19:43:15',1),(17066,1,'EXA','07.01','7.1 PROTEIN',8,'admin','2022-11-23 19:43:15','admin','2022-11-23 19:43:15',1),(17067,1,'EXA','07.02','7.2 SUGAR',8,'admin','2022-11-23 19:43:15','admin','2022-11-23 19:43:15',1),(17068,1,'EXA','07.03','7.3 LFTS',8,'admin','2022-11-23 19:43:15','admin','2022-11-23 19:43:15',1),(17069,1,'EXA','07.03.1','7.3.1 BILIRUBIN TOTAL',8,'admin','2022-11-23 19:43:15','admin','2022-11-23 19:43:15',1),(17070,1,'EXA','07.03.2','7.3.2 BILIRUBIN DIRECT',8,'admin','2022-11-23 19:43:15','admin','2022-11-23 19:43:15',1),(17071,1,'EXA','07.03.3','7.3.3 GOT',10,'admin','2022-11-23 19:43:15','admin','2022-11-23 19:43:15',1),(17072,1,'EXA','07.03.4','7.3.4 ALT/GPT',10,'admin','2022-11-23 19:43:15','admin','2022-11-23 19:43:15',1),(17073,1,'EXA','07.04','7.4 RFTS',10,'admin','2022-11-23 19:43:15','admin','2022-11-23 19:43:15',1),(17074,1,'EXA','07.04.1','7.4.1 CREATININA',8,'admin','2022-11-23 19:43:15','admin','2022-11-23 19:43:15',1),(17075,1,'EXA','07.04.2','7.4.2 UREA',8,'admin','2022-11-23 19:43:15','admin','2022-11-23 19:43:15',1),(17076,1,'EXA','08.01','8.1 OCCULT BLOOD',12,'admin','2022-11-23 19:43:15','admin','2022-11-23 19:43:15',1),(17077,1,'EXA','URI','URINALYSIS',10,'admin','2022-11-23 19:43:15','admin','2022-11-23 19:43:15',1),(17078,1,'OPE','39','Volvulus',100,'admin','2022-11-23 19:43:15','admin','2022-11-23 19:43:15',1),(17079,1,'OPE','19','Uterine prolapse',120,'admin','2022-11-23 19:43:15','admin','2022-11-23 19:43:15',1),(17080,1,'OPE','17','Uterine fibroids',120,'admin','2022-11-23 19:43:15','admin','2022-11-23 19:43:15',1),(17081,1,'OPE','25','uretheral stricture-bougienage',130,'admin','2022-11-23 19:43:15','admin','2022-11-23 19:43:15',1),(17082,1,'OPE','47','Upper limb',200,'admin','2022-11-23 19:43:15','admin','2022-11-23 19:43:15',1),(17083,1,'OPE','27','Testicular tumours',200,'admin','2022-11-23 19:43:15','admin','2022-11-23 19:43:15',1),(17084,1,'OPE','53','Surgical toilet  & suture',50,'admin','2022-11-23 19:43:15','admin','2022-11-23 19:43:15',1),(17085,1,'OPE','32','Strangulated',60,'admin','2022-11-23 19:43:15','admin','2022-11-23 19:43:15',1),(17086,1,'OPE','10','Septic abortion',80,'admin','2022-11-23 19:43:15','admin','2022-11-23 19:43:15',1),(17087,1,'OPE','5','Ruptured uterus',120,'admin','2022-11-23 19:43:15','admin','2022-11-23 19:43:15',1),(17088,1,'OPE','12','Repair of vesico-vaginal fistula (vvf)',120,'admin','2022-11-23 19:43:15','admin','2022-11-23 19:43:15',1),(17089,1,'OPE','46','Reduction of fractures',100,'admin','2022-11-23 19:43:15','admin','2022-11-23 19:43:15',1),(17090,1,'OPE','28','Prostatectomy',120,'admin','2022-11-23 19:43:15','admin','2022-11-23 19:43:15',1),(17091,1,'OPE','29','Prostate biopsy',80,'admin','2022-11-23 19:43:15','admin','2022-11-23 19:43:15',1),(17092,1,'OPE','22','phimosis',0,'admin','2022-11-23 19:43:15','admin','2022-11-23 19:43:15',1),(17093,1,'OPE','42','Peritonitis',180,'admin','2022-11-23 19:43:15','admin','2022-11-23 19:43:15',1),(17094,1,'OPE','15','Peritonitis',180,'admin','2022-11-23 19:43:15','admin','2022-11-23 19:43:15',1),(17095,1,'OPE','41','Penetrating abdominal injuries',90,'admin','2022-11-23 19:43:15','admin','2022-11-23 19:43:15',1),(17096,1,'OPE','16','Pelvic abscess',200,'admin','2022-11-23 19:43:15','admin','2022-11-23 19:43:15',1),(17097,1,'OPE','23','paraphimosis',90,'admin','2022-11-23 19:43:15','admin','2022-11-23 19:43:15',1),(17098,1,'OPE','18','Ovarian tumours',200,'admin','2022-11-23 19:43:15','admin','2022-11-23 19:43:15',1),(17099,1,'OPE','49','Osteomyelitis - sequestrectomy',160,'admin','2022-11-23 19:43:15','admin','2022-11-23 19:43:15',1),(17100,1,'OPE','33','Non strangulated',75,'admin','2022-11-23 19:43:15','admin','2022-11-23 19:43:15',1),(17101,1,'OPE','52','Mise -a- plat',50,'admin','2022-11-23 19:43:15','admin','2022-11-23 19:43:15',1),(17102,1,'OPE','38','Mechanical',80,'admin','2022-11-23 19:43:15','admin','2022-11-23 19:43:15',1),(17103,1,'OPE','48','Lower limb',100,'admin','2022-11-23 19:43:15','admin','2022-11-23 19:43:15',1),(17104,1,'OPE','40','Laparatomy',200,'admin','2022-11-23 19:43:15','admin','2022-11-23 19:43:15',1),(17105,1,'OPE','37','Intestinal obstruction',85,'admin','2022-11-23 19:43:15','admin','2022-11-23 19:43:15',1),(17106,1,'OPE','6','Injured uterus',100,'admin','2022-11-23 19:43:15','admin','2022-11-23 19:43:15',1),(17107,1,'OPE','9','Incomplete abortion',180,'admin','2022-11-23 19:43:15','admin','2022-11-23 19:43:15',1),(17108,1,'OPE','50','Incission & drainage',140,'admin','2022-11-23 19:43:15','admin','2022-11-23 19:43:15',1),(17109,1,'OPE','7','Hysterectomy',200,'admin','2022-11-23 19:43:15','admin','2022-11-23 19:43:15',1),(17110,1,'OPE','4','Hysterectomy',200,'admin','2022-11-23 19:43:15','admin','2022-11-23 19:43:15',1),(17111,1,'OPE','26','Hydroceletomy',0,'admin','2022-11-23 19:43:15','admin','2022-11-23 19:43:15',1),(17112,1,'OPE','31','Hernia (inguinal & femoral)',140,'admin','2022-11-23 19:43:15','admin','2022-11-23 19:43:15',1),(17113,1,'OPE','8','Evacuations',60,'admin','2022-11-23 19:43:15','admin','2022-11-23 19:43:15',1),(17114,1,'OPE','34','Epigastrical Hernia',100,'admin','2022-11-23 19:43:15','admin','2022-11-23 19:43:15',1),(17115,1,'OPE','2','emergency',50,'admin','2022-11-23 19:43:15','admin','2022-11-23 19:43:15',1),(17116,1,'OPE','3','elective',0,'admin','2022-11-23 19:43:15','admin','2022-11-23 19:43:15',1),(17117,1,'OPE','14','Ectopic pregnancy',130,'admin','2022-11-23 19:43:15','admin','2022-11-23 19:43:15',1),(17118,1,'OPE','24','dorsal slit-paraphimosis',180,'admin','2022-11-23 19:43:15','admin','2022-11-23 19:43:15',1),(17119,1,'OPE','11','Dilatation and curettage',120,'admin','2022-11-23 19:43:15','admin','2022-11-23 19:43:15',1),(17120,1,'OPE','51','Debridement',160,'admin','2022-11-23 19:43:15','admin','2022-11-23 19:43:15',1),(17121,1,'OPE','20','Cystorele',60,'admin','2022-11-23 19:43:15','admin','2022-11-23 19:43:15',1),(17122,1,'OPE','21','circumcision',40,'admin','2022-11-23 19:43:15','admin','2022-11-23 19:43:15',1),(17123,1,'OPE','44','Cholecystitis',60,'admin','2022-11-23 19:43:15','admin','2022-11-23 19:43:15',1),(17124,1,'OPE','1','Caesarian section',80,'admin','2022-11-23 19:43:15','admin','2022-11-23 19:43:15',1),(17125,1,'OPE','30','Bladder biopsy',80,'admin','2022-11-23 19:43:15','admin','2022-11-23 19:43:15',1),(17126,1,'OPE','43','Appendicitis',80,'admin','2022-11-23 19:43:15','admin','2022-11-23 19:43:15',1),(17127,1,'OPE','13','Acute abdomen',120,'admin','2022-11-23 19:43:15','admin','2022-11-23 19:43:15',1),(17128,1,'OPE','45','Abdominal Tumours',120,'admin','2022-11-23 19:43:15','admin','2022-11-23 19:43:15',1),(17129,1,'MED','24','4 Dimethyl Aminobenzaldelyde',0,'admin','2022-11-23 19:43:15','admin','2022-11-23 19:43:15',1),(17130,1,'MED','98','Acetazolamide 250mg Tab',0,'admin','2022-11-23 19:43:15','admin','2022-11-23 19:43:15',1),(17131,1,'MED','2','Acetic Acid Glacial 1 ltr',18,'admin','2022-11-23 19:43:15','admin','2022-11-23 19:43:15',1),(17132,1,'MED','3','Aceton 99% 1ltr',0,'admin','2022-11-23 19:43:15','admin','2022-11-23 19:43:15',1),(17133,1,'MED','414','Aciclovir cream',0,'admin','2022-11-23 19:43:15','admin','2022-11-23 19:43:15',1),(17134,1,'MED','99','Acyclovir 200mg Tab',0,'admin','2022-11-23 19:43:15','admin','2022-11-23 19:43:15',1),(17135,1,'MED','273','Adhesive Tape 2.5cm x 5m',1,'admin','2022-11-23 19:43:15','admin','2022-11-23 19:43:15',1),(17136,1,'MED','274','Adhesive Tape 7.5cm x 5m',0,'admin','2022-11-23 19:43:15','admin','2022-11-23 19:43:15',1),(17137,1,'MED','40','Adrenaline 1mg/ml 1ml Amp',0,'admin','2022-11-23 19:43:15','admin','2022-11-23 19:43:15',1),(17138,1,'MED','326','Air ring set 43x15cm, rubber with pump',0,'admin','2022-11-23 19:43:15','admin','2022-11-23 19:43:15',1),(17139,1,'MED','268','Airway Guedel Size 0',0,'admin','2022-11-23 19:43:15','admin','2022-11-23 19:43:15',1),(17140,1,'MED','267','Airway Guedel Size 00',0,'admin','2022-11-23 19:43:15','admin','2022-11-23 19:43:15',1),(17141,1,'MED','269','Airway Guedel Size 1',0,'admin','2022-11-23 19:43:15','admin','2022-11-23 19:43:15',1),(17142,1,'MED','270','Airway Guedel Size 2',0,'admin','2022-11-23 19:43:15','admin','2022-11-23 19:43:15',1),(17143,1,'MED','271','Airway Guedel Size 3',25,'admin','2022-11-23 19:43:15','admin','2022-11-23 19:43:15',1),(17144,1,'MED','103','Albendazole 200mg Tab',0,'admin','2022-11-23 19:43:15','admin','2022-11-23 19:43:15',1),(17145,1,'MED','102','Albendazole 400mg Tab',0,'admin','2022-11-23 19:43:15','admin','2022-11-23 19:43:15',1),(17146,1,'MED','41','Aminophyline 25mg/ml,10ml Amp',0,'admin','2022-11-23 19:43:15','admin','2022-11-23 19:43:15',1),(17147,1,'MED','101','Aminophylline 100mg Tab',0,'admin','2022-11-23 19:43:15','admin','2022-11-23 19:43:15',1),(17148,1,'MED','104','Amitriptyline 25mg Tab',0,'admin','2022-11-23 19:43:15','admin','2022-11-23 19:43:15',1),(17149,1,'MED','23','Amonium Oxalate',0,'admin','2022-11-23 19:43:15','admin','2022-11-23 19:43:15',1),(17150,1,'MED','106','Amoxycillin /Clavulanate 375mg Tab',0,'admin','2022-11-23 19:43:15','admin','2022-11-23 19:43:15',1),(17151,1,'MED','226','Amoxycillin 125mg/5ml Powd. Susp 100ml',0,'admin','2022-11-23 19:43:15','admin','2022-11-23 19:43:15',1),(17152,1,'MED','105','Amoxycillin 250mg Caps',0,'admin','2022-11-23 19:43:15','admin','2022-11-23 19:43:15',1),(17153,1,'MED','42','Amphotericin B 50mg Vial',32,'admin','2022-11-23 19:43:15','admin','2022-11-23 19:43:15',1),(17154,1,'MED','43','Ampicillin 500mg Vial',0,'admin','2022-11-23 19:43:15','admin','2022-11-23 19:43:15',1),(17155,1,'MED','238','Anti Serum A 10ml',8,'admin','2022-11-23 19:43:15','admin','2022-11-23 19:43:15',1),(17156,1,'MED','408','Anti Serum AB 10ml',8,'admin','2022-11-23 19:43:15','admin','2022-11-23 19:43:15',1),(17157,1,'MED','407','Anti Serum B 10ml',8,'admin','2022-11-23 19:43:15','admin','2022-11-23 19:43:15',1),(17158,1,'MED','409','Anti Serum D 10ml',8,'admin','2022-11-23 19:43:15','admin','2022-11-23 19:43:15',1),(17159,1,'MED','208','Antihaemorrhoid suppositories',0,'admin','2022-11-23 19:43:15','admin','2022-11-23 19:43:15',1),(17160,1,'MED','348','Apron Plastic Re-usable',0,'admin','2022-11-23 19:43:15','admin','2022-11-23 19:43:15',1),(17161,1,'MED','349','Apron Plastic Re-usable local',0,'admin','2022-11-23 19:43:15','admin','2022-11-23 19:43:15',1),(17162,1,'MED','350','Apron Polythene Disp Non Sterile',0,'admin','2022-11-23 19:43:15','admin','2022-11-23 19:43:15',1),(17163,1,'MED','416','Artemether+Lumefantrine 25-35kg',0,'admin','2022-11-23 19:43:15','admin','2022-11-23 19:43:15',1),(17164,1,'MED','107','Ascorbic Acid 100mg tab',0,'admin','2022-11-23 19:43:15','admin','2022-11-23 19:43:15',1),(17165,1,'MED','108','Aspirin 300mg Tab',2,'admin','2022-11-23 19:43:15','admin','2022-11-23 19:43:15',1),(17166,1,'MED','110','Atenolol 100mg Tab',22,'admin','2022-11-23 19:43:15','admin','2022-11-23 19:43:15',1),(17167,1,'MED','109','Atenolol 50mg Tab',14,'admin','2022-11-23 19:43:15','admin','2022-11-23 19:43:15',1),(17168,1,'MED','44','Atropine 1mg/ml 1ml Amp',0,'admin','2022-11-23 19:43:15','admin','2022-11-23 19:43:15',1),(17169,1,'MED','405','Barium Sulphate for X-Ray 1kg',0,'admin','2022-11-23 19:43:15','admin','2022-11-23 19:43:15',1),(17170,1,'MED','201','Beclamethasone 50mcg Innhaler',0,'admin','2022-11-23 19:43:15','admin','2022-11-23 19:43:15',1),(17171,1,'MED','320','Bedpan Plastic Autoclavable',0,'admin','2022-11-23 19:43:15','admin','2022-11-23 19:43:15',1),(17172,1,'MED','321','Bedpan Stainless Steel',0,'admin','2022-11-23 19:43:15','admin','2022-11-23 19:43:15',1),(17173,1,'MED','111','Bendrofluazide 5mg Tab',12,'admin','2022-11-23 19:43:15','admin','2022-11-23 19:43:15',1),(17174,1,'MED','45','Benzathine Penicillin 2.4 MIU Vial',0,'admin','2022-11-23 19:43:15','admin','2022-11-23 19:43:15',1),(17175,1,'MED','112','Benzhexol 2mg Tab',0,'admin','2022-11-23 19:43:15','admin','2022-11-23 19:43:15',1),(17176,1,'MED','113','Benzhexol 5mg Tab',50,'admin','2022-11-23 19:43:15','admin','2022-11-23 19:43:15',1),(17177,1,'MED','211','Benzyl Benzoate 25% 100ml',8,'admin','2022-11-23 19:43:15','admin','2022-11-23 19:43:15',1),(17178,1,'MED','46','Benzyl Penicillin 1 MIU Vial',0,'admin','2022-11-23 19:43:15','admin','2022-11-23 19:43:15',1),(17179,1,'MED','47','Benzyl Penicillin 5 MIU Vial',0,'admin','2022-11-23 19:43:15','admin','2022-11-23 19:43:15',1),(17180,1,'MED','194','Betamethasone 0.1% eye/ear/nose drops',0,'admin','2022-11-23 19:43:15','admin','2022-11-23 19:43:15',1),(17181,1,'MED','195','Betamethasone 0.1% Neomycin 0.35 %eye drops 7.5ml',0,'admin','2022-11-23 19:43:15','admin','2022-11-23 19:43:15',1),(17182,1,'MED','114','Bisacodyl 5mg Tab',0,'admin','2022-11-23 19:43:15','admin','2022-11-23 19:43:15',1),(17183,1,'MED','239','Blood giving set Disposable',0,'admin','2022-11-23 19:43:15','admin','2022-11-23 19:43:15',1),(17184,1,'MED','240','Blood Transfer Bag 300ml',0,'admin','2022-11-23 19:43:15','admin','2022-11-23 19:43:15',1),(17185,1,'MED','322','Body Bag 70 x 215cm  (Adult)',0,'admin','2022-11-23 19:43:15','admin','2022-11-23 19:43:15',1),(17186,1,'MED','325','Bowl Without Lid 10 x 24cm stainless steel',0,'admin','2022-11-23 19:43:15','admin','2022-11-23 19:43:15',1),(17187,1,'MED','323','Bowl Without Lid 7 x 12cm stainless steel',0,'admin','2022-11-23 19:43:15','admin','2022-11-23 19:43:15',1),(17188,1,'MED','324','Bowl Without Lid 8 x 16cm stainless steel',0,'admin','2022-11-23 19:43:15','admin','2022-11-23 19:43:15',1),(17189,1,'MED','22','Brillians crystal blue',0,'admin','2022-11-23 19:43:15','admin','2022-11-23 19:43:15',1),(17190,1,'MED','213','Calamine Lotion 100ml',0,'admin','2022-11-23 19:43:15','admin','2022-11-23 19:43:15',1),(17191,1,'MED','212','Calamine Lotion 3Ltr',0,'admin','2022-11-23 19:43:15','admin','2022-11-23 19:43:15',1),(17192,1,'MED','115','Calcium Lactate 300mg Tab',0,'admin','2022-11-23 19:43:15','admin','2022-11-23 19:43:15',1),(17193,1,'MED','116','Carbamazepine 200mg Tab',20,'admin','2022-11-23 19:43:15','admin','2022-11-23 19:43:15',1),(17194,1,'MED','117','Carbimazole 5mg Tab',2,'admin','2022-11-23 19:43:15','admin','2022-11-23 19:43:15',1),(17195,1,'MED','288','Cathether Foley CH10 3 Way Ballon',26,'admin','2022-11-23 19:43:15','admin','2022-11-23 19:43:15',1),(17196,1,'MED','289','Cathether Foley CH12 3 Way Ballon',26,'admin','2022-11-23 19:43:15','admin','2022-11-23 19:43:15',1),(17197,1,'MED','290','Cathether Foley CH14 3 Way Ballon',26,'admin','2022-11-23 19:43:15','admin','2022-11-23 19:43:15',1),(17198,1,'MED','291','Cathether Foley CH16 3 Way Ballon',26,'admin','2022-11-23 19:43:15','admin','2022-11-23 19:43:15',1),(17199,1,'MED','292','Cathether Foley CH18 3 Way Ballon',26,'admin','2022-11-23 19:43:15','admin','2022-11-23 19:43:15',1),(17200,1,'MED','286','Cathether Foley CH20 3 Way Ballon',26,'admin','2022-11-23 19:43:15','admin','2022-11-23 19:43:15',1),(17201,1,'MED','287','Cathether Foley CH8 3 Way Ballon',26,'admin','2022-11-23 19:43:15','admin','2022-11-23 19:43:15',1),(17202,1,'MED','293','Cathether Stopper for All sizes',0,'admin','2022-11-23 19:43:15','admin','2022-11-23 19:43:15',1),(17203,1,'MED','118','Charcoal 250mg Tab',15,'admin','2022-11-23 19:43:15','admin','2022-11-23 19:43:15',1),(17204,1,'MED','196','Chloramphenicol 0.5% Eye Drops 10ml',0,'admin','2022-11-23 19:43:15','admin','2022-11-23 19:43:15',1),(17205,1,'MED','228','Chloramphenicol 125mg/5ml Susp 100ml',0,'admin','2022-11-23 19:43:15','admin','2022-11-23 19:43:15',1),(17206,1,'MED','227','Chloramphenicol 125mg/5ml Susp 3Ltr',0,'admin','2022-11-23 19:43:15','admin','2022-11-23 19:43:15',1),(17207,1,'MED','48','Chloramphenicol 1g Vial',0,'admin','2022-11-23 19:43:15','admin','2022-11-23 19:43:15',1),(17208,1,'MED','119','Chloramphenicol 250mg Caps',0,'admin','2022-11-23 19:43:15','admin','2022-11-23 19:43:15',1),(17209,1,'MED','183','Chlorhexidine/Centrimide 1.5/15% 1Ltr',0,'admin','2022-11-23 19:43:15','admin','2022-11-23 19:43:15',1),(17210,1,'MED','184','Chlorhexidine/Centrimide 1.5/15% 5Ltr',0,'admin','2022-11-23 19:43:15','admin','2022-11-23 19:43:15',1),(17211,1,'MED','49','Chloroquine 40mg Base/ml 5ml Amp',0,'admin','2022-11-23 19:43:15','admin','2022-11-23 19:43:15',1),(17212,1,'MED','121','Chloroquine Coated 150mg Tab',0,'admin','2022-11-23 19:43:15','admin','2022-11-23 19:43:15',1),(17213,1,'MED','120','Chloroquine Uncoated 150mg Tab',0,'admin','2022-11-23 19:43:15','admin','2022-11-23 19:43:15',1),(17214,1,'MED','123','Chlorphenimine 4mg Tab',0,'admin','2022-11-23 19:43:15','admin','2022-11-23 19:43:15',1),(17215,1,'MED','124','Chlorpromazine 100mg Tab',30,'admin','2022-11-23 19:43:15','admin','2022-11-23 19:43:15',1),(17216,1,'MED','125','Chlorpromazine 25mg Tab',12,'admin','2022-11-23 19:43:15','admin','2022-11-23 19:43:15',1),(17217,1,'MED','50','Chlorpromazine 25mg/ml/2ml Amp',0,'admin','2022-11-23 19:43:15','admin','2022-11-23 19:43:15',1),(17218,1,'MED','126','Cimetidine 200mg Tab',35,'admin','2022-11-23 19:43:15','admin','2022-11-23 19:43:15',1),(17219,1,'MED','127','Cimetidine 400mg Tab',60,'admin','2022-11-23 19:43:15','admin','2022-11-23 19:43:15',1),(17220,1,'MED','129','Ciprofloxacine 250mg Tab',0,'admin','2022-11-23 19:43:15','admin','2022-11-23 19:43:15',1),(17221,1,'MED','128','Ciprofloxacine 500mg Tab',0,'admin','2022-11-23 19:43:15','admin','2022-11-23 19:43:15',1),(17222,1,'MED','197','Cloramphenicol 1% Eye Ointment 3.5g',5,'admin','2022-11-23 19:43:15','admin','2022-11-23 19:43:15',1),(17223,1,'MED','215','Clotrimazole !% cream 15/20g',0,'admin','2022-11-23 19:43:15','admin','2022-11-23 19:43:15',1),(17224,1,'MED','214','Clotrimazole !% cream 200mg',0,'admin','2022-11-23 19:43:15','admin','2022-11-23 19:43:15',1),(17225,1,'MED','206','Clotrimazole 100mg Pessaries',0,'admin','2022-11-23 19:43:15','admin','2022-11-23 19:43:15',1),(17226,1,'MED','205','Clotrimazole 500mg Pessaries',0,'admin','2022-11-23 19:43:15','admin','2022-11-23 19:43:15',1),(17227,1,'MED','130','Cloxacillin 250mg Tab',0,'admin','2022-11-23 19:43:15','admin','2022-11-23 19:43:15',1),(17228,1,'MED','51','Cloxacillin 500mg Vial',0,'admin','2022-11-23 19:43:15','admin','2022-11-23 19:43:15',1),(17229,1,'MED','417','Coartem 15-25kg',0,'admin','2022-11-23 19:43:15','admin','2022-11-23 19:43:15',1),(17230,1,'MED','418','Coartem 5-15kg',0,'admin','2022-11-23 19:43:15','admin','2022-11-23 19:43:15',1),(17231,1,'MED','131','Codein Phosphate 30mg Tab',0,'admin','2022-11-23 19:43:15','admin','2022-11-23 19:43:15',1),(17232,1,'MED','327','Colostomy Bag closed 30mm size 2',0,'admin','2022-11-23 19:43:15','admin','2022-11-23 19:43:15',1),(17233,1,'MED','328','Colostomy Bag closed 30mm size 3',0,'admin','2022-11-23 19:43:15','admin','2022-11-23 19:43:15',1),(17234,1,'MED','329','Colostomy Bag open re-usable 35mm',0,'admin','2022-11-23 19:43:15','admin','2022-11-23 19:43:15',1),(17235,1,'MED','4','Copper 11 Sulphate 500g',21,'admin','2022-11-23 19:43:15','admin','2022-11-23 19:43:15',1),(17236,1,'MED','132','Cotrimoxazole 100/20mg Paed Tab',35,'admin','2022-11-23 19:43:15','admin','2022-11-23 19:43:15',1),(17237,1,'MED','230','Cotrimoxazole 200+40mg/5ml Susp 100ml',0,'admin','2022-11-23 19:43:15','admin','2022-11-23 19:43:15',1),(17238,1,'MED','229','Cotrimoxazole 200+40mg/5ml Susp 3Ltr',0,'admin','2022-11-23 19:43:15','admin','2022-11-23 19:43:15',1),(17239,1,'MED','133','Cotrimoxazole 400/80mg Tab',0,'admin','2022-11-23 19:43:15','admin','2022-11-23 19:43:15',1),(17240,1,'MED','276','Cotton Wool 200G',0,'admin','2022-11-23 19:43:15','admin','2022-11-23 19:43:15',1),(17241,1,'MED','275','cotton Wool 500G',0,'admin','2022-11-23 19:43:15','admin','2022-11-23 19:43:15',1),(17242,1,'MED','410','Creatinine 200ml (Calorimetric)',10,'admin','2022-11-23 19:43:15','admin','2022-11-23 19:43:15',1),(17243,1,'MED','29','Crystal Violet',0,'admin','2022-11-23 19:43:15','admin','2022-11-23 19:43:15',1),(17244,1,'MED','52','Cyclophosphamide 200mg Vial',0,'admin','2022-11-23 19:43:15','admin','2022-11-23 19:43:15',1),(17245,1,'MED','53','Cyclophosphamide 500mg Vial',0,'admin','2022-11-23 19:43:15','admin','2022-11-23 19:43:15',1),(17246,1,'MED','134','Darrows Half Strength 500ml',0,'admin','2022-11-23 19:43:15','admin','2022-11-23 19:43:15',1),(17247,1,'MED','140','DEXAMethasone 0.5mg Tab',0,'admin','2022-11-23 19:43:15','admin','2022-11-23 19:43:15',1),(17248,1,'MED','136','DEXAMethasone 4mg/ml 1ml Amp',0,'admin','2022-11-23 19:43:15','admin','2022-11-23 19:43:15',1),(17249,1,'MED','135','DEXAMethasone 4mg/ml 2ml Amp',0,'admin','2022-11-23 19:43:15','admin','2022-11-23 19:43:15',1),(17250,1,'MED','138','Dextrose 30% IV 100ml',0,'admin','2022-11-23 19:43:15','admin','2022-11-23 19:43:15',1),(17251,1,'MED','137','Dextrose 5% IV 500ml',0,'admin','2022-11-23 19:43:15','admin','2022-11-23 19:43:15',1),(17252,1,'MED','139','Dextrose 50% IV 100ml',0,'admin','2022-11-23 19:43:15','admin','2022-11-23 19:43:15',1),(17253,1,'MED','210','Dextrose Monohydrate Apyrogen 25Kg',0,'admin','2022-11-23 19:43:15','admin','2022-11-23 19:43:15',1),(17254,1,'MED','406','Diatrizoate Meglumin Sod 76% 20ml Amp',0,'admin','2022-11-23 19:43:15','admin','2022-11-23 19:43:15',1),(17255,1,'MED','207','Diazepam 2mg/ml 2.5ml Rectal Tube',0,'admin','2022-11-23 19:43:15','admin','2022-11-23 19:43:15',1),(17256,1,'MED','54','Diazepam 5mg / ml 2ml Amp',0,'admin','2022-11-23 19:43:15','admin','2022-11-23 19:43:15',1),(17257,1,'MED','141','Diazepam 5mg Tab',0,'admin','2022-11-23 19:43:15','admin','2022-11-23 19:43:15',1),(17258,1,'MED','55','Diclofenac 25mg/ml 3ml Amp',0,'admin','2022-11-23 19:43:15','admin','2022-11-23 19:43:15',1),(17259,1,'MED','142','Diclofenac 50mg Tab',0,'admin','2022-11-23 19:43:15','admin','2022-11-23 19:43:15',1),(17260,1,'MED','143','Diethylcarbamazine 50mg Tab',0,'admin','2022-11-23 19:43:15','admin','2022-11-23 19:43:15',1),(17261,1,'MED','144','Digoxin 0.25 mg Tab',0,'admin','2022-11-23 19:43:15','admin','2022-11-23 19:43:15',1),(17262,1,'MED','56','Digoxin 0.25 mg/ml 2ml Amp',0,'admin','2022-11-23 19:43:15','admin','2022-11-23 19:43:15',1),(17263,1,'MED','145','Doxycycline 100mg Tab',0,'admin','2022-11-23 19:43:15','admin','2022-11-23 19:43:15',1),(17264,1,'MED','330','Ear syringe rubber 60ml',0,'admin','2022-11-23 19:43:15','admin','2022-11-23 19:43:15',1),(17265,1,'MED','5','EDTA Di- sodium salt 100g',0,'admin','2022-11-23 19:43:15','admin','2022-11-23 19:43:15',1),(17266,1,'MED','277','Elastic Bandage 10cm x 4.5m',0,'admin','2022-11-23 19:43:15','admin','2022-11-23 19:43:15',1),(17267,1,'MED','278','Elastic Bandage 7.5cm x 4.5m',0,'admin','2022-11-23 19:43:15','admin','2022-11-23 19:43:15',1),(17268,1,'MED','236','Eosin Yelowish',0,'admin','2022-11-23 19:43:15','admin','2022-11-23 19:43:15',1),(17269,1,'MED','146','Ephedrine 30mg Tab',0,'admin','2022-11-23 19:43:15','admin','2022-11-23 19:43:15',1),(17270,1,'MED','147','Erythromycin 250mg Tab',0,'admin','2022-11-23 19:43:15','admin','2022-11-23 19:43:15',1),(17271,1,'MED','6','Ethanol Absolute 1ltr',0,'admin','2022-11-23 19:43:15','admin','2022-11-23 19:43:15',1),(17272,1,'MED','272','Eye Pad Sterile',0,'admin','2022-11-23 19:43:15','admin','2022-11-23 19:43:15',1),(17273,1,'MED','149','Fansider 500/25mg Tab',0,'admin','2022-11-23 19:43:15','admin','2022-11-23 19:43:15',1),(17274,1,'MED','148','Fansider 500/25mg Tab (50dosesx3)',0,'admin','2022-11-23 19:43:15','admin','2022-11-23 19:43:15',1),(17275,1,'MED','150','Ferrous Sulphate 200mg Tab',18,'admin','2022-11-23 19:43:15','admin','2022-11-23 19:43:15',1),(17276,1,'MED','233','Field stain A and B',0,'admin','2022-11-23 19:43:15','admin','2022-11-23 19:43:15',1),(17277,1,'MED','331','First Aid kit',0,'admin','2022-11-23 19:43:15','admin','2022-11-23 19:43:15',1),(17278,1,'MED','152','Fluconazole 100mg 24 Caps',0,'admin','2022-11-23 19:43:15','admin','2022-11-23 19:43:15',1),(17279,1,'MED','151','Fluconazole 100mg Tab',0,'admin','2022-11-23 19:43:15','admin','2022-11-23 19:43:15',1),(17280,1,'MED','156','Folic Acid 15mg Tab',0,'admin','2022-11-23 19:43:15','admin','2022-11-23 19:43:15',1),(17281,1,'MED','153','Folic Acid 1mg Tab',0,'admin','2022-11-23 19:43:15','admin','2022-11-23 19:43:15',1),(17282,1,'MED','154','Folic Acid 5mg Tab',0,'admin','2022-11-23 19:43:15','admin','2022-11-23 19:43:15',1),(17283,1,'MED','155','Folic Acid/Ferrous Sulp 0.5/200mg Tab',0,'admin','2022-11-23 19:43:15','admin','2022-11-23 19:43:15',1),(17284,1,'MED','7','Formaldelyde solution 35-38% 1ltr',0,'admin','2022-11-23 19:43:15','admin','2022-11-23 19:43:15',1),(17285,1,'MED','57','Frusemide 10mg/ml 2ml Amp',0,'admin','2022-11-23 19:43:15','admin','2022-11-23 19:43:15',1),(17286,1,'MED','157','Frusemide 40mg Tab',0,'admin','2022-11-23 19:43:15','admin','2022-11-23 19:43:15',1),(17287,1,'MED','333','Gallipot stainless steel 200ml/10cm',0,'admin','2022-11-23 19:43:15','admin','2022-11-23 19:43:15',1),(17288,1,'MED','332','Gallipot stainless steel 300ml/15cm',0,'admin','2022-11-23 19:43:15','admin','2022-11-23 19:43:15',1),(17289,1,'MED','280','Gauze Bandage 10cm x 4m',0,'admin','2022-11-23 19:43:15','admin','2022-11-23 19:43:15',1),(17290,1,'MED','279','Gauze Bandage 7.5cm x 3.65-4m',0,'admin','2022-11-23 19:43:15','admin','2022-11-23 19:43:15',1),(17291,1,'MED','283','Gauze Hydrophylic 90cm x 91cm',0,'admin','2022-11-23 19:43:15','admin','2022-11-23 19:43:15',1),(17292,1,'MED','282','Gauze Pads  Sterile 10cm x 10cm',0,'admin','2022-11-23 19:43:15','admin','2022-11-23 19:43:15',1),(17293,1,'MED','281','Gauze Pads Non Sterile 10cm x 10cm',0,'admin','2022-11-23 19:43:15','admin','2022-11-23 19:43:15',1),(17294,1,'MED','234','Genitian Violet',0,'admin','2022-11-23 19:43:15','admin','2022-11-23 19:43:15',1),(17295,1,'MED','198','Gentamicin 0.3% eye/ear drops 10ml',0,'admin','2022-11-23 19:43:15','admin','2022-11-23 19:43:15',1),(17296,1,'MED','58','Gentamicin 40mg/ml 2ml',0,'admin','2022-11-23 19:43:15','admin','2022-11-23 19:43:15',1),(17297,1,'MED','185','Getian Violet 25g Tin',0,'admin','2022-11-23 19:43:15','admin','2022-11-23 19:43:15',1),(17298,1,'MED','237','Giemsa Stain',0,'admin','2022-11-23 19:43:15','admin','2022-11-23 19:43:15',1),(17299,1,'MED','158','Glibeclamide 5mg Tab',0,'admin','2022-11-23 19:43:15','admin','2022-11-23 19:43:15',1),(17300,1,'MED','308','Gloves Domestic',0,'admin','2022-11-23 19:43:15','admin','2022-11-23 19:43:15',1),(17301,1,'MED','310','Gloves Gynaecological 7.5-8',0,'admin','2022-11-23 19:43:15','admin','2022-11-23 19:43:15',1),(17302,1,'MED','309','Gloves High risk non sterile Medium',0,'admin','2022-11-23 19:43:15','admin','2022-11-23 19:43:15',1),(17303,1,'MED','312','Gloves Non Sterile Large Disposable',0,'admin','2022-11-23 19:43:15','admin','2022-11-23 19:43:15',1),(17304,1,'MED','311','Gloves Non Sterile Medium Disposable',0,'admin','2022-11-23 19:43:15','admin','2022-11-23 19:43:15',1),(17305,1,'MED','313','Gloves Surgical Sterile 6',2,'admin','2022-11-23 19:43:15','admin','2022-11-23 19:43:15',1),(17306,1,'MED','314','Gloves Surgical Sterile 6.5',2,'admin','2022-11-23 19:43:15','admin','2022-11-23 19:43:15',1),(17307,1,'MED','315','Gloves Surgical Sterile 7',2,'admin','2022-11-23 19:43:15','admin','2022-11-23 19:43:15',1),(17308,1,'MED','316','Gloves Surgical Sterile 7.5',2,'admin','2022-11-23 19:43:15','admin','2022-11-23 19:43:15',1),(17309,1,'MED','317','Gloves Surgical Sterile 8',2,'admin','2022-11-23 19:43:15','admin','2022-11-23 19:43:15',1),(17310,1,'MED','318','Gloves Surgical Sterile 8.5',2,'admin','2022-11-23 19:43:15','admin','2022-11-23 19:43:15',1),(17311,1,'MED','411','Glucose GOD PAD  6 x 100ml (Colorimetric)',8,'admin','2022-11-23 19:43:15','admin','2022-11-23 19:43:15',1),(17312,1,'MED','1','Glucose Test Strip ( Sure Step)',6,'admin','2022-11-23 19:43:15','admin','2022-11-23 19:43:15',1),(17313,1,'MED','412','Glucose Test Strips (Hyloguard)',7,'admin','2022-11-23 19:43:15','admin','2022-11-23 19:43:15',1),(17314,1,'MED','32','GOT ( AST) 200ml (Calorimetric) AS 147',0,'admin','2022-11-23 19:43:15','admin','2022-11-23 19:43:15',1),(17315,1,'MED','31','GOT ( AST) 200ml has no NAOH) AS 101',0,'admin','2022-11-23 19:43:15','admin','2022-11-23 19:43:15',1),(17316,1,'MED','30','GPT (ALT) 200ml ( Does not have NAOH)',0,'admin','2022-11-23 19:43:15','admin','2022-11-23 19:43:15',1),(17317,1,'MED','159','Griseofulvin 500mg Tab',0,'admin','2022-11-23 19:43:15','admin','2022-11-23 19:43:15',1),(17318,1,'MED','161','Haloperdol 5mg',0,'admin','2022-11-23 19:43:15','admin','2022-11-23 19:43:15',1),(17319,1,'MED','160','Haloperidol 5mg Tab',0,'admin','2022-11-23 19:43:15','admin','2022-11-23 19:43:15',1),(17320,1,'MED','59','Haloperidol 5mg/ml 1ml Amp',0,'admin','2022-11-23 19:43:15','admin','2022-11-23 19:43:15',1),(17321,1,'MED','60','Haloperidol Decanoate 50mg/ml 1ml Amp',0,'admin','2022-11-23 19:43:15','admin','2022-11-23 19:43:15',1),(17322,1,'MED','374','Handle for surgical blade No 3',0,'admin','2022-11-23 19:43:15','admin','2022-11-23 19:43:15',1),(17323,1,'MED','375','Handle for surgical blade No 4',0,'admin','2022-11-23 19:43:15','admin','2022-11-23 19:43:15',1),(17324,1,'MED','33','HIV 1/2 Capillus Kit 100Tests',0,'admin','2022-11-23 19:43:15','admin','2022-11-23 19:43:15',1),(17325,1,'MED','34','HIV Buffer for determine Kit',0,'admin','2022-11-23 19:43:15','admin','2022-11-23 19:43:15',1),(17326,1,'MED','35','HIV Determine 1/11 (Abbott) 100Tests',0,'admin','2022-11-23 19:43:15','admin','2022-11-23 19:43:15',1),(17327,1,'MED','36','HIV UNIGOLD 1/11 Test Kits 20 Tests',0,'admin','2022-11-23 19:43:15','admin','2022-11-23 19:43:15',1),(17328,1,'MED','334','Hot water Bottle 2Ltr',0,'admin','2022-11-23 19:43:15','admin','2022-11-23 19:43:15',1),(17329,1,'MED','61','Hydralazine 20mg Vial',10,'admin','2022-11-23 19:43:15','admin','2022-11-23 19:43:15',1),(17330,1,'MED','162','Hydralazine 25mg Tab',12,'admin','2022-11-23 19:43:15','admin','2022-11-23 19:43:15',1),(17331,1,'MED','8','Hydrochloric Acid 30-33% 1ltr',0,'admin','2022-11-23 19:43:15','admin','2022-11-23 19:43:15',1),(17332,1,'MED','217','Hydrocortisone 1% Cream 15g',5,'admin','2022-11-23 19:43:15','admin','2022-11-23 19:43:15',1),(17333,1,'MED','216','Hydrocortisone 1% Cream 200g',20,'admin','2022-11-23 19:43:15','admin','2022-11-23 19:43:15',1),(17334,1,'MED','199','Hydrocortisone 1% eye drops 5ml',6,'admin','2022-11-23 19:43:15','admin','2022-11-23 19:43:15',1),(17335,1,'MED','219','Hydrocortisone 1% Ointment 15g',8,'admin','2022-11-23 19:43:15','admin','2022-11-23 19:43:15',1),(17336,1,'MED','218','Hydrocortisone 1% Ointment 200g',0,'admin','2022-11-23 19:43:15','admin','2022-11-23 19:43:15',1),(17337,1,'MED','62','Hydrocortisone 100mg Vial',0,'admin','2022-11-23 19:43:15','admin','2022-11-23 19:43:15',1),(17338,1,'MED','186','Hydrogen Peroxide 6% 250ml',0,'admin','2022-11-23 19:43:15','admin','2022-11-23 19:43:15',1),(17339,1,'MED','163','Hyoscine 10mg Tab',13,'admin','2022-11-23 19:43:15','admin','2022-11-23 19:43:15',1),(17340,1,'MED','63','Hyoscine Butyl Bromide 20mg/ml/ Amp',0,'admin','2022-11-23 19:43:15','admin','2022-11-23 19:43:15',1),(17341,1,'MED','164','Ibuprofen 200mg Tab',0,'admin','2022-11-23 19:43:15','admin','2022-11-23 19:43:15',1),(17342,1,'MED','165','Impramine 25mg Tab',0,'admin','2022-11-23 19:43:15','admin','2022-11-23 19:43:15',1),(17343,1,'MED','166','Indomethacin 25mg Tab',0,'admin','2022-11-23 19:43:15','admin','2022-11-23 19:43:15',1),(17344,1,'MED','366','Insectcide Spray 400g',0,'admin','2022-11-23 19:43:15','admin','2022-11-23 19:43:15',1),(17345,1,'MED','335','Instrument Box With Lid 20x10x5cm',0,'admin','2022-11-23 19:43:15','admin','2022-11-23 19:43:15',1),(17346,1,'MED','336','Instrument Tray 30 x 20 x 2cm',0,'admin','2022-11-23 19:43:15','admin','2022-11-23 19:43:15',1),(17347,1,'MED','65','Insulin Isophane 100IU/ml 10ml Vial',8,'admin','2022-11-23 19:43:15','admin','2022-11-23 19:43:15',1),(17348,1,'MED','68','Insulin Isophane 40IU/ml 10ml',18,'admin','2022-11-23 19:43:15','admin','2022-11-23 19:43:15',1),(17349,1,'MED','66','Insulin Mixtard 30/70 100IU/ml 10ml Vial',26,'admin','2022-11-23 19:43:15','admin','2022-11-23 19:43:15',1),(17350,1,'MED','67','Insulin Mixtard 30/70 100IU/ml 5x3ml catridges',30,'admin','2022-11-23 19:43:15','admin','2022-11-23 19:43:15',1),(17351,1,'MED','64','Insulin Soluble 100IU/ml 10ml Vial',8,'admin','2022-11-23 19:43:15','admin','2022-11-23 19:43:15',1),(17352,1,'MED','241','Insulin Syringe 100IU with Needle G26/29',0,'admin','2022-11-23 19:43:15','admin','2022-11-23 19:43:15',1),(17353,1,'MED','9','Iodin Crystal 100g',0,'admin','2022-11-23 19:43:15','admin','2022-11-23 19:43:15',1),(17354,1,'MED','187','Iodine Solution 2% 500ml',0,'admin','2022-11-23 19:43:15','admin','2022-11-23 19:43:15',1),(17355,1,'MED','69','Iron Dextran 10mg/ml 2ml Vial',0,'admin','2022-11-23 19:43:15','admin','2022-11-23 19:43:15',1),(17356,1,'MED','337','Irrigation can with acsessories',0,'admin','2022-11-23 19:43:15','admin','2022-11-23 19:43:15',1),(17357,1,'MED','167','Isoniazid 300mg Tab',0,'admin','2022-11-23 19:43:15','admin','2022-11-23 19:43:15',1),(17358,1,'MED','242','IV Canula G16 with Port',0,'admin','2022-11-23 19:43:15','admin','2022-11-23 19:43:15',1),(17359,1,'MED','243','IV Canula G18 with Port',0,'admin','2022-11-23 19:43:15','admin','2022-11-23 19:43:15',1),(17360,1,'MED','244','IV Canula G20 with Port',0,'admin','2022-11-23 19:43:15','admin','2022-11-23 19:43:15',1),(17361,1,'MED','245','IV Canula G22 with Port',0,'admin','2022-11-23 19:43:15','admin','2022-11-23 19:43:15',1),(17362,1,'MED','247','IV Canula G24 with Port',0,'admin','2022-11-23 19:43:15','admin','2022-11-23 19:43:15',1),(17363,1,'MED','246','IV Canula G24 without Port',0,'admin','2022-11-23 19:43:15','admin','2022-11-23 19:43:15',1),(17364,1,'MED','248','IV Giving set Disposable',0,'admin','2022-11-23 19:43:15','admin','2022-11-23 19:43:15',1),(17365,1,'MED','71','Ketamine 10mg/ml 10ml Vial',20,'admin','2022-11-23 19:43:15','admin','2022-11-23 19:43:15',1),(17366,1,'MED','70','Ketamine 10mg/ml 20ml Vial',35,'admin','2022-11-23 19:43:15','admin','2022-11-23 19:43:15',1),(17367,1,'MED','168','Ketocanazole 200mg Tab',0,'admin','2022-11-23 19:43:15','admin','2022-11-23 19:43:15',1),(17368,1,'MED','340','Kidney Dish Polypropylene 24cm',0,'admin','2022-11-23 19:43:15','admin','2022-11-23 19:43:15',1),(17369,1,'MED','339','Kidney Dish stainless Steel 20cm',0,'admin','2022-11-23 19:43:15','admin','2022-11-23 19:43:15',1),(17370,1,'MED','338','Kidney Dish stainless Steel 24cm',0,'admin','2022-11-23 19:43:15','admin','2022-11-23 19:43:15',1),(17371,1,'MED','391','Lead Apron 100cmx60cm',0,'admin','2022-11-23 19:43:15','admin','2022-11-23 19:43:15',1),(17372,1,'MED','72','Lignocaine 2% 20ml Vial',0,'admin','2022-11-23 19:43:15','admin','2022-11-23 19:43:15',1),(17373,1,'MED','73','Lignocaine 2% Adrenaline Dent.cartridges',0,'admin','2022-11-23 19:43:15','admin','2022-11-23 19:43:15',1),(17374,1,'MED','74','Lignocaine spinal 50mg/ml 2ml Amp',0,'admin','2022-11-23 19:43:15','admin','2022-11-23 19:43:15',1),(17375,1,'MED','191','Liquid detergent 20Ltr',0,'admin','2022-11-23 19:43:15','admin','2022-11-23 19:43:15',1),(17376,1,'MED','189','liquid detergent 5Ltr Perfumed',0,'admin','2022-11-23 19:43:15','admin','2022-11-23 19:43:15',1),(17377,1,'MED','220','lubricating Jelly 42g',0,'admin','2022-11-23 19:43:15','admin','2022-11-23 19:43:15',1),(17378,1,'MED','341','Mackintosh Plastic (Apron) per 1m',0,'admin','2022-11-23 19:43:15','admin','2022-11-23 19:43:15',1),(17379,1,'MED','342','Mackintosh Rubber Brown (sheeting) per 1m',0,'admin','2022-11-23 19:43:15','admin','2022-11-23 19:43:15',1),(17380,1,'MED','343','Measuring Cup Graduated 25ml',0,'admin','2022-11-23 19:43:15','admin','2022-11-23 19:43:15',1),(17381,1,'MED','10','Methanol 99% 1ltr',0,'admin','2022-11-23 19:43:15','admin','2022-11-23 19:43:15',1),(17382,1,'MED','75','Methylergomatrine 0.2mg/ml 1ml Amp',0,'admin','2022-11-23 19:43:15','admin','2022-11-23 19:43:15',1),(17383,1,'MED','76','Methylergomatrine 0.5mg/ml 1ml Amp',0,'admin','2022-11-23 19:43:15','admin','2022-11-23 19:43:15',1),(17384,1,'MED','77','Metoclopramide 5mg/ml 100ml Amp',0,'admin','2022-11-23 19:43:15','admin','2022-11-23 19:43:15',1),(17385,1,'MED','78','Metronidazole 5mg/ml 2ml IV',0,'admin','2022-11-23 19:43:15','admin','2022-11-23 19:43:15',1),(17386,1,'MED','79','Morphine 15mg/ml 1ml Amp',0,'admin','2022-11-23 19:43:15','admin','2022-11-23 19:43:15',1),(17387,1,'MED','368','Mosquito Net Impregnated Large',0,'admin','2022-11-23 19:43:15','admin','2022-11-23 19:43:15',1),(17388,1,'MED','367','Mosquito Net Impregnated Medium',0,'admin','2022-11-23 19:43:15','admin','2022-11-23 19:43:15',1),(17389,1,'MED','372','Mosquito Net Impregnation Liquid 500ml',0,'admin','2022-11-23 19:43:15','admin','2022-11-23 19:43:15',1),(17390,1,'MED','371','Mosquito Net Impregnation Tablet',0,'admin','2022-11-23 19:43:15','admin','2022-11-23 19:43:15',1),(17391,1,'MED','370','Mosquito Net Non Impregnated Large',0,'admin','2022-11-23 19:43:15','admin','2022-11-23 19:43:15',1),(17392,1,'MED','369','Mosquito Net Non Impregnated Medium',0,'admin','2022-11-23 19:43:15','admin','2022-11-23 19:43:15',1),(17393,1,'MED','373','Mosquito Wal spray Powder 80g',0,'admin','2022-11-23 19:43:15','admin','2022-11-23 19:43:15',1),(17394,1,'MED','297','Nasogastric Tube G10 (Children)',0,'admin','2022-11-23 19:43:15','admin','2022-11-23 19:43:15',1),(17395,1,'MED','298','Nasogastric Tube G14 (Children)',0,'admin','2022-11-23 19:43:15','admin','2022-11-23 19:43:15',1),(17396,1,'MED','299','Nasogastric Tube G16 (Children)',0,'admin','2022-11-23 19:43:15','admin','2022-11-23 19:43:15',1),(17397,1,'MED','294','Nasogastric Tube G5 (Children)',0,'admin','2022-11-23 19:43:15','admin','2022-11-23 19:43:15',1),(17398,1,'MED','296','Nasogastric Tube G6 (Children)',0,'admin','2022-11-23 19:43:15','admin','2022-11-23 19:43:15',1),(17399,1,'MED','295','Nasogastric Tube G8 (Children)',0,'admin','2022-11-23 19:43:15','admin','2022-11-23 19:43:15',1),(17400,1,'MED','346','Neck Support Large',0,'admin','2022-11-23 19:43:15','admin','2022-11-23 19:43:15',1),(17401,1,'MED','345','Neck Support Medium',0,'admin','2022-11-23 19:43:15','admin','2022-11-23 19:43:15',1),(17402,1,'MED','249','Needle container disposable of contaminated',0,'admin','2022-11-23 19:43:15','admin','2022-11-23 19:43:15',1),(17403,1,'MED','381','Needle suture No 5 cutting',0,'admin','2022-11-23 19:43:15','admin','2022-11-23 19:43:15',1),(17404,1,'MED','380','Needle suture No 5 round',0,'admin','2022-11-23 19:43:15','admin','2022-11-23 19:43:15',1),(17405,1,'MED','382','Needle suture No 6 Round',0,'admin','2022-11-23 19:43:15','admin','2022-11-23 19:43:15',1),(17406,1,'MED','250','Needles Luer G20 Disposable',0,'admin','2022-11-23 19:43:15','admin','2022-11-23 19:43:15',1),(17407,1,'MED','251','Needles Luer G21 Disposable',0,'admin','2022-11-23 19:43:15','admin','2022-11-23 19:43:15',1),(17408,1,'MED','252','Needles Luer G22 Disposable',0,'admin','2022-11-23 19:43:15','admin','2022-11-23 19:43:15',1),(17409,1,'MED','253','Needles Luer G23 Disposable',0,'admin','2022-11-23 19:43:15','admin','2022-11-23 19:43:15',1),(17410,1,'MED','254','Needles Spinal G20x75-120mm',0,'admin','2022-11-23 19:43:15','admin','2022-11-23 19:43:15',1),(17411,1,'MED','257','Needles Spinal G22x40mm',0,'admin','2022-11-23 19:43:15','admin','2022-11-23 19:43:15',1),(17412,1,'MED','255','Needles Spinal G22x75-120mm',0,'admin','2022-11-23 19:43:15','admin','2022-11-23 19:43:15',1),(17413,1,'MED','256','Needles Spinal G25x75-120mm',0,'admin','2022-11-23 19:43:15','admin','2022-11-23 19:43:15',1),(17414,1,'MED','344','Nesk Support Small',20,'admin','2022-11-23 19:43:15','admin','2022-11-23 19:43:15',1),(17415,1,'MED','235','Neutral Red',0,'admin','2022-11-23 19:43:15','admin','2022-11-23 19:43:15',1),(17416,1,'MED','26','Non 111 Chloride (Ferric chloride)',0,'admin','2022-11-23 19:43:15','admin','2022-11-23 19:43:15',1),(17417,1,'MED','221','Nystatin 100,000 IU/g Ointment 30g',0,'admin','2022-11-23 19:43:15','admin','2022-11-23 19:43:15',1),(17418,1,'MED','209','Nystatin 100.000 IU Pessaries',0,'admin','2022-11-23 19:43:15','admin','2022-11-23 19:43:15',1),(17419,1,'MED','231','Nystatin 500.000IU/ Susp/ Drops',0,'admin','2022-11-23 19:43:15','admin','2022-11-23 19:43:15',1),(17420,1,'MED','178','Oral Rehydration Salt (ORS)',0,'admin','2022-11-23 19:43:15','admin','2022-11-23 19:43:15',1),(17421,1,'MED','80','Oxytocin 10 IU/ml 1ml Amp',0,'admin','2022-11-23 19:43:15','admin','2022-11-23 19:43:15',1),(17422,1,'MED','180','Paracetamol 120mg/5ml 100ml',10,'admin','2022-11-23 19:43:15','admin','2022-11-23 19:43:15',1),(17423,1,'MED','179','Paracetamol 120mg/5ml Syrup',10,'admin','2022-11-23 19:43:15','admin','2022-11-23 19:43:15',1),(17424,1,'MED','415','Paracetamol 500 MG',22,'admin','2022-11-23 19:43:15','admin','2022-11-23 19:43:15',1),(17425,1,'MED','81','Pethidine 100mg/ml 2ml Amp',32,'admin','2022-11-23 19:43:15','admin','2022-11-23 19:43:15',1),(17426,1,'MED','82','Pethidine 50mg/ml 1ml Amp',20,'admin','2022-11-23 19:43:15','admin','2022-11-23 19:43:15',1),(17427,1,'MED','83','Phenobarbital 100mg/ml 2ml Amp',0,'admin','2022-11-23 19:43:15','admin','2022-11-23 19:43:15',1),(17428,1,'MED','11','Phenol crystals 1kg',0,'admin','2022-11-23 19:43:15','admin','2022-11-23 19:43:15',1),(17429,1,'MED','84','Phytomenadione 10mg/ml 1ml Amp',0,'admin','2022-11-23 19:43:15','admin','2022-11-23 19:43:15',1),(17430,1,'MED','85','Phytomenadione 1mg/ml 1ml Amp',0,'admin','2022-11-23 19:43:15','admin','2022-11-23 19:43:15',1),(17431,1,'MED','284','Plaster of Paris 10cm',0,'admin','2022-11-23 19:43:15','admin','2022-11-23 19:43:15',1),(17432,1,'MED','285','Plaster of Paris 15cm',0,'admin','2022-11-23 19:43:15','admin','2022-11-23 19:43:15',1),(17433,1,'MED','12','Potassium iodide 100g',0,'admin','2022-11-23 19:43:15','admin','2022-11-23 19:43:15',1),(17434,1,'MED','21','Potassium Oxalate',22,'admin','2022-11-23 19:43:15','admin','2022-11-23 19:43:15',1),(17435,1,'MED','37','Pregnacy ( HGG Latex) 50 tests',0,'admin','2022-11-23 19:43:15','admin','2022-11-23 19:43:15',1),(17436,1,'MED','86','Procaine Penicillin Fortified 4 MIU Vial',0,'admin','2022-11-23 19:43:15','admin','2022-11-23 19:43:15',1),(17437,1,'MED','87','Promethazine 25mg/ml 2ml Amp',0,'admin','2022-11-23 19:43:15','admin','2022-11-23 19:43:15',1),(17438,1,'MED','169','Pyridoxine 50mg Tab',0,'admin','2022-11-23 19:43:15','admin','2022-11-23 19:43:15',1),(17439,1,'MED','181','Quinine 100mg/5ml Syrup 100ml',0,'admin','2022-11-23 19:43:15','admin','2022-11-23 19:43:15',1),(17440,1,'MED','170','Quinine 300mg Tab',0,'admin','2022-11-23 19:43:15','admin','2022-11-23 19:43:15',1),(17441,1,'MED','88','Quinine Di-HCI 300mg/ml 2ml Amp',0,'admin','2022-11-23 19:43:15','admin','2022-11-23 19:43:15',1),(17442,1,'MED','171','Ranitidine 150mg Tab',27,'admin','2022-11-23 19:43:15','admin','2022-11-23 19:43:15',1),(17443,1,'MED','89','Ranitidine 25mg/ml 2ml Amp',0,'admin','2022-11-23 19:43:15','admin','2022-11-23 19:43:15',1),(17444,1,'MED','351','Razor Blades Disposable 5pc',0,'admin','2022-11-23 19:43:15','admin','2022-11-23 19:43:15',1),(17445,1,'MED','300','Rectal Tube CH24',0,'admin','2022-11-23 19:43:15','admin','2022-11-23 19:43:15',1),(17446,1,'MED','301','Rectal Tube CH26',0,'admin','2022-11-23 19:43:15','admin','2022-11-23 19:43:15',1),(17447,1,'MED','172','Rifampicin/Isoniazid 150/100 Tab',0,'admin','2022-11-23 19:43:15','admin','2022-11-23 19:43:15',1),(17448,1,'MED','39','RPR ( VDRL Carbon ) Antigen 5ml',0,'admin','2022-11-23 19:43:15','admin','2022-11-23 19:43:15',1),(17449,1,'MED','38','RPR 125mm x 75mm',0,'admin','2022-11-23 19:43:15','admin','2022-11-23 19:43:15',1),(17450,1,'MED','173','Salbutamol 4mg Tab',0,'admin','2022-11-23 19:43:15','admin','2022-11-23 19:43:15',1),(17451,1,'MED','204','Salbutamol Inhaler 10ml',0,'admin','2022-11-23 19:43:15','admin','2022-11-23 19:43:15',1),(17452,1,'MED','203','Salbutamol solution for inhalation 5ml',0,'admin','2022-11-23 19:43:15','admin','2022-11-23 19:43:15',1),(17453,1,'MED','258','Scalp Vein G19 Infusion set',0,'admin','2022-11-23 19:43:15','admin','2022-11-23 19:43:15',1),(17454,1,'MED','259','Scalp Vein G21 Infusion set',0,'admin','2022-11-23 19:43:15','admin','2022-11-23 19:43:15',1),(17455,1,'MED','260','Scalp Vein G23 Infusion set',0,'admin','2022-11-23 19:43:15','admin','2022-11-23 19:43:15',1),(17456,1,'MED','261','Scalp Vein G25 Infusion set',0,'admin','2022-11-23 19:43:15','admin','2022-11-23 19:43:15',1),(17457,1,'MED','190','Soap Blue Bar 550g',0,'admin','2022-11-23 19:43:15','admin','2022-11-23 19:43:15',1),(17458,1,'MED','192','Soap Powder Hand wash 5kg',0,'admin','2022-11-23 19:43:15','admin','2022-11-23 19:43:15',1),(17459,1,'MED','27','Sodium Carbonate Anhydrous',0,'admin','2022-11-23 19:43:15','admin','2022-11-23 19:43:15',1),(17460,1,'MED','13','Sodium Carbonate Anhydrous 500g',0,'admin','2022-11-23 19:43:15','admin','2022-11-23 19:43:15',1),(17461,1,'MED','96','Sodium Chloride 0.9% IV 500ml',0,'admin','2022-11-23 19:43:15','admin','2022-11-23 19:43:15',1),(17462,1,'MED','232','Sodium Chloride Apyrogen 50kg',0,'admin','2022-11-23 19:43:15','admin','2022-11-23 19:43:15',1),(17463,1,'MED','14','Sodium Citrate 100g',0,'admin','2022-11-23 19:43:15','admin','2022-11-23 19:43:15',1),(17464,1,'MED','20','Sodium Flouride',0,'admin','2022-11-23 19:43:15','admin','2022-11-23 19:43:15',1),(17465,1,'MED','188','Sodium Hypochloride solution 0.75 Ltr',0,'admin','2022-11-23 19:43:15','admin','2022-11-23 19:43:15',1),(17466,1,'MED','193','Sodium Hypochlorite solution 5Ltr',0,'admin','2022-11-23 19:43:15','admin','2022-11-23 19:43:15',1),(17467,1,'MED','97','Sodium Lactate Compound IV 500ml',0,'admin','2022-11-23 19:43:15','admin','2022-11-23 19:43:15',1),(17468,1,'MED','16','Sodium Nitrate 25g',0,'admin','2022-11-23 19:43:15','admin','2022-11-23 19:43:15',1),(17469,1,'MED','15','Sodium Sulphate 500g',0,'admin','2022-11-23 19:43:15','admin','2022-11-23 19:43:15',1),(17470,1,'MED','174','Spironolactone 25mg Tab',0,'admin','2022-11-23 19:43:15','admin','2022-11-23 19:43:15',1),(17471,1,'MED','347','Spoon Medicine 5ml',0,'admin','2022-11-23 19:43:15','admin','2022-11-23 19:43:15',1),(17472,1,'MED','352','Stethoscope Foetal Metal',0,'admin','2022-11-23 19:43:15','admin','2022-11-23 19:43:15',1),(17473,1,'MED','353','Stethoscope Foetal Wood',0,'admin','2022-11-23 19:43:15','admin','2022-11-23 19:43:15',1),(17474,1,'MED','90','Streptomycin 1g Vial',0,'admin','2022-11-23 19:43:15','admin','2022-11-23 19:43:15',1),(17475,1,'MED','307','Suction Cathether Size 10 Disposable',0,'admin','2022-11-23 19:43:15','admin','2022-11-23 19:43:15',1),(17476,1,'MED','305','Suction Cathether Size 12 Disposable',0,'admin','2022-11-23 19:43:15','admin','2022-11-23 19:43:15',1),(17477,1,'MED','306','Suction Cathether Size 14 Disposable',0,'admin','2022-11-23 19:43:15','admin','2022-11-23 19:43:15',1),(17478,1,'MED','304','Suction Cathether Size 16 Disposable',0,'admin','2022-11-23 19:43:15','admin','2022-11-23 19:43:15',1),(17479,1,'MED','302','Suction Cathether Size 6 Disposable',0,'admin','2022-11-23 19:43:15','admin','2022-11-23 19:43:15',1),(17480,1,'MED','303','Suction Cathether Size 8 Disposable',0,'admin','2022-11-23 19:43:15','admin','2022-11-23 19:43:15',1),(17481,1,'MED','17','Sulphosalicylic Acid 500g',0,'admin','2022-11-23 19:43:15','admin','2022-11-23 19:43:15',1),(17482,1,'MED','18','Sulphuric Acid Conc 1ltr',0,'admin','2022-11-23 19:43:15','admin','2022-11-23 19:43:15',1),(17483,1,'MED','376','Surgical Blades No 20',0,'admin','2022-11-23 19:43:15','admin','2022-11-23 19:43:15',1),(17484,1,'MED','377','Surgical Blades No 21',0,'admin','2022-11-23 19:43:15','admin','2022-11-23 19:43:15',1),(17485,1,'MED','378','Surgical Blades No 22',0,'admin','2022-11-23 19:43:15','admin','2022-11-23 19:43:15',1),(17486,1,'MED','379','Surgical Blades No 23',0,'admin','2022-11-23 19:43:15','admin','2022-11-23 19:43:15',1),(17487,1,'MED','354','Surgical Brush (Scrubbing)',0,'admin','2022-11-23 19:43:15','admin','2022-11-23 19:43:15',1),(17488,1,'MED','355','Surgical Mop 12 x 15',0,'admin','2022-11-23 19:43:15','admin','2022-11-23 19:43:15',1),(17489,1,'MED','383','Suture Cutgut Chromic (0)',0,'admin','2022-11-23 19:43:15','admin','2022-11-23 19:43:15',1),(17490,1,'MED','384','Suture Cutgut Chromic (2) RN22240TH',15,'admin','2022-11-23 19:43:15','admin','2022-11-23 19:43:15',1),(17491,1,'MED','385','Suture Cutgut Chromic (2/0) RN22230TH',0,'admin','2022-11-23 19:43:15','admin','2022-11-23 19:43:15',1),(17492,1,'MED','386','Suture Cutgut Chromic (3/0) RN2325TF',0,'admin','2022-11-23 19:43:15','admin','2022-11-23 19:43:15',1),(17493,1,'MED','387','Suture Cutgut Plain (2/0) RN1230TF',0,'admin','2022-11-23 19:43:15','admin','2022-11-23 19:43:15',1),(17494,1,'MED','390','Suture PGA (3/0) RN3330TF',0,'admin','2022-11-23 19:43:15','admin','2022-11-23 19:43:15',1),(17495,1,'MED','388','Suture Silk (1) S595',6,'admin','2022-11-23 19:43:15','admin','2022-11-23 19:43:15',1),(17496,1,'MED','389','Suture Silk (2/0) RN5230TF',6,'admin','2022-11-23 19:43:15','admin','2022-11-23 19:43:15',1),(17497,1,'MED','91','Suxamethonium 500mg Vial',40,'admin','2022-11-23 19:43:15','admin','2022-11-23 19:43:15',1),(17498,1,'MED','92','Suxamethonium 500mg/ml 2ml Amp',45,'admin','2022-11-23 19:43:15','admin','2022-11-23 19:43:15',1),(17499,1,'MED','262','Syringe Feeding/Irrigation 50/60ml',0,'admin','2022-11-23 19:43:15','admin','2022-11-23 19:43:15',1),(17500,1,'MED','264','Syringe Luer 10ml With Needle Disposable',0,'admin','2022-11-23 19:43:15','admin','2022-11-23 19:43:15',1),(17501,1,'MED','265','Syringe Luer 20ml With Needle Disposable',0,'admin','2022-11-23 19:43:15','admin','2022-11-23 19:43:15',1),(17502,1,'MED','263','Syringe Luer 2ml With Needle Disposable',0,'admin','2022-11-23 19:43:15','admin','2022-11-23 19:43:15',1),(17503,1,'MED','266','Syringe Luer 5ml With Needle Disposable',0,'admin','2022-11-23 19:43:15','admin','2022-11-23 19:43:15',1),(17504,1,'MED','356','Tablet Counting Tray',0,'admin','2022-11-23 19:43:15','admin','2022-11-23 19:43:15',1),(17505,1,'MED','93','tetanus Antitoxin 1500 IU 1ml Amp',0,'admin','2022-11-23 19:43:15','admin','2022-11-23 19:43:15',1),(17506,1,'MED','200','Tetracycline eye ointment 1% 3.5g',0,'admin','2022-11-23 19:43:15','admin','2022-11-23 19:43:15',1),(17507,1,'MED','360','Thermometer Clinical Flat Type',0,'admin','2022-11-23 19:43:15','admin','2022-11-23 19:43:15',1),(17508,1,'MED','361','Thermometer Clinical Prismatic Type',0,'admin','2022-11-23 19:43:15','admin','2022-11-23 19:43:15',1),(17509,1,'MED','94','Thiopental Sodium 500mg Vial',0,'admin','2022-11-23 19:43:15','admin','2022-11-23 19:43:15',1),(17510,1,'MED','357','Toilet Paper Rolls',0,'admin','2022-11-23 19:43:15','admin','2022-11-23 19:43:15',1),(17511,1,'MED','175','Tolbutamide 500mg tab',0,'admin','2022-11-23 19:43:15','admin','2022-11-23 19:43:15',1),(17512,1,'MED','319','Tongue depressor Disposable',0,'admin','2022-11-23 19:43:15','admin','2022-11-23 19:43:15',1),(17513,1,'MED','359','Traction Kit Adult',0,'admin','2022-11-23 19:43:15','admin','2022-11-23 19:43:15',1),(17514,1,'MED','358','Traction Kit Children',0,'admin','2022-11-23 19:43:15','admin','2022-11-23 19:43:15',1),(17515,1,'MED','25','Trichloro acetic Acid',0,'admin','2022-11-23 19:43:15','admin','2022-11-23 19:43:15',1),(17516,1,'MED','28','Trisodium Citrate',38,'admin','2022-11-23 19:43:15','admin','2022-11-23 19:43:15',1),(17517,1,'MED','223','Ultrasound Gel 5Ltr',0,'admin','2022-11-23 19:43:15','admin','2022-11-23 19:43:15',1),(17518,1,'MED','222','Ultrasound Gel 800g',0,'admin','2022-11-23 19:43:15','admin','2022-11-23 19:43:15',1),(17519,1,'MED','362','Umbilical Cord Tie non sterile 100m',0,'admin','2022-11-23 19:43:15','admin','2022-11-23 19:43:15',1),(17520,1,'MED','363','Umbilical Cord Tie sterile 22m',0,'admin','2022-11-23 19:43:15','admin','2022-11-23 19:43:15',1),(17521,1,'MED','122','UREA Calorimetric 300 Tests',0,'admin','2022-11-23 19:43:15','admin','2022-11-23 19:43:15',1),(17522,1,'MED','364','Urinal 1Ltr / 2Ltr',0,'admin','2022-11-23 19:43:15','admin','2022-11-23 19:43:15',1),(17523,1,'MED','365','Urine Collecting Bag sterile 2Ltr',0,'admin','2022-11-23 19:43:15','admin','2022-11-23 19:43:15',1),(17524,1,'MED','202','Urine Test Strips 3 Parameters 100 tests',0,'admin','2022-11-23 19:43:15','admin','2022-11-23 19:43:15',1),(17525,1,'MED','176','Vitamin A 200.000 IU Caps',0,'admin','2022-11-23 19:43:15','admin','2022-11-23 19:43:15',1),(17526,1,'MED','177','Vitamin B Complex Tab',0,'admin','2022-11-23 19:43:15','admin','2022-11-23 19:43:15',1),(17527,1,'MED','95','Water for Injection 10ml Vial',0,'admin','2022-11-23 19:43:15','admin','2022-11-23 19:43:15',1),(17528,1,'MED','224','Whitfield Oinment 200g',0,'admin','2022-11-23 19:43:15','admin','2022-11-23 19:43:15',1),(17529,1,'MED','225','Whitfield Oinment 25g',0,'admin','2022-11-23 19:43:15','admin','2022-11-23 19:43:15',1),(17530,1,'MED','392','X-Ray Developer 2.6kg for 22.5Ltr',0,'admin','2022-11-23 19:43:15','admin','2022-11-23 19:43:15',1),(17531,1,'MED','393','X-Ray Film 18x24cm',0,'admin','2022-11-23 19:43:15','admin','2022-11-23 19:43:15',1),(17532,1,'MED','394','X-Ray Film 20x40cm',0,'admin','2022-11-23 19:43:15','admin','2022-11-23 19:43:15',1),(17533,1,'MED','395','X-Ray Film 24x30cm',0,'admin','2022-11-23 19:43:15','admin','2022-11-23 19:43:15',1),(17534,1,'MED','396','X-Ray Film 30x40cm',0,'admin','2022-11-23 19:43:15','admin','2022-11-23 19:43:15',1),(17535,1,'MED','397','X-Ray Film 35x35cm',0,'admin','2022-11-23 19:43:15','admin','2022-11-23 19:43:15',1),(17536,1,'MED','398','X-Ray Film 43x35cm',0,'admin','2022-11-23 19:43:15','admin','2022-11-23 19:43:15',1),(17537,1,'MED','399','X-Ray Film Cassette  18x24cm with screen',0,'admin','2022-11-23 19:43:15','admin','2022-11-23 19:43:15',1),(17538,1,'MED','400','X-Ray Film Cassette  24x30cm with screen',0,'admin','2022-11-23 19:43:15','admin','2022-11-23 19:43:15',1),(17539,1,'MED','401','X-Ray Film Cassette  30x40cm with screen',0,'admin','2022-11-23 19:43:15','admin','2022-11-23 19:43:15',1),(17540,1,'MED','402','X-Ray Film Cassette  35x35cm with screen',0,'admin','2022-11-23 19:43:15','admin','2022-11-23 19:43:15',1),(17541,1,'MED','403','X-Ray Film Cassette  35x43cm with screen',0,'admin','2022-11-23 19:43:15','admin','2022-11-23 19:43:15',1),(17542,1,'MED','404','X-Ray Fixer 3.3kg for 22.5 Ltr',0,'admin','2022-11-23 19:43:15','admin','2022-11-23 19:43:15',1),(17543,1,'MED','19','Xylene 2.5 ltrs',30,'admin','2022-11-23 19:43:15','admin','2022-11-23 19:43:15',1),(17544,1,'OTH','1','Amount per day',0,'admin','2022-11-23 19:43:15','admin','2022-11-23 19:43:15',1);
/*!40000 ALTER TABLE `oh_prices` ENABLE KEYS */;
UNLOCK TABLES;

--
-- Table structure for table `oh_pricesothers`
--

DROP TABLE IF EXISTS `oh_pricesothers`;
/*!40101 SET @saved_cs_client     = @@character_set_client */;
/*!40101 SET character_set_client = utf8 */;
CREATE TABLE `oh_pricesothers` (
  `OTH_ID` int(11) NOT NULL AUTO_INCREMENT,
  `OTH_CODE` varchar(10) NOT NULL,
  `OTH_DESC` varchar(100) NOT NULL,
  `OTH_OPD_INCLUDE` int(11) NOT NULL DEFAULT 0,
  `OTH_IPD_INCLUDE` int(11) NOT NULL DEFAULT 0,
  `OTH_DAILY` int(11) NOT NULL DEFAULT 0,
  `OTH_DISCHARGE` int(11) DEFAULT 0,
  `OTH_UNDEFINED` int(11) DEFAULT 0,
  `OTH_CREATED_BY` varchar(50) DEFAULT NULL,
  `OTH_CREATED_DATE` datetime DEFAULT NULL,
  `OTH_LAST_MODIFIED_BY` varchar(50) DEFAULT NULL,
  `OTH_LAST_MODIFIED_DATE` datetime DEFAULT NULL,
  `OTH_ACTIVE` tinyint(1) NOT NULL DEFAULT 1,
  PRIMARY KEY (`OTH_ID`),
  KEY `FK_PRICESOTHERS_CREATED_BY_IDX` (`OTH_CREATED_BY`),
  KEY `FK_PRICESOTHERS_LAST_MODIFIED_BY_IDX` (`OTH_LAST_MODIFIED_BY`),
  CONSTRAINT `FK_PRICESOTHERS_CREATED_BY` FOREIGN KEY (`OTH_CREATED_BY`) REFERENCES `oh_user` (`US_ID_A`) ON DELETE NO ACTION ON UPDATE NO ACTION,
  CONSTRAINT `FK_PRICESOTHERS_LAST_MODIFIED_BY` FOREIGN KEY (`OTH_LAST_MODIFIED_BY`) REFERENCES `oh_user` (`US_ID_A`) ON DELETE NO ACTION ON UPDATE NO ACTION
) ENGINE=InnoDB AUTO_INCREMENT=2 DEFAULT CHARSET=utf8mb3 COLLATE=utf8mb3_general_ci;
/*!40101 SET character_set_client = @saved_cs_client */;

--
-- Dumping data for table `oh_pricesothers`
--

LOCK TABLES `oh_pricesothers` WRITE;
/*!40000 ALTER TABLE `oh_pricesothers` DISABLE KEYS */;
INSERT INTO `oh_pricesothers` (`OTH_ID`, `OTH_CODE`, `OTH_DESC`, `OTH_OPD_INCLUDE`, `OTH_IPD_INCLUDE`, `OTH_DAILY`, `OTH_DISCHARGE`, `OTH_UNDEFINED`, `OTH_CREATED_BY`, `OTH_CREATED_DATE`, `OTH_LAST_MODIFIED_BY`, `OTH_LAST_MODIFIED_DATE`, `OTH_ACTIVE`) VALUES (1,'OTH001','Amount per day',0,1,1,0,0,NULL,NULL,NULL,NULL,1);
/*!40000 ALTER TABLE `oh_pricesothers` ENABLE KEYS */;
UNLOCK TABLES;

--
-- Table structure for table `oh_session_audit`
--

DROP TABLE IF EXISTS `oh_session_audit`;
/*!40101 SET @saved_cs_client     = @@character_set_client */;
/*!40101 SET character_set_client = utf8 */;
CREATE TABLE `oh_session_audit` (
  `SEA_ID` int(11) NOT NULL AUTO_INCREMENT,
  `SEA_US_ID_A` varchar(50) NOT NULL,
  `SEA_LOGIN` datetime NOT NULL,
  `SEA_LOGOUT` datetime DEFAULT NULL,
  `SEA_CREATED_BY` varchar(50) DEFAULT NULL,
  `SEA_CREATED_DATE` datetime DEFAULT NULL,
  `SEA_LAST_MODIFIED_BY` varchar(50) DEFAULT NULL,
  `SEA_LAST_MODIFIED_DATE` datetime DEFAULT NULL,
  `SEA_ACTIVE` tinyint(1) NOT NULL DEFAULT 1,
  PRIMARY KEY (`SEA_ID`),
  KEY `FK_SESSION_AUDIT_USER_IDX` (`SEA_US_ID_A`),
  KEY `FK_SESSION_AUDIT_CREATED_BY_IDX` (`SEA_CREATED_BY`),
  KEY `FK_SESSION_AUDIT_LAST_MODIFIED_BY_IDX` (`SEA_LAST_MODIFIED_BY`),
  CONSTRAINT `FK_SESSION_AUDIT_CREATED_BY` FOREIGN KEY (`SEA_CREATED_BY`) REFERENCES `oh_user` (`US_ID_A`) ON DELETE CASCADE ON UPDATE CASCADE,
  CONSTRAINT `FK_SESSION_AUDIT_LAST_MODIFIED_BY` FOREIGN KEY (`SEA_LAST_MODIFIED_BY`) REFERENCES `oh_user` (`US_ID_A`) ON DELETE CASCADE ON UPDATE CASCADE,
  CONSTRAINT `FK_SESSION_AUDIT_USER` FOREIGN KEY (`SEA_US_ID_A`) REFERENCES `oh_user` (`US_ID_A`) ON DELETE CASCADE ON UPDATE CASCADE
) ENGINE=InnoDB AUTO_INCREMENT=9 DEFAULT CHARSET=utf8mb3 COLLATE=utf8mb3_general_ci;
/*!40101 SET character_set_client = @saved_cs_client */;

--
-- Dumping data for table `oh_session_audit`
--

LOCK TABLES `oh_session_audit` WRITE;
/*!40000 ALTER TABLE `oh_session_audit` DISABLE KEYS */;
INSERT INTO `oh_session_audit` (`SEA_ID`, `SEA_US_ID_A`, `SEA_LOGIN`, `SEA_LOGOUT`, `SEA_CREATED_BY`, `SEA_CREATED_DATE`, `SEA_LAST_MODIFIED_BY`, `SEA_LAST_MODIFIED_DATE`, `SEA_ACTIVE`) VALUES (1,'admin','2023-02-02 22:29:15','2023-02-02 22:41:13','admin','2023-02-02 22:29:15','admin','2023-02-02 22:41:13',1),(2,'admin','2023-02-02 22:46:31','2023-02-02 22:52:34','admin','2023-02-02 22:46:31','admin','2023-02-02 22:52:34',1),(3,'admin','2023-02-03 23:29:09','2023-02-03 23:41:30','admin','2023-02-03 23:29:09','admin','2023-02-03 23:41:30',1),(4,'admin','2023-02-03 23:42:18','2023-02-03 23:49:00','admin','2023-02-03 23:42:18','admin','2023-02-03 23:49:00',1),(5,'admin','2023-02-04 00:03:34','2023-02-04 00:09:36','admin','2023-02-04 00:03:34','admin','2023-02-04 00:09:36',1),(6,'admin','2023-02-04 02:01:03','2023-02-04 02:08:30','admin','2023-02-04 02:01:03','admin','2023-02-04 02:08:30',1),(7,'admin','2023-02-04 02:23:55','2023-02-04 02:32:32','admin','2023-02-04 02:23:55','admin','2023-02-04 02:32:32',1),(8,'laboratorist','2023-12-13 18:03:58',NULL,'laboratorist','2023-12-13 18:03:58','laboratorist','2023-12-13 18:03:58',1);
/*!40000 ALTER TABLE `oh_session_audit` ENABLE KEYS */;
UNLOCK TABLES;

--
-- Table structure for table `oh_sms`
--

DROP TABLE IF EXISTS `oh_sms`;
/*!40101 SET @saved_cs_client     = @@character_set_client */;
/*!40101 SET character_set_client = utf8 */;
CREATE TABLE `oh_sms` (
  `SMS_ID` int(11) NOT NULL AUTO_INCREMENT,
  `SMS_DATE` timestamp NOT NULL DEFAULT current_timestamp(),
  `SMS_DATE_SCHED` datetime NOT NULL,
  `SMS_NUMBER` varchar(45) NOT NULL,
  `SMS_TEXT` varchar(160) NOT NULL,
  `SMS_DATE_SENT` datetime DEFAULT NULL,
  `SMS_USER` varchar(50) NOT NULL DEFAULT 'admin',
  `SMS_MOD` varchar(45) NOT NULL DEFAULT 'smsmanager',
  `SMS_MOD_ID` varchar(45) DEFAULT NULL,
  PRIMARY KEY (`SMS_ID`)
) ENGINE=InnoDB DEFAULT CHARSET=utf8mb3 COLLATE=utf8mb3_general_ci;
/*!40101 SET character_set_client = @saved_cs_client */;

--
-- Dumping data for table `oh_sms`
--

LOCK TABLES `oh_sms` WRITE;
/*!40000 ALTER TABLE `oh_sms` DISABLE KEYS */;
/*!40000 ALTER TABLE `oh_sms` ENABLE KEYS */;
UNLOCK TABLES;

--
-- Table structure for table `oh_supplier`
--

DROP TABLE IF EXISTS `oh_supplier`;
/*!40101 SET @saved_cs_client     = @@character_set_client */;
/*!40101 SET character_set_client = utf8 */;
CREATE TABLE `oh_supplier` (
  `SUP_ID` int(11) NOT NULL AUTO_INCREMENT,
  `SUP_NAME` varchar(100) NOT NULL,
  `SUP_ADDRESS` varchar(150) DEFAULT NULL,
  `SUP_TAXCODE` varchar(50) DEFAULT NULL,
  `SUP_PHONE` varchar(20) DEFAULT NULL,
  `SUP_FAX` varchar(20) DEFAULT NULL,
  `SUP_EMAIL` varchar(100) DEFAULT NULL,
  `SUP_NOTE` varchar(200) DEFAULT NULL,
  `SUP_DELETED` char(1) DEFAULT 'N',
  `SUP_CREATED_BY` varchar(50) DEFAULT NULL,
  `SUP_CREATED_DATE` datetime DEFAULT NULL,
  `SUP_LAST_MODIFIED_BY` varchar(50) DEFAULT NULL,
  `SUP_LAST_MODIFIED_DATE` datetime DEFAULT NULL,
  `SUP_ACTIVE` tinyint(1) NOT NULL DEFAULT 1,
  PRIMARY KEY (`SUP_ID`),
  KEY `FK_SUPPLIER_CREATED_BY_IDX` (`SUP_CREATED_BY`),
  KEY `FK_SUPPLIER_LAST_MODIFIED_BY_IDX` (`SUP_LAST_MODIFIED_BY`),
  CONSTRAINT `FK_SUPPLIER_CREATED_BY` FOREIGN KEY (`SUP_CREATED_BY`) REFERENCES `oh_user` (`US_ID_A`) ON DELETE NO ACTION ON UPDATE NO ACTION,
  CONSTRAINT `FK_SUPPLIER_LAST_MODIFIED_BY` FOREIGN KEY (`SUP_LAST_MODIFIED_BY`) REFERENCES `oh_user` (`US_ID_A`) ON DELETE NO ACTION ON UPDATE NO ACTION
) ENGINE=InnoDB AUTO_INCREMENT=3 DEFAULT CHARSET=utf8mb3 COLLATE=utf8mb3_general_ci;
/*!40101 SET character_set_client = @saved_cs_client */;

--
-- Dumping data for table `oh_supplier`
--

LOCK TABLES `oh_supplier` WRITE;
/*!40000 ALTER TABLE `oh_supplier` DISABLE KEYS */;
INSERT INTO `oh_supplier` (`SUP_ID`, `SUP_NAME`, `SUP_ADDRESS`, `SUP_TAXCODE`, `SUP_PHONE`, `SUP_FAX`, `SUP_EMAIL`, `SUP_NOTE`, `SUP_DELETED`, `SUP_CREATED_BY`, `SUP_CREATED_DATE`, `SUP_LAST_MODIFIED_BY`, `SUP_LAST_MODIFIED_DATE`, `SUP_ACTIVE`) VALUES (1,'JMS',NULL,NULL,NULL,NULL,NULL,NULL,'N',NULL,NULL,NULL,NULL,1),(2,'Enterpise Limited','Sesame Strett - 73149 New Harrington 23','','+22.243454252','+22.243454252','info@enterprise.com','','N','admin','2022-11-20 00:23:58','admin','2022-11-20 00:23:58',1);
/*!40000 ALTER TABLE `oh_supplier` ENABLE KEYS */;
UNLOCK TABLES;

--
-- Table structure for table `oh_therapies`
--

DROP TABLE IF EXISTS `oh_therapies`;
/*!40101 SET @saved_cs_client     = @@character_set_client */;
/*!40101 SET character_set_client = utf8 */;
CREATE TABLE `oh_therapies` (
  `THR_ID` int(11) NOT NULL AUTO_INCREMENT,
  `THR_PAT_ID` int(11) NOT NULL,
  `THR_STARTDATE` datetime NOT NULL,
  `THR_ENDDATE` datetime NOT NULL,
  `THR_MDSR_ID` int(11) NOT NULL,
  `THR_QTY` double NOT NULL,
  `THR_UNT_ID` int(11) NOT NULL,
  `THR_FREQINDAY` int(11) NOT NULL,
  `THR_FREQINPRD` int(11) NOT NULL,
  `THR_NOTE` text DEFAULT NULL,
  `THR_NOTIFY` tinyint(1) NOT NULL DEFAULT 0,
  `THR_SMS` tinyint(1) NOT NULL DEFAULT 0,
  `THR_CREATED_BY` varchar(50) DEFAULT NULL,
  `THR_CREATED_DATE` datetime DEFAULT NULL,
  `THR_LAST_MODIFIED_BY` varchar(50) DEFAULT NULL,
  `THR_LAST_MODIFIED_DATE` datetime DEFAULT NULL,
  `THR_ACTIVE` tinyint(1) NOT NULL DEFAULT 1,
  PRIMARY KEY (`THR_ID`),
  KEY `FK_THERAPIES_PATIENT` (`THR_PAT_ID`),
  KEY `FK_THERAPIES_MDSR` (`THR_MDSR_ID`),
  KEY `FK_THERAPIES_CREATED_BY_IDX` (`THR_CREATED_BY`),
  KEY `FK_THERAPIES_LAST_MODIFIED_BY_IDX` (`THR_LAST_MODIFIED_BY`),
  CONSTRAINT `FK_THERAPIES_CREATED_BY` FOREIGN KEY (`THR_CREATED_BY`) REFERENCES `oh_user` (`US_ID_A`) ON DELETE NO ACTION ON UPDATE NO ACTION,
  CONSTRAINT `FK_THERAPIES_LAST_MODIFIED_BY` FOREIGN KEY (`THR_LAST_MODIFIED_BY`) REFERENCES `oh_user` (`US_ID_A`) ON DELETE NO ACTION ON UPDATE NO ACTION,
  CONSTRAINT `FK_THERAPIES_MDSR` FOREIGN KEY (`THR_MDSR_ID`) REFERENCES `oh_medicaldsr` (`MDSR_ID`) ON DELETE NO ACTION ON UPDATE NO ACTION,
  CONSTRAINT `FK_THERAPIES_PATIENT` FOREIGN KEY (`THR_PAT_ID`) REFERENCES `oh_patient` (`PAT_ID`) ON DELETE CASCADE ON UPDATE CASCADE
) ENGINE=InnoDB AUTO_INCREMENT=12 DEFAULT CHARSET=utf8mb3 COLLATE=utf8mb3_general_ci;
/*!40101 SET character_set_client = @saved_cs_client */;

--
-- Dumping data for table `oh_therapies`
--

LOCK TABLES `oh_therapies` WRITE;
/*!40000 ALTER TABLE `oh_therapies` DISABLE KEYS */;
INSERT INTO `oh_therapies` (`THR_ID`, `THR_PAT_ID`, `THR_STARTDATE`, `THR_ENDDATE`, `THR_MDSR_ID`, `THR_QTY`, `THR_UNT_ID`, `THR_FREQINDAY`, `THR_FREQINPRD`, `THR_NOTE`, `THR_NOTIFY`, `THR_SMS`, `THR_CREATED_BY`, `THR_CREATED_DATE`, `THR_LAST_MODIFIED_BY`, `THR_LAST_MODIFIED_DATE`, `THR_ACTIVE`) VALUES (1,471,'2022-11-20 02:31:38','2021-03-04 02:31:38',414,0.5,0,2,2,'',0,0,'admin','2022-11-20 02:31:54','admin','2022-11-20 02:31:54',1),(2,467,'2022-11-20 02:32:13','2021-02-12 02:32:13',114,1,0,1,1,'',0,0,'admin','2022-11-20 02:32:24','admin','2022-11-20 02:32:24',1),(3,161,'2022-11-20 14:27:46','2021-02-12 14:27:46',128,0.5,0,1,3,'',0,0,'admin','2022-11-20 14:27:58','admin','2022-11-20 14:27:58',1),(4,526,'2021-03-15 01:00:06','2021-04-19 01:00:06',103,0.5,0,2,1,'',0,0,'admin','2021-03-15 01:00:23','admin','2021-03-15 01:00:23',1),(5,447,'2021-03-15 01:10:42','2021-06-16 01:10:42',12,1,0,2,1,'',0,0,'admin','2021-03-15 01:11:03','admin','2021-03-15 01:11:03',1),(6,447,'2021-03-15 00:00:00','2021-06-15 00:00:00',21,1,0,2,1,'',0,0,'admin','2021-03-15 01:12:50','admin','2021-03-15 01:13:24',1),(7,447,'2021-03-15 00:00:00','2021-06-14 00:00:00',170,1,0,2,1,'',0,0,'admin','2021-03-15 01:13:02','admin','2021-03-15 01:13:24',1),(8,447,'2021-03-15 00:00:00','2021-05-05 00:00:00',14,1,0,2,1,'',0,0,'admin','2021-03-15 01:13:17','admin','2021-03-15 01:13:24',1),(9,529,'2021-03-15 12:20:53','2021-03-22 12:20:53',113,1,0,1,2,'',0,0,'admin','2021-03-15 12:21:03','admin','2021-03-15 12:21:03',1),(10,552,'2023-02-04 00:00:00','2023-02-25 00:00:00',20,1,0,2,3,'',0,0,'admin','2023-02-04 02:07:57','admin','2023-02-04 02:07:57',1),(11,553,'2023-02-04 00:00:00','2023-02-11 00:00:00',415,1,0,2,1,'',0,0,'admin','2023-02-04 02:29:48','admin','2023-02-04 02:29:48',1);
/*!40000 ALTER TABLE `oh_therapies` ENABLE KEYS */;
UNLOCK TABLES;

--
-- Table structure for table `oh_user`
--

DROP TABLE IF EXISTS `oh_user`;
/*!40101 SET @saved_cs_client     = @@character_set_client */;
/*!40101 SET character_set_client = utf8 */;
CREATE TABLE `oh_user` (
  `US_ID_A` varchar(50) NOT NULL DEFAULT '',
  `US_UG_ID_A` varchar(50) NOT NULL DEFAULT '',
  `US_PASSWD` varchar(60) NOT NULL DEFAULT '',
  `US_DESC` varchar(128) DEFAULT NULL,
  `US_CREATED_BY` varchar(50) DEFAULT NULL,
  `US_CREATED_DATE` datetime DEFAULT NULL,
  `US_LAST_MODIFIED_BY` varchar(50) DEFAULT NULL,
  `US_LAST_MODIFIED_DATE` datetime DEFAULT NULL,
  `US_ACTIVE` tinyint(1) NOT NULL DEFAULT 1,
  `US_FAILED_ATTEMPTS` int(11) DEFAULT 0,
  `US_ACCOUNT_LOCKED` tinyint(1) NOT NULL DEFAULT 0,
  `US_LOCK_TIME` datetime DEFAULT NULL,
  `US_LAST_LOGIN` datetime DEFAULT NULL,
  PRIMARY KEY (`US_ID_A`),
  KEY `FK_USER_USERGROUP` (`US_UG_ID_A`),
  KEY `FK_USER_CREATED_BY_IDX` (`US_CREATED_BY`),
  KEY `FK_USER_LAST_MODIFIED_BY_IDX` (`US_LAST_MODIFIED_BY`),
  CONSTRAINT `FK_USER_CREATED_BY` FOREIGN KEY (`US_CREATED_BY`) REFERENCES `oh_user` (`US_ID_A`) ON DELETE NO ACTION ON UPDATE NO ACTION,
  CONSTRAINT `FK_USER_LAST_MODIFIED_BY` FOREIGN KEY (`US_LAST_MODIFIED_BY`) REFERENCES `oh_user` (`US_ID_A`) ON DELETE NO ACTION ON UPDATE NO ACTION,
  CONSTRAINT `FK_USER_USERGROUP` FOREIGN KEY (`US_UG_ID_A`) REFERENCES `oh_usergroup` (`UG_ID_A`) ON DELETE NO ACTION ON UPDATE CASCADE
) ENGINE=InnoDB DEFAULT CHARSET=utf8mb3 COLLATE=utf8mb3_general_ci;
/*!40101 SET character_set_client = @saved_cs_client */;

--
-- Dumping data for table `oh_user`
--

LOCK TABLES `oh_user` WRITE;
/*!40000 ALTER TABLE `oh_user` DISABLE KEYS */;
INSERT INTO `oh_user` (`US_ID_A`, `US_UG_ID_A`, `US_PASSWD`, `US_DESC`, `US_CREATED_BY`, `US_CREATED_DATE`, `US_LAST_MODIFIED_BY`, `US_LAST_MODIFIED_DATE`, `US_ACTIVE`, `US_FAILED_ATTEMPTS`, `US_ACCOUNT_LOCKED`, `US_LOCK_TIME`, `US_LAST_LOGIN`) VALUES ('admin','admin','$2a$10$FI/PMO0oSHHosF2PX8l3QuB0DJepVfnynbLZ9Zm2711bF2ch8db2S','administrator',NULL,NULL,NULL,NULL,1,0,0,NULL,NULL),('doctor','doctor','$2a$04$iqB3DZzyvQos4wCQrSHKyuf/Spr8LyOFF23dihNbS1AWpkIPu..MG','doctor',NULL,NULL,NULL,NULL,1,0,0,NULL,NULL),('guest','guest','$2a$10$b0WlANdaNV7Ukn/klFGt3.euZ7PaHuJI6TtBSM2vdxkavvkUDbpo2','guest',NULL,NULL,NULL,NULL,1,0,0,NULL,NULL),('laboratorist','laboratorist','$2a$04$mhtLe0xVdhYcUqav2glGXeGULLErkgv8KHMQ1yYLh3TTYnE.V1qOO','laboratorist',NULL,NULL,NULL,NULL,1,0,0,NULL,NULL);
/*!40000 ALTER TABLE `oh_user` ENABLE KEYS */;
UNLOCK TABLES;

--
-- Table structure for table `oh_user_settings`
--

DROP TABLE IF EXISTS `oh_user_settings`;
/*!40101 SET @saved_cs_client     = @@character_set_client */;
/*!40101 SET character_set_client = utf8 */;
CREATE TABLE `oh_user_settings` (
  `USS_ID` int(11) NOT NULL AUTO_INCREMENT,
  `USS_US_ID_A` varchar(50) NOT NULL,
  `USS_CONFIG_NAME` varchar(50) NOT NULL,
  `USS_CONFIG_VALUE` text NOT NULL,
  `USS_CREATED_BY` varchar(50) DEFAULT NULL,
  `USS_CREATED_DATE` datetime DEFAULT NULL,
  `USS_LAST_MODIFIED_BY` varchar(50) DEFAULT NULL,
  `USS_LAST_MODIFIED_DATE` datetime DEFAULT NULL,
  `USS_ACTIVE` tinyint(1) NOT NULL DEFAULT 1,
  PRIMARY KEY (`USS_ID`),
  KEY `FK_USS_US_ID_A` (`USS_US_ID_A`),
  KEY `FK_USS_CREATED_BY` (`USS_CREATED_BY`),
  KEY `FK_USS_LAST_MODIFIED_BY` (`USS_LAST_MODIFIED_BY`),
  CONSTRAINT `FK_USS_CREATED_BY` FOREIGN KEY (`USS_CREATED_BY`) REFERENCES `oh_user` (`US_ID_A`) ON DELETE NO ACTION ON UPDATE NO ACTION,
  CONSTRAINT `FK_USS_LAST_MODIFIED_BY` FOREIGN KEY (`USS_LAST_MODIFIED_BY`) REFERENCES `oh_user` (`US_ID_A`) ON DELETE NO ACTION ON UPDATE NO ACTION,
  CONSTRAINT `FK_USS_US_ID_A` FOREIGN KEY (`USS_US_ID_A`) REFERENCES `oh_user` (`US_ID_A`) ON DELETE CASCADE
) ENGINE=InnoDB AUTO_INCREMENT=5 DEFAULT CHARSET=utf8mb3 COLLATE=utf8mb3_general_ci;
/*!40101 SET character_set_client = @saved_cs_client */;

--
-- Dumping data for table `oh_user_settings`
--

LOCK TABLES `oh_user_settings` WRITE;
/*!40000 ALTER TABLE `oh_user_settings` DISABLE KEYS */;
INSERT INTO `oh_user_settings` (`USS_ID`, `USS_US_ID_A`, `USS_CONFIG_NAME`, `USS_CONFIG_VALUE`, `USS_CREATED_BY`, `USS_CREATED_DATE`, `USS_LAST_MODIFIED_BY`, `USS_LAST_MODIFIED_DATE`, `USS_ACTIVE`) VALUES (1,'admin','dashboard','eyJsYXlvdXQiOnsibGciOlt7InciOjQsImgiOjMsIngiOjgsInkiOjAsImkiOiJvcGRCeUFnZVR5cGUiLCJtaW5XIjozLCJtaW5IIjozLCJtYXhIIjo1LCJtb3ZlZCI6ZmFsc2UsInN0YXRpYyI6ZmFsc2V9LHsidyI6NCwiaCI6MywieCI6NCwieSI6MCwiaSI6Im9wZEJ5U2V4IiwibWluVyI6MywibWluSCI6MywibWF4SCI6NSwibW92ZWQiOmZhbHNlLCJzdGF0aWMiOmZhbHNlfSx7InciOjQsImgiOjMsIngiOjAsInkiOjAsImkiOiJhZG1pc3Npb25CeVNleCIsIm1pblciOjMsIm1pbkgiOjMsIm1heEgiOjUsIm1vdmVkIjpmYWxzZSwic3RhdGljIjpmYWxzZX0seyJ3Ijo0LCJoIjozLCJ4Ijo4LCJ5IjozLCJpIjoiYWRtaXNzaW9uQnlBZ2VUeXBlIiwibWluVyI6MywibWluSCI6MywibWF4SCI6NSwibW92ZWQiOmZhbHNlLCJzdGF0aWMiOmZhbHNlfSx7InciOjQsImgiOjMsIngiOjAsInkiOjMsImkiOiJhZG1pc3Npb25CeVdhcmQiLCJtaW5XIjozLCJtaW5IIjozLCJtYXhIIjo1LCJtb3ZlZCI6ZmFsc2UsInN0YXRpYyI6ZmFsc2V9LHsidyI6NCwiaCI6MywieCI6NCwieSI6MywiaSI6ImFkbWlzc2lvbkJ5VHlwZSIsIm1pblciOjMsIm1pbkgiOjMsIm1heEgiOjUsIm1vdmVkIjpmYWxzZSwic3RhdGljIjpmYWxzZX1dLCJtZCI6W3siaSI6Im9wZEJ5QWdlVHlwZSIsInciOjYsImgiOjMsIngiOjAsInkiOjAsIm1pblciOjQsIm1pbkgiOjMsIm1heEgiOjR9LHsiaSI6Im9wZEJ5U2V4IiwidyI6NiwiaCI6MywieCI6MCwieSI6MCwibWluVyI6NCwibWluSCI6MywibWF4SCI6NH0seyJpIjoiYWRtaXNzaW9uQnlTZXgiLCJ3Ijo2LCJoIjozLCJ4IjowLCJ5IjowLCJtaW5XIjo0LCJtaW5IIjozLCJtYXhIIjo0fSx7ImkiOiJhZG1pc3Npb25CeUFnZVR5cGUiLCJ3Ijo2LCJoIjozLCJ4IjowLCJ5IjowLCJtaW5XIjo0LCJtaW5IIjozLCJtYXhIIjo0fSx7ImkiOiJhZG1pc3Npb25CeVdhcmQiLCJ3Ijo2LCJoIjozLCJ4IjowLCJ5IjowLCJtaW5XIjo0LCJtaW5IIjozLCJtYXhIIjo0fSx7ImkiOiJhZG1pc3Npb25CeVR5cGUiLCJ3Ijo2LCJoIjozLCJ4IjowLCJ5IjowLCJtaW5XIjo0LCJtaW5IIjozLCJtYXhIIjo0fV0sInNtIjpbeyJpIjoib3BkQnlBZ2VUeXBlIiwidyI6NiwiaCI6MywieCI6MCwieSI6MCwibWluVyI6NiwibWluSCI6MywibWF4SCI6NH0seyJpIjoib3BkQnlTZXgiLCJ3Ijo2LCJoIjozLCJ4IjowLCJ5IjowLCJtaW5XIjo2LCJtaW5IIjozLCJtYXhIIjo0fSx7ImkiOiJhZG1pc3Npb25CeVNleCIsInciOjYsImgiOjMsIngiOjAsInkiOjAsIm1pblciOjYsIm1pbkgiOjMsIm1heEgiOjR9LHsiaSI6ImFkbWlzc2lvbkJ5QWdlVHlwZSIsInciOjYsImgiOjMsIngiOjAsInkiOjAsIm1pblciOjYsIm1pbkgiOjMsIm1heEgiOjR9LHsiaSI6ImFkbWlzc2lvbkJ5V2FyZCIsInciOjYsImgiOjMsIngiOjAsInkiOjAsIm1pblciOjYsIm1pbkgiOjMsIm1heEgiOjR9LHsiaSI6ImFkbWlzc2lvbkJ5VHlwZSIsInciOjYsImgiOjMsIngiOjAsInkiOjAsIm1pblciOjYsIm1pbkgiOjMsIm1heEgiOjR9XSwieHMiOlt7ImkiOiJvcGRCeUFnZVR5cGUiLCJ3Ijo2LCJoIjozLCJ4IjowLCJ5IjowLCJtaW5XIjo2LCJtaW5IIjozLCJtYXhIIjo0fSx7ImkiOiJvcGRCeVNleCIsInciOjYsImgiOjMsIngiOjAsInkiOjAsIm1pblciOjYsIm1pbkgiOjMsIm1heEgiOjR9LHsiaSI6ImFkbWlzc2lvbkJ5U2V4IiwidyI6NiwiaCI6MywieCI6MCwieSI6MCwibWluVyI6NiwibWluSCI6MywibWF4SCI6NH0seyJpIjoiYWRtaXNzaW9uQnlBZ2VUeXBlIiwidyI6NiwiaCI6MywieCI6MCwieSI6MCwibWluVyI6NiwibWluSCI6MywibWF4SCI6NH0seyJpIjoiYWRtaXNzaW9uQnlXYXJkIiwidyI6NiwiaCI6MywieCI6MCwieSI6MCwibWluVyI6NiwibWluSCI6MywibWF4SCI6NH0seyJpIjoiYWRtaXNzaW9uQnlUeXBlIiwidyI6NiwiaCI6MywieCI6MCwieSI6MCwibWluVyI6NiwibWluSCI6MywibWF4SCI6NH1dLCJ4eHMiOlt7ImkiOiJvcGRCeUFnZVR5cGUiLCJ3IjoxMiwiaCI6MywieCI6MCwieSI6MCwibWluVyI6MTIsIm1pbkgiOjMsIm1heEgiOjR9LHsiaSI6Im9wZEJ5U2V4IiwidyI6MTIsImgiOjMsIngiOjAsInkiOjAsIm1pblciOjEyLCJtaW5IIjozLCJtYXhIIjo0fSx7ImkiOiJhZG1pc3Npb25CeVNleCIsInciOjEyLCJoIjozLCJ4IjowLCJ5IjowLCJtaW5XIjoxMiwibWluSCI6MywibWF4SCI6NH0seyJpIjoiYWRtaXNzaW9uQnlBZ2VUeXBlIiwidyI6MTIsImgiOjMsIngiOjAsInkiOjAsIm1pblciOjEyLCJtaW5IIjozLCJtYXhIIjo0fSx7ImkiOiJhZG1pc3Npb25CeVdhcmQiLCJ3IjoxMiwiaCI6MywieCI6MCwieSI6MCwibWluVyI6MTIsIm1pbkgiOjMsIm1heEgiOjR9LHsiaSI6ImFkbWlzc2lvbkJ5VHlwZSIsInciOjEyLCJoIjozLCJ4IjowLCJ5IjowLCJtaW5XIjoxMiwibWluSCI6MywibWF4SCI6NH1dfSwidG9vbGJveCI6eyJsZyI6W3siaSI6ImRpc2NoYXJnZUJ5U2V4IiwidyI6NCwiaCI6MywieCI6OCwieSI6MCwibWluVyI6MywibWluSCI6MywibWF4SCI6NX0seyJpIjoiZGlzY2hhcmdlQnlBZ2VUeXBlIiwidyI6NCwiaCI6MywieCI6NCwieSI6MiwibWluVyI6MywibWluSCI6MywibWF4SCI6NX0seyJpIjoiZGlzY2hhcmdlQnlXYXJkIiwidyI6NCwiaCI6MywieCI6MCwieSI6MCwibWluVyI6MywibWluSCI6MywibWF4SCI6NX0seyJpIjoiZGlzY2hhcmdlQnlUeXBlIiwidyI6NCwiaCI6MywieCI6OCwieSI6MiwibWluVyI6MywibWluSCI6MywibWF4SCI6NX1dLCJtZCI6W3siaSI6ImRpc2NoYXJnZUJ5U2V4IiwidyI6NiwiaCI6MywieCI6MCwieSI6MCwibWluVyI6NCwibWluSCI6MywibWF4SCI6NH0seyJpIjoiZGlzY2hhcmdlQnlBZ2VUeXBlIiwidyI6NiwiaCI6MywieCI6NiwieSI6MiwibWluVyI6NCwibWluSCI6MywibWF4SCI6NH0seyJpIjoiZGlzY2hhcmdlQnlXYXJkIiwidyI6NiwiaCI6MywieCI6MCwieSI6MCwibWluVyI6NCwibWluSCI6MywibWF4SCI6NH0seyJpIjoiZGlzY2hhcmdlQnlUeXBlIiwidyI6NiwiaCI6MywieCI6NiwieSI6MiwibWluVyI6NCwibWluSCI6MywibWF4SCI6NH1dLCJzbSI6W3siaSI6ImRpc2NoYXJnZUJ5U2V4IiwidyI6NiwiaCI6MywieCI6MCwieSI6MCwibWluVyI6NiwibWluSCI6MywibWF4SCI6NH0seyJpIjoiZGlzY2hhcmdlQnlBZ2VUeXBlIiwidyI6NiwiaCI6MywieCI6NiwieSI6MiwibWluVyI6NiwibWluSCI6MywibWF4SCI6NH0seyJpIjoiZGlzY2hhcmdlQnlXYXJkIiwidyI6NiwiaCI6MywieCI6MCwieSI6MCwibWluVyI6NiwibWluSCI6MywibWF4SCI6NH0seyJpIjoiZGlzY2hhcmdlQnlUeXBlIiwidyI6NiwiaCI6MywieCI6NiwieSI6MiwibWluVyI6NiwibWluSCI6MywibWF4SCI6NH1dLCJ4cyI6W3siaSI6ImRpc2NoYXJnZUJ5U2V4IiwidyI6NiwiaCI6MywieCI6MCwieSI6MCwibWluVyI6NiwibWluSCI6MywibWF4SCI6NH0seyJpIjoiZGlzY2hhcmdlQnlBZ2VUeXBlIiwidyI6NiwiaCI6MywieCI6NiwieSI6MiwibWluVyI6NiwibWluSCI6MywibWF4SCI6NH0seyJpIjoiZGlzY2hhcmdlQnlXYXJkIiwidyI6NiwiaCI6MywieCI6MCwieSI6MCwibWluVyI6NiwibWluSCI6MywibWF4SCI6NH0seyJpIjoiZGlzY2hhcmdlQnlUeXBlIiwidyI6NiwiaCI6MywieCI6NiwieSI6MiwibWluVyI6NiwibWluSCI6MywibWF4SCI6NH1dLCJ4eHMiOlt7ImkiOiJkaXNjaGFyZ2VCeVNleCIsInciOjEyLCJoIjozLCJ4IjowLCJ5IjowLCJtaW5XIjoxMiwibWluSCI6MywibWF4SCI6NH0seyJpIjoiZGlzY2hhcmdlQnlBZ2VUeXBlIiwidyI6MTIsImgiOjMsIngiOjAsInkiOjIsIm1pblciOjEyLCJtaW5IIjozLCJtYXhIIjo0fSx7ImkiOiJkaXNjaGFyZ2VCeVdhcmQiLCJ3IjoxMiwiaCI6MywieCI6MCwieSI6MCwibWluVyI6MTIsIm1pbkgiOjMsIm1heEgiOjR9LHsiaSI6ImRpc2NoYXJnZUJ5VHlwZSIsInciOjEyLCJoIjozLCJ4IjowLCJ5IjoyLCJtaW5XIjoxMiwibWluSCI6MywibWF4SCI6NH1dfX0=','admin','2023-10-24 11:47:33',NULL,NULL,1),(2,'guest','dashboard','eyJsYXlvdXQiOnsibGciOlt7InciOjQsImgiOjMsIngiOjgsInkiOjAsImkiOiJvcGRCeUFnZVR5cGUiLCJtaW5XIjozLCJtaW5IIjozLCJtYXhIIjo1LCJtb3ZlZCI6ZmFsc2UsInN0YXRpYyI6ZmFsc2V9LHsidyI6NCwiaCI6MywieCI6NCwieSI6MCwiaSI6Im9wZEJ5U2V4IiwibWluVyI6MywibWluSCI6MywibWF4SCI6NSwibW92ZWQiOmZhbHNlLCJzdGF0aWMiOmZhbHNlfSx7InciOjQsImgiOjMsIngiOjAsInkiOjAsImkiOiJhZG1pc3Npb25CeVNleCIsIm1pblciOjMsIm1pbkgiOjMsIm1heEgiOjUsIm1vdmVkIjpmYWxzZSwic3RhdGljIjpmYWxzZX0seyJ3Ijo0LCJoIjozLCJ4Ijo4LCJ5IjozLCJpIjoiYWRtaXNzaW9uQnlBZ2VUeXBlIiwibWluVyI6MywibWluSCI6MywibWF4SCI6NSwibW92ZWQiOmZhbHNlLCJzdGF0aWMiOmZhbHNlfSx7InciOjQsImgiOjMsIngiOjAsInkiOjMsImkiOiJhZG1pc3Npb25CeVdhcmQiLCJtaW5XIjozLCJtaW5IIjozLCJtYXhIIjo1LCJtb3ZlZCI6ZmFsc2UsInN0YXRpYyI6ZmFsc2V9LHsidyI6NCwiaCI6MywieCI6NCwieSI6MywiaSI6ImFkbWlzc2lvbkJ5VHlwZSIsIm1pblciOjMsIm1pbkgiOjMsIm1heEgiOjUsIm1vdmVkIjpmYWxzZSwic3RhdGljIjpmYWxzZX1dLCJtZCI6W3siaSI6Im9wZEJ5QWdlVHlwZSIsInciOjYsImgiOjMsIngiOjAsInkiOjAsIm1pblciOjQsIm1pbkgiOjMsIm1heEgiOjR9LHsiaSI6Im9wZEJ5U2V4IiwidyI6NiwiaCI6MywieCI6MCwieSI6MCwibWluVyI6NCwibWluSCI6MywibWF4SCI6NH0seyJpIjoiYWRtaXNzaW9uQnlTZXgiLCJ3Ijo2LCJoIjozLCJ4IjowLCJ5IjowLCJtaW5XIjo0LCJtaW5IIjozLCJtYXhIIjo0fSx7ImkiOiJhZG1pc3Npb25CeUFnZVR5cGUiLCJ3Ijo2LCJoIjozLCJ4IjowLCJ5IjowLCJtaW5XIjo0LCJtaW5IIjozLCJtYXhIIjo0fSx7ImkiOiJhZG1pc3Npb25CeVdhcmQiLCJ3Ijo2LCJoIjozLCJ4IjowLCJ5IjowLCJtaW5XIjo0LCJtaW5IIjozLCJtYXhIIjo0fSx7ImkiOiJhZG1pc3Npb25CeVR5cGUiLCJ3Ijo2LCJoIjozLCJ4IjowLCJ5IjowLCJtaW5XIjo0LCJtaW5IIjozLCJtYXhIIjo0fV0sInNtIjpbeyJpIjoib3BkQnlBZ2VUeXBlIiwidyI6NiwiaCI6MywieCI6MCwieSI6MCwibWluVyI6NiwibWluSCI6MywibWF4SCI6NH0seyJpIjoib3BkQnlTZXgiLCJ3Ijo2LCJoIjozLCJ4IjowLCJ5IjowLCJtaW5XIjo2LCJtaW5IIjozLCJtYXhIIjo0fSx7ImkiOiJhZG1pc3Npb25CeVNleCIsInciOjYsImgiOjMsIngiOjAsInkiOjAsIm1pblciOjYsIm1pbkgiOjMsIm1heEgiOjR9LHsiaSI6ImFkbWlzc2lvbkJ5QWdlVHlwZSIsInciOjYsImgiOjMsIngiOjAsInkiOjAsIm1pblciOjYsIm1pbkgiOjMsIm1heEgiOjR9LHsiaSI6ImFkbWlzc2lvbkJ5V2FyZCIsInciOjYsImgiOjMsIngiOjAsInkiOjAsIm1pblciOjYsIm1pbkgiOjMsIm1heEgiOjR9LHsiaSI6ImFkbWlzc2lvbkJ5VHlwZSIsInciOjYsImgiOjMsIngiOjAsInkiOjAsIm1pblciOjYsIm1pbkgiOjMsIm1heEgiOjR9XSwieHMiOlt7ImkiOiJvcGRCeUFnZVR5cGUiLCJ3Ijo2LCJoIjozLCJ4IjowLCJ5IjowLCJtaW5XIjo2LCJtaW5IIjozLCJtYXhIIjo0fSx7ImkiOiJvcGRCeVNleCIsInciOjYsImgiOjMsIngiOjAsInkiOjAsIm1pblciOjYsIm1pbkgiOjMsIm1heEgiOjR9LHsiaSI6ImFkbWlzc2lvbkJ5U2V4IiwidyI6NiwiaCI6MywieCI6MCwieSI6MCwibWluVyI6NiwibWluSCI6MywibWF4SCI6NH0seyJpIjoiYWRtaXNzaW9uQnlBZ2VUeXBlIiwidyI6NiwiaCI6MywieCI6MCwieSI6MCwibWluVyI6NiwibWluSCI6MywibWF4SCI6NH0seyJpIjoiYWRtaXNzaW9uQnlXYXJkIiwidyI6NiwiaCI6MywieCI6MCwieSI6MCwibWluVyI6NiwibWluSCI6MywibWF4SCI6NH0seyJpIjoiYWRtaXNzaW9uQnlUeXBlIiwidyI6NiwiaCI6MywieCI6MCwieSI6MCwibWluVyI6NiwibWluSCI6MywibWF4SCI6NH1dLCJ4eHMiOlt7ImkiOiJvcGRCeUFnZVR5cGUiLCJ3IjoxMiwiaCI6MywieCI6MCwieSI6MCwibWluVyI6MTIsIm1pbkgiOjMsIm1heEgiOjR9LHsiaSI6Im9wZEJ5U2V4IiwidyI6MTIsImgiOjMsIngiOjAsInkiOjAsIm1pblciOjEyLCJtaW5IIjozLCJtYXhIIjo0fSx7ImkiOiJhZG1pc3Npb25CeVNleCIsInciOjEyLCJoIjozLCJ4IjowLCJ5IjowLCJtaW5XIjoxMiwibWluSCI6MywibWF4SCI6NH0seyJpIjoiYWRtaXNzaW9uQnlBZ2VUeXBlIiwidyI6MTIsImgiOjMsIngiOjAsInkiOjAsIm1pblciOjEyLCJtaW5IIjozLCJtYXhIIjo0fSx7ImkiOiJhZG1pc3Npb25CeVdhcmQiLCJ3IjoxMiwiaCI6MywieCI6MCwieSI6MCwibWluVyI6MTIsIm1pbkgiOjMsIm1heEgiOjR9LHsiaSI6ImFkbWlzc2lvbkJ5VHlwZSIsInciOjEyLCJoIjozLCJ4IjowLCJ5IjowLCJtaW5XIjoxMiwibWluSCI6MywibWF4SCI6NH1dfSwidG9vbGJveCI6eyJsZyI6W3siaSI6ImRpc2NoYXJnZUJ5U2V4IiwidyI6NCwiaCI6MywieCI6OCwieSI6MCwibWluVyI6MywibWluSCI6MywibWF4SCI6NX0seyJpIjoiZGlzY2hhcmdlQnlBZ2VUeXBlIiwidyI6NCwiaCI6MywieCI6NCwieSI6MiwibWluVyI6MywibWluSCI6MywibWF4SCI6NX0seyJpIjoiZGlzY2hhcmdlQnlXYXJkIiwidyI6NCwiaCI6MywieCI6MCwieSI6MCwibWluVyI6MywibWluSCI6MywibWF4SCI6NX0seyJpIjoiZGlzY2hhcmdlQnlUeXBlIiwidyI6NCwiaCI6MywieCI6OCwieSI6MiwibWluVyI6MywibWluSCI6MywibWF4SCI6NX1dLCJtZCI6W3siaSI6ImRpc2NoYXJnZUJ5U2V4IiwidyI6NiwiaCI6MywieCI6MCwieSI6MCwibWluVyI6NCwibWluSCI6MywibWF4SCI6NH0seyJpIjoiZGlzY2hhcmdlQnlBZ2VUeXBlIiwidyI6NiwiaCI6MywieCI6NiwieSI6MiwibWluVyI6NCwibWluSCI6MywibWF4SCI6NH0seyJpIjoiZGlzY2hhcmdlQnlXYXJkIiwidyI6NiwiaCI6MywieCI6MCwieSI6MCwibWluVyI6NCwibWluSCI6MywibWF4SCI6NH0seyJpIjoiZGlzY2hhcmdlQnlUeXBlIiwidyI6NiwiaCI6MywieCI6NiwieSI6MiwibWluVyI6NCwibWluSCI6MywibWF4SCI6NH1dLCJzbSI6W3siaSI6ImRpc2NoYXJnZUJ5U2V4IiwidyI6NiwiaCI6MywieCI6MCwieSI6MCwibWluVyI6NiwibWluSCI6MywibWF4SCI6NH0seyJpIjoiZGlzY2hhcmdlQnlBZ2VUeXBlIiwidyI6NiwiaCI6MywieCI6NiwieSI6MiwibWluVyI6NiwibWluSCI6MywibWF4SCI6NH0seyJpIjoiZGlzY2hhcmdlQnlXYXJkIiwidyI6NiwiaCI6MywieCI6MCwieSI6MCwibWluVyI6NiwibWluSCI6MywibWF4SCI6NH0seyJpIjoiZGlzY2hhcmdlQnlUeXBlIiwidyI6NiwiaCI6MywieCI6NiwieSI6MiwibWluVyI6NiwibWluSCI6MywibWF4SCI6NH1dLCJ4cyI6W3siaSI6ImRpc2NoYXJnZUJ5U2V4IiwidyI6NiwiaCI6MywieCI6MCwieSI6MCwibWluVyI6NiwibWluSCI6MywibWF4SCI6NH0seyJpIjoiZGlzY2hhcmdlQnlBZ2VUeXBlIiwidyI6NiwiaCI6MywieCI6NiwieSI6MiwibWluVyI6NiwibWluSCI6MywibWF4SCI6NH0seyJpIjoiZGlzY2hhcmdlQnlXYXJkIiwidyI6NiwiaCI6MywieCI6MCwieSI6MCwibWluVyI6NiwibWluSCI6MywibWF4SCI6NH0seyJpIjoiZGlzY2hhcmdlQnlUeXBlIiwidyI6NiwiaCI6MywieCI6NiwieSI6MiwibWluVyI6NiwibWluSCI6MywibWF4SCI6NH1dLCJ4eHMiOlt7ImkiOiJkaXNjaGFyZ2VCeVNleCIsInciOjEyLCJoIjozLCJ4IjowLCJ5IjowLCJtaW5XIjoxMiwibWluSCI6MywibWF4SCI6NH0seyJpIjoiZGlzY2hhcmdlQnlBZ2VUeXBlIiwidyI6MTIsImgiOjMsIngiOjAsInkiOjIsIm1pblciOjEyLCJtaW5IIjozLCJtYXhIIjo0fSx7ImkiOiJkaXNjaGFyZ2VCeVdhcmQiLCJ3IjoxMiwiaCI6MywieCI6MCwieSI6MCwibWluVyI6MTIsIm1pbkgiOjMsIm1heEgiOjR9LHsiaSI6ImRpc2NoYXJnZUJ5VHlwZSIsInciOjEyLCJoIjozLCJ4IjowLCJ5IjoyLCJtaW5XIjoxMiwibWluSCI6MywibWF4SCI6NH1dfX0=','admin','2023-10-24 11:47:33',NULL,NULL,1),(3,'doctor','dashboard','eyJsYXlvdXQiOnsibGciOlt7InciOjQsImgiOjMsIngiOjgsInkiOjAsImkiOiJvcGRCeUFnZVR5cGUiLCJtaW5XIjozLCJtaW5IIjozLCJtYXhIIjo1LCJtb3ZlZCI6ZmFsc2UsInN0YXRpYyI6ZmFsc2V9LHsidyI6NCwiaCI6MywieCI6NCwieSI6MCwiaSI6Im9wZEJ5U2V4IiwibWluVyI6MywibWluSCI6MywibWF4SCI6NSwibW92ZWQiOmZhbHNlLCJzdGF0aWMiOmZhbHNlfSx7InciOjQsImgiOjMsIngiOjAsInkiOjAsImkiOiJhZG1pc3Npb25CeVNleCIsIm1pblciOjMsIm1pbkgiOjMsIm1heEgiOjUsIm1vdmVkIjpmYWxzZSwic3RhdGljIjpmYWxzZX0seyJ3Ijo0LCJoIjozLCJ4Ijo4LCJ5IjozLCJpIjoiYWRtaXNzaW9uQnlBZ2VUeXBlIiwibWluVyI6MywibWluSCI6MywibWF4SCI6NSwibW92ZWQiOmZhbHNlLCJzdGF0aWMiOmZhbHNlfSx7InciOjQsImgiOjMsIngiOjAsInkiOjMsImkiOiJhZG1pc3Npb25CeVdhcmQiLCJtaW5XIjozLCJtaW5IIjozLCJtYXhIIjo1LCJtb3ZlZCI6ZmFsc2UsInN0YXRpYyI6ZmFsc2V9LHsidyI6NCwiaCI6MywieCI6NCwieSI6MywiaSI6ImFkbWlzc2lvbkJ5VHlwZSIsIm1pblciOjMsIm1pbkgiOjMsIm1heEgiOjUsIm1vdmVkIjpmYWxzZSwic3RhdGljIjpmYWxzZX1dLCJtZCI6W3siaSI6Im9wZEJ5QWdlVHlwZSIsInciOjYsImgiOjMsIngiOjAsInkiOjAsIm1pblciOjQsIm1pbkgiOjMsIm1heEgiOjR9LHsiaSI6Im9wZEJ5U2V4IiwidyI6NiwiaCI6MywieCI6MCwieSI6MCwibWluVyI6NCwibWluSCI6MywibWF4SCI6NH0seyJpIjoiYWRtaXNzaW9uQnlTZXgiLCJ3Ijo2LCJoIjozLCJ4IjowLCJ5IjowLCJtaW5XIjo0LCJtaW5IIjozLCJtYXhIIjo0fSx7ImkiOiJhZG1pc3Npb25CeUFnZVR5cGUiLCJ3Ijo2LCJoIjozLCJ4IjowLCJ5IjowLCJtaW5XIjo0LCJtaW5IIjozLCJtYXhIIjo0fSx7ImkiOiJhZG1pc3Npb25CeVdhcmQiLCJ3Ijo2LCJoIjozLCJ4IjowLCJ5IjowLCJtaW5XIjo0LCJtaW5IIjozLCJtYXhIIjo0fSx7ImkiOiJhZG1pc3Npb25CeVR5cGUiLCJ3Ijo2LCJoIjozLCJ4IjowLCJ5IjowLCJtaW5XIjo0LCJtaW5IIjozLCJtYXhIIjo0fV0sInNtIjpbeyJpIjoib3BkQnlBZ2VUeXBlIiwidyI6NiwiaCI6MywieCI6MCwieSI6MCwibWluVyI6NiwibWluSCI6MywibWF4SCI6NH0seyJpIjoib3BkQnlTZXgiLCJ3Ijo2LCJoIjozLCJ4IjowLCJ5IjowLCJtaW5XIjo2LCJtaW5IIjozLCJtYXhIIjo0fSx7ImkiOiJhZG1pc3Npb25CeVNleCIsInciOjYsImgiOjMsIngiOjAsInkiOjAsIm1pblciOjYsIm1pbkgiOjMsIm1heEgiOjR9LHsiaSI6ImFkbWlzc2lvbkJ5QWdlVHlwZSIsInciOjYsImgiOjMsIngiOjAsInkiOjAsIm1pblciOjYsIm1pbkgiOjMsIm1heEgiOjR9LHsiaSI6ImFkbWlzc2lvbkJ5V2FyZCIsInciOjYsImgiOjMsIngiOjAsInkiOjAsIm1pblciOjYsIm1pbkgiOjMsIm1heEgiOjR9LHsiaSI6ImFkbWlzc2lvbkJ5VHlwZSIsInciOjYsImgiOjMsIngiOjAsInkiOjAsIm1pblciOjYsIm1pbkgiOjMsIm1heEgiOjR9XSwieHMiOlt7ImkiOiJvcGRCeUFnZVR5cGUiLCJ3Ijo2LCJoIjozLCJ4IjowLCJ5IjowLCJtaW5XIjo2LCJtaW5IIjozLCJtYXhIIjo0fSx7ImkiOiJvcGRCeVNleCIsInciOjYsImgiOjMsIngiOjAsInkiOjAsIm1pblciOjYsIm1pbkgiOjMsIm1heEgiOjR9LHsiaSI6ImFkbWlzc2lvbkJ5U2V4IiwidyI6NiwiaCI6MywieCI6MCwieSI6MCwibWluVyI6NiwibWluSCI6MywibWF4SCI6NH0seyJpIjoiYWRtaXNzaW9uQnlBZ2VUeXBlIiwidyI6NiwiaCI6MywieCI6MCwieSI6MCwibWluVyI6NiwibWluSCI6MywibWF4SCI6NH0seyJpIjoiYWRtaXNzaW9uQnlXYXJkIiwidyI6NiwiaCI6MywieCI6MCwieSI6MCwibWluVyI6NiwibWluSCI6MywibWF4SCI6NH0seyJpIjoiYWRtaXNzaW9uQnlUeXBlIiwidyI6NiwiaCI6MywieCI6MCwieSI6MCwibWluVyI6NiwibWluSCI6MywibWF4SCI6NH1dLCJ4eHMiOlt7ImkiOiJvcGRCeUFnZVR5cGUiLCJ3IjoxMiwiaCI6MywieCI6MCwieSI6MCwibWluVyI6MTIsIm1pbkgiOjMsIm1heEgiOjR9LHsiaSI6Im9wZEJ5U2V4IiwidyI6MTIsImgiOjMsIngiOjAsInkiOjAsIm1pblciOjEyLCJtaW5IIjozLCJtYXhIIjo0fSx7ImkiOiJhZG1pc3Npb25CeVNleCIsInciOjEyLCJoIjozLCJ4IjowLCJ5IjowLCJtaW5XIjoxMiwibWluSCI6MywibWF4SCI6NH0seyJpIjoiYWRtaXNzaW9uQnlBZ2VUeXBlIiwidyI6MTIsImgiOjMsIngiOjAsInkiOjAsIm1pblciOjEyLCJtaW5IIjozLCJtYXhIIjo0fSx7ImkiOiJhZG1pc3Npb25CeVdhcmQiLCJ3IjoxMiwiaCI6MywieCI6MCwieSI6MCwibWluVyI6MTIsIm1pbkgiOjMsIm1heEgiOjR9LHsiaSI6ImFkbWlzc2lvbkJ5VHlwZSIsInciOjEyLCJoIjozLCJ4IjowLCJ5IjowLCJtaW5XIjoxMiwibWluSCI6MywibWF4SCI6NH1dfSwidG9vbGJveCI6eyJsZyI6W3siaSI6ImRpc2NoYXJnZUJ5U2V4IiwidyI6NCwiaCI6MywieCI6OCwieSI6MCwibWluVyI6MywibWluSCI6MywibWF4SCI6NX0seyJpIjoiZGlzY2hhcmdlQnlBZ2VUeXBlIiwidyI6NCwiaCI6MywieCI6NCwieSI6MiwibWluVyI6MywibWluSCI6MywibWF4SCI6NX0seyJpIjoiZGlzY2hhcmdlQnlXYXJkIiwidyI6NCwiaCI6MywieCI6MCwieSI6MCwibWluVyI6MywibWluSCI6MywibWF4SCI6NX0seyJpIjoiZGlzY2hhcmdlQnlUeXBlIiwidyI6NCwiaCI6MywieCI6OCwieSI6MiwibWluVyI6MywibWluSCI6MywibWF4SCI6NX1dLCJtZCI6W3siaSI6ImRpc2NoYXJnZUJ5U2V4IiwidyI6NiwiaCI6MywieCI6MCwieSI6MCwibWluVyI6NCwibWluSCI6MywibWF4SCI6NH0seyJpIjoiZGlzY2hhcmdlQnlBZ2VUeXBlIiwidyI6NiwiaCI6MywieCI6NiwieSI6MiwibWluVyI6NCwibWluSCI6MywibWF4SCI6NH0seyJpIjoiZGlzY2hhcmdlQnlXYXJkIiwidyI6NiwiaCI6MywieCI6MCwieSI6MCwibWluVyI6NCwibWluSCI6MywibWF4SCI6NH0seyJpIjoiZGlzY2hhcmdlQnlUeXBlIiwidyI6NiwiaCI6MywieCI6NiwieSI6MiwibWluVyI6NCwibWluSCI6MywibWF4SCI6NH1dLCJzbSI6W3siaSI6ImRpc2NoYXJnZUJ5U2V4IiwidyI6NiwiaCI6MywieCI6MCwieSI6MCwibWluVyI6NiwibWluSCI6MywibWF4SCI6NH0seyJpIjoiZGlzY2hhcmdlQnlBZ2VUeXBlIiwidyI6NiwiaCI6MywieCI6NiwieSI6MiwibWluVyI6NiwibWluSCI6MywibWF4SCI6NH0seyJpIjoiZGlzY2hhcmdlQnlXYXJkIiwidyI6NiwiaCI6MywieCI6MCwieSI6MCwibWluVyI6NiwibWluSCI6MywibWF4SCI6NH0seyJpIjoiZGlzY2hhcmdlQnlUeXBlIiwidyI6NiwiaCI6MywieCI6NiwieSI6MiwibWluVyI6NiwibWluSCI6MywibWF4SCI6NH1dLCJ4cyI6W3siaSI6ImRpc2NoYXJnZUJ5U2V4IiwidyI6NiwiaCI6MywieCI6MCwieSI6MCwibWluVyI6NiwibWluSCI6MywibWF4SCI6NH0seyJpIjoiZGlzY2hhcmdlQnlBZ2VUeXBlIiwidyI6NiwiaCI6MywieCI6NiwieSI6MiwibWluVyI6NiwibWluSCI6MywibWF4SCI6NH0seyJpIjoiZGlzY2hhcmdlQnlXYXJkIiwidyI6NiwiaCI6MywieCI6MCwieSI6MCwibWluVyI6NiwibWluSCI6MywibWF4SCI6NH0seyJpIjoiZGlzY2hhcmdlQnlUeXBlIiwidyI6NiwiaCI6MywieCI6NiwieSI6MiwibWluVyI6NiwibWluSCI6MywibWF4SCI6NH1dLCJ4eHMiOlt7ImkiOiJkaXNjaGFyZ2VCeVNleCIsInciOjEyLCJoIjozLCJ4IjowLCJ5IjowLCJtaW5XIjoxMiwibWluSCI6MywibWF4SCI6NH0seyJpIjoiZGlzY2hhcmdlQnlBZ2VUeXBlIiwidyI6MTIsImgiOjMsIngiOjAsInkiOjIsIm1pblciOjEyLCJtaW5IIjozLCJtYXhIIjo0fSx7ImkiOiJkaXNjaGFyZ2VCeVdhcmQiLCJ3IjoxMiwiaCI6MywieCI6MCwieSI6MCwibWluVyI6MTIsIm1pbkgiOjMsIm1heEgiOjR9LHsiaSI6ImRpc2NoYXJnZUJ5VHlwZSIsInciOjEyLCJoIjozLCJ4IjowLCJ5IjoyLCJtaW5XIjoxMiwibWluSCI6MywibWF4SCI6NH1dfX0=','admin','2023-10-24 11:47:33',NULL,NULL,1),(4,'laboratorist','landing','/laboratory','admin','2023-10-24 11:47:33',NULL,NULL,1);
/*!40000 ALTER TABLE `oh_user_settings` ENABLE KEYS */;
UNLOCK TABLES;

--
-- Table structure for table `oh_usergroup`
--

DROP TABLE IF EXISTS `oh_usergroup`;
/*!40101 SET @saved_cs_client     = @@character_set_client */;
/*!40101 SET character_set_client = utf8 */;
CREATE TABLE `oh_usergroup` (
  `UG_ID_A` varchar(50) NOT NULL DEFAULT '',
  `UG_DESC` varchar(128) DEFAULT NULL,
  `UG_CREATED_BY` varchar(50) DEFAULT NULL,
  `UG_CREATED_DATE` datetime DEFAULT NULL,
  `UG_LAST_MODIFIED_BY` varchar(50) DEFAULT NULL,
  `UG_LAST_MODIFIED_DATE` datetime DEFAULT NULL,
  `UG_ACTIVE` tinyint(1) NOT NULL DEFAULT 1,
  PRIMARY KEY (`UG_ID_A`),
  KEY `FK_USERGROUP_CREATED_BY_IDX` (`UG_CREATED_BY`),
  KEY `FK_USERGROUP_LAST_MODIFIED_BY_IDX` (`UG_LAST_MODIFIED_BY`),
  CONSTRAINT `FK_USERGROUP_CREATED_BY` FOREIGN KEY (`UG_CREATED_BY`) REFERENCES `oh_user` (`US_ID_A`) ON DELETE NO ACTION ON UPDATE NO ACTION,
  CONSTRAINT `FK_USERGROUP_LAST_MODIFIED_BY` FOREIGN KEY (`UG_LAST_MODIFIED_BY`) REFERENCES `oh_user` (`US_ID_A`) ON DELETE NO ACTION ON UPDATE NO ACTION
) ENGINE=InnoDB DEFAULT CHARSET=utf8mb3 COLLATE=utf8mb3_general_ci;
/*!40101 SET character_set_client = @saved_cs_client */;

--
-- Dumping data for table `oh_usergroup`
--

LOCK TABLES `oh_usergroup` WRITE;
/*!40000 ALTER TABLE `oh_usergroup` DISABLE KEYS */;
INSERT INTO `oh_usergroup` (`UG_ID_A`, `UG_DESC`, `UG_CREATED_BY`, `UG_CREATED_DATE`, `UG_LAST_MODIFIED_BY`, `UG_LAST_MODIFIED_DATE`, `UG_ACTIVE`) VALUES ('admin','USER with all the privileges',NULL,NULL,NULL,NULL,1),('doctor','Access everywhere except the laboratory',NULL,NULL,NULL,NULL,1),('guest','Read Only Users',NULL,NULL,NULL,NULL,1),('laboratorist','Access only laboratory',NULL,NULL,NULL,NULL,1);
/*!40000 ALTER TABLE `oh_usergroup` ENABLE KEYS */;
UNLOCK TABLES;

--
-- Table structure for table `oh_vaccine`
--

DROP TABLE IF EXISTS `oh_vaccine`;
/*!40101 SET @saved_cs_client     = @@character_set_client */;
/*!40101 SET character_set_client = utf8 */;
CREATE TABLE `oh_vaccine` (
  `VAC_ID_A` varchar(10) NOT NULL,
  `VAC_DESC` varchar(50) NOT NULL,
  `VAC_VACT_ID_A` char(1) NOT NULL,
  `VAC_LOCK` int(11) NOT NULL DEFAULT 0,
  `VAC_CREATED_BY` varchar(50) DEFAULT NULL,
  `VAC_CREATED_DATE` datetime DEFAULT NULL,
  `VAC_LAST_MODIFIED_BY` varchar(50) DEFAULT NULL,
  `VAC_LAST_MODIFIED_DATE` datetime DEFAULT NULL,
  `VAC_ACTIVE` tinyint(1) NOT NULL DEFAULT 1,
  PRIMARY KEY (`VAC_ID_A`),
  KEY `FK_VACCINE_VACCINETYPE` (`VAC_VACT_ID_A`),
  KEY `FK_VACCINE_CREATED_BY_IDX` (`VAC_CREATED_BY`),
  KEY `FK_VACCINE_LAST_MODIFIED_BY_IDX` (`VAC_LAST_MODIFIED_BY`),
  CONSTRAINT `FK_VACCINE_CREATED_BY` FOREIGN KEY (`VAC_CREATED_BY`) REFERENCES `oh_user` (`US_ID_A`) ON DELETE NO ACTION ON UPDATE NO ACTION,
  CONSTRAINT `FK_VACCINE_LAST_MODIFIED_BY` FOREIGN KEY (`VAC_LAST_MODIFIED_BY`) REFERENCES `oh_user` (`US_ID_A`) ON DELETE NO ACTION ON UPDATE NO ACTION,
  CONSTRAINT `FK_VACCINE_VACCINETYPE` FOREIGN KEY (`VAC_VACT_ID_A`) REFERENCES `oh_vaccinetype` (`VACT_ID_A`) ON DELETE NO ACTION ON UPDATE CASCADE
) ENGINE=InnoDB DEFAULT CHARSET=utf8mb3 COLLATE=utf8mb3_general_ci;
/*!40101 SET character_set_client = @saved_cs_client */;

--
-- Dumping data for table `oh_vaccine`
--

LOCK TABLES `oh_vaccine` WRITE;
/*!40000 ALTER TABLE `oh_vaccine` DISABLE KEYS */;
INSERT INTO `oh_vaccine` (`VAC_ID_A`, `VAC_DESC`, `VAC_VACT_ID_A`, `VAC_LOCK`, `VAC_CREATED_BY`, `VAC_CREATED_DATE`, `VAC_LAST_MODIFIED_BY`, `VAC_LAST_MODIFIED_DATE`, `VAC_ACTIVE`) VALUES ('1','BCG','C',0,NULL,NULL,NULL,NULL,0),('10','TT VACCINE DOSE 1','P',0,NULL,NULL,NULL,NULL,0),('11','TT VACCINE DOSE 2','P',0,NULL,NULL,NULL,NULL,0),('12','TT VACCINE DOSE 3','P',0,NULL,NULL,NULL,NULL,0),('13','TT VACCINE DOSE 4','P',0,NULL,NULL,NULL,NULL,0),('14','TT VACCINE DOSE 5','P',0,NULL,NULL,NULL,NULL,0),('15','TT VACCINE DOSE 2','N',0,NULL,NULL,NULL,NULL,0),('16','TT VACCINE DOSE 3','N',0,NULL,NULL,NULL,NULL,0),('17','TT VACCINE DOSE 4','N',0,NULL,NULL,NULL,NULL,0),('18','TT VACCINE DOSE 5','N',0,NULL,NULL,NULL,NULL,0),('2','POLIO 0 C','C',0,NULL,NULL,NULL,NULL,0),('3','POLIO 1 C','C',0,NULL,NULL,NULL,NULL,0),('4','POLIO 2 C','C',0,NULL,NULL,NULL,NULL,0),('5','POLIO 3 C','C',0,NULL,NULL,NULL,NULL,0),('6','DPT 1 - HepB + Hib 1','C',0,NULL,NULL,NULL,NULL,0),('7','DPT 2 - HepB + Hib 1','C',0,NULL,NULL,NULL,NULL,0),('8','DPT 3 - HepB + Hib 1','C',0,NULL,NULL,NULL,NULL,0),('9','MEASLES','C',0,NULL,NULL,NULL,NULL,0);
/*!40000 ALTER TABLE `oh_vaccine` ENABLE KEYS */;
UNLOCK TABLES;

--
-- Table structure for table `oh_vaccinetype`
--

DROP TABLE IF EXISTS `oh_vaccinetype`;
/*!40101 SET @saved_cs_client     = @@character_set_client */;
/*!40101 SET character_set_client = utf8 */;
CREATE TABLE `oh_vaccinetype` (
  `VACT_ID_A` char(1) NOT NULL,
  `VACT_DESC` varchar(50) NOT NULL,
  `VACT_CREATED_BY` varchar(50) DEFAULT NULL,
  `VACT_CREATED_DATE` datetime DEFAULT NULL,
  `VACT_LAST_MODIFIED_BY` varchar(50) DEFAULT NULL,
  `VACT_LAST_MODIFIED_DATE` datetime DEFAULT NULL,
  `VACT_ACTIVE` tinyint(1) NOT NULL DEFAULT 1,
  PRIMARY KEY (`VACT_ID_A`),
  KEY `FK_VACCINETYPE_CREATED_BY_IDX` (`VACT_CREATED_BY`),
  KEY `FK_VACCINETYPE_LAST_MODIFIED_BY_IDX` (`VACT_LAST_MODIFIED_BY`),
  CONSTRAINT `FK_VACCINETYPE_CREATED_BY` FOREIGN KEY (`VACT_CREATED_BY`) REFERENCES `oh_user` (`US_ID_A`) ON DELETE NO ACTION ON UPDATE NO ACTION,
  CONSTRAINT `FK_VACCINETYPE_LAST_MODIFIED_BY` FOREIGN KEY (`VACT_LAST_MODIFIED_BY`) REFERENCES `oh_user` (`US_ID_A`) ON DELETE NO ACTION ON UPDATE NO ACTION
) ENGINE=InnoDB DEFAULT CHARSET=utf8mb3 COLLATE=utf8mb3_general_ci;
/*!40101 SET character_set_client = @saved_cs_client */;

--
-- Dumping data for table `oh_vaccinetype`
--

LOCK TABLES `oh_vaccinetype` WRITE;
/*!40000 ALTER TABLE `oh_vaccinetype` DISABLE KEYS */;
INSERT INTO `oh_vaccinetype` (`VACT_ID_A`, `VACT_DESC`, `VACT_CREATED_BY`, `VACT_CREATED_DATE`, `VACT_LAST_MODIFIED_BY`, `VACT_LAST_MODIFIED_DATE`, `VACT_ACTIVE`) VALUES ('C','Child',NULL,NULL,NULL,NULL,0),('N','No pregnant',NULL,NULL,NULL,NULL,0),('P','Pregnant',NULL,NULL,NULL,NULL,0);
/*!40000 ALTER TABLE `oh_vaccinetype` ENABLE KEYS */;
UNLOCK TABLES;

--
-- Table structure for table `oh_version`
--

DROP TABLE IF EXISTS `oh_version`;
/*!40101 SET @saved_cs_client     = @@character_set_client */;
/*!40101 SET character_set_client = utf8 */;
CREATE TABLE `oh_version` (
  `VER_MAJOR` int(11) NOT NULL,
  `VER_MINOR` int(11) NOT NULL,
  `VER_SOURCE` longblob DEFAULT NULL,
  `VER_DATE` datetime NOT NULL,
  `VER_CURRENT` char(1) NOT NULL DEFAULT 'N',
  PRIMARY KEY (`VER_MAJOR`,`VER_MINOR`)
) ENGINE=InnoDB DEFAULT CHARSET=utf8mb3 COLLATE=utf8mb3_general_ci;
/*!40101 SET character_set_client = @saved_cs_client */;

--
-- Dumping data for table `oh_version`
--

LOCK TABLES `oh_version` WRITE;
/*!40000 ALTER TABLE `oh_version` DISABLE KEYS */;
/*!40000 ALTER TABLE `oh_version` ENABLE KEYS */;
UNLOCK TABLES;

--
-- Table structure for table `oh_visits`
--

DROP TABLE IF EXISTS `oh_visits`;
/*!40101 SET @saved_cs_client     = @@character_set_client */;
/*!40101 SET character_set_client = utf8 */;
CREATE TABLE `oh_visits` (
  `VST_ID` int(11) NOT NULL AUTO_INCREMENT,
  `VST_PAT_ID` int(11) NOT NULL,
  `VST_DATE` datetime NOT NULL,
  `VST_NOTE` text DEFAULT NULL,
  `VST_SMS` tinyint(1) DEFAULT 0,
  `VST_CREATED_BY` varchar(50) DEFAULT NULL,
  `VST_CREATED_DATE` datetime DEFAULT NULL,
  `VST_LAST_MODIFIED_BY` varchar(50) DEFAULT NULL,
  `VST_LAST_MODIFIED_DATE` datetime DEFAULT NULL,
  `VST_ACTIVE` tinyint(1) NOT NULL DEFAULT 1,
  `VST_WRD_ID_A` char(3) NOT NULL,
  `VST_DURATION` int(11) DEFAULT NULL,
  `VST_SERVICE` varchar(45) DEFAULT NULL,
  PRIMARY KEY (`VST_ID`),
  KEY `FK_VISITS_PATIENT` (`VST_PAT_ID`),
  KEY `FK_VISITS_WARD_idx` (`VST_WRD_ID_A`),
  KEY `FK_VISITS_CREATED_BY_IDX` (`VST_CREATED_BY`),
  KEY `FK_VISITS_LAST_MODIFIED_BY_IDX` (`VST_LAST_MODIFIED_BY`),
  CONSTRAINT `FK_VISITS_CREATED_BY` FOREIGN KEY (`VST_CREATED_BY`) REFERENCES `oh_user` (`US_ID_A`) ON DELETE NO ACTION ON UPDATE NO ACTION,
  CONSTRAINT `FK_VISITS_LAST_MODIFIED_BY` FOREIGN KEY (`VST_LAST_MODIFIED_BY`) REFERENCES `oh_user` (`US_ID_A`) ON DELETE NO ACTION ON UPDATE NO ACTION,
  CONSTRAINT `FK_VISITS_PATIENT` FOREIGN KEY (`VST_PAT_ID`) REFERENCES `oh_patient` (`PAT_ID`) ON DELETE CASCADE ON UPDATE CASCADE,
  CONSTRAINT `FK_VISITS_WARD` FOREIGN KEY (`VST_WRD_ID_A`) REFERENCES `oh_ward` (`WRD_ID_A`) ON DELETE NO ACTION ON UPDATE NO ACTION
) ENGINE=InnoDB AUTO_INCREMENT=29 DEFAULT CHARSET=utf8mb3 COLLATE=utf8mb3_general_ci;
/*!40101 SET character_set_client = @saved_cs_client */;

--
-- Dumping data for table `oh_visits`
--

LOCK TABLES `oh_visits` WRITE;
/*!40000 ALTER TABLE `oh_visits` DISABLE KEYS */;
INSERT INTO `oh_visits` (`VST_ID`, `VST_PAT_ID`, `VST_DATE`, `VST_NOTE`, `VST_SMS`, `VST_CREATED_BY`, `VST_CREATED_DATE`, `VST_LAST_MODIFIED_BY`, `VST_LAST_MODIFIED_DATE`, `VST_ACTIVE`, `VST_WRD_ID_A`, `VST_DURATION`, `VST_SERVICE`) VALUES (1,59,'2022-11-20 00:01:22',NULL,0,'admin','2022-11-20 00:01:33','admin','2022-11-20 00:01:33',1,'C',30,''),(2,295,'2022-11-21 02:06:25',NULL,0,'admin','2022-11-20 02:07:17','admin','2022-11-20 02:07:17',1,'I',60,'Visit'),(3,467,'2022-11-21 02:32:28',NULL,0,'admin','2022-11-20 02:32:43','admin','2022-11-20 02:32:43',1,'I',60,''),(4,61,'2022-11-20 19:56:34',NULL,0,'admin','2022-11-20 19:58:51','admin','2022-11-20 19:58:51',1,'F',100,''),(5,53,'2022-11-20 19:56:34',NULL,0,'admin','2022-11-20 20:01:46','admin','2022-11-20 20:01:46',1,'F',30,''),(6,57,'2022-11-20 20:06:53',NULL,0,'admin','2022-11-20 20:07:05','admin','2022-11-20 20:07:05',1,'F',30,''),(7,307,'2022-11-28 23:30:08',NULL,0,'admin','2022-11-20 23:30:10','admin','2022-11-20 23:30:10',1,'OPD',15,''),(8,83,'2022-11-21 02:04:43',NULL,0,'admin','2022-11-21 02:04:51','admin','2022-11-21 02:04:51',1,'F',30,''),(9,299,'2022-11-21 02:04:43',NULL,0,'admin','2022-11-21 02:04:58','admin','2022-11-21 02:04:58',1,'F',30,''),(10,54,'2022-11-21 02:22:51',NULL,0,'admin','2022-11-21 02:23:14','admin','2022-11-21 02:23:14',1,'C',180,''),(11,373,'2022-11-22 22:05:45',NULL,0,'admin','2022-11-21 22:06:13','admin','2022-11-21 22:06:13',1,'F',120,''),(12,97,'2022-11-23 02:37:13',NULL,0,'admin','2022-11-22 02:37:30','admin','2022-11-22 02:37:30',1,'F',30,''),(13,408,'2021-07-06 11:10:00',NULL,0,'admin','2021-03-15 01:11:44','admin','2021-03-15 01:11:44',1,'F',60,'Visit'),(14,284,'2021-06-18 14:30:00',NULL,0,'admin','2021-03-15 01:12:20','admin','2021-03-15 01:12:20',1,'I',45,'Visit'),(15,528,'2021-05-09 18:10:00',NULL,0,'admin','2021-03-15 01:18:32','admin','2021-03-15 01:18:32',1,'F',30,''),(16,529,'2021-03-15 12:31:10',NULL,0,'admin','2021-03-15 12:31:17','admin','2021-03-15 12:31:17',1,'F',30,''),(17,257,'2021-05-19 10:30:00',NULL,0,'admin','2021-03-15 12:32:07','admin','2021-03-15 12:32:07',1,'F',45,'Visit'),(18,504,'2021-05-27 12:10:00',NULL,0,'admin','2021-03-15 14:44:07','admin','2021-03-15 14:44:07',1,'M',30,'Control visit'),(19,114,'2021-07-02 12:40:00',NULL,0,'admin','2021-03-15 14:44:52','admin','2021-03-15 14:44:52',1,'M',40,'Visit'),(20,531,'2021-08-27 15:36:13',NULL,0,'admin','2021-08-17 15:36:19','admin','2021-08-17 15:36:19',1,'I',60,''),(21,540,'2021-11-26 18:32:12',NULL,0,'admin','2021-11-09 18:33:01','admin','2021-11-09 18:33:01',1,'F',30,''),(22,526,'2021-12-13 18:33:25',NULL,0,'admin','2021-11-09 18:33:30','admin','2021-11-09 18:33:30',1,'F',45,''),(23,533,'2023-02-04 10:00:00',NULL,0,'admin','2023-02-04 00:05:54','admin','2023-02-04 00:05:54',1,'F',30,''),(24,505,'2023-02-05 15:30:00',NULL,0,'admin','2023-02-04 00:06:05','admin','2023-02-04 00:06:05',1,'F',30,''),(25,484,'2023-02-22 16:00:00',NULL,0,'admin','2023-02-04 02:06:35','admin','2023-02-04 02:06:35',1,'I',30,''),(26,132,'2023-02-26 14:00:00',NULL,0,'admin','2023-02-04 02:06:51','admin','2023-02-04 02:06:51',1,'I',30,''),(27,549,'2023-04-05 12:00:00',NULL,0,'admin','2023-02-04 02:30:54','admin','2023-02-04 02:30:54',1,'C',30,''),(28,519,'2023-03-14 09:30:00',NULL,0,'admin','2023-02-04 02:31:08','admin','2023-02-04 02:31:08',1,'C',30,'');
/*!40000 ALTER TABLE `oh_visits` ENABLE KEYS */;
UNLOCK TABLES;

--
-- Table structure for table `oh_ward`
--

DROP TABLE IF EXISTS `oh_ward`;
/*!40101 SET @saved_cs_client     = @@character_set_client */;
/*!40101 SET character_set_client = utf8 */;
CREATE TABLE `oh_ward` (
  `WRD_ID_A` char(3) NOT NULL,
  `WRD_NAME` varchar(50) NOT NULL,
  `WRD_TELE` varchar(50) DEFAULT NULL,
  `WRD_FAX` varchar(50) DEFAULT NULL,
  `WRD_EMAIL` varchar(50) DEFAULT NULL,
  `WRD_NBEDS` int(11) NOT NULL,
  `WRD_NQUA_NURS` int(11) NOT NULL,
  `WRD_NDOC` int(11) NOT NULL,
  `WRD_IS_OPD` tinyint(1) NOT NULL DEFAULT 0,
  `WRD_IS_PHARMACY` tinyint(1) NOT NULL DEFAULT 1,
  `WRD_IS_MALE` tinyint(1) NOT NULL DEFAULT 1,
  `WRD_IS_FEMALE` tinyint(1) NOT NULL DEFAULT 1,
  `WRD_VISIT_DURATION` int(11) NOT NULL DEFAULT 30,
  `WRD_LOCK` int(11) NOT NULL DEFAULT 0,
  `WRD_CREATED_BY` varchar(50) DEFAULT NULL,
  `WRD_CREATED_DATE` datetime DEFAULT NULL,
  `WRD_LAST_MODIFIED_BY` varchar(50) DEFAULT NULL,
  `WRD_LAST_MODIFIED_DATE` datetime DEFAULT NULL,
  `WRD_ACTIVE` tinyint(1) NOT NULL DEFAULT 1,
  PRIMARY KEY (`WRD_ID_A`),
  KEY `FK_WARD_CREATED_BY_IDX` (`WRD_CREATED_BY`),
  KEY `FK_WARD_LAST_MODIFIED_BY_IDX` (`WRD_LAST_MODIFIED_BY`),
  CONSTRAINT `FK_WARD_CREATED_BY` FOREIGN KEY (`WRD_CREATED_BY`) REFERENCES `oh_user` (`US_ID_A`) ON DELETE NO ACTION ON UPDATE NO ACTION,
  CONSTRAINT `FK_WARD_LAST_MODIFIED_BY` FOREIGN KEY (`WRD_LAST_MODIFIED_BY`) REFERENCES `oh_user` (`US_ID_A`) ON DELETE NO ACTION ON UPDATE NO ACTION
) ENGINE=InnoDB DEFAULT CHARSET=utf8mb3 COLLATE=utf8mb3_general_ci;
/*!40101 SET character_set_client = @saved_cs_client */;

--
-- Dumping data for table `oh_ward`
--

LOCK TABLES `oh_ward` WRITE;
/*!40000 ALTER TABLE `oh_ward` DISABLE KEYS */;
INSERT INTO `oh_ward` (`WRD_ID_A`, `WRD_NAME`, `WRD_TELE`, `WRD_FAX`, `WRD_EMAIL`, `WRD_NBEDS`, `WRD_NQUA_NURS`, `WRD_NDOC`, `WRD_IS_OPD`, `WRD_IS_PHARMACY`, `WRD_IS_MALE`, `WRD_IS_FEMALE`, `WRD_VISIT_DURATION`, `WRD_LOCK`, `WRD_CREATED_BY`, `WRD_CREATED_DATE`, `WRD_LAST_MODIFIED_BY`, `WRD_LAST_MODIFIED_DATE`, `WRD_ACTIVE`) VALUES ('C','CHILDREN WARD','219','','',35,18,2,0,1,1,1,30,3,NULL,NULL,'admin','2022-11-22 02:41:08',1),('F','FEMALE WARD','218','','',41,15,4,0,1,0,1,30,5,NULL,NULL,'admin','2022-11-22 02:45:20',1),('I','MALE WARD','210','','',53,14,4,0,1,1,0,30,3,NULL,NULL,'admin','2022-11-22 02:45:11',1),('M','MATERNITY WARD','211','','',67,19,4,0,1,0,1,30,2,NULL,NULL,'admin','2022-11-22 02:45:40',1),('OPD','OPD','212','','',0,1,1,1,1,1,1,15,0,'admin','2022-10-05 22:03:55',NULL,NULL,1);
/*!40000 ALTER TABLE `oh_ward` ENABLE KEYS */;
UNLOCK TABLES;
/*!40103 SET TIME_ZONE=@OLD_TIME_ZONE */;

/*!40101 SET SQL_MODE=@OLD_SQL_MODE */;
/*!40014 SET FOREIGN_KEY_CHECKS=@OLD_FOREIGN_KEY_CHECKS */;
/*!40014 SET UNIQUE_CHECKS=@OLD_UNIQUE_CHECKS */;
/*!40101 SET CHARACTER_SET_CLIENT=@OLD_CHARACTER_SET_CLIENT */;
/*!40101 SET CHARACTER_SET_RESULTS=@OLD_CHARACTER_SET_RESULTS */;
/*!40101 SET COLLATION_CONNECTION=@OLD_COLLATION_CONNECTION */;
/*!40111 SET SQL_NOTES=@OLD_SQL_NOTES */;

-- Dump completed on 2023-12-13 19:06:30
