-- MySQL dump 10.19  Distrib 10.2.37-MariaDB, for Linux (x86_64)
--
-- Host: localhost    Database: oh
-- ------------------------------------------------------
-- Server version	10.2.37-MariaDB

/*!40101 SET @OLD_CHARACTER_SET_CLIENT=@@CHARACTER_SET_CLIENT */;
/*!40101 SET @OLD_CHARACTER_SET_RESULTS=@@CHARACTER_SET_RESULTS */;
/*!40101 SET @OLD_COLLATION_CONNECTION=@@COLLATION_CONNECTION */;
/*!40101 SET NAMES utf8 */;
/*!40103 SET @OLD_TIME_ZONE=@@TIME_ZONE */;
/*!40103 SET TIME_ZONE='+00:00' */;
/*!40014 SET @OLD_UNIQUE_CHECKS=@@UNIQUE_CHECKS, UNIQUE_CHECKS=0 */;
/*!40014 SET @OLD_FOREIGN_KEY_CHECKS=@@FOREIGN_KEY_CHECKS, FOREIGN_KEY_CHECKS=0 */;
/*!40101 SET @OLD_SQL_MODE=@@SQL_MODE, SQL_MODE='NO_AUTO_VALUE_ON_ZERO' */;
/*!40111 SET @OLD_SQL_NOTES=@@SQL_NOTES, SQL_NOTES=0 */;

--
-- Table structure for table `admission`
--

DROP TABLE IF EXISTS `admission`;
/*!40101 SET @saved_cs_client     = @@character_set_client */;
/*!40101 SET character_set_client = utf8 */;
CREATE TABLE `admission` (
  `ADM_ID` int(11) NOT NULL AUTO_INCREMENT,
  `ADM_IN` int(11) NOT NULL DEFAULT 0,
  `ADM_TYPE` char(1) NOT NULL DEFAULT 'N',
  `ADM_WRD_ID_A` char(1) NOT NULL DEFAULT '',
  `ADM_YPROG` int(11) NOT NULL DEFAULT 0,
  `ADM_PAT_ID` int(11) NOT NULL DEFAULT 0,
  `ADM_DATE_ADM` datetime NOT NULL,
  `ADM_ADMT_ID_A_ADM` varchar(10) NOT NULL DEFAULT '',
  `ADM_FHU` varchar(50) DEFAULT NULL,
  `ADM_IN_DIS_ID_A` varchar(10) DEFAULT NULL,
  `ADM_OUT_DIS_ID_A` varchar(10) DEFAULT NULL,
  `ADM_OUT_DIS_ID_A_2` varchar(10) DEFAULT NULL,
  `ADM_OUT_DIS_ID_A_3` varchar(10) DEFAULT NULL,
  `ADM_OPE_ID_A` varchar(10) DEFAULT NULL,
  `ADM_DATE_OP` datetime DEFAULT NULL,
  `ADM_RESOP` varchar(10) DEFAULT NULL,
  `ADM_DATE_DIS` datetime DEFAULT NULL,
  `ADM_DIST_ID_A` varchar(10) DEFAULT NULL,
  `ADM_NOTE` text DEFAULT NULL,
  `ADM_TRANS` float DEFAULT 0,
  `ADM_PRG_DATE_VIS` datetime DEFAULT NULL,
  `ADM_PRG_PTT_ID_A` varchar(10) DEFAULT NULL,
  `ADM_PRG_DATE_DEL` datetime DEFAULT NULL,
  `ADM_PRG_DLT_ID_A` char(1) DEFAULT NULL,
  `ADM_PRG_DRT_ID_A` char(1) DEFAULT NULL,
  `ADM_PRG_WEIGHT` float DEFAULT NULL,
  `ADM_PRG_DATE_CTRL1` datetime DEFAULT NULL,
  `ADM_PRG_DATE_CTRL2` datetime DEFAULT NULL,
  `ADM_PRG_DATE_ABORT` datetime DEFAULT NULL,
  `ADM_USR_ID_A` varchar(50) NOT NULL DEFAULT 'admin',
  `ADM_LOCK` int(11) NOT NULL DEFAULT 0,
  `ADM_DELETED` char(1) NOT NULL DEFAULT 'N',
  `ADM_CREATED_BY` varchar(50) DEFAULT NULL,
  `ADM_CREATED_DATE` datetime DEFAULT NULL,
  `ADM_LAST_MODIFIED_BY` varchar(50) DEFAULT NULL,
  `ADM_LAST_MODIFIED_DATE` datetime DEFAULT NULL,
  `ADM_ACTIVE` tinyint(1) NOT NULL DEFAULT 1,
  PRIMARY KEY (`ADM_ID`),
  KEY `FK_ADMISSION_DISCHARGETYPE` (`ADM_DIST_ID_A`),
  KEY `FK_ADMISSION_DELIVERYTYPE` (`ADM_PRG_DLT_ID_A`),
  KEY `FK_ADMISSION_DELIVERYRESULTTYPE` (`ADM_PRG_DRT_ID_A`),
  KEY `FK_ADMISSION_ADMISSIONTYPE` (`ADM_ADMT_ID_A_ADM`),
  KEY `FK_ADMISSION_OPERATION` (`ADM_OPE_ID_A`),
  KEY `FK_ADMISSION_WARD` (`ADM_WRD_ID_A`),
  KEY `FK_ADMISSION_PREGNANTTREATMENTTYPE` (`ADM_PRG_PTT_ID_A`),
  KEY `FK_ADMISSION_IN_DISEASE` (`ADM_IN_DIS_ID_A`),
  KEY `FK_ADMISSION_OUT_DISEASE1` (`ADM_OUT_DIS_ID_A`),
  KEY `FK_ADMISSION_OUT_DISEASE2` (`ADM_OUT_DIS_ID_A_2`),
  KEY `FK_ADMISSION_OUT_DISEASE3` (`ADM_OUT_DIS_ID_A_3`),
  KEY `FK_ADMISSION_PATIENT` (`ADM_PAT_ID`),
  CONSTRAINT `FK_ADMISSION_ADMISSIONTYPE` FOREIGN KEY (`ADM_ADMT_ID_A_ADM`) REFERENCES `admissiontype` (`ADMT_ID_A`) ON DELETE NO ACTION ON UPDATE NO ACTION,
  CONSTRAINT `FK_ADMISSION_DELIVERYRESULTTYPE` FOREIGN KEY (`ADM_PRG_DRT_ID_A`) REFERENCES `deliveryresulttype` (`DRT_ID_A`) ON DELETE NO ACTION ON UPDATE NO ACTION,
  CONSTRAINT `FK_ADMISSION_DELIVERYTYPE` FOREIGN KEY (`ADM_PRG_DLT_ID_A`) REFERENCES `deliverytype` (`DLT_ID_A`) ON DELETE NO ACTION ON UPDATE NO ACTION,
  CONSTRAINT `FK_ADMISSION_DISCHARGETYPE` FOREIGN KEY (`ADM_DIST_ID_A`) REFERENCES `dischargetype` (`DIST_ID_A`) ON DELETE NO ACTION ON UPDATE NO ACTION,
  CONSTRAINT `FK_ADMISSION_IN_DISEASE` FOREIGN KEY (`ADM_IN_DIS_ID_A`) REFERENCES `disease` (`DIS_ID_A`) ON DELETE NO ACTION ON UPDATE NO ACTION,
  CONSTRAINT `FK_ADMISSION_OPERATION` FOREIGN KEY (`ADM_OPE_ID_A`) REFERENCES `operation` (`OPE_ID_A`) ON DELETE NO ACTION ON UPDATE NO ACTION,
  CONSTRAINT `FK_ADMISSION_OUT_DISEASE1` FOREIGN KEY (`ADM_OUT_DIS_ID_A`) REFERENCES `disease` (`DIS_ID_A`) ON DELETE NO ACTION ON UPDATE NO ACTION,
  CONSTRAINT `FK_ADMISSION_OUT_DISEASE2` FOREIGN KEY (`ADM_OUT_DIS_ID_A_2`) REFERENCES `disease` (`DIS_ID_A`) ON DELETE NO ACTION ON UPDATE NO ACTION,
  CONSTRAINT `FK_ADMISSION_OUT_DISEASE3` FOREIGN KEY (`ADM_OUT_DIS_ID_A_3`) REFERENCES `disease` (`DIS_ID_A`) ON DELETE NO ACTION ON UPDATE NO ACTION,
  CONSTRAINT `FK_ADMISSION_PATIENT` FOREIGN KEY (`ADM_PAT_ID`) REFERENCES `patient` (`PAT_ID`) ON DELETE CASCADE ON UPDATE CASCADE,
  CONSTRAINT `FK_ADMISSION_PREGNANTTREATMENTTYPE` FOREIGN KEY (`ADM_PRG_PTT_ID_A`) REFERENCES `pregnanttreatmenttype` (`PTT_ID_A`) ON DELETE NO ACTION ON UPDATE NO ACTION,
  CONSTRAINT `FK_ADMISSION_WARD` FOREIGN KEY (`ADM_WRD_ID_A`) REFERENCES `ward` (`WRD_ID_A`) ON DELETE NO ACTION ON UPDATE NO ACTION
) ENGINE=InnoDB AUTO_INCREMENT=508 DEFAULT CHARSET=utf8;
/*!40101 SET character_set_client = @saved_cs_client */;

--
-- Dumping data for table `admission`
--

LOCK TABLES `admission` WRITE;
/*!40000 ALTER TABLE `admission` DISABLE KEYS */;
INSERT INTO `admission` VALUES (47,1,'N','I',2,43,'2020-10-19 00:00:00','I',NULL,'15',NULL,NULL,NULL,NULL,NULL,NULL,NULL,NULL,NULL,0,NULL,NULL,NULL,NULL,NULL,NULL,NULL,NULL,NULL,'admin',0,'N',NULL,NULL,NULL,NULL,1);
INSERT INTO `admission` VALUES (48,1,'N','I',2,44,'2020-10-25 00:00:00','I',NULL,NULL,NULL,NULL,NULL,NULL,NULL,NULL,NULL,NULL,NULL,0,NULL,NULL,NULL,NULL,NULL,NULL,NULL,NULL,NULL,'admin',0,'N',NULL,NULL,NULL,NULL,1);
INSERT INTO `admission` VALUES (49,0,'N','I',837,45,'2020-10-09 00:00:00','I',NULL,'30','30',NULL,NULL,NULL,NULL,NULL,'2020-10-13 00:00:00','EQ',NULL,0,NULL,NULL,NULL,NULL,NULL,NULL,NULL,NULL,NULL,'admin',3,'N',NULL,NULL,NULL,NULL,1);
INSERT INTO `admission` VALUES (50,1,'N','I',2,46,'2020-10-20 00:00:00','I',NULL,'23',NULL,NULL,NULL,NULL,NULL,NULL,NULL,NULL,NULL,0,NULL,NULL,NULL,NULL,NULL,NULL,NULL,NULL,NULL,'admin',0,'N',NULL,NULL,NULL,NULL,1);
INSERT INTO `admission` VALUES (51,1,'N','I',2,47,'2020-10-20 00:00:00','I',NULL,'43',NULL,NULL,NULL,NULL,NULL,NULL,NULL,NULL,NULL,0,NULL,NULL,NULL,NULL,NULL,NULL,NULL,NULL,NULL,'admin',0,'N',NULL,NULL,NULL,NULL,1);
INSERT INTO `admission` VALUES (52,1,'N','I',2,48,'2020-10-20 00:00:00','I',NULL,'42',NULL,NULL,NULL,NULL,NULL,NULL,NULL,NULL,NULL,0,NULL,NULL,NULL,NULL,NULL,NULL,NULL,NULL,NULL,'admin',0,'N',NULL,NULL,NULL,NULL,1);
INSERT INTO `admission` VALUES (53,0,'N','I',840,49,'2020-10-20 00:00:00','I',NULL,'15','100',NULL,NULL,NULL,NULL,NULL,'2020-10-24 00:00:00','EQ',NULL,0,NULL,NULL,NULL,NULL,NULL,NULL,NULL,NULL,NULL,'admin',3,'N',NULL,NULL,NULL,NULL,1);
INSERT INTO `admission` VALUES (54,0,'N','I',2,50,'2020-10-20 00:00:00','I',NULL,'47','47',NULL,NULL,'20','2020-10-24 00:00:00','P','2020-10-25 00:00:00','B',NULL,0,NULL,NULL,NULL,NULL,NULL,NULL,NULL,NULL,NULL,'admin',1,'N',NULL,NULL,NULL,NULL,1);
INSERT INTO `admission` VALUES (55,1,'N','I',2,51,'2020-10-21 00:00:00','I',NULL,'47',NULL,NULL,NULL,NULL,NULL,NULL,NULL,NULL,NULL,0,NULL,NULL,NULL,NULL,NULL,NULL,NULL,NULL,NULL,'admin',0,'N',NULL,NULL,NULL,NULL,1);
INSERT INTO `admission` VALUES (56,0,'N','I',844,53,'2020-10-18 00:00:00','I',NULL,'15','39',NULL,NULL,NULL,NULL,NULL,'2020-10-22 00:00:00','D',NULL,0,NULL,NULL,NULL,NULL,NULL,NULL,NULL,NULL,NULL,'admin',2,'N',NULL,NULL,NULL,NULL,1);
INSERT INTO `admission` VALUES (57,0,'N','I',845,54,'2020-10-21 00:00:00','I',NULL,'39','39',NULL,NULL,NULL,NULL,NULL,'2020-10-24 00:00:00','EQ',NULL,0,NULL,NULL,NULL,NULL,NULL,NULL,NULL,NULL,NULL,'admin',5,'N',NULL,NULL,NULL,NULL,1);
INSERT INTO `admission` VALUES (58,0,'N','I',828,52,'2020-10-18 00:00:00','I',NULL,'15','68',NULL,NULL,NULL,NULL,NULL,'2020-10-24 00:00:00','EQ',NULL,0,NULL,NULL,NULL,NULL,NULL,NULL,NULL,NULL,NULL,'admin',2,'N',NULL,NULL,NULL,NULL,1);
INSERT INTO `admission` VALUES (59,0,'N','I',715,50,'2020-09-17 00:00:00','I',NULL,'47','95',NULL,NULL,NULL,NULL,NULL,'2020-10-04 00:00:00','EQ',NULL,0,NULL,NULL,NULL,NULL,NULL,NULL,NULL,NULL,NULL,'admin',2,'N',NULL,NULL,NULL,NULL,1);
INSERT INTO `admission` VALUES (60,0,'N','I',846,55,'2020-10-21 00:00:00','I',NULL,'18','18',NULL,NULL,NULL,NULL,NULL,'2020-10-26 00:00:00','EQ',NULL,0,NULL,NULL,NULL,NULL,NULL,NULL,NULL,NULL,NULL,'admin',1,'N',NULL,NULL,NULL,NULL,1);
INSERT INTO `admission` VALUES (61,1,'N','I',2,56,'2020-10-21 00:00:00','I',NULL,'12',NULL,NULL,NULL,NULL,NULL,NULL,NULL,NULL,NULL,0,NULL,NULL,NULL,NULL,NULL,NULL,NULL,NULL,NULL,'admin',0,'N',NULL,NULL,NULL,NULL,1);
INSERT INTO `admission` VALUES (62,0,'N','I',848,57,'2020-10-22 00:00:00','I',NULL,'15','15',NULL,NULL,'37','2020-10-23 00:00:00','P','2020-10-24 00:00:00','D',NULL,0,NULL,NULL,NULL,NULL,NULL,NULL,NULL,NULL,NULL,'admin',7,'N',NULL,NULL,NULL,NULL,1);
INSERT INTO `admission` VALUES (63,0,'N','I',849,58,'2020-10-22 00:00:00','I',NULL,'24','24',NULL,NULL,NULL,NULL,NULL,'2020-10-28 00:00:00','EQ',NULL,0,NULL,NULL,NULL,NULL,NULL,NULL,NULL,NULL,NULL,'admin',1,'N',NULL,NULL,NULL,NULL,1);
INSERT INTO `admission` VALUES (64,0,'N','I',850,59,'2020-10-23 00:00:00','I',NULL,'47','90',NULL,NULL,NULL,NULL,NULL,'2020-10-28 00:00:00','B',NULL,0,NULL,NULL,NULL,NULL,NULL,NULL,NULL,NULL,NULL,'admin',1,'N',NULL,NULL,NULL,NULL,1);
INSERT INTO `admission` VALUES (65,1,'N','I',2,60,'2020-10-23 00:00:00','I',NULL,'15',NULL,NULL,NULL,NULL,NULL,NULL,NULL,NULL,NULL,0,NULL,NULL,NULL,NULL,NULL,NULL,NULL,NULL,NULL,'admin',0,'N',NULL,NULL,NULL,NULL,1);
INSERT INTO `admission` VALUES (66,1,'N','I',2,61,'2020-10-24 00:00:00','I',NULL,'34',NULL,NULL,NULL,NULL,NULL,NULL,NULL,NULL,NULL,0,NULL,NULL,NULL,NULL,NULL,NULL,NULL,NULL,NULL,'admin',0,'N',NULL,NULL,NULL,NULL,1);
INSERT INTO `admission` VALUES (67,1,'N','I',2,62,'2020-10-24 00:00:00','I',NULL,'43',NULL,NULL,NULL,NULL,NULL,NULL,NULL,NULL,NULL,0,NULL,NULL,NULL,NULL,NULL,NULL,NULL,NULL,NULL,'admin',0,'N',NULL,NULL,NULL,NULL,1);
INSERT INTO `admission` VALUES (68,0,'N','I',854,63,'2020-10-24 00:00:00','I',NULL,'46','39',NULL,NULL,NULL,NULL,NULL,'2020-10-28 00:00:00','B',NULL,0,NULL,NULL,NULL,NULL,NULL,NULL,NULL,NULL,NULL,'admin',1,'N',NULL,NULL,NULL,NULL,1);
INSERT INTO `admission` VALUES (69,1,'N','I',2,64,'2020-10-24 00:00:00','I',NULL,'34',NULL,NULL,NULL,NULL,NULL,NULL,NULL,NULL,NULL,0,NULL,NULL,NULL,NULL,NULL,NULL,NULL,NULL,NULL,'admin',0,'N',NULL,NULL,NULL,NULL,1);
INSERT INTO `admission` VALUES (70,0,'N','I',856,65,'2020-10-24 00:00:00','I',NULL,'12','12',NULL,NULL,NULL,NULL,NULL,'2020-10-28 00:00:00','EQ',NULL,0,NULL,NULL,NULL,NULL,NULL,NULL,NULL,NULL,NULL,'admin',1,'N',NULL,NULL,NULL,NULL,1);
INSERT INTO `admission` VALUES (71,1,'N','I',2,66,'2020-10-24 00:00:00','I',NULL,'15',NULL,NULL,NULL,NULL,NULL,NULL,NULL,NULL,NULL,0,NULL,NULL,NULL,NULL,NULL,NULL,NULL,NULL,NULL,'admin',0,'N',NULL,NULL,NULL,NULL,1);
INSERT INTO `admission` VALUES (72,1,'N','I',2,67,'2020-10-24 00:00:00','I',NULL,'47',NULL,NULL,NULL,NULL,NULL,NULL,NULL,NULL,NULL,0,NULL,NULL,NULL,NULL,NULL,NULL,NULL,NULL,NULL,'admin',0,'N',NULL,NULL,NULL,NULL,1);
INSERT INTO `admission` VALUES (73,0,'N','I',859,68,'2020-10-24 00:00:00','I',NULL,'23','23',NULL,NULL,NULL,NULL,NULL,'2020-10-28 00:00:00','EQ',NULL,0,NULL,NULL,NULL,NULL,NULL,NULL,NULL,NULL,NULL,'admin',1,'N',NULL,NULL,NULL,NULL,1);
INSERT INTO `admission` VALUES (74,1,'N','I',2,69,'2020-10-25 00:00:00','I',NULL,'34',NULL,NULL,NULL,NULL,NULL,NULL,NULL,NULL,NULL,0,NULL,NULL,NULL,NULL,NULL,NULL,NULL,NULL,NULL,'admin',0,'N',NULL,NULL,NULL,NULL,1);
INSERT INTO `admission` VALUES (75,1,'N','I',2,70,'2020-10-25 00:00:00','I',NULL,'39',NULL,NULL,NULL,NULL,NULL,NULL,NULL,NULL,NULL,0,NULL,NULL,NULL,NULL,NULL,NULL,NULL,NULL,NULL,'admin',0,'N',NULL,NULL,NULL,NULL,1);
INSERT INTO `admission` VALUES (76,1,'N','I',2,71,'2020-10-25 00:00:00','I',NULL,'15',NULL,NULL,NULL,NULL,NULL,NULL,NULL,NULL,NULL,0,NULL,NULL,NULL,NULL,NULL,NULL,NULL,NULL,NULL,'admin',0,'N',NULL,NULL,NULL,NULL,1);
INSERT INTO `admission` VALUES (77,0,'N','I',2,72,'2020-10-07 00:00:00','I',NULL,'15','15',NULL,NULL,NULL,NULL,NULL,'2020-10-10 00:00:00','B',NULL,0,NULL,NULL,NULL,NULL,NULL,NULL,NULL,NULL,NULL,'admin',0,'N',NULL,NULL,NULL,NULL,1);
INSERT INTO `admission` VALUES (78,1,'N','I',2,73,'2020-10-07 00:00:00','I',NULL,'44',NULL,NULL,NULL,NULL,NULL,NULL,NULL,NULL,NULL,0,NULL,NULL,NULL,NULL,NULL,NULL,NULL,NULL,NULL,'admin',1,'N',NULL,NULL,NULL,NULL,1);
INSERT INTO `admission` VALUES (79,0,'N','F',0,74,'2020-10-01 00:00:00','I',NULL,'39','39',NULL,NULL,NULL,NULL,NULL,'2020-10-04 00:00:00','B',NULL,0,NULL,NULL,NULL,NULL,NULL,NULL,NULL,NULL,NULL,'admin',1,'N',NULL,NULL,NULL,NULL,1);
INSERT INTO `admission` VALUES (80,0,'N','F',0,75,'2020-10-01 00:00:00','I',NULL,'39','39',NULL,NULL,NULL,NULL,NULL,'2020-10-10 00:00:00','B',NULL,0,NULL,NULL,NULL,NULL,NULL,NULL,NULL,NULL,NULL,'admin',0,'N',NULL,NULL,NULL,NULL,1);
INSERT INTO `admission` VALUES (81,0,'N','F',0,76,'2020-10-03 00:00:00','I',NULL,'39','39',NULL,NULL,NULL,NULL,NULL,'2020-10-07 00:00:00','B',NULL,0,NULL,NULL,NULL,NULL,NULL,NULL,NULL,NULL,NULL,'admin',0,'N',NULL,NULL,NULL,NULL,1);
INSERT INTO `admission` VALUES (82,1,'N','F',0,77,'2020-10-26 00:00:00','I',NULL,'48',NULL,NULL,NULL,NULL,NULL,NULL,NULL,NULL,NULL,0,NULL,NULL,NULL,NULL,NULL,NULL,NULL,NULL,NULL,'admin',0,'N',NULL,NULL,NULL,NULL,1);
INSERT INTO `admission` VALUES (83,1,'N','F',0,78,'2020-10-03 00:00:00','I',NULL,'48',NULL,NULL,NULL,NULL,NULL,NULL,NULL,NULL,NULL,0,NULL,NULL,NULL,NULL,NULL,NULL,NULL,NULL,NULL,'admin',0,'N',NULL,NULL,NULL,NULL,1);
INSERT INTO `admission` VALUES (84,1,'N','F',0,79,'2020-10-04 00:00:00','I',NULL,'48',NULL,NULL,NULL,NULL,NULL,NULL,NULL,NULL,NULL,0,NULL,NULL,NULL,NULL,NULL,NULL,NULL,NULL,NULL,'admin',0,'N',NULL,NULL,NULL,NULL,1);
INSERT INTO `admission` VALUES (85,1,'N','F',0,80,'2020-10-04 00:00:00','I',NULL,'15',NULL,NULL,NULL,NULL,NULL,NULL,NULL,NULL,NULL,0,NULL,NULL,NULL,NULL,NULL,NULL,NULL,NULL,NULL,'admin',0,'N',NULL,NULL,NULL,NULL,1);
INSERT INTO `admission` VALUES (86,1,'N','F',0,81,'2020-10-04 00:00:00','I',NULL,'44',NULL,NULL,NULL,NULL,NULL,NULL,NULL,NULL,NULL,0,NULL,NULL,NULL,NULL,NULL,NULL,NULL,NULL,NULL,'admin',0,'N',NULL,NULL,NULL,NULL,1);
INSERT INTO `admission` VALUES (87,0,'N','F',0,82,'2020-10-04 00:00:00','I',NULL,'16','16',NULL,NULL,NULL,NULL,NULL,'2020-10-10 00:00:00','B',NULL,0,NULL,NULL,NULL,NULL,NULL,NULL,NULL,NULL,NULL,'admin',0,'N',NULL,NULL,NULL,NULL,1);
INSERT INTO `admission` VALUES (88,1,'N','F',0,83,'2020-10-05 00:00:00','I',NULL,'16',NULL,NULL,NULL,NULL,NULL,NULL,NULL,NULL,NULL,0,NULL,NULL,NULL,NULL,NULL,NULL,NULL,NULL,NULL,'admin',1,'N',NULL,NULL,NULL,NULL,1);
INSERT INTO `admission` VALUES (89,1,'N','F',0,84,'2020-10-05 00:00:00','I',NULL,'22',NULL,NULL,NULL,NULL,NULL,NULL,NULL,NULL,NULL,0,NULL,NULL,NULL,NULL,NULL,NULL,NULL,NULL,NULL,'admin',0,'N',NULL,NULL,NULL,NULL,1);
INSERT INTO `admission` VALUES (90,1,'N','F',0,85,'2020-10-06 00:00:00','I',NULL,'48',NULL,NULL,NULL,NULL,NULL,NULL,NULL,NULL,NULL,0,NULL,NULL,NULL,NULL,NULL,NULL,NULL,NULL,NULL,'admin',0,'N',NULL,NULL,NULL,NULL,1);
INSERT INTO `admission` VALUES (91,1,'N','F',0,86,'2020-10-06 00:00:00','I',NULL,'40',NULL,NULL,NULL,NULL,NULL,NULL,NULL,NULL,NULL,0,NULL,NULL,NULL,NULL,NULL,NULL,NULL,NULL,NULL,'admin',0,'N',NULL,NULL,NULL,NULL,1);
INSERT INTO `admission` VALUES (92,1,'N','F',0,87,'2020-10-06 00:00:00','I',NULL,'48',NULL,NULL,NULL,NULL,NULL,NULL,NULL,NULL,NULL,0,NULL,NULL,NULL,NULL,NULL,NULL,NULL,NULL,NULL,'admin',0,'N',NULL,NULL,NULL,NULL,1);
INSERT INTO `admission` VALUES (93,1,'N','F',0,88,'2020-10-06 00:00:00','I',NULL,'24',NULL,NULL,NULL,NULL,NULL,NULL,NULL,NULL,NULL,0,NULL,NULL,NULL,NULL,NULL,NULL,NULL,NULL,NULL,'admin',0,'N',NULL,NULL,NULL,NULL,1);
INSERT INTO `admission` VALUES (94,1,'N','F',0,89,'2020-10-07 00:00:00','I',NULL,'15',NULL,NULL,NULL,NULL,NULL,NULL,NULL,NULL,NULL,0,NULL,NULL,NULL,NULL,NULL,NULL,NULL,NULL,NULL,'admin',1,'N',NULL,NULL,NULL,NULL,1);
INSERT INTO `admission` VALUES (95,1,'N','F',0,90,'2020-10-07 00:00:00','I',NULL,'42',NULL,NULL,NULL,NULL,NULL,NULL,NULL,NULL,NULL,0,NULL,NULL,NULL,NULL,NULL,NULL,NULL,NULL,NULL,'admin',0,'N',NULL,NULL,NULL,NULL,1);
INSERT INTO `admission` VALUES (96,0,'N','F',0,91,'2020-10-06 00:00:00','I',NULL,'39','39',NULL,NULL,NULL,NULL,NULL,'2020-10-10 00:00:00','B',NULL,0,NULL,NULL,NULL,NULL,NULL,NULL,NULL,NULL,NULL,'admin',0,'N',NULL,NULL,NULL,NULL,1);
INSERT INTO `admission` VALUES (97,1,'N','F',0,92,'2020-10-08 00:00:00','I',NULL,'14',NULL,NULL,NULL,NULL,NULL,NULL,NULL,NULL,NULL,0,NULL,NULL,NULL,NULL,NULL,NULL,NULL,NULL,NULL,'admin',0,'N',NULL,NULL,NULL,NULL,1);
INSERT INTO `admission` VALUES (98,1,'N','F',0,93,'2020-10-10 00:00:00','I',NULL,'39',NULL,NULL,NULL,NULL,NULL,NULL,NULL,NULL,NULL,0,NULL,NULL,NULL,NULL,NULL,NULL,NULL,NULL,NULL,'admin',0,'N',NULL,NULL,NULL,NULL,1);
INSERT INTO `admission` VALUES (99,1,'N','F',0,94,'2020-10-10 00:00:00','I',NULL,'49',NULL,NULL,NULL,NULL,NULL,NULL,NULL,NULL,NULL,0,NULL,NULL,NULL,NULL,NULL,NULL,NULL,NULL,NULL,'admin',0,'N',NULL,NULL,NULL,NULL,1);
INSERT INTO `admission` VALUES (100,1,'N','F',0,95,'2020-10-10 00:00:00','I',NULL,'12',NULL,NULL,NULL,NULL,NULL,NULL,NULL,NULL,NULL,0,NULL,NULL,NULL,NULL,NULL,NULL,NULL,NULL,NULL,'admin',0,'N',NULL,NULL,NULL,NULL,1);
INSERT INTO `admission` VALUES (101,1,'N','F',0,96,'2020-10-10 00:00:00','I',NULL,'49',NULL,NULL,NULL,NULL,NULL,NULL,NULL,NULL,NULL,0,NULL,NULL,NULL,NULL,NULL,NULL,NULL,NULL,NULL,'admin',0,'N',NULL,NULL,NULL,NULL,1);
INSERT INTO `admission` VALUES (102,1,'N','F',0,97,'2020-10-11 00:00:00','I',NULL,'15',NULL,NULL,NULL,NULL,NULL,NULL,NULL,NULL,NULL,0,NULL,NULL,NULL,NULL,NULL,NULL,NULL,NULL,NULL,'admin',0,'N',NULL,NULL,NULL,NULL,1);
INSERT INTO `admission` VALUES (103,1,'N','F',0,98,'2020-10-11 00:00:00','I',NULL,'39',NULL,NULL,NULL,NULL,NULL,NULL,NULL,NULL,NULL,0,NULL,NULL,NULL,NULL,NULL,NULL,NULL,NULL,NULL,'admin',0,'N',NULL,NULL,NULL,NULL,1);
INSERT INTO `admission` VALUES (104,1,'N','F',0,99,'2020-10-12 00:00:00','I',NULL,'15',NULL,NULL,NULL,NULL,NULL,NULL,NULL,NULL,NULL,0,NULL,NULL,NULL,NULL,NULL,NULL,NULL,NULL,NULL,'admin',0,'N',NULL,NULL,NULL,NULL,1);
INSERT INTO `admission` VALUES (105,1,'N','F',0,100,'2020-10-12 00:00:00','I',NULL,'15',NULL,NULL,NULL,NULL,NULL,NULL,NULL,NULL,NULL,0,NULL,NULL,NULL,NULL,NULL,NULL,NULL,NULL,NULL,'admin',0,'N',NULL,NULL,NULL,NULL,1);
INSERT INTO `admission` VALUES (106,1,'N','F',0,101,'2020-10-13 00:00:00','I',NULL,'48',NULL,NULL,NULL,NULL,NULL,NULL,NULL,NULL,NULL,0,NULL,NULL,NULL,NULL,NULL,NULL,NULL,NULL,NULL,'admin',0,'N',NULL,NULL,NULL,NULL,1);
INSERT INTO `admission` VALUES (107,1,'N','F',0,102,'2020-10-13 00:00:00','I',NULL,'49',NULL,NULL,NULL,NULL,NULL,NULL,NULL,NULL,NULL,0,NULL,NULL,NULL,NULL,NULL,NULL,NULL,NULL,NULL,'admin',0,'N',NULL,NULL,NULL,NULL,1);
INSERT INTO `admission` VALUES (108,1,'N','F',0,103,'2020-10-14 00:00:00','I',NULL,'39',NULL,NULL,NULL,NULL,NULL,NULL,NULL,NULL,NULL,0,NULL,NULL,NULL,NULL,NULL,NULL,NULL,NULL,NULL,'admin',0,'N',NULL,NULL,NULL,NULL,1);
INSERT INTO `admission` VALUES (109,1,'N','F',0,104,'2020-10-14 00:00:00','I',NULL,'44',NULL,NULL,NULL,NULL,NULL,NULL,NULL,NULL,NULL,0,NULL,NULL,NULL,NULL,NULL,NULL,NULL,NULL,NULL,'admin',0,'N',NULL,NULL,NULL,NULL,1);
INSERT INTO `admission` VALUES (110,0,'N','F',0,105,'2020-10-15 00:00:00','I',NULL,'15','15',NULL,NULL,NULL,NULL,NULL,'2020-10-15 00:00:00','D',NULL,0,NULL,NULL,NULL,NULL,NULL,NULL,NULL,NULL,NULL,'admin',0,'N',NULL,NULL,NULL,NULL,1);
INSERT INTO `admission` VALUES (111,1,'N','F',0,106,'2020-10-16 00:00:00','I',NULL,'40',NULL,NULL,NULL,NULL,NULL,NULL,NULL,NULL,NULL,0,NULL,NULL,NULL,NULL,NULL,NULL,NULL,NULL,NULL,'admin',0,'N',NULL,NULL,NULL,NULL,1);
INSERT INTO `admission` VALUES (112,1,'N','F',0,107,'2020-10-16 00:00:00','I',NULL,'15',NULL,NULL,NULL,NULL,NULL,NULL,NULL,NULL,NULL,0,NULL,NULL,NULL,NULL,NULL,NULL,NULL,NULL,NULL,'admin',1,'N',NULL,NULL,NULL,NULL,1);
INSERT INTO `admission` VALUES (113,0,'N','F',721,108,'2020-10-16 00:00:00','I',NULL,'19','19',NULL,NULL,NULL,NULL,NULL,'2020-11-02 00:00:00','EQ',NULL,0,NULL,NULL,NULL,NULL,NULL,NULL,NULL,NULL,NULL,'admin',2,'N',NULL,NULL,NULL,NULL,1);
INSERT INTO `admission` VALUES (114,1,'N','F',0,109,'2020-10-17 00:00:00','I',NULL,'15',NULL,NULL,NULL,NULL,NULL,NULL,NULL,NULL,NULL,0,NULL,NULL,NULL,NULL,NULL,NULL,NULL,NULL,NULL,'admin',0,'N',NULL,NULL,NULL,NULL,1);
INSERT INTO `admission` VALUES (115,1,'N','F',0,110,'2020-10-17 00:00:00','I',NULL,'48',NULL,NULL,NULL,NULL,NULL,NULL,NULL,NULL,NULL,0,NULL,NULL,NULL,NULL,NULL,NULL,NULL,NULL,NULL,'admin',0,'N',NULL,NULL,NULL,NULL,1);
INSERT INTO `admission` VALUES (116,1,'N','F',0,111,'2020-10-17 00:00:00','I',NULL,'16',NULL,NULL,NULL,NULL,NULL,NULL,NULL,NULL,NULL,0,NULL,NULL,NULL,NULL,NULL,NULL,NULL,NULL,NULL,'admin',0,'N',NULL,NULL,NULL,NULL,1);
INSERT INTO `admission` VALUES (117,1,'N','F',0,112,'2020-10-17 00:00:00','I',NULL,'30',NULL,NULL,NULL,NULL,NULL,NULL,NULL,NULL,NULL,0,NULL,NULL,NULL,NULL,NULL,NULL,NULL,NULL,NULL,'admin',0,'N',NULL,NULL,NULL,NULL,1);
INSERT INTO `admission` VALUES (118,1,'N','F',0,113,'2020-10-18 00:00:00','I',NULL,'30',NULL,NULL,NULL,NULL,NULL,NULL,NULL,NULL,NULL,0,NULL,NULL,NULL,NULL,NULL,NULL,NULL,NULL,NULL,'admin',0,'N',NULL,NULL,NULL,NULL,1);
INSERT INTO `admission` VALUES (119,1,'N','F',0,114,'2020-10-19 00:00:00','I',NULL,'15',NULL,NULL,NULL,NULL,NULL,NULL,NULL,NULL,NULL,0,NULL,NULL,NULL,NULL,NULL,NULL,NULL,NULL,NULL,'admin',0,'N',NULL,NULL,NULL,NULL,1);
INSERT INTO `admission` VALUES (120,1,'N','F',0,115,'2020-10-19 00:00:00','I',NULL,'49',NULL,NULL,NULL,NULL,NULL,NULL,NULL,NULL,NULL,0,NULL,NULL,NULL,NULL,NULL,NULL,NULL,NULL,NULL,'admin',0,'N',NULL,NULL,NULL,NULL,1);
INSERT INTO `admission` VALUES (121,1,'N','F',0,116,'2020-10-20 00:00:00','I',NULL,'47',NULL,NULL,NULL,NULL,NULL,NULL,NULL,NULL,NULL,0,NULL,NULL,NULL,NULL,NULL,NULL,NULL,NULL,NULL,'admin',0,'N',NULL,NULL,NULL,NULL,1);
INSERT INTO `admission` VALUES (122,1,'N','F',0,117,'2020-10-21 00:00:00','I',NULL,'40',NULL,NULL,NULL,NULL,NULL,NULL,NULL,NULL,NULL,0,NULL,NULL,NULL,NULL,NULL,NULL,NULL,NULL,NULL,'admin',0,'N',NULL,NULL,NULL,NULL,1);
INSERT INTO `admission` VALUES (123,1,'N','F',0,118,'2020-10-21 00:00:00','I',NULL,'29',NULL,NULL,NULL,NULL,NULL,NULL,NULL,NULL,NULL,0,NULL,NULL,NULL,NULL,NULL,NULL,NULL,NULL,NULL,'admin',0,'N',NULL,NULL,NULL,NULL,1);
INSERT INTO `admission` VALUES (124,1,'N','F',0,119,'2020-10-21 00:00:00','I',NULL,'49',NULL,NULL,NULL,NULL,NULL,NULL,NULL,NULL,NULL,0,NULL,NULL,NULL,NULL,NULL,NULL,NULL,NULL,NULL,'admin',0,'N',NULL,NULL,NULL,NULL,1);
INSERT INTO `admission` VALUES (125,0,'N','F',0,120,'2020-10-23 00:00:00','I',NULL,'14','14',NULL,NULL,NULL,NULL,NULL,'2020-11-02 00:00:00','EQ',NULL,0,NULL,NULL,NULL,NULL,NULL,NULL,NULL,NULL,NULL,'admin',1,'N',NULL,NULL,NULL,NULL,1);
INSERT INTO `admission` VALUES (126,1,'N','F',0,121,'2020-10-23 00:00:00','I',NULL,'16',NULL,NULL,NULL,NULL,NULL,NULL,NULL,NULL,NULL,0,NULL,NULL,NULL,NULL,NULL,NULL,NULL,NULL,NULL,'admin',0,'N',NULL,NULL,NULL,NULL,1);
INSERT INTO `admission` VALUES (127,1,'N','F',0,122,'2020-10-23 00:00:00','I',NULL,'49',NULL,NULL,NULL,NULL,NULL,NULL,NULL,NULL,NULL,0,NULL,NULL,NULL,NULL,NULL,NULL,NULL,NULL,NULL,'admin',0,'N',NULL,NULL,NULL,NULL,1);
INSERT INTO `admission` VALUES (128,0,'N','F',0,123,'2020-10-23 00:00:00','I',NULL,'40','64',NULL,NULL,NULL,NULL,NULL,'2020-11-02 00:00:00','EQ',NULL,0,NULL,NULL,NULL,NULL,NULL,NULL,NULL,NULL,NULL,'admin',2,'N',NULL,NULL,NULL,NULL,1);
INSERT INTO `admission` VALUES (129,1,'N','F',0,124,'2020-10-24 00:00:00','I',NULL,'40',NULL,NULL,NULL,NULL,NULL,NULL,NULL,NULL,NULL,0,NULL,NULL,NULL,NULL,NULL,NULL,NULL,NULL,NULL,'admin',0,'N',NULL,NULL,NULL,NULL,1);
INSERT INTO `admission` VALUES (130,1,'N','F',0,126,'2020-10-24 00:00:00','I',NULL,'36',NULL,NULL,NULL,NULL,NULL,NULL,NULL,NULL,NULL,0,NULL,NULL,NULL,NULL,NULL,NULL,NULL,NULL,NULL,'admin',0,'N',NULL,NULL,NULL,NULL,1);
INSERT INTO `admission` VALUES (131,1,'N','F',0,127,'2020-10-24 00:00:00','I',NULL,'36',NULL,NULL,NULL,NULL,NULL,NULL,NULL,NULL,NULL,0,NULL,NULL,NULL,NULL,NULL,NULL,NULL,NULL,NULL,'admin',0,'N',NULL,NULL,NULL,NULL,1);
INSERT INTO `admission` VALUES (132,1,'N','F',0,128,'2020-10-24 00:00:00','I',NULL,'39',NULL,NULL,NULL,NULL,NULL,NULL,NULL,NULL,NULL,0,NULL,NULL,NULL,NULL,NULL,NULL,NULL,NULL,NULL,'admin',0,'N',NULL,NULL,NULL,NULL,1);
INSERT INTO `admission` VALUES (133,1,'N','F',0,129,'2020-10-24 00:00:00','I',NULL,'15',NULL,NULL,NULL,NULL,NULL,NULL,NULL,NULL,NULL,0,NULL,NULL,NULL,NULL,NULL,NULL,NULL,NULL,NULL,'admin',0,'N',NULL,NULL,NULL,NULL,1);
INSERT INTO `admission` VALUES (134,1,'N','F',0,130,'2020-10-24 00:00:00','I',NULL,'24',NULL,NULL,NULL,NULL,NULL,NULL,NULL,NULL,NULL,0,NULL,NULL,NULL,NULL,NULL,NULL,NULL,NULL,NULL,'admin',0,'N',NULL,NULL,NULL,NULL,1);
INSERT INTO `admission` VALUES (135,1,'N','F',0,131,'2020-10-25 00:00:00','I',NULL,'16',NULL,NULL,NULL,NULL,NULL,NULL,NULL,NULL,NULL,0,NULL,NULL,NULL,NULL,NULL,NULL,NULL,NULL,NULL,'admin',0,'N',NULL,NULL,NULL,NULL,1);
INSERT INTO `admission` VALUES (136,0,'N','I',2,132,'2020-10-07 00:00:00','I',NULL,'40','40',NULL,NULL,NULL,NULL,NULL,'2020-10-14 00:00:00','B',NULL,0,NULL,NULL,NULL,NULL,NULL,NULL,NULL,NULL,NULL,'admin',0,'N',NULL,NULL,NULL,NULL,1);
INSERT INTO `admission` VALUES (137,0,'N','I',2,133,'2020-10-07 00:00:00','R',NULL,'24','24',NULL,NULL,NULL,NULL,NULL,'2020-10-10 00:00:00','D',NULL,0,NULL,NULL,NULL,NULL,NULL,NULL,NULL,NULL,NULL,'admin',0,'N',NULL,NULL,NULL,NULL,1);
INSERT INTO `admission` VALUES (138,0,'N','I',2,134,'2020-10-07 00:00:00','I',NULL,'24','24',NULL,NULL,NULL,NULL,NULL,'2020-10-17 00:00:00','D',NULL,0,NULL,NULL,NULL,NULL,NULL,NULL,NULL,NULL,NULL,'admin',0,'N',NULL,NULL,NULL,NULL,1);
INSERT INTO `admission` VALUES (139,0,'N','I',2,135,'2020-10-08 00:00:00','I',NULL,'15','15',NULL,NULL,NULL,NULL,NULL,'2020-10-12 00:00:00','D',NULL,0,NULL,NULL,NULL,NULL,NULL,NULL,NULL,NULL,NULL,'admin',0,'N',NULL,NULL,NULL,NULL,1);
INSERT INTO `admission` VALUES (140,0,'N','I',2,136,'2020-10-09 00:00:00','I',NULL,'17','17',NULL,NULL,NULL,NULL,NULL,'2020-10-14 00:00:00','D',NULL,0,NULL,NULL,NULL,NULL,NULL,NULL,NULL,NULL,NULL,'admin',0,'N',NULL,NULL,NULL,NULL,1);
INSERT INTO `admission` VALUES (141,0,'N','I',2,137,'2020-10-09 00:00:00','I',NULL,'47','47',NULL,NULL,NULL,NULL,NULL,'2020-10-14 00:00:00','B',NULL,0,NULL,NULL,NULL,NULL,NULL,NULL,NULL,NULL,NULL,'admin',0,'N',NULL,NULL,NULL,NULL,1);
INSERT INTO `admission` VALUES (142,0,'N','I',2,138,'2020-10-09 00:00:00','I',NULL,'15','15',NULL,NULL,NULL,NULL,NULL,'2020-10-17 00:00:00','B',NULL,0,NULL,NULL,NULL,NULL,NULL,NULL,NULL,NULL,NULL,'admin',0,'N',NULL,NULL,NULL,NULL,1);
INSERT INTO `admission` VALUES (143,0,'N','I',2,139,'2020-10-10 00:00:00','I',NULL,'23','23',NULL,NULL,NULL,NULL,NULL,'2020-10-13 00:00:00','B',NULL,0,NULL,NULL,NULL,NULL,NULL,NULL,NULL,NULL,NULL,'admin',0,'N',NULL,NULL,NULL,NULL,1);
INSERT INTO `admission` VALUES (144,0,'N','I',2,140,'2020-10-10 00:00:00','I',NULL,'47','47',NULL,NULL,NULL,NULL,NULL,'2020-10-19 00:00:00','B',NULL,0,NULL,NULL,NULL,NULL,NULL,NULL,NULL,NULL,NULL,'admin',0,'N',NULL,NULL,NULL,NULL,1);
INSERT INTO `admission` VALUES (145,0,'N','I',2,141,'2020-10-10 00:00:00','I',NULL,'25','25',NULL,NULL,NULL,NULL,NULL,'2020-10-10 00:00:00','D',NULL,0,NULL,NULL,NULL,NULL,NULL,NULL,NULL,NULL,NULL,'admin',0,'N',NULL,NULL,NULL,NULL,1);
INSERT INTO `admission` VALUES (146,0,'N','I',2,142,'2020-10-10 00:00:00','I',NULL,'15','15',NULL,NULL,NULL,NULL,NULL,'2020-10-12 00:00:00','D',NULL,0,NULL,NULL,NULL,NULL,NULL,NULL,NULL,NULL,NULL,'admin',0,'N',NULL,NULL,NULL,NULL,1);
INSERT INTO `admission` VALUES (147,0,'N','I',791,143,'2020-10-10 00:00:00','I',NULL,'47','90',NULL,NULL,NULL,NULL,NULL,'2020-10-28 00:00:00','EQ',NULL,0,NULL,NULL,NULL,NULL,NULL,NULL,NULL,NULL,NULL,'admin',2,'N',NULL,NULL,NULL,NULL,1);
INSERT INTO `admission` VALUES (148,0,'N','I',2,144,'2020-10-10 00:00:00','I',NULL,'48','49',NULL,NULL,NULL,NULL,NULL,'2020-10-13 00:00:00','B',NULL,0,NULL,NULL,NULL,NULL,NULL,NULL,NULL,NULL,NULL,'admin',0,'N',NULL,NULL,NULL,NULL,1);
INSERT INTO `admission` VALUES (149,1,'N','I',2,145,'2020-10-10 00:00:00','I',NULL,'14',NULL,NULL,NULL,NULL,NULL,NULL,NULL,NULL,NULL,0,NULL,NULL,NULL,NULL,NULL,NULL,NULL,NULL,NULL,'admin',0,'N',NULL,NULL,NULL,NULL,1);
INSERT INTO `admission` VALUES (150,0,'N','I',2,146,'2020-10-11 00:00:00','I',NULL,'15','15',NULL,NULL,NULL,NULL,NULL,'2020-10-13 00:00:00','D',NULL,0,NULL,NULL,NULL,NULL,NULL,NULL,NULL,NULL,NULL,'admin',0,'N',NULL,NULL,NULL,NULL,1);
INSERT INTO `admission` VALUES (151,0,'N','I',2,147,'2020-10-11 00:00:00','I',NULL,'15','15',NULL,NULL,NULL,NULL,NULL,'2020-10-21 00:00:00','B',NULL,0,NULL,NULL,NULL,NULL,NULL,NULL,NULL,NULL,NULL,'admin',0,'N',NULL,NULL,NULL,NULL,1);
INSERT INTO `admission` VALUES (152,0,'N','I',2,148,'2020-10-11 00:00:00','I',NULL,'15','15',NULL,NULL,NULL,NULL,NULL,'2020-10-19 00:00:00','B',NULL,0,NULL,NULL,NULL,NULL,NULL,NULL,NULL,NULL,NULL,'admin',0,'N',NULL,NULL,NULL,NULL,1);
INSERT INTO `admission` VALUES (153,0,'N','I',2,149,'2020-10-12 00:00:00','I',NULL,'48','48',NULL,NULL,NULL,NULL,NULL,'2020-10-16 00:00:00','EQ',NULL,0,NULL,NULL,NULL,NULL,NULL,NULL,NULL,NULL,NULL,'admin',0,'N',NULL,NULL,NULL,NULL,1);
INSERT INTO `admission` VALUES (154,0,'N','I',2,150,'2020-10-12 00:00:00','I',NULL,'48','48',NULL,NULL,NULL,NULL,NULL,'2020-10-21 00:00:00','B',NULL,0,NULL,NULL,NULL,NULL,NULL,NULL,NULL,NULL,NULL,'admin',0,'N',NULL,NULL,NULL,NULL,1);
INSERT INTO `admission` VALUES (155,0,'N','I',2,151,'2020-10-12 00:00:00','I',NULL,'39','39',NULL,NULL,NULL,NULL,NULL,'2020-10-16 00:00:00','B',NULL,0,NULL,NULL,NULL,NULL,NULL,NULL,NULL,NULL,NULL,'admin',0,'N',NULL,NULL,NULL,NULL,1);
INSERT INTO `admission` VALUES (156,0,'N','I',2,152,'2020-10-12 00:00:00','I',NULL,'12','12',NULL,NULL,NULL,NULL,NULL,'2020-10-12 00:00:00','D',NULL,0,NULL,NULL,NULL,NULL,NULL,NULL,NULL,NULL,NULL,'admin',0,'N',NULL,NULL,NULL,NULL,1);
INSERT INTO `admission` VALUES (157,0,'N','I',801,153,'2020-10-12 00:00:00','I',NULL,'44','44',NULL,NULL,NULL,NULL,NULL,'2020-10-25 00:00:00','EQ',NULL,0,NULL,NULL,NULL,NULL,NULL,NULL,NULL,NULL,NULL,'admin',1,'N',NULL,NULL,NULL,NULL,1);
INSERT INTO `admission` VALUES (158,0,'N','I',802,154,'2020-10-12 00:00:00','I',NULL,'14','14',NULL,NULL,NULL,NULL,NULL,'2020-10-28 00:00:00','B',NULL,0,NULL,NULL,NULL,NULL,NULL,NULL,NULL,NULL,NULL,'admin',1,'N',NULL,NULL,NULL,NULL,1);
INSERT INTO `admission` VALUES (159,0,'N','I',803,155,'2020-10-13 00:00:00','I',NULL,'14','47',NULL,NULL,NULL,NULL,NULL,'2020-10-19 00:00:00','EQ',NULL,0,NULL,NULL,NULL,NULL,NULL,NULL,NULL,NULL,NULL,'admin',2,'N',NULL,NULL,NULL,NULL,1);
INSERT INTO `admission` VALUES (160,0,'N','I',2,156,'2020-10-13 00:00:00','I',NULL,'48','48',NULL,NULL,NULL,NULL,NULL,'2020-10-19 00:00:00','B',NULL,0,NULL,NULL,NULL,NULL,NULL,NULL,NULL,NULL,NULL,'admin',0,'N',NULL,NULL,NULL,NULL,1);
INSERT INTO `admission` VALUES (161,1,'N','I',2,158,'2020-10-14 00:00:00','I',NULL,'14',NULL,NULL,NULL,NULL,NULL,NULL,NULL,NULL,NULL,0,NULL,NULL,NULL,NULL,NULL,NULL,NULL,NULL,NULL,'admin',0,'N',NULL,NULL,NULL,NULL,1);
INSERT INTO `admission` VALUES (162,0,'N','I',807,159,'2020-10-14 00:00:00','I',NULL,'14','14',NULL,NULL,NULL,NULL,NULL,'2020-10-28 00:00:00','B',NULL,0,NULL,NULL,NULL,NULL,NULL,NULL,NULL,NULL,NULL,'admin',1,'N',NULL,NULL,NULL,NULL,1);
INSERT INTO `admission` VALUES (163,1,'N','I',2,160,'2020-10-14 00:00:00','I',NULL,'48',NULL,NULL,NULL,NULL,NULL,NULL,NULL,NULL,NULL,0,NULL,NULL,NULL,NULL,NULL,NULL,NULL,NULL,NULL,'admin',0,'N',NULL,NULL,NULL,NULL,1);
INSERT INTO `admission` VALUES (164,1,'N','I',2,161,'2020-10-14 00:00:00','I',NULL,'39',NULL,NULL,NULL,NULL,NULL,NULL,NULL,NULL,NULL,0,NULL,NULL,NULL,NULL,NULL,NULL,NULL,NULL,NULL,'admin',0,'N',NULL,NULL,NULL,NULL,1);
INSERT INTO `admission` VALUES (165,1,'N','C',2020,162,'2020-10-26 00:00:00','I',NULL,'39',NULL,NULL,NULL,NULL,NULL,NULL,NULL,NULL,NULL,0,NULL,NULL,NULL,NULL,NULL,NULL,NULL,NULL,NULL,'admin',0,'N',NULL,NULL,NULL,NULL,1);
INSERT INTO `admission` VALUES (166,0,'P','M',2,163,'2020-10-22 00:00:00','I',NULL,'26',NULL,NULL,NULL,NULL,NULL,NULL,'2020-10-23 00:00:00','B',NULL,0,'2020-10-22 00:00:00','S2','2020-10-22 00:00:00','N','A',3.4,NULL,NULL,NULL,'admin',0,'N',NULL,NULL,NULL,NULL,1);
INSERT INTO `admission` VALUES (167,1,'P','M',2,164,'2020-10-22 00:00:00','A',NULL,'26',NULL,NULL,NULL,'3','2020-10-22 00:00:00',NULL,NULL,NULL,NULL,0,'2020-10-22 00:00:00',NULL,NULL,NULL,NULL,NULL,NULL,NULL,NULL,'admin',0,'N',NULL,NULL,NULL,NULL,1);
INSERT INTO `admission` VALUES (168,0,'P','M',2,165,'2020-10-22 00:00:00','I',NULL,'26',NULL,NULL,NULL,NULL,NULL,NULL,'2020-10-24 00:00:00','B',NULL,0,'2020-10-22 00:00:00','S2','2020-10-22 00:00:00','N','A',3.1,NULL,NULL,NULL,'admin',0,'N',NULL,NULL,NULL,NULL,1);
INSERT INTO `admission` VALUES (169,0,'P','M',2,166,'2020-10-23 00:00:00','I',NULL,'26',NULL,NULL,NULL,NULL,'2020-10-23 00:00:00',NULL,'2020-10-26 00:00:00','B',NULL,0,'2020-10-23 00:00:00',NULL,'2020-10-23 00:00:00','N','A',3.33,NULL,NULL,NULL,'admin',0,'N',NULL,NULL,NULL,NULL,1);
INSERT INTO `admission` VALUES (170,0,'P','M',2,167,'2020-10-23 00:00:00','I',NULL,NULL,NULL,NULL,NULL,NULL,NULL,NULL,'2020-10-27 00:00:00','B',NULL,0,'2020-10-23 00:00:00',NULL,'2020-10-23 00:00:00','N','A',2.5,NULL,NULL,NULL,'admin',0,'N',NULL,NULL,NULL,NULL,1);
INSERT INTO `admission` VALUES (171,0,'P','M',2,168,'2020-10-23 00:00:00','I',NULL,NULL,NULL,NULL,NULL,NULL,NULL,NULL,'2020-10-25 00:00:00','B',NULL,0,'2020-10-23 00:00:00',NULL,'2020-10-23 00:00:00','N','A',3.1,NULL,NULL,NULL,'admin',0,'N',NULL,NULL,NULL,NULL,1);
INSERT INTO `admission` VALUES (172,0,'P','M',2,169,'2020-10-23 00:00:00','I',NULL,NULL,NULL,NULL,NULL,NULL,NULL,NULL,'2020-10-25 00:00:00','B',NULL,0,'2020-10-23 00:00:00',NULL,'2020-10-23 00:00:00','N','A',3.45,NULL,NULL,NULL,'admin',0,'N',NULL,NULL,NULL,NULL,1);
INSERT INTO `admission` VALUES (173,0,'P','M',2,170,'2020-10-23 00:00:00','I',NULL,NULL,NULL,NULL,NULL,NULL,NULL,NULL,'2020-10-25 00:00:00','B',NULL,0,'2020-10-23 00:00:00',NULL,'2020-10-23 00:00:00','N','A',3.3,NULL,NULL,NULL,'admin',0,'N',NULL,NULL,NULL,NULL,1);
INSERT INTO `admission` VALUES (174,0,'P','M',2,171,'2020-10-23 00:00:00','I',NULL,NULL,NULL,NULL,NULL,NULL,NULL,NULL,'2020-10-24 00:00:00','B',NULL,0,'2020-10-23 00:00:00',NULL,'2020-10-23 00:00:00','N','A',3,NULL,NULL,NULL,'admin',0,'N',NULL,NULL,NULL,NULL,1);
INSERT INTO `admission` VALUES (175,1,'P','M',2,171,'2020-10-23 00:00:00','I',NULL,NULL,NULL,NULL,NULL,NULL,NULL,NULL,NULL,NULL,NULL,0,'2020-10-23 00:00:00',NULL,'2020-10-23 00:00:00','N','A',3.03,NULL,NULL,NULL,'admin',0,'N',NULL,NULL,NULL,NULL,1);
INSERT INTO `admission` VALUES (176,1,'P','M',2,172,'2020-10-23 00:00:00','A',NULL,NULL,NULL,NULL,NULL,NULL,NULL,NULL,NULL,NULL,NULL,0,'2020-10-23 00:00:00',NULL,'2020-10-23 00:00:00','V',NULL,3.12,NULL,NULL,NULL,'admin',0,'N',NULL,NULL,NULL,NULL,1);
INSERT INTO `admission` VALUES (177,0,'P','M',2,173,'2020-10-24 00:00:00','I',NULL,NULL,NULL,NULL,NULL,NULL,NULL,NULL,'2020-10-26 00:00:00','B',NULL,0,'2020-10-24 00:00:00',NULL,'2020-10-24 00:00:00','N','A',3,NULL,NULL,NULL,'admin',0,'N',NULL,NULL,NULL,NULL,1);
INSERT INTO `admission` VALUES (178,1,'P','M',2,173,'2020-10-24 00:00:00','I',NULL,NULL,NULL,NULL,NULL,NULL,NULL,NULL,NULL,NULL,NULL,0,'2020-10-24 00:00:00',NULL,'2020-10-24 00:00:00','N',NULL,3,NULL,NULL,NULL,'admin',0,'N',NULL,NULL,NULL,NULL,1);
INSERT INTO `admission` VALUES (179,0,'P','M',2,174,'2020-10-24 00:00:00','I',NULL,NULL,NULL,NULL,NULL,NULL,NULL,NULL,'2020-10-25 00:00:00','B',NULL,0,'2020-10-24 00:00:00',NULL,'2020-10-24 00:00:00','N','A',2.7,NULL,NULL,NULL,'admin',0,'N',NULL,NULL,NULL,NULL,1);
INSERT INTO `admission` VALUES (180,0,'P','M',2,175,'2020-10-24 00:00:00','I',NULL,'12','12',NULL,NULL,NULL,NULL,NULL,'2020-10-26 00:00:00','B',NULL,0,NULL,NULL,NULL,NULL,NULL,NULL,NULL,NULL,NULL,'admin',0,'N',NULL,NULL,NULL,NULL,1);
INSERT INTO `admission` VALUES (181,0,'P','M',2,176,'2020-10-24 00:00:00','I',NULL,NULL,NULL,NULL,NULL,NULL,NULL,NULL,'2020-10-26 00:00:00','B',NULL,0,'2020-10-24 00:00:00',NULL,'2020-10-24 00:00:00','N','A',4.1,NULL,NULL,NULL,'admin',0,'N',NULL,NULL,NULL,NULL,1);
INSERT INTO `admission` VALUES (182,1,'P','M',2,177,'2020-10-24 00:00:00','I',NULL,NULL,NULL,NULL,NULL,'6','2020-10-24 00:00:00',NULL,NULL,NULL,NULL,0,'2020-10-24 00:00:00',NULL,'2020-10-24 00:00:00',NULL,'A',2.7,NULL,NULL,NULL,'admin',0,'N',NULL,NULL,NULL,NULL,1);
INSERT INTO `admission` VALUES (183,1,'P','M',2,178,'2020-10-25 00:00:00','I',NULL,'22',NULL,NULL,NULL,NULL,NULL,NULL,NULL,NULL,NULL,0,NULL,NULL,NULL,NULL,NULL,NULL,NULL,NULL,NULL,'admin',0,'N',NULL,NULL,NULL,NULL,1);
INSERT INTO `admission` VALUES (184,0,'P','M',2,179,'2020-10-25 00:00:00','I',NULL,NULL,NULL,NULL,NULL,NULL,NULL,NULL,'2020-10-26 00:00:00','B',NULL,0,'2020-10-25 00:00:00',NULL,'2020-10-25 00:00:00','N','A',2.7,NULL,NULL,NULL,'admin',0,'N',NULL,NULL,NULL,NULL,1);
INSERT INTO `admission` VALUES (185,1,'N','I',2,182,'2020-10-27 00:00:00','I',NULL,'48',NULL,NULL,NULL,NULL,NULL,NULL,NULL,NULL,NULL,0,NULL,NULL,NULL,NULL,NULL,NULL,NULL,NULL,NULL,'admin',0,'N',NULL,NULL,NULL,NULL,1);
INSERT INTO `admission` VALUES (186,1,'N','I',2,183,'2020-10-27 00:00:00','I',NULL,'14',NULL,NULL,NULL,NULL,NULL,NULL,NULL,NULL,NULL,0,NULL,NULL,NULL,NULL,NULL,NULL,NULL,NULL,NULL,'admin',0,'N',NULL,NULL,NULL,NULL,1);
INSERT INTO `admission` VALUES (190,1,'N','I',2,188,'2020-10-28 00:00:00','I',NULL,'16',NULL,NULL,NULL,NULL,NULL,NULL,NULL,NULL,NULL,0,NULL,NULL,NULL,NULL,NULL,NULL,NULL,NULL,NULL,'admin',0,'N',NULL,NULL,NULL,NULL,1);
INSERT INTO `admission` VALUES (191,1,'N','I',2,189,'2020-10-28 00:00:00','I',NULL,'44',NULL,NULL,NULL,NULL,NULL,NULL,NULL,NULL,NULL,0,NULL,NULL,NULL,NULL,NULL,NULL,NULL,NULL,NULL,'admin',0,'N',NULL,NULL,NULL,NULL,1);
INSERT INTO `admission` VALUES (192,1,'N','I',2,190,'2020-10-28 00:00:00','I',NULL,'43',NULL,NULL,NULL,NULL,NULL,NULL,NULL,NULL,NULL,0,NULL,NULL,NULL,NULL,NULL,NULL,NULL,NULL,NULL,'admin',0,'N',NULL,NULL,NULL,NULL,1);
INSERT INTO `admission` VALUES (193,1,'N','I',2,191,'2020-10-28 00:00:00','R',NULL,'47',NULL,NULL,NULL,NULL,NULL,NULL,NULL,NULL,NULL,0,NULL,NULL,NULL,NULL,NULL,NULL,NULL,NULL,NULL,'admin',0,'N',NULL,NULL,NULL,NULL,1);
INSERT INTO `admission` VALUES (194,0,'N','I',873,192,'2020-10-26 00:00:00','I',NULL,'14','14',NULL,NULL,NULL,NULL,NULL,'2020-10-31 00:00:00','B',NULL,0,NULL,NULL,NULL,NULL,NULL,NULL,NULL,NULL,NULL,'admin',1,'N',NULL,NULL,NULL,NULL,1);
INSERT INTO `admission` VALUES (195,0,'N','I',874,193,'2020-10-28 00:00:00','A',NULL,'14','14',NULL,NULL,NULL,NULL,NULL,'2020-10-29 00:00:00','D',NULL,0,NULL,NULL,NULL,NULL,NULL,NULL,NULL,NULL,NULL,'admin',2,'N',NULL,NULL,NULL,NULL,1);
INSERT INTO `admission` VALUES (196,1,'N','I',2,194,'2020-10-30 00:00:00','I',NULL,'47',NULL,NULL,NULL,NULL,NULL,NULL,NULL,NULL,NULL,0,NULL,NULL,NULL,NULL,NULL,NULL,NULL,NULL,NULL,'admin',0,'N',NULL,NULL,NULL,NULL,1);
INSERT INTO `admission` VALUES (197,1,'N','I',2,195,'2020-10-30 00:00:00','I',NULL,'39',NULL,NULL,NULL,NULL,NULL,NULL,NULL,NULL,NULL,0,NULL,NULL,NULL,NULL,NULL,NULL,NULL,NULL,NULL,'admin',0,'N',NULL,NULL,NULL,NULL,1);
INSERT INTO `admission` VALUES (198,1,'N','I',2,196,'2020-10-30 00:00:00','I',NULL,'48',NULL,NULL,NULL,NULL,NULL,NULL,NULL,NULL,NULL,0,NULL,NULL,NULL,NULL,NULL,NULL,NULL,NULL,NULL,'admin',0,'N',NULL,NULL,NULL,NULL,1);
INSERT INTO `admission` VALUES (199,1,'N','I',2,197,'2020-10-30 00:00:00','I',NULL,'19',NULL,NULL,NULL,NULL,NULL,NULL,NULL,NULL,NULL,0,NULL,NULL,NULL,NULL,NULL,NULL,NULL,NULL,NULL,'admin',0,'N',NULL,NULL,NULL,NULL,1);
INSERT INTO `admission` VALUES (200,1,'N','I',2,198,'2020-10-30 00:00:00','I',NULL,'37',NULL,NULL,NULL,NULL,NULL,NULL,NULL,NULL,NULL,0,NULL,NULL,NULL,NULL,NULL,NULL,NULL,NULL,NULL,'admin',0,'N',NULL,NULL,NULL,NULL,1);
INSERT INTO `admission` VALUES (201,1,'N','I',2,199,'2020-10-30 00:00:00','I',NULL,'37',NULL,NULL,NULL,NULL,NULL,NULL,NULL,NULL,NULL,0,NULL,NULL,NULL,NULL,NULL,NULL,NULL,NULL,NULL,'admin',0,'N',NULL,NULL,NULL,NULL,1);
INSERT INTO `admission` VALUES (202,1,'N','I',2,200,'2020-10-30 00:00:00','I',NULL,'3',NULL,NULL,NULL,NULL,NULL,NULL,NULL,NULL,NULL,0,NULL,NULL,NULL,NULL,NULL,NULL,NULL,NULL,NULL,'admin',0,'N',NULL,NULL,NULL,NULL,1);
INSERT INTO `admission` VALUES (204,1,'N','F',0,202,'2020-10-28 00:00:00','I',NULL,'26',NULL,NULL,NULL,NULL,NULL,NULL,NULL,NULL,NULL,0,NULL,NULL,NULL,NULL,NULL,NULL,NULL,NULL,NULL,'admin',0,'N',NULL,NULL,NULL,NULL,1);
INSERT INTO `admission` VALUES (205,1,'N','F',0,203,'2020-10-30 00:00:00','I',NULL,'44',NULL,NULL,NULL,NULL,NULL,NULL,NULL,NULL,NULL,0,NULL,NULL,NULL,NULL,NULL,NULL,NULL,NULL,NULL,'admin',0,'N',NULL,NULL,NULL,NULL,1);
INSERT INTO `admission` VALUES (206,1,'N','F',0,204,'2020-10-30 00:00:00','I',NULL,'44',NULL,NULL,NULL,NULL,NULL,NULL,NULL,NULL,NULL,0,NULL,NULL,NULL,NULL,NULL,NULL,NULL,NULL,NULL,'admin',0,'N',NULL,NULL,NULL,NULL,1);
INSERT INTO `admission` VALUES (207,1,'N','F',0,205,'2020-10-31 00:00:00','R',NULL,'39',NULL,NULL,NULL,NULL,NULL,NULL,NULL,NULL,NULL,0,NULL,NULL,NULL,NULL,NULL,NULL,NULL,NULL,NULL,'admin',0,'N',NULL,NULL,NULL,NULL,1);
INSERT INTO `admission` VALUES (208,1,'N','F',0,206,'2020-10-31 00:00:00','A',NULL,'15',NULL,NULL,NULL,NULL,NULL,NULL,NULL,NULL,NULL,0,NULL,NULL,NULL,NULL,NULL,NULL,NULL,NULL,NULL,'admin',0,'N',NULL,NULL,NULL,NULL,1);
INSERT INTO `admission` VALUES (209,1,'N','F',0,208,'2020-10-31 00:00:00','I',NULL,'15',NULL,NULL,NULL,NULL,NULL,NULL,NULL,NULL,NULL,0,NULL,NULL,NULL,NULL,NULL,NULL,NULL,NULL,NULL,'admin',0,'N',NULL,NULL,NULL,NULL,1);
INSERT INTO `admission` VALUES (213,1,'N','I',887,214,'2020-11-01 00:00:00','I',NULL,'44',NULL,NULL,NULL,NULL,NULL,NULL,NULL,NULL,NULL,0,NULL,NULL,NULL,NULL,NULL,NULL,NULL,NULL,NULL,'admin',0,'N',NULL,NULL,NULL,NULL,1);
INSERT INTO `admission` VALUES (214,1,'N','I',884,215,'2020-10-31 00:00:00','I',NULL,'48',NULL,NULL,NULL,NULL,NULL,NULL,NULL,NULL,NULL,0,NULL,NULL,NULL,NULL,NULL,NULL,NULL,NULL,NULL,'admin',0,'N',NULL,NULL,NULL,NULL,1);
INSERT INTO `admission` VALUES (215,1,'N','I',884,216,'2020-10-31 00:00:00','I',NULL,'44',NULL,NULL,NULL,NULL,NULL,NULL,NULL,NULL,NULL,0,NULL,NULL,NULL,NULL,NULL,NULL,NULL,NULL,NULL,'admin',0,'N',NULL,NULL,NULL,NULL,1);
INSERT INTO `admission` VALUES (216,1,'N','I',885,217,'2020-10-31 00:00:00','I',NULL,'40',NULL,NULL,NULL,NULL,NULL,NULL,NULL,NULL,NULL,0,NULL,NULL,NULL,NULL,NULL,NULL,NULL,NULL,NULL,'admin',0,'N',NULL,NULL,NULL,NULL,1);
INSERT INTO `admission` VALUES (217,1,'N','I',886,218,'2020-10-31 00:00:00','I',NULL,'43',NULL,NULL,NULL,NULL,NULL,NULL,NULL,NULL,NULL,0,NULL,NULL,NULL,NULL,NULL,NULL,NULL,NULL,NULL,'admin',0,'N',NULL,NULL,NULL,NULL,1);
INSERT INTO `admission` VALUES (218,1,'N','I',888,219,'2020-11-01 00:00:00','I',NULL,'19',NULL,NULL,NULL,NULL,NULL,NULL,NULL,NULL,NULL,0,NULL,NULL,NULL,NULL,NULL,NULL,NULL,NULL,NULL,'admin',0,'N',NULL,NULL,NULL,NULL,1);
INSERT INTO `admission` VALUES (219,1,'N','I',889,220,'2020-11-02 00:00:00','I',NULL,'39',NULL,NULL,NULL,NULL,NULL,NULL,NULL,NULL,NULL,0,NULL,NULL,NULL,NULL,NULL,NULL,NULL,NULL,NULL,'admin',0,'N',NULL,NULL,NULL,NULL,1);
INSERT INTO `admission` VALUES (220,1,'N','I',890,221,'2020-11-02 00:00:00','I',NULL,'15',NULL,NULL,NULL,NULL,NULL,NULL,NULL,NULL,NULL,0,NULL,NULL,NULL,NULL,NULL,NULL,NULL,NULL,NULL,'admin',0,'N',NULL,NULL,NULL,NULL,1);
INSERT INTO `admission` VALUES (221,1,'N','I',891,222,'2020-11-02 00:00:00','I',NULL,'44',NULL,NULL,NULL,NULL,NULL,NULL,NULL,NULL,NULL,0,NULL,NULL,NULL,NULL,NULL,NULL,NULL,NULL,NULL,'admin',0,'N',NULL,NULL,NULL,NULL,1);
INSERT INTO `admission` VALUES (222,1,'N','I',892,223,'2020-11-02 00:00:00','I',NULL,'15',NULL,NULL,NULL,NULL,NULL,NULL,NULL,NULL,NULL,0,NULL,NULL,NULL,NULL,NULL,NULL,NULL,NULL,NULL,'admin',0,'N',NULL,NULL,NULL,NULL,1);
INSERT INTO `admission` VALUES (223,1,'N','I',893,224,'2020-11-02 00:00:00','I',NULL,'17',NULL,NULL,NULL,NULL,NULL,NULL,NULL,NULL,NULL,0,NULL,NULL,NULL,NULL,NULL,NULL,NULL,NULL,NULL,'admin',0,'N',NULL,NULL,NULL,NULL,1);
INSERT INTO `admission` VALUES (224,1,'N','C',4703,225,'2020-11-01 00:00:00','I',NULL,'30',NULL,NULL,NULL,NULL,NULL,NULL,NULL,NULL,NULL,0,NULL,NULL,NULL,NULL,NULL,NULL,NULL,NULL,NULL,'admin',0,'N',NULL,NULL,NULL,NULL,1);
INSERT INTO `admission` VALUES (225,1,'N','C',4704,226,'2020-11-01 00:00:00','I',NULL,'39',NULL,NULL,NULL,NULL,NULL,NULL,NULL,NULL,NULL,0,NULL,NULL,NULL,NULL,NULL,NULL,NULL,NULL,NULL,'admin',0,'N',NULL,NULL,NULL,NULL,1);
INSERT INTO `admission` VALUES (226,1,'N','C',4705,227,'2020-11-01 00:00:00','I',NULL,'39',NULL,NULL,NULL,NULL,NULL,NULL,NULL,NULL,NULL,0,NULL,NULL,NULL,NULL,NULL,NULL,NULL,NULL,NULL,'admin',0,'N',NULL,NULL,NULL,NULL,1);
INSERT INTO `admission` VALUES (227,1,'N','C',4706,228,'2020-11-01 00:00:00','I',NULL,'39',NULL,NULL,NULL,NULL,NULL,NULL,NULL,NULL,NULL,0,NULL,NULL,NULL,NULL,NULL,NULL,NULL,NULL,NULL,'admin',0,'N',NULL,NULL,NULL,NULL,1);
INSERT INTO `admission` VALUES (228,1,'N','C',4707,229,'2020-11-01 00:00:00','I',NULL,'39',NULL,NULL,NULL,NULL,NULL,NULL,NULL,NULL,NULL,0,NULL,NULL,NULL,NULL,NULL,NULL,NULL,NULL,NULL,'admin',0,'N',NULL,NULL,NULL,NULL,1);
INSERT INTO `admission` VALUES (229,1,'N','C',4708,230,'2020-11-01 00:00:00','I',NULL,'30',NULL,NULL,NULL,NULL,NULL,NULL,NULL,NULL,NULL,0,NULL,NULL,NULL,NULL,NULL,NULL,NULL,NULL,NULL,'admin',0,'N',NULL,NULL,NULL,NULL,1);
INSERT INTO `admission` VALUES (230,1,'N','C',4709,231,'2020-11-01 00:00:00','I',NULL,'39',NULL,NULL,NULL,NULL,NULL,NULL,NULL,NULL,NULL,0,NULL,NULL,NULL,NULL,NULL,NULL,NULL,NULL,NULL,'admin',1,'N',NULL,NULL,NULL,NULL,1);
INSERT INTO `admission` VALUES (231,1,'N','C',4710,232,'2020-11-01 00:00:00','I',NULL,'39',NULL,NULL,NULL,NULL,NULL,NULL,NULL,NULL,NULL,0,NULL,NULL,NULL,NULL,NULL,NULL,NULL,NULL,NULL,'admin',0,'N',NULL,NULL,NULL,NULL,1);
INSERT INTO `admission` VALUES (232,1,'N','C',4711,233,'2020-11-01 00:00:00','I',NULL,'39',NULL,NULL,NULL,NULL,NULL,NULL,NULL,NULL,NULL,0,NULL,NULL,NULL,NULL,NULL,NULL,NULL,NULL,NULL,'admin',0,'N',NULL,NULL,NULL,NULL,1);
INSERT INTO `admission` VALUES (233,1,'N','C',4712,234,'2020-11-01 00:00:00','I',NULL,'39',NULL,NULL,NULL,NULL,NULL,NULL,NULL,NULL,NULL,0,NULL,NULL,NULL,NULL,NULL,NULL,NULL,NULL,NULL,'admin',0,'N',NULL,NULL,NULL,NULL,1);
INSERT INTO `admission` VALUES (234,1,'N','C',4713,235,'2020-11-01 00:00:00','I',NULL,'39',NULL,NULL,NULL,NULL,NULL,NULL,NULL,NULL,NULL,0,NULL,NULL,NULL,NULL,NULL,NULL,NULL,NULL,NULL,'admin',0,'N',NULL,NULL,NULL,NULL,1);
INSERT INTO `admission` VALUES (235,1,'N','C',4714,236,'2020-11-01 00:00:00','I',NULL,'12',NULL,NULL,NULL,NULL,NULL,NULL,NULL,NULL,NULL,0,NULL,NULL,NULL,NULL,NULL,NULL,NULL,NULL,NULL,'admin',0,'N',NULL,NULL,NULL,NULL,1);
INSERT INTO `admission` VALUES (236,1,'N','C',4715,237,'2020-11-01 00:00:00','I',NULL,'39',NULL,NULL,NULL,NULL,NULL,NULL,NULL,NULL,NULL,0,NULL,NULL,NULL,NULL,NULL,NULL,NULL,NULL,NULL,'admin',0,'N',NULL,NULL,NULL,NULL,1);
INSERT INTO `admission` VALUES (237,1,'N','C',4716,238,'2020-11-01 00:00:00','I',NULL,'12',NULL,NULL,NULL,NULL,NULL,NULL,NULL,NULL,NULL,0,NULL,NULL,NULL,NULL,NULL,NULL,NULL,NULL,NULL,'admin',0,'N',NULL,NULL,NULL,NULL,1);
INSERT INTO `admission` VALUES (238,1,'N','C',4717,239,'2020-11-01 00:00:00','I',NULL,'39',NULL,NULL,NULL,NULL,NULL,NULL,NULL,NULL,NULL,0,NULL,NULL,NULL,NULL,NULL,NULL,NULL,NULL,NULL,'admin',0,'N',NULL,NULL,NULL,NULL,1);
INSERT INTO `admission` VALUES (239,1,'N','C',4718,240,'2020-11-01 00:00:00','I',NULL,'30',NULL,NULL,NULL,NULL,NULL,NULL,NULL,NULL,NULL,0,NULL,NULL,NULL,NULL,NULL,NULL,NULL,NULL,NULL,'admin',0,'N',NULL,NULL,NULL,NULL,1);
INSERT INTO `admission` VALUES (240,1,'N','C',4719,241,'2020-11-01 00:00:00','I',NULL,'30',NULL,NULL,NULL,NULL,NULL,NULL,NULL,NULL,NULL,0,NULL,NULL,NULL,NULL,NULL,NULL,NULL,NULL,NULL,'admin',0,'N',NULL,NULL,NULL,NULL,1);
INSERT INTO `admission` VALUES (241,1,'N','C',4720,242,'2020-11-01 00:00:00','I',NULL,'30',NULL,NULL,NULL,NULL,NULL,NULL,NULL,NULL,NULL,0,NULL,NULL,NULL,NULL,NULL,NULL,NULL,NULL,NULL,'admin',0,'N',NULL,NULL,NULL,NULL,1);
INSERT INTO `admission` VALUES (242,1,'N','C',4721,243,'2020-11-01 00:00:00','I',NULL,'39',NULL,NULL,NULL,NULL,NULL,NULL,NULL,NULL,NULL,0,NULL,NULL,NULL,NULL,NULL,NULL,NULL,NULL,NULL,'admin',0,'N',NULL,NULL,NULL,NULL,1);
INSERT INTO `admission` VALUES (243,1,'N','C',4722,244,'2020-11-01 00:00:00','I',NULL,'39',NULL,NULL,NULL,NULL,NULL,NULL,NULL,NULL,NULL,0,NULL,NULL,NULL,NULL,NULL,NULL,NULL,NULL,NULL,'admin',0,'N',NULL,NULL,NULL,NULL,1);
INSERT INTO `admission` VALUES (244,1,'N','C',4723,245,'2020-11-02 00:00:00','I',NULL,'42',NULL,NULL,NULL,NULL,NULL,NULL,NULL,NULL,NULL,0,NULL,NULL,NULL,NULL,NULL,NULL,NULL,NULL,NULL,'admin',0,'N',NULL,NULL,NULL,NULL,1);
INSERT INTO `admission` VALUES (245,1,'N','C',4724,246,'2020-11-02 00:00:00','I',NULL,'39',NULL,NULL,NULL,NULL,NULL,NULL,NULL,NULL,NULL,0,NULL,NULL,NULL,NULL,NULL,NULL,NULL,NULL,NULL,'admin',0,'N',NULL,NULL,NULL,NULL,1);
INSERT INTO `admission` VALUES (246,1,'N','C',4725,247,'2020-11-02 00:00:00','I',NULL,'39',NULL,NULL,NULL,NULL,NULL,NULL,NULL,NULL,NULL,0,NULL,NULL,NULL,NULL,NULL,NULL,NULL,NULL,NULL,'admin',0,'N',NULL,NULL,NULL,NULL,1);
INSERT INTO `admission` VALUES (247,1,'N','C',4726,248,'2020-11-02 00:00:00','I',NULL,'12',NULL,NULL,NULL,NULL,NULL,NULL,NULL,NULL,NULL,0,NULL,NULL,NULL,NULL,NULL,NULL,NULL,NULL,NULL,'admin',0,'N',NULL,NULL,NULL,NULL,1);
INSERT INTO `admission` VALUES (248,1,'N','C',4727,249,'2020-11-02 00:00:00','I',NULL,'39',NULL,NULL,NULL,NULL,NULL,NULL,NULL,NULL,NULL,0,NULL,NULL,NULL,NULL,NULL,NULL,NULL,NULL,NULL,'admin',0,'N',NULL,NULL,NULL,NULL,1);
INSERT INTO `admission` VALUES (249,1,'N','C',4728,250,'2020-11-02 00:00:00','I',NULL,'39',NULL,NULL,NULL,NULL,NULL,NULL,NULL,NULL,NULL,0,NULL,NULL,NULL,NULL,NULL,NULL,NULL,NULL,NULL,'admin',0,'N',NULL,NULL,NULL,NULL,1);
INSERT INTO `admission` VALUES (250,1,'N','C',4729,251,'2020-11-02 00:00:00','I',NULL,'39',NULL,NULL,NULL,NULL,NULL,NULL,NULL,NULL,NULL,0,NULL,NULL,NULL,NULL,NULL,NULL,NULL,NULL,NULL,'admin',0,'N',NULL,NULL,NULL,NULL,1);
INSERT INTO `admission` VALUES (251,1,'N','C',4730,252,'2020-11-02 00:00:00','I',NULL,'39',NULL,NULL,NULL,NULL,NULL,NULL,NULL,NULL,NULL,0,NULL,NULL,NULL,NULL,NULL,NULL,NULL,NULL,NULL,'admin',0,'N',NULL,NULL,NULL,NULL,1);
INSERT INTO `admission` VALUES (252,1,'N','C',4731,253,'2020-11-02 00:00:00','I',NULL,'39',NULL,NULL,NULL,NULL,NULL,NULL,NULL,NULL,NULL,0,NULL,NULL,NULL,NULL,NULL,NULL,NULL,NULL,NULL,'admin',0,'N',NULL,NULL,NULL,NULL,1);
INSERT INTO `admission` VALUES (253,1,'N','C',4732,254,'2020-11-02 00:00:00','I',NULL,'39',NULL,NULL,NULL,NULL,NULL,NULL,NULL,NULL,NULL,0,NULL,NULL,NULL,NULL,NULL,NULL,NULL,NULL,NULL,'admin',0,'N',NULL,NULL,NULL,NULL,1);
INSERT INTO `admission` VALUES (254,1,'N','C',4733,256,'2020-11-02 00:00:00','I',NULL,'13',NULL,NULL,NULL,NULL,NULL,NULL,NULL,NULL,NULL,0,NULL,NULL,NULL,NULL,NULL,NULL,NULL,NULL,NULL,'admin',0,'N',NULL,NULL,NULL,NULL,1);
INSERT INTO `admission` VALUES (255,0,'N','C',4734,257,'2020-11-02 00:00:00','I',NULL,'12','12',NULL,NULL,NULL,NULL,NULL,'2020-11-02 00:00:00','D',NULL,0,NULL,NULL,NULL,NULL,NULL,NULL,NULL,NULL,NULL,'admin',0,'N',NULL,NULL,NULL,NULL,1);
INSERT INTO `admission` VALUES (256,1,'N','C',4735,258,'2020-11-02 00:00:00','I',NULL,'39',NULL,NULL,NULL,NULL,NULL,NULL,NULL,NULL,NULL,0,NULL,NULL,NULL,NULL,NULL,NULL,NULL,NULL,NULL,'admin',0,'N',NULL,NULL,NULL,NULL,1);
INSERT INTO `admission` VALUES (257,1,'P','M',2,255,'2020-11-02 00:00:00','I',NULL,NULL,NULL,NULL,NULL,NULL,NULL,NULL,NULL,NULL,NULL,0,'2020-11-02 00:00:00',NULL,'2020-11-02 00:00:00','N','A',2.5,NULL,NULL,NULL,'admin',0,'N',NULL,NULL,NULL,NULL,1);
INSERT INTO `admission` VALUES (258,1,'N','C',4736,259,'2020-11-02 00:00:00','I',NULL,'39',NULL,NULL,NULL,NULL,NULL,NULL,NULL,NULL,NULL,0,NULL,NULL,NULL,NULL,NULL,NULL,NULL,NULL,NULL,'admin',0,'N',NULL,NULL,NULL,NULL,1);
INSERT INTO `admission` VALUES (259,1,'N','C',4737,261,'2020-11-02 00:00:00','I',NULL,'15',NULL,NULL,NULL,NULL,NULL,NULL,NULL,NULL,NULL,0,NULL,NULL,NULL,NULL,NULL,NULL,NULL,NULL,NULL,'admin',0,'N',NULL,NULL,NULL,NULL,1);
INSERT INTO `admission` VALUES (260,1,'N','C',4738,262,'2020-11-02 00:00:00','I',NULL,'39',NULL,NULL,NULL,NULL,NULL,NULL,NULL,NULL,NULL,0,NULL,NULL,NULL,NULL,NULL,NULL,NULL,NULL,NULL,'admin',0,'N',NULL,NULL,NULL,NULL,1);
INSERT INTO `admission` VALUES (261,1,'P','M',2,260,'2020-11-02 00:00:00','I',NULL,NULL,NULL,NULL,NULL,NULL,NULL,NULL,NULL,NULL,NULL,0,'2020-11-02 00:00:00',NULL,'2020-11-02 00:00:00','N','A',2.9,NULL,NULL,NULL,'admin',0,'N',NULL,NULL,NULL,NULL,1);
INSERT INTO `admission` VALUES (262,1,'N','C',4739,263,'2020-11-02 00:00:00','I',NULL,'39',NULL,NULL,NULL,NULL,NULL,NULL,NULL,NULL,NULL,0,NULL,NULL,NULL,NULL,NULL,NULL,NULL,NULL,NULL,'admin',0,'N',NULL,NULL,NULL,NULL,1);
INSERT INTO `admission` VALUES (263,1,'N','C',4740,265,'2020-11-02 00:00:00','I',NULL,'39',NULL,NULL,NULL,NULL,NULL,NULL,NULL,NULL,NULL,0,NULL,NULL,NULL,NULL,NULL,NULL,NULL,NULL,NULL,'admin',0,'N',NULL,NULL,NULL,NULL,1);
INSERT INTO `admission` VALUES (264,1,'P','M',2,264,'2020-11-02 00:00:00','I',NULL,'47',NULL,NULL,NULL,NULL,NULL,NULL,NULL,NULL,NULL,0,NULL,NULL,NULL,NULL,NULL,NULL,NULL,NULL,NULL,'admin',0,'N',NULL,NULL,NULL,NULL,1);
INSERT INTO `admission` VALUES (265,1,'N','C',4741,266,'2020-11-02 00:00:00','I',NULL,'12',NULL,NULL,NULL,NULL,NULL,NULL,NULL,NULL,NULL,0,NULL,NULL,NULL,NULL,NULL,NULL,NULL,NULL,NULL,'admin',0,'N',NULL,NULL,NULL,NULL,1);
INSERT INTO `admission` VALUES (266,1,'N','C',4742,267,'2020-11-02 00:00:00','I',NULL,'39',NULL,NULL,NULL,NULL,NULL,NULL,NULL,NULL,NULL,0,NULL,NULL,NULL,NULL,NULL,NULL,NULL,NULL,NULL,'admin',0,'N',NULL,NULL,NULL,NULL,1);
INSERT INTO `admission` VALUES (267,1,'N','C',4743,268,'2020-11-02 00:00:00','I',NULL,'15',NULL,NULL,NULL,NULL,NULL,NULL,NULL,NULL,NULL,0,NULL,NULL,NULL,NULL,NULL,NULL,NULL,NULL,NULL,'admin',0,'N',NULL,NULL,NULL,NULL,1);
INSERT INTO `admission` VALUES (268,1,'N','F',760,269,'2020-11-02 00:00:00','I',NULL,'44',NULL,NULL,NULL,NULL,NULL,NULL,NULL,NULL,NULL,0,NULL,NULL,NULL,NULL,NULL,NULL,NULL,NULL,NULL,'admin',0,'N',NULL,NULL,NULL,NULL,1);
INSERT INTO `admission` VALUES (269,1,'N','C',4744,270,'2020-11-02 00:00:00','I',NULL,'15',NULL,NULL,NULL,NULL,NULL,NULL,NULL,NULL,NULL,0,NULL,NULL,NULL,NULL,NULL,NULL,NULL,NULL,NULL,'admin',0,'N',NULL,NULL,NULL,NULL,1);
INSERT INTO `admission` VALUES (270,1,'N','F',761,271,'2020-11-03 00:00:00','I',NULL,'44',NULL,NULL,NULL,NULL,NULL,NULL,NULL,NULL,NULL,0,NULL,NULL,NULL,NULL,NULL,NULL,NULL,NULL,NULL,'admin',0,'N',NULL,NULL,NULL,NULL,1);
INSERT INTO `admission` VALUES (271,1,'N','F',762,273,'2020-11-03 00:00:00','I',NULL,NULL,NULL,NULL,NULL,NULL,NULL,NULL,NULL,NULL,NULL,0,NULL,NULL,NULL,NULL,NULL,NULL,NULL,NULL,NULL,'admin',0,'N',NULL,NULL,NULL,NULL,1);
INSERT INTO `admission` VALUES (272,1,'N','C',4745,272,'2020-11-03 00:00:00','I',NULL,'39',NULL,NULL,NULL,NULL,NULL,NULL,NULL,NULL,NULL,0,NULL,NULL,NULL,NULL,NULL,NULL,NULL,NULL,NULL,'admin',0,'N',NULL,NULL,NULL,NULL,1);
INSERT INTO `admission` VALUES (273,1,'N','F',763,274,'2020-11-03 00:00:00','I',NULL,'39',NULL,NULL,NULL,NULL,NULL,NULL,NULL,NULL,NULL,0,NULL,NULL,NULL,NULL,NULL,NULL,NULL,NULL,NULL,'admin',0,'N',NULL,NULL,NULL,NULL,1);
INSERT INTO `admission` VALUES (274,1,'N','C',4746,275,'2020-11-03 00:00:00','I',NULL,'42',NULL,NULL,NULL,NULL,NULL,NULL,NULL,NULL,NULL,0,NULL,NULL,NULL,NULL,NULL,NULL,NULL,NULL,NULL,'admin',0,'N',NULL,NULL,NULL,NULL,1);
INSERT INTO `admission` VALUES (275,1,'N','C',4747,276,'2020-11-03 00:00:00','I',NULL,'39',NULL,NULL,NULL,NULL,NULL,NULL,NULL,NULL,NULL,0,NULL,NULL,NULL,NULL,NULL,NULL,NULL,NULL,NULL,'admin',0,'N',NULL,NULL,NULL,NULL,1);
INSERT INTO `admission` VALUES (276,1,'N','C',4748,277,'2020-11-03 00:00:00','I',NULL,'39',NULL,NULL,NULL,NULL,NULL,NULL,NULL,NULL,NULL,0,NULL,NULL,NULL,NULL,NULL,NULL,NULL,NULL,NULL,'admin',0,'N',NULL,NULL,NULL,NULL,1);
INSERT INTO `admission` VALUES (277,1,'N','C',4749,278,'2020-11-03 00:00:00','I',NULL,'39',NULL,NULL,NULL,NULL,NULL,NULL,NULL,NULL,NULL,0,NULL,NULL,NULL,NULL,NULL,NULL,NULL,NULL,NULL,'admin',0,'N',NULL,NULL,NULL,NULL,1);
INSERT INTO `admission` VALUES (278,1,'N','C',4750,279,'2020-11-03 00:00:00','I',NULL,'46',NULL,NULL,NULL,NULL,NULL,NULL,NULL,NULL,NULL,0,NULL,NULL,NULL,NULL,NULL,NULL,NULL,NULL,NULL,'admin',0,'N',NULL,NULL,NULL,NULL,1);
INSERT INTO `admission` VALUES (279,1,'N','C',4751,280,'2020-11-03 00:00:00','I',NULL,'39',NULL,NULL,NULL,NULL,NULL,NULL,NULL,NULL,NULL,0,NULL,NULL,NULL,NULL,NULL,NULL,NULL,NULL,NULL,'admin',0,'N',NULL,NULL,NULL,NULL,1);
INSERT INTO `admission` VALUES (280,1,'N','C',4752,281,'2020-11-03 00:00:00','I',NULL,'39',NULL,NULL,NULL,NULL,NULL,NULL,NULL,NULL,NULL,0,NULL,NULL,NULL,NULL,NULL,NULL,NULL,NULL,NULL,'admin',0,'N',NULL,NULL,NULL,NULL,1);
INSERT INTO `admission` VALUES (281,1,'N','C',4753,282,'2020-11-03 00:00:00','I',NULL,'39',NULL,NULL,NULL,NULL,NULL,NULL,NULL,NULL,NULL,0,NULL,NULL,NULL,NULL,NULL,NULL,NULL,NULL,NULL,'admin',0,'N',NULL,NULL,NULL,NULL,1);
INSERT INTO `admission` VALUES (282,1,'N','C',4754,283,'2020-11-03 00:00:00','I',NULL,'39',NULL,NULL,NULL,NULL,NULL,NULL,NULL,NULL,NULL,0,NULL,NULL,NULL,NULL,NULL,NULL,NULL,NULL,NULL,'admin',0,'N',NULL,NULL,NULL,NULL,1);
INSERT INTO `admission` VALUES (283,1,'N','C',4755,284,'2020-11-03 00:00:00','I',NULL,'39',NULL,NULL,NULL,NULL,NULL,NULL,NULL,NULL,NULL,0,NULL,NULL,NULL,NULL,NULL,NULL,NULL,NULL,NULL,'admin',0,'N',NULL,NULL,NULL,NULL,1);
INSERT INTO `admission` VALUES (284,0,'N','I',793,285,'2020-10-10 00:00:00','I',NULL,'14','14',NULL,NULL,NULL,NULL,NULL,'2020-10-28 00:00:00','B',NULL,0,NULL,NULL,NULL,NULL,NULL,NULL,NULL,NULL,NULL,'admin',0,'N',NULL,NULL,NULL,NULL,1);
INSERT INTO `admission` VALUES (285,1,'N','C',4756,286,'2020-11-03 00:00:00','I',NULL,'30',NULL,NULL,NULL,NULL,NULL,NULL,NULL,NULL,NULL,0,NULL,NULL,NULL,NULL,NULL,NULL,NULL,NULL,NULL,'admin',0,'N',NULL,NULL,NULL,NULL,1);
INSERT INTO `admission` VALUES (286,0,'N','I',820,287,'2020-10-16 00:00:00','I',NULL,'48','46',NULL,NULL,NULL,NULL,NULL,'2020-10-28 00:00:00','B',NULL,0,NULL,NULL,NULL,NULL,NULL,NULL,NULL,NULL,NULL,'admin',0,'N',NULL,NULL,NULL,NULL,1);
INSERT INTO `admission` VALUES (287,0,'N','I',761,288,'2020-10-18 00:00:00','I',NULL,'95','95',NULL,NULL,NULL,NULL,NULL,'2020-10-28 00:00:00','B',NULL,0,NULL,NULL,NULL,NULL,NULL,NULL,NULL,NULL,NULL,'admin',0,'N',NULL,NULL,NULL,NULL,1);
INSERT INTO `admission` VALUES (288,0,'N','I',805,157,'2020-10-13 00:00:00','I',NULL,'108','108',NULL,NULL,NULL,NULL,NULL,'2020-10-28 00:00:00','EQ',NULL,0,NULL,NULL,NULL,NULL,NULL,NULL,NULL,NULL,NULL,'admin',0,'N',NULL,NULL,NULL,NULL,1);
INSERT INTO `admission` VALUES (289,0,'N','I',745,289,'2020-09-28 00:00:00','I',NULL,'102','102',NULL,NULL,NULL,NULL,NULL,'2020-10-28 00:00:00','EQ',NULL,0,NULL,NULL,NULL,NULL,NULL,NULL,NULL,NULL,NULL,'admin',0,'N',NULL,NULL,NULL,NULL,1);
INSERT INTO `admission` VALUES (290,0,'N','I',813,290,'2020-10-16 00:00:00','I',NULL,'49','49',NULL,NULL,NULL,NULL,NULL,'2020-10-28 00:00:00','EQ',NULL,0,NULL,NULL,NULL,NULL,NULL,NULL,NULL,NULL,NULL,'admin',0,'N',NULL,NULL,NULL,NULL,1);
INSERT INTO `admission` VALUES (291,0,'N','I',741,291,'2020-10-25 00:00:00','I',NULL,'14','14',NULL,NULL,NULL,NULL,NULL,'2020-10-28 00:00:00','EQ',NULL,0,NULL,NULL,NULL,NULL,NULL,NULL,NULL,NULL,NULL,'admin',0,'N',NULL,NULL,NULL,NULL,1);
INSERT INTO `admission` VALUES (292,0,'N','I',810,292,'2020-10-14 00:00:00','I',NULL,'104','104',NULL,NULL,NULL,NULL,NULL,'2020-10-26 00:00:00','EQ',NULL,0,NULL,NULL,NULL,NULL,NULL,NULL,NULL,NULL,NULL,'admin',0,'N',NULL,NULL,NULL,NULL,1);
INSERT INTO `admission` VALUES (293,0,'N','I',747,293,'2020-09-28 00:00:00','I',NULL,'44','44',NULL,NULL,NULL,NULL,NULL,'2020-10-25 00:00:00','EQ',NULL,0,NULL,NULL,NULL,NULL,NULL,NULL,NULL,NULL,NULL,'admin',0,'N',NULL,NULL,NULL,NULL,1);
INSERT INTO `admission` VALUES (294,0,'N','I',748,294,'2020-09-29 00:00:00','I',NULL,'44','29',NULL,NULL,NULL,NULL,NULL,'2020-10-25 00:00:00','EQ',NULL,0,NULL,NULL,NULL,NULL,NULL,NULL,NULL,NULL,NULL,'admin',0,'N',NULL,NULL,NULL,NULL,1);
INSERT INTO `admission` VALUES (295,0,'N','I',751,295,'2020-10-01 00:00:00','I',NULL,'84','84',NULL,NULL,NULL,NULL,NULL,'2020-10-25 00:00:00','EQ',NULL,0,NULL,NULL,NULL,NULL,NULL,NULL,NULL,NULL,NULL,'admin',0,'N',NULL,NULL,NULL,NULL,1);
INSERT INTO `admission` VALUES (296,0,'N','I',749,296,'2020-09-30 00:00:00','I',NULL,'23','23',NULL,NULL,NULL,NULL,NULL,'2020-10-24 00:00:00','EQ',NULL,0,NULL,NULL,NULL,NULL,NULL,NULL,NULL,NULL,NULL,'admin',0,'N',NULL,NULL,NULL,NULL,1);
INSERT INTO `admission` VALUES (297,0,'N','I',830,297,'2020-10-10 00:00:00','I',NULL,'40','40',NULL,NULL,NULL,NULL,NULL,'2020-10-24 00:00:00','EQ',NULL,0,NULL,NULL,NULL,NULL,NULL,NULL,NULL,NULL,NULL,'admin',0,'N',NULL,NULL,NULL,NULL,1);
INSERT INTO `admission` VALUES (298,0,'N','I',822,298,'2020-10-17 00:00:00','I',NULL,'48','47',NULL,NULL,NULL,NULL,NULL,'2020-10-24 00:00:00','EQ',NULL,0,NULL,NULL,NULL,NULL,NULL,NULL,NULL,NULL,NULL,'admin',0,'N',NULL,NULL,NULL,NULL,1);
INSERT INTO `admission` VALUES (299,0,'N','I',823,299,'2020-10-17 00:00:00','I',NULL,'40','40',NULL,NULL,NULL,NULL,NULL,'2020-10-24 00:00:00','EQ',NULL,0,NULL,NULL,NULL,NULL,NULL,NULL,NULL,NULL,NULL,'admin',0,'N',NULL,NULL,NULL,NULL,1);
INSERT INTO `admission` VALUES (300,0,'N','I',776,300,'2020-10-07 00:00:00','I',NULL,'39','39',NULL,NULL,NULL,NULL,NULL,'2020-10-24 00:00:00','EQ',NULL,0,NULL,NULL,NULL,NULL,NULL,NULL,NULL,NULL,NULL,'admin',0,'N',NULL,NULL,NULL,NULL,1);
INSERT INTO `admission` VALUES (301,0,'N','I',764,301,'2020-10-18 00:00:00','I',NULL,'90','90',NULL,NULL,NULL,NULL,NULL,'2020-10-24 00:00:00','EQ',NULL,0,NULL,NULL,NULL,NULL,NULL,NULL,NULL,NULL,NULL,'admin',0,'N',NULL,NULL,NULL,NULL,1);
INSERT INTO `admission` VALUES (302,0,'N','I',815,302,'2020-10-16 00:00:00','I',NULL,'39','46',NULL,NULL,NULL,NULL,NULL,'2020-10-24 00:00:00','EQ',NULL,0,NULL,NULL,NULL,NULL,NULL,NULL,NULL,NULL,NULL,'admin',0,'N',NULL,NULL,NULL,NULL,1);
INSERT INTO `admission` VALUES (303,0,'N','I',811,303,'2020-10-15 00:00:00','I',NULL,'24','24',NULL,NULL,NULL,NULL,NULL,'2020-10-24 00:00:00','EQ',NULL,0,NULL,NULL,NULL,NULL,NULL,NULL,NULL,NULL,NULL,'admin',0,'N',NULL,NULL,NULL,NULL,1);
INSERT INTO `admission` VALUES (304,0,'N','I',632,304,'2020-10-17 00:00:00','I',NULL,'48','48',NULL,NULL,NULL,NULL,NULL,'2020-10-24 00:00:00','EQ',NULL,0,NULL,NULL,NULL,NULL,NULL,NULL,NULL,NULL,NULL,'admin',0,'N',NULL,NULL,NULL,NULL,1);
INSERT INTO `admission` VALUES (305,0,'N','I',828,305,'2020-10-18 00:00:00','I',NULL,'68','68',NULL,NULL,NULL,NULL,NULL,'2020-10-24 00:00:00','EQ',NULL,0,NULL,NULL,NULL,NULL,NULL,NULL,NULL,NULL,NULL,'admin',0,'N',NULL,NULL,NULL,NULL,1);
INSERT INTO `admission` VALUES (306,0,'N','I',773,306,'2020-10-05 00:00:00','I',NULL,'90','90',NULL,NULL,NULL,NULL,NULL,'2020-10-21 00:00:00','EQ',NULL,0,NULL,NULL,NULL,NULL,NULL,NULL,NULL,NULL,NULL,'admin',0,'N',NULL,NULL,NULL,NULL,1);
INSERT INTO `admission` VALUES (307,0,'N','I',819,307,'2020-10-16 00:00:00','I',NULL,'108','108',NULL,NULL,NULL,NULL,NULL,'2020-10-21 00:00:00','EQ',NULL,0,NULL,NULL,NULL,NULL,NULL,NULL,NULL,NULL,NULL,'admin',0,'N',NULL,NULL,NULL,NULL,1);
INSERT INTO `admission` VALUES (308,0,'N','I',775,308,'2020-10-04 00:00:00','I',NULL,'88','88',NULL,NULL,NULL,NULL,NULL,'2020-10-19 00:00:00','EQ',NULL,0,NULL,NULL,NULL,NULL,NULL,NULL,NULL,NULL,NULL,'admin',0,'N',NULL,NULL,NULL,NULL,1);
INSERT INTO `admission` VALUES (309,0,'N','I',766,309,'2020-10-05 00:00:00','I',NULL,'14','14',NULL,NULL,NULL,NULL,NULL,'2020-10-19 00:00:00','EQ',NULL,0,NULL,NULL,NULL,NULL,NULL,NULL,NULL,NULL,NULL,'admin',0,'N',NULL,NULL,NULL,NULL,1);
INSERT INTO `admission` VALUES (310,0,'N','I',740,310,'2020-09-27 00:00:00','I',NULL,'100','100',NULL,NULL,NULL,NULL,NULL,'2020-10-19 00:00:00','EQ',NULL,0,NULL,NULL,NULL,NULL,NULL,NULL,NULL,NULL,NULL,'admin',0,'N',NULL,NULL,NULL,NULL,1);
INSERT INTO `admission` VALUES (311,0,'N','I',770,311,'2020-10-05 00:00:00','I',NULL,'95','95',NULL,NULL,NULL,NULL,NULL,'2020-10-19 00:00:00','EQ',NULL,0,NULL,NULL,NULL,NULL,NULL,NULL,NULL,NULL,NULL,'admin',0,'N',NULL,NULL,NULL,NULL,1);
INSERT INTO `admission` VALUES (312,0,'N','I',638,312,'2020-08-18 00:00:00','I',NULL,'44','44',NULL,NULL,NULL,NULL,NULL,'2020-10-17 00:00:00','EQ',NULL,0,NULL,NULL,NULL,NULL,NULL,NULL,NULL,NULL,NULL,'admin',0,'N',NULL,NULL,NULL,NULL,1);
INSERT INTO `admission` VALUES (313,0,'N','I',774,313,'2020-10-06 00:00:00','I',NULL,'49','49',NULL,NULL,NULL,NULL,NULL,'2020-10-16 00:00:00','EQ',NULL,0,NULL,NULL,NULL,NULL,NULL,NULL,NULL,NULL,NULL,'admin',0,'N',NULL,NULL,NULL,NULL,1);
INSERT INTO `admission` VALUES (314,0,'N','I',769,314,'2020-10-05 00:00:00','I',NULL,'84','84',NULL,NULL,NULL,NULL,NULL,'2020-10-16 00:00:00','EQ',NULL,0,NULL,NULL,NULL,NULL,NULL,NULL,NULL,NULL,NULL,'admin',0,'N',NULL,NULL,NULL,NULL,1);
INSERT INTO `admission` VALUES (315,0,'N','I',760,315,'2020-10-04 00:00:00','I',NULL,'48','48',NULL,NULL,NULL,NULL,NULL,'2020-10-14 00:00:00','D',NULL,0,NULL,NULL,NULL,NULL,NULL,NULL,NULL,NULL,NULL,'admin',0,'N',NULL,NULL,NULL,NULL,1);
INSERT INTO `admission` VALUES (316,0,'N','I',756,316,'2020-10-03 00:00:00','I',NULL,'90','90',NULL,NULL,NULL,NULL,NULL,'2020-10-14 00:00:00','EQ',NULL,0,NULL,NULL,NULL,NULL,NULL,NULL,NULL,NULL,NULL,'admin',0,'N',NULL,NULL,NULL,NULL,1);
INSERT INTO `admission` VALUES (317,0,'N','I',712,317,'2020-09-15 00:00:00','I',NULL,'16','16',NULL,NULL,NULL,NULL,NULL,'2020-10-14 00:00:00','EQ',NULL,0,NULL,NULL,NULL,NULL,NULL,NULL,NULL,NULL,NULL,'admin',0,'N',NULL,NULL,NULL,NULL,1);
INSERT INTO `admission` VALUES (318,0,'N','I',736,318,'2020-09-25 00:00:00','I',NULL,'87','87',NULL,NULL,NULL,NULL,NULL,'2020-10-14 00:00:00','EQ',NULL,0,NULL,NULL,NULL,NULL,NULL,NULL,NULL,NULL,NULL,'admin',0,'N',NULL,NULL,NULL,NULL,1);
INSERT INTO `admission` VALUES (319,0,'N','I',725,319,'2020-09-21 00:00:00','I',NULL,'18','18',NULL,NULL,NULL,NULL,NULL,'2020-10-02 00:00:00','EQ',NULL,0,NULL,NULL,NULL,NULL,NULL,NULL,NULL,NULL,NULL,'admin',0,'N',NULL,NULL,NULL,NULL,1);
INSERT INTO `admission` VALUES (320,0,'N','I',735,320,'2020-09-25 00:00:00','I',NULL,'39','39',NULL,NULL,NULL,NULL,NULL,'2020-10-02 00:00:00','EQ',NULL,0,NULL,NULL,NULL,NULL,NULL,NULL,NULL,NULL,NULL,'admin',0,'N',NULL,NULL,NULL,NULL,1);
INSERT INTO `admission` VALUES (321,0,'N','I',702,321,'2020-09-11 00:00:00','I',NULL,'14','14',NULL,NULL,NULL,NULL,NULL,'2020-10-04 00:00:00','EQ',NULL,0,NULL,NULL,NULL,NULL,NULL,NULL,NULL,NULL,NULL,'admin',0,'N',NULL,NULL,NULL,NULL,1);
INSERT INTO `admission` VALUES (322,0,'N','I',754,322,'2020-10-02 00:00:00','I',NULL,'84','84',NULL,NULL,NULL,NULL,NULL,'2020-10-04 00:00:00','D',NULL,0,NULL,NULL,NULL,NULL,NULL,NULL,NULL,NULL,NULL,'admin',0,'N',NULL,NULL,NULL,NULL,1);
INSERT INTO `admission` VALUES (323,0,'N','I',758,323,'2020-10-03 00:00:00','R',NULL,'48','48',NULL,NULL,NULL,NULL,NULL,'2020-10-04 00:00:00','B',NULL,0,NULL,NULL,NULL,NULL,NULL,NULL,NULL,NULL,NULL,'admin',0,'N',NULL,NULL,NULL,NULL,1);
INSERT INTO `admission` VALUES (324,0,'N','I',724,324,'2020-09-21 00:00:00','I',NULL,'87','87',NULL,NULL,NULL,NULL,NULL,'2020-10-04 00:00:00','EQ',NULL,0,NULL,NULL,NULL,NULL,NULL,NULL,NULL,NULL,NULL,'admin',0,'N',NULL,NULL,NULL,NULL,1);
INSERT INTO `admission` VALUES (325,0,'N','I',721,325,'2020-09-20 00:00:00','I',NULL,'87','87',NULL,NULL,NULL,NULL,NULL,'2020-10-04 00:00:00','EQ',NULL,0,NULL,NULL,NULL,NULL,NULL,NULL,NULL,NULL,NULL,'admin',0,'N',NULL,NULL,NULL,NULL,1);
INSERT INTO `admission` VALUES (326,0,'N','I',753,326,'2020-10-02 00:00:00','I',NULL,'9','9',NULL,NULL,NULL,NULL,NULL,'2020-10-05 00:00:00','D',NULL,0,NULL,NULL,NULL,NULL,NULL,NULL,NULL,NULL,NULL,'admin',0,'N',NULL,NULL,NULL,NULL,1);
INSERT INTO `admission` VALUES (327,0,'N','I',750,327,'2020-10-01 00:00:00','I',NULL,'39','39',NULL,NULL,NULL,NULL,NULL,'2020-10-05 00:00:00','EQ',NULL,0,NULL,NULL,NULL,NULL,NULL,NULL,NULL,NULL,NULL,'admin',0,'N',NULL,NULL,NULL,NULL,1);
INSERT INTO `admission` VALUES (328,0,'N','I',772,328,'2020-10-05 00:00:00','I',NULL,'15','15',NULL,NULL,NULL,NULL,NULL,'2020-10-05 00:00:00','EQ',NULL,0,NULL,NULL,NULL,NULL,NULL,NULL,NULL,NULL,NULL,'admin',0,'N',NULL,NULL,NULL,NULL,1);
INSERT INTO `admission` VALUES (329,0,'N','I',752,329,'2020-10-02 00:00:00','I',NULL,'15','104',NULL,NULL,NULL,NULL,NULL,'2020-10-06 00:00:00','D',NULL,0,NULL,NULL,NULL,NULL,NULL,NULL,NULL,NULL,NULL,'admin',0,'N',NULL,NULL,NULL,NULL,1);
INSERT INTO `admission` VALUES (330,0,'N','I',765,330,'2020-10-04 00:00:00','I',NULL,'100','100',NULL,NULL,NULL,NULL,NULL,'2020-10-06 00:00:00','D',NULL,0,NULL,NULL,NULL,NULL,NULL,NULL,NULL,NULL,NULL,'admin',0,'N',NULL,NULL,NULL,NULL,1);
INSERT INTO `admission` VALUES (331,0,'N','I',722,331,'2020-09-20 00:00:00','I',NULL,'68','68',NULL,NULL,NULL,NULL,NULL,'2020-10-08 00:00:00','D',NULL,0,NULL,NULL,NULL,NULL,NULL,NULL,NULL,NULL,NULL,'admin',0,'N',NULL,NULL,NULL,NULL,1);
INSERT INTO `admission` VALUES (332,0,'N','I',777,332,'2020-10-07 00:00:00','I',NULL,'39','39',NULL,NULL,NULL,NULL,NULL,'2020-10-10 00:00:00','D',NULL,0,NULL,NULL,NULL,NULL,NULL,NULL,NULL,NULL,NULL,'admin',0,'N',NULL,NULL,NULL,NULL,1);
INSERT INTO `admission` VALUES (333,0,'N','I',763,333,'2020-10-04 00:00:00','I',NULL,'48','48',NULL,NULL,NULL,NULL,NULL,'2020-10-10 00:00:00','EQ',NULL,0,NULL,NULL,NULL,NULL,NULL,NULL,NULL,NULL,NULL,'admin',0,'N',NULL,NULL,NULL,NULL,1);
INSERT INTO `admission` VALUES (334,0,'N','I',768,334,'2020-10-05 00:00:00','I',NULL,'39','39',NULL,NULL,NULL,NULL,NULL,'2020-10-10 00:00:00','EQ',NULL,0,NULL,NULL,NULL,NULL,NULL,NULL,NULL,NULL,NULL,'admin',0,'N',NULL,NULL,NULL,NULL,1);
INSERT INTO `admission` VALUES (335,0,'N','I',742,335,'2020-09-27 00:00:00','I',NULL,'16','16',NULL,NULL,NULL,NULL,NULL,'2020-10-10 00:00:00','EQ',NULL,0,NULL,NULL,NULL,NULL,NULL,NULL,NULL,NULL,NULL,'admin',0,'N',NULL,NULL,NULL,NULL,1);
INSERT INTO `admission` VALUES (336,0,'N','I',743,336,'2020-09-27 00:00:00','I',NULL,'64','64',NULL,NULL,NULL,NULL,NULL,'2020-10-10 00:00:00','EQ',NULL,0,NULL,NULL,NULL,NULL,NULL,NULL,NULL,NULL,NULL,'admin',0,'N',NULL,NULL,NULL,NULL,1);
INSERT INTO `admission` VALUES (337,0,'N','I',771,337,'2020-10-05 00:00:00','I',NULL,'15','104',NULL,NULL,NULL,NULL,NULL,'2020-10-10 00:00:00','EQ',NULL,0,NULL,NULL,NULL,NULL,NULL,NULL,NULL,NULL,NULL,'admin',0,'N',NULL,NULL,NULL,NULL,1);
INSERT INTO `admission` VALUES (338,0,'N','I',732,338,'2020-09-25 00:00:00','I',NULL,'87','87',NULL,NULL,NULL,NULL,NULL,'2020-10-11 00:00:00','EQ',NULL,0,NULL,NULL,NULL,NULL,NULL,NULL,NULL,NULL,NULL,'admin',0,'N',NULL,NULL,NULL,NULL,1);
INSERT INTO `admission` VALUES (339,0,'N','I',734,339,'2020-09-25 00:00:00','I',NULL,'15','15',NULL,NULL,NULL,NULL,NULL,'2020-10-11 00:00:00','EQ',NULL,0,NULL,NULL,NULL,NULL,NULL,NULL,NULL,NULL,NULL,'admin',0,'N',NULL,NULL,NULL,NULL,1);
INSERT INTO `admission` VALUES (340,1,'N','C',4757,341,'2020-11-04 00:00:00','I',NULL,'15',NULL,NULL,NULL,NULL,NULL,NULL,NULL,NULL,NULL,0,NULL,NULL,NULL,NULL,NULL,NULL,NULL,NULL,NULL,'admin',0,'N',NULL,NULL,NULL,NULL,1);
INSERT INTO `admission` VALUES (341,1,'N','C',4758,342,'2020-11-04 00:00:00','I',NULL,'39',NULL,NULL,NULL,NULL,NULL,NULL,NULL,NULL,NULL,0,NULL,NULL,NULL,NULL,NULL,NULL,NULL,NULL,NULL,'admin',0,'N',NULL,NULL,NULL,NULL,1);
INSERT INTO `admission` VALUES (342,1,'N','C',4759,343,'2020-11-04 00:00:00','I',NULL,'39',NULL,NULL,NULL,NULL,NULL,NULL,NULL,NULL,NULL,0,NULL,NULL,NULL,NULL,NULL,NULL,NULL,NULL,NULL,'admin',0,'N',NULL,NULL,NULL,NULL,1);
INSERT INTO `admission` VALUES (343,0,'N','I',730,344,'2020-09-23 00:00:00','I',NULL,'87','87',NULL,NULL,NULL,NULL,NULL,'2020-10-11 00:00:00','EQ',NULL,0,NULL,NULL,NULL,NULL,NULL,NULL,NULL,NULL,NULL,'admin',0,'N',NULL,NULL,NULL,NULL,1);
INSERT INTO `admission` VALUES (344,1,'P','M',1822,345,'2020-11-02 00:00:00','I',NULL,'39',NULL,NULL,NULL,NULL,NULL,NULL,NULL,NULL,NULL,0,NULL,NULL,NULL,NULL,NULL,NULL,NULL,NULL,NULL,'admin',1,'N',NULL,NULL,NULL,NULL,1);
INSERT INTO `admission` VALUES (345,1,'P','M',1823,346,'2020-11-02 00:00:00','I',NULL,'26',NULL,NULL,NULL,'3','2020-11-06 00:00:00',NULL,NULL,NULL,NULL,0,NULL,NULL,NULL,NULL,NULL,NULL,NULL,NULL,NULL,'admin',0,'N',NULL,NULL,NULL,NULL,1);
INSERT INTO `admission` VALUES (346,1,'P','M',1824,347,'2020-11-02 00:00:00','I',NULL,'26',NULL,NULL,NULL,NULL,NULL,NULL,NULL,NULL,NULL,0,NULL,NULL,NULL,NULL,NULL,NULL,NULL,NULL,NULL,'admin',0,'N',NULL,NULL,NULL,NULL,1);
INSERT INTO `admission` VALUES (347,1,'P','M',1825,348,'2020-11-02 00:00:00','I',NULL,NULL,NULL,NULL,NULL,NULL,NULL,NULL,NULL,NULL,NULL,0,NULL,NULL,'2020-11-02 00:00:00','N',NULL,2.9,NULL,NULL,NULL,'admin',0,'N',NULL,NULL,NULL,NULL,1);
INSERT INTO `admission` VALUES (348,1,'P','M',1826,349,'2020-11-02 00:00:00','I',NULL,NULL,NULL,NULL,NULL,NULL,NULL,NULL,NULL,NULL,NULL,0,NULL,NULL,NULL,'N',NULL,3.9,NULL,NULL,NULL,'admin',0,'N',NULL,NULL,NULL,NULL,1);
INSERT INTO `admission` VALUES (349,1,'P','M',1827,350,'2020-11-03 00:00:00','I',NULL,NULL,NULL,NULL,NULL,'1','2020-11-03 00:00:00',NULL,NULL,NULL,NULL,0,'2020-11-03 00:00:00',NULL,'2020-11-03 00:00:00','C','A',3.14,NULL,NULL,NULL,'admin',0,'N',NULL,NULL,NULL,NULL,1);
INSERT INTO `admission` VALUES (350,1,'P','M',1828,351,'2020-10-26 00:00:00','I',NULL,'39',NULL,NULL,NULL,NULL,NULL,NULL,NULL,NULL,NULL,0,NULL,NULL,NULL,NULL,NULL,NULL,NULL,NULL,NULL,'admin',0,'N',NULL,NULL,NULL,NULL,1);
INSERT INTO `admission` VALUES (351,1,'P','M',1829,352,'2020-11-03 00:00:00','I',NULL,NULL,NULL,NULL,NULL,NULL,NULL,NULL,NULL,NULL,NULL,0,NULL,NULL,'2020-11-04 00:00:00','N','A',4.1,NULL,NULL,NULL,'admin',0,'N',NULL,NULL,NULL,NULL,1);
INSERT INTO `admission` VALUES (352,0,'P','M',1830,353,'2020-11-03 00:00:00','I',NULL,'26',NULL,NULL,NULL,NULL,NULL,NULL,'2020-11-05 00:00:00','EQ',NULL,0,NULL,NULL,'2020-11-05 00:00:00','V','S',NULL,NULL,NULL,NULL,'admin',0,'N',NULL,NULL,NULL,NULL,1);
INSERT INTO `admission` VALUES (353,1,'P','M',1831,354,'2020-11-03 00:00:00','I',NULL,'66',NULL,NULL,NULL,'1','2020-11-03 00:00:00',NULL,NULL,NULL,NULL,0,NULL,NULL,NULL,'C','A',2,NULL,NULL,NULL,'admin',0,'N',NULL,NULL,NULL,NULL,1);
INSERT INTO `admission` VALUES (354,1,'P','M',1832,355,'2020-11-03 00:00:00','I',NULL,NULL,NULL,NULL,NULL,'1','2020-11-04 00:00:00',NULL,NULL,NULL,NULL,0,NULL,NULL,NULL,'C','A',2.6,NULL,NULL,NULL,'admin',0,'N',NULL,NULL,NULL,NULL,1);
INSERT INTO `admission` VALUES (355,1,'P','M',1833,356,'2020-11-04 00:00:00','I',NULL,NULL,NULL,NULL,NULL,NULL,NULL,NULL,NULL,NULL,NULL,0,NULL,NULL,'2020-11-04 00:00:00','N','A',3.7,NULL,NULL,NULL,'admin',0,'N',NULL,NULL,NULL,NULL,1);
INSERT INTO `admission` VALUES (356,1,'P','M',1834,357,'2020-11-04 00:00:00','I',NULL,'26',NULL,NULL,NULL,'14','2020-11-04 00:00:00',NULL,NULL,NULL,NULL,0,NULL,NULL,NULL,NULL,NULL,NULL,NULL,NULL,NULL,'admin',0,'N',NULL,NULL,NULL,NULL,1);
INSERT INTO `admission` VALUES (357,1,'P','M',1835,358,'2020-11-04 00:00:00','I',NULL,'26',NULL,NULL,NULL,'1','2020-11-04 00:00:00',NULL,NULL,NULL,NULL,0,NULL,NULL,NULL,'C','A',3.1,NULL,NULL,NULL,'admin',0,'N',NULL,NULL,NULL,NULL,1);
INSERT INTO `admission` VALUES (358,1,'P','M',1836,359,'2020-11-04 00:00:00','I',NULL,NULL,NULL,NULL,NULL,'1','2020-11-04 00:00:00',NULL,NULL,NULL,NULL,0,NULL,NULL,NULL,NULL,NULL,NULL,NULL,NULL,NULL,'admin',0,'N',NULL,NULL,NULL,NULL,1);
INSERT INTO `admission` VALUES (359,1,'P','M',1837,360,'2020-11-05 00:00:00','I',NULL,NULL,NULL,NULL,NULL,NULL,NULL,NULL,NULL,NULL,NULL,0,NULL,NULL,'2020-11-05 00:00:00','N','A',3.44,NULL,NULL,NULL,'admin',0,'N',NULL,NULL,NULL,NULL,1);
INSERT INTO `admission` VALUES (360,1,'P','M',1838,361,'2020-11-05 00:00:00','I',NULL,NULL,NULL,NULL,NULL,NULL,NULL,NULL,NULL,NULL,NULL,0,NULL,NULL,'2020-11-05 00:00:00','N','B',NULL,NULL,NULL,NULL,'admin',3,'N',NULL,NULL,NULL,NULL,1);
INSERT INTO `admission` VALUES (361,1,'P','M',1839,362,'2020-11-06 00:00:00','I',NULL,NULL,NULL,NULL,NULL,NULL,NULL,NULL,NULL,NULL,NULL,0,NULL,NULL,'2020-11-06 00:00:00','N','A',3.56,NULL,NULL,NULL,'admin',0,'N',NULL,NULL,NULL,NULL,1);
INSERT INTO `admission` VALUES (362,1,'P','M',1840,363,'2020-11-06 00:00:00','I',NULL,NULL,NULL,NULL,NULL,'1','2020-11-06 00:00:00',NULL,NULL,NULL,NULL,0,NULL,NULL,'2020-11-06 00:00:00','C','A',NULL,NULL,NULL,NULL,'admin',1,'N',NULL,NULL,NULL,NULL,1);
INSERT INTO `admission` VALUES (363,1,'P','M',1841,364,'2020-11-06 00:00:00','I',NULL,'66',NULL,NULL,NULL,'1','2020-11-07 00:00:00',NULL,NULL,NULL,NULL,0,NULL,NULL,NULL,'C',NULL,NULL,NULL,NULL,NULL,'admin',0,'N',NULL,NULL,NULL,NULL,1);
INSERT INTO `admission` VALUES (364,1,'P','M',1842,365,'2020-11-06 00:00:00','I',NULL,NULL,NULL,NULL,NULL,NULL,NULL,NULL,NULL,NULL,NULL,0,NULL,NULL,NULL,NULL,NULL,NULL,NULL,NULL,NULL,'admin',0,'N',NULL,NULL,NULL,NULL,1);
INSERT INTO `admission` VALUES (366,1,'P','M',1843,366,'2020-11-06 00:00:00','I',NULL,NULL,NULL,NULL,NULL,NULL,NULL,NULL,NULL,NULL,NULL,0,NULL,NULL,'2020-11-06 00:00:00','N','A',3.33,NULL,NULL,NULL,'admin',0,'N',NULL,NULL,NULL,NULL,1);
INSERT INTO `admission` VALUES (367,1,'P','M',1844,367,'2020-11-06 00:00:00','I',NULL,NULL,NULL,NULL,NULL,NULL,NULL,NULL,NULL,NULL,NULL,0,NULL,NULL,'2020-11-06 00:00:00','N','A',3.08,NULL,NULL,NULL,'admin',0,'N',NULL,NULL,NULL,NULL,1);
INSERT INTO `admission` VALUES (368,1,'P','M',1845,368,'2020-11-06 00:00:00','I',NULL,NULL,NULL,NULL,NULL,'1','2020-11-06 00:00:00',NULL,NULL,NULL,NULL,0,NULL,NULL,'2020-11-06 00:00:00','C','A',3.2,NULL,NULL,NULL,'admin',1,'N',NULL,NULL,NULL,NULL,1);
INSERT INTO `admission` VALUES (369,1,'P','M',1846,369,'2020-11-06 00:00:00','I',NULL,NULL,NULL,NULL,NULL,NULL,NULL,NULL,NULL,NULL,NULL,0,NULL,NULL,'2020-11-06 00:00:00','N','A',3.7,NULL,NULL,NULL,'admin',0,'N',NULL,NULL,NULL,NULL,1);
INSERT INTO `admission` VALUES (370,1,'P','M',1847,370,'2020-11-07 00:00:00','I',NULL,NULL,NULL,NULL,NULL,NULL,NULL,NULL,NULL,NULL,NULL,0,NULL,NULL,'2020-11-07 00:00:00','N','A',3.05,NULL,NULL,NULL,'admin',0,'N',NULL,NULL,NULL,NULL,1);
INSERT INTO `admission` VALUES (371,1,'N','F',0,371,'2020-11-02 00:00:00','I',NULL,'48',NULL,NULL,NULL,NULL,NULL,NULL,NULL,NULL,NULL,0,NULL,NULL,NULL,NULL,NULL,NULL,NULL,NULL,NULL,'admin',0,'N',NULL,NULL,NULL,NULL,1);
INSERT INTO `admission` VALUES (372,1,'N','F',0,373,'2020-11-02 00:00:00','I',NULL,'44',NULL,NULL,NULL,NULL,NULL,NULL,NULL,NULL,NULL,0,NULL,NULL,NULL,NULL,NULL,NULL,NULL,NULL,NULL,'admin',0,'N',NULL,NULL,NULL,NULL,1);
INSERT INTO `admission` VALUES (373,1,'N','I',887,372,'2020-11-01 00:00:00','I',NULL,'84',NULL,NULL,NULL,NULL,NULL,NULL,NULL,NULL,NULL,0,NULL,NULL,NULL,NULL,NULL,NULL,NULL,NULL,NULL,'admin',0,'N',NULL,NULL,NULL,NULL,1);
INSERT INTO `admission` VALUES (374,1,'N','F',0,374,'2020-11-03 00:00:00','I',NULL,'44',NULL,NULL,NULL,NULL,NULL,NULL,NULL,NULL,NULL,0,NULL,NULL,NULL,NULL,NULL,NULL,NULL,NULL,NULL,'admin',0,'N',NULL,NULL,NULL,NULL,1);
INSERT INTO `admission` VALUES (375,1,'N','I',888,375,'2020-11-01 00:00:00','I',NULL,'16',NULL,NULL,NULL,NULL,NULL,NULL,NULL,NULL,NULL,0,NULL,NULL,NULL,NULL,NULL,NULL,NULL,NULL,NULL,'admin',0,'N',NULL,NULL,NULL,NULL,1);
INSERT INTO `admission` VALUES (376,1,'N','F',764,376,'2020-11-04 00:00:00','I',NULL,'48',NULL,NULL,NULL,NULL,NULL,NULL,NULL,NULL,NULL,0,NULL,NULL,NULL,NULL,NULL,NULL,NULL,NULL,NULL,'admin',0,'N',NULL,NULL,NULL,NULL,1);
INSERT INTO `admission` VALUES (377,1,'N','F',765,377,'2020-11-04 00:00:00','I',NULL,'39',NULL,NULL,NULL,NULL,NULL,NULL,NULL,NULL,NULL,0,NULL,NULL,NULL,NULL,NULL,NULL,NULL,NULL,NULL,'admin',0,'N',NULL,NULL,NULL,NULL,1);
INSERT INTO `admission` VALUES (378,1,'N','I',894,378,'2020-11-03 00:00:00','R',NULL,'84',NULL,NULL,NULL,NULL,NULL,NULL,NULL,NULL,NULL,0,NULL,NULL,NULL,NULL,NULL,NULL,NULL,NULL,NULL,'admin',0,'N',NULL,NULL,NULL,NULL,1);
INSERT INTO `admission` VALUES (379,1,'N','C',4760,380,'2020-11-04 00:00:00','I',NULL,'39',NULL,NULL,NULL,NULL,NULL,NULL,NULL,NULL,NULL,0,NULL,NULL,NULL,NULL,NULL,NULL,NULL,NULL,NULL,'admin',1,'N',NULL,NULL,NULL,NULL,1);
INSERT INTO `admission` VALUES (380,1,'N','I',895,381,'2020-11-04 00:00:00','I',NULL,'39',NULL,NULL,NULL,NULL,NULL,NULL,NULL,NULL,NULL,0,NULL,NULL,NULL,NULL,NULL,NULL,NULL,NULL,NULL,'admin',0,'N',NULL,NULL,NULL,NULL,1);
INSERT INTO `admission` VALUES (381,1,'N','F',766,379,'2020-11-04 00:00:00','I',NULL,'48','48',NULL,NULL,NULL,NULL,NULL,NULL,NULL,NULL,0,NULL,NULL,NULL,NULL,NULL,NULL,NULL,NULL,NULL,'admin',0,'N',NULL,NULL,NULL,NULL,1);
INSERT INTO `admission` VALUES (382,1,'N','C',4761,382,'2020-11-04 00:00:00','I',NULL,'39',NULL,NULL,NULL,NULL,NULL,NULL,NULL,NULL,NULL,0,NULL,NULL,NULL,NULL,NULL,NULL,NULL,NULL,NULL,'admin',1,'N',NULL,NULL,NULL,NULL,1);
INSERT INTO `admission` VALUES (383,1,'N','I',896,383,'2020-11-04 00:00:00','I',NULL,'104',NULL,NULL,NULL,NULL,NULL,NULL,NULL,NULL,NULL,0,NULL,NULL,NULL,NULL,NULL,NULL,NULL,NULL,NULL,'admin',0,'N',NULL,NULL,NULL,NULL,1);
INSERT INTO `admission` VALUES (384,1,'N','F',767,384,'2020-11-04 00:00:00','I',NULL,'48',NULL,NULL,NULL,NULL,NULL,NULL,NULL,NULL,NULL,0,NULL,NULL,NULL,NULL,NULL,NULL,NULL,NULL,NULL,'admin',0,'N',NULL,NULL,NULL,NULL,1);
INSERT INTO `admission` VALUES (385,1,'N','C',4762,386,'2020-11-04 00:00:00','I',NULL,'39',NULL,NULL,NULL,NULL,NULL,NULL,NULL,NULL,NULL,0,NULL,NULL,NULL,NULL,NULL,NULL,NULL,NULL,NULL,'admin',1,'N',NULL,NULL,NULL,NULL,1);
INSERT INTO `admission` VALUES (386,1,'N','I',897,385,'2020-11-04 00:00:00','I',NULL,'49',NULL,NULL,NULL,NULL,NULL,NULL,NULL,NULL,NULL,0,NULL,NULL,NULL,NULL,NULL,NULL,NULL,NULL,NULL,'admin',0,'N',NULL,NULL,NULL,NULL,1);
INSERT INTO `admission` VALUES (387,1,'N','C',4763,388,'2020-11-04 00:00:00','I',NULL,'39',NULL,NULL,NULL,NULL,NULL,NULL,NULL,NULL,NULL,0,NULL,NULL,NULL,NULL,NULL,NULL,NULL,NULL,NULL,'admin',0,'N',NULL,NULL,NULL,NULL,1);
INSERT INTO `admission` VALUES (388,1,'N','I',898,389,'2020-11-04 00:00:00','I',NULL,'15',NULL,NULL,NULL,NULL,NULL,NULL,NULL,NULL,NULL,0,NULL,NULL,NULL,NULL,NULL,NULL,NULL,NULL,NULL,'admin',0,'N',NULL,NULL,NULL,NULL,1);
INSERT INTO `admission` VALUES (389,1,'N','F',768,387,'2020-11-04 00:00:00','I',NULL,'86',NULL,NULL,NULL,NULL,NULL,NULL,NULL,NULL,NULL,0,NULL,NULL,NULL,NULL,NULL,NULL,NULL,NULL,NULL,'admin',0,'N',NULL,NULL,NULL,NULL,1);
INSERT INTO `admission` VALUES (390,1,'N','C',4764,390,'2020-11-04 00:00:00','I',NULL,'39',NULL,NULL,NULL,NULL,NULL,NULL,NULL,NULL,NULL,0,NULL,NULL,NULL,NULL,NULL,NULL,NULL,NULL,NULL,'admin',0,'N',NULL,NULL,NULL,NULL,1);
INSERT INTO `admission` VALUES (391,1,'N','F',769,391,'2020-11-05 00:00:00','I',NULL,'3',NULL,NULL,NULL,NULL,NULL,NULL,NULL,NULL,NULL,0,NULL,NULL,NULL,NULL,NULL,NULL,NULL,NULL,NULL,'admin',0,'N',NULL,NULL,NULL,NULL,1);
INSERT INTO `admission` VALUES (392,1,'N','F',781,302,'2020-11-04 00:00:00','I',NULL,'39',NULL,NULL,NULL,NULL,NULL,NULL,NULL,NULL,NULL,0,NULL,NULL,NULL,NULL,NULL,NULL,NULL,NULL,NULL,'admin',1,'N',NULL,NULL,NULL,NULL,1);
INSERT INTO `admission` VALUES (393,1,'N','C',4765,392,'2020-11-04 00:00:00','I',NULL,'15',NULL,NULL,NULL,NULL,NULL,NULL,NULL,NULL,NULL,0,NULL,NULL,NULL,NULL,NULL,NULL,NULL,NULL,NULL,'admin',0,'N',NULL,NULL,NULL,NULL,1);
INSERT INTO `admission` VALUES (394,1,'N','F',770,393,'2020-11-06 00:00:00','I',NULL,'48',NULL,NULL,NULL,NULL,NULL,NULL,NULL,NULL,NULL,0,NULL,NULL,NULL,NULL,NULL,NULL,NULL,NULL,NULL,'admin',0,'N',NULL,NULL,NULL,NULL,1);
INSERT INTO `admission` VALUES (395,1,'N','I',900,394,'2020-11-06 00:00:00','I',NULL,'49',NULL,NULL,NULL,NULL,NULL,NULL,NULL,NULL,NULL,0,NULL,NULL,NULL,NULL,NULL,NULL,NULL,NULL,NULL,'admin',0,'N',NULL,NULL,NULL,NULL,1);
INSERT INTO `admission` VALUES (396,1,'N','C',4766,396,'2020-11-05 00:00:00','I',NULL,'39',NULL,NULL,NULL,NULL,NULL,NULL,NULL,NULL,NULL,0,NULL,NULL,NULL,NULL,NULL,NULL,NULL,NULL,NULL,'admin',0,'N',NULL,NULL,NULL,NULL,1);
INSERT INTO `admission` VALUES (397,1,'N','F',771,397,'2020-11-06 00:00:00','I',NULL,'39',NULL,NULL,NULL,NULL,NULL,NULL,NULL,NULL,NULL,0,NULL,NULL,NULL,NULL,NULL,NULL,NULL,NULL,NULL,'admin',0,'N',NULL,NULL,NULL,NULL,1);
INSERT INTO `admission` VALUES (398,1,'N','C',4767,395,'2020-11-05 00:00:00','I',NULL,'39',NULL,NULL,NULL,NULL,NULL,NULL,NULL,NULL,NULL,0,NULL,NULL,NULL,NULL,NULL,NULL,NULL,NULL,NULL,'admin',0,'N',NULL,NULL,NULL,NULL,1);
INSERT INTO `admission` VALUES (399,1,'N','F',772,399,'2020-11-06 00:00:00','I',NULL,'16',NULL,NULL,NULL,NULL,NULL,NULL,NULL,NULL,NULL,0,NULL,NULL,NULL,NULL,NULL,NULL,NULL,NULL,NULL,'admin',0,'N',NULL,NULL,NULL,NULL,1);
INSERT INTO `admission` VALUES (400,1,'N','C',4768,400,'2020-11-05 00:00:00','I',NULL,'39',NULL,NULL,NULL,NULL,NULL,NULL,NULL,NULL,NULL,0,NULL,NULL,NULL,NULL,NULL,NULL,NULL,NULL,NULL,'admin',0,'N',NULL,NULL,NULL,NULL,1);
INSERT INTO `admission` VALUES (401,1,'N','F',773,401,'2020-11-06 00:00:00','I',NULL,'16',NULL,NULL,NULL,NULL,NULL,NULL,NULL,NULL,NULL,0,NULL,NULL,NULL,NULL,NULL,NULL,NULL,NULL,NULL,'admin',0,'N',NULL,NULL,NULL,NULL,1);
INSERT INTO `admission` VALUES (402,1,'N','C',4769,402,'2020-11-05 00:00:00','I',NULL,'39',NULL,NULL,NULL,NULL,NULL,NULL,NULL,NULL,NULL,0,NULL,NULL,NULL,NULL,NULL,NULL,NULL,NULL,NULL,'admin',0,'N',NULL,NULL,NULL,NULL,1);
INSERT INTO `admission` VALUES (403,1,'N','I',901,398,'2020-11-06 00:00:00','I',NULL,'48',NULL,NULL,NULL,NULL,NULL,NULL,NULL,NULL,NULL,0,NULL,NULL,NULL,NULL,NULL,NULL,NULL,NULL,NULL,'admin',0,'N',NULL,NULL,NULL,NULL,1);
INSERT INTO `admission` VALUES (404,1,'N','I',917,403,'2020-11-06 00:00:00','I',NULL,'15',NULL,NULL,NULL,NULL,NULL,NULL,NULL,NULL,NULL,0,NULL,NULL,NULL,NULL,NULL,NULL,NULL,NULL,NULL,'admin',1,'N',NULL,NULL,NULL,NULL,1);
INSERT INTO `admission` VALUES (405,1,'N','C',4770,404,'2020-11-05 00:00:00','I',NULL,'39',NULL,NULL,NULL,NULL,NULL,NULL,NULL,NULL,NULL,0,NULL,NULL,NULL,NULL,NULL,NULL,NULL,NULL,NULL,'admin',0,'N',NULL,NULL,NULL,NULL,1);
INSERT INTO `admission` VALUES (406,1,'N','F',775,406,'2020-11-06 00:00:00','I',NULL,'110',NULL,NULL,NULL,NULL,NULL,NULL,NULL,NULL,NULL,0,NULL,NULL,NULL,NULL,NULL,NULL,NULL,NULL,NULL,'admin',0,'N',NULL,NULL,NULL,NULL,1);
INSERT INTO `admission` VALUES (407,1,'N','I',902,405,'2020-11-06 00:00:00','I',NULL,'39',NULL,NULL,NULL,NULL,NULL,NULL,NULL,NULL,NULL,0,NULL,NULL,NULL,NULL,NULL,NULL,NULL,NULL,NULL,'admin',1,'N',NULL,NULL,NULL,NULL,1);
INSERT INTO `admission` VALUES (408,1,'N','C',4771,407,'2020-11-05 00:00:00','I',NULL,'39',NULL,NULL,NULL,NULL,NULL,NULL,NULL,NULL,NULL,0,NULL,NULL,NULL,NULL,NULL,NULL,NULL,NULL,NULL,'admin',0,'N',NULL,NULL,NULL,NULL,1);
INSERT INTO `admission` VALUES (409,1,'N','F',776,408,'2020-11-06 00:00:00','I',NULL,'81',NULL,NULL,NULL,NULL,NULL,NULL,NULL,NULL,NULL,0,NULL,NULL,NULL,NULL,NULL,NULL,NULL,NULL,NULL,'admin',0,'N',NULL,NULL,NULL,NULL,1);
INSERT INTO `admission` VALUES (410,1,'N','C',4772,410,'2020-11-05 00:00:00','I',NULL,'39',NULL,NULL,NULL,NULL,NULL,NULL,NULL,NULL,NULL,0,NULL,NULL,NULL,NULL,NULL,NULL,NULL,NULL,NULL,'admin',0,'N',NULL,NULL,NULL,NULL,1);
INSERT INTO `admission` VALUES (411,1,'N','F',777,411,'2020-11-07 00:00:00','I',NULL,'105',NULL,NULL,NULL,NULL,NULL,NULL,NULL,NULL,NULL,0,NULL,NULL,NULL,NULL,NULL,NULL,NULL,NULL,NULL,'admin',0,'N',NULL,NULL,NULL,NULL,1);
INSERT INTO `admission` VALUES (412,1,'N','I',903,409,'2020-11-06 00:00:00','I',NULL,'47',NULL,NULL,NULL,NULL,NULL,NULL,NULL,NULL,NULL,0,NULL,NULL,NULL,NULL,NULL,NULL,NULL,NULL,NULL,'admin',0,'N',NULL,NULL,NULL,NULL,1);
INSERT INTO `admission` VALUES (413,1,'N','C',4773,412,'2020-11-05 00:00:00','R',NULL,'39',NULL,NULL,NULL,NULL,NULL,NULL,NULL,NULL,NULL,0,NULL,NULL,NULL,NULL,NULL,NULL,NULL,NULL,NULL,'admin',0,'N',NULL,NULL,NULL,NULL,1);
INSERT INTO `admission` VALUES (414,1,'N','I',904,413,'2020-11-06 00:00:00','I',NULL,'42',NULL,NULL,NULL,NULL,NULL,NULL,NULL,NULL,NULL,0,NULL,NULL,NULL,NULL,NULL,NULL,NULL,NULL,NULL,'admin',0,'N',NULL,NULL,NULL,NULL,1);
INSERT INTO `admission` VALUES (415,1,'N','I',905,414,'2020-11-06 00:00:00','I',NULL,'47',NULL,NULL,NULL,NULL,NULL,NULL,NULL,NULL,NULL,0,NULL,NULL,NULL,NULL,NULL,NULL,NULL,NULL,NULL,'admin',0,'N',NULL,NULL,NULL,NULL,1);
INSERT INTO `admission` VALUES (416,1,'N','C',4774,415,'2020-11-05 00:00:00','I',NULL,'39',NULL,NULL,NULL,NULL,NULL,NULL,NULL,NULL,NULL,0,NULL,NULL,NULL,NULL,NULL,NULL,NULL,NULL,NULL,'admin',0,'N',NULL,NULL,NULL,NULL,1);
INSERT INTO `admission` VALUES (417,1,'N','I',906,416,'2020-11-06 00:00:00','I',NULL,'60',NULL,NULL,NULL,NULL,NULL,NULL,NULL,NULL,NULL,0,NULL,NULL,NULL,NULL,NULL,NULL,NULL,NULL,NULL,'admin',0,'N',NULL,NULL,NULL,NULL,1);
INSERT INTO `admission` VALUES (418,1,'N','C',4775,417,'2020-11-05 00:00:00','I',NULL,'15',NULL,NULL,NULL,NULL,NULL,NULL,NULL,NULL,NULL,0,NULL,NULL,NULL,NULL,NULL,NULL,NULL,NULL,NULL,'admin',0,'N',NULL,NULL,NULL,NULL,1);
INSERT INTO `admission` VALUES (419,1,'N','C',4776,418,'2020-11-05 00:00:00','I',NULL,'39',NULL,NULL,NULL,NULL,NULL,NULL,NULL,NULL,NULL,0,NULL,NULL,NULL,NULL,NULL,NULL,NULL,NULL,NULL,'admin',0,'N',NULL,NULL,NULL,NULL,1);
INSERT INTO `admission` VALUES (420,1,'N','C',4777,420,'2020-11-05 00:00:00','I',NULL,'39',NULL,NULL,NULL,NULL,NULL,NULL,NULL,NULL,NULL,0,NULL,NULL,NULL,NULL,NULL,NULL,NULL,NULL,NULL,'admin',0,'N',NULL,NULL,NULL,NULL,1);
INSERT INTO `admission` VALUES (421,1,'N','I',907,419,'2020-11-06 00:00:00','I',NULL,'90',NULL,NULL,NULL,NULL,NULL,NULL,NULL,NULL,NULL,0,NULL,NULL,NULL,NULL,NULL,NULL,NULL,NULL,NULL,'admin',0,'N',NULL,NULL,NULL,NULL,1);
INSERT INTO `admission` VALUES (422,1,'N','C',4778,421,'2020-11-05 00:00:00','I',NULL,'15',NULL,NULL,NULL,NULL,NULL,NULL,NULL,NULL,NULL,0,NULL,NULL,NULL,NULL,NULL,NULL,NULL,NULL,NULL,'admin',1,'N',NULL,NULL,NULL,NULL,1);
INSERT INTO `admission` VALUES (423,1,'N','I',908,422,'2020-11-06 00:00:00','I',NULL,'39',NULL,NULL,NULL,NULL,NULL,NULL,NULL,NULL,NULL,0,NULL,NULL,NULL,NULL,NULL,NULL,NULL,NULL,NULL,'admin',0,'N',NULL,NULL,NULL,NULL,1);
INSERT INTO `admission` VALUES (424,1,'N','I',909,423,'2020-11-07 00:00:00','I',NULL,'90',NULL,NULL,NULL,NULL,NULL,NULL,NULL,NULL,NULL,0,NULL,NULL,NULL,NULL,NULL,NULL,NULL,NULL,NULL,'admin',0,'N',NULL,NULL,NULL,NULL,1);
INSERT INTO `admission` VALUES (425,1,'N','I',910,424,'2020-11-07 00:00:00','I',NULL,'39',NULL,NULL,NULL,NULL,NULL,NULL,NULL,NULL,NULL,0,NULL,NULL,NULL,NULL,NULL,NULL,NULL,NULL,NULL,'admin',0,'N',NULL,NULL,NULL,NULL,1);
INSERT INTO `admission` VALUES (426,1,'N','C',4779,426,'2020-11-05 00:00:00','I',NULL,'39',NULL,NULL,NULL,NULL,NULL,NULL,NULL,NULL,NULL,0,NULL,NULL,NULL,NULL,NULL,NULL,NULL,NULL,NULL,'admin',0,'N',NULL,NULL,NULL,NULL,1);
INSERT INTO `admission` VALUES (427,1,'N','C',4780,427,'2020-11-05 00:00:00','I',NULL,'39',NULL,NULL,NULL,NULL,NULL,NULL,NULL,NULL,NULL,0,NULL,NULL,NULL,NULL,NULL,NULL,NULL,NULL,NULL,'admin',0,'N',NULL,NULL,NULL,NULL,1);
INSERT INTO `admission` VALUES (428,1,'N','C',4781,428,'2020-11-06 00:00:00','I',NULL,NULL,NULL,NULL,NULL,NULL,NULL,NULL,NULL,NULL,NULL,0,NULL,NULL,NULL,NULL,NULL,NULL,NULL,NULL,NULL,'admin',0,'N',NULL,NULL,NULL,NULL,1);
INSERT INTO `admission` VALUES (429,1,'N','C',4782,429,'2020-11-08 00:00:00','I',NULL,'39',NULL,NULL,NULL,NULL,NULL,NULL,NULL,NULL,NULL,0,NULL,NULL,NULL,NULL,NULL,NULL,NULL,NULL,NULL,'admin',0,'N',NULL,NULL,NULL,NULL,1);
INSERT INTO `admission` VALUES (430,1,'N','C',4783,430,'2020-11-06 00:00:00','I',NULL,'39',NULL,NULL,NULL,NULL,NULL,NULL,NULL,NULL,NULL,0,NULL,NULL,NULL,NULL,NULL,NULL,NULL,NULL,NULL,'admin',0,'N',NULL,NULL,NULL,NULL,1);
INSERT INTO `admission` VALUES (431,1,'N','C',4784,431,'2020-11-06 00:00:00','I',NULL,'39',NULL,NULL,NULL,NULL,NULL,NULL,NULL,NULL,NULL,0,NULL,NULL,NULL,NULL,NULL,NULL,NULL,NULL,NULL,'admin',0,'N',NULL,NULL,NULL,NULL,1);
INSERT INTO `admission` VALUES (432,1,'N','C',4785,432,'2020-11-06 00:00:00','I',NULL,'39',NULL,NULL,NULL,NULL,NULL,NULL,NULL,NULL,NULL,0,NULL,NULL,NULL,NULL,NULL,NULL,NULL,NULL,NULL,'admin',0,'N',NULL,NULL,NULL,NULL,1);
INSERT INTO `admission` VALUES (433,1,'N','C',4786,433,'2020-11-06 00:00:00','I',NULL,'39',NULL,NULL,NULL,NULL,NULL,NULL,NULL,NULL,NULL,0,NULL,NULL,NULL,NULL,NULL,NULL,NULL,NULL,NULL,'admin',0,'N',NULL,NULL,NULL,NULL,1);
INSERT INTO `admission` VALUES (434,1,'N','C',4787,434,'2020-11-06 00:00:00','I',NULL,'39',NULL,NULL,NULL,NULL,NULL,NULL,NULL,NULL,NULL,0,NULL,NULL,NULL,NULL,NULL,NULL,NULL,NULL,NULL,'admin',0,'N',NULL,NULL,NULL,NULL,1);
INSERT INTO `admission` VALUES (435,1,'N','C',4788,435,'2020-11-06 00:00:00','I',NULL,'39',NULL,NULL,NULL,NULL,NULL,NULL,NULL,NULL,NULL,0,NULL,NULL,NULL,NULL,NULL,NULL,NULL,NULL,NULL,'admin',0,'N',NULL,NULL,NULL,NULL,1);
INSERT INTO `admission` VALUES (436,1,'N','C',4789,436,'2020-11-08 00:00:00','I',NULL,'39',NULL,NULL,NULL,NULL,NULL,NULL,NULL,NULL,NULL,0,NULL,NULL,NULL,NULL,NULL,NULL,NULL,NULL,NULL,'admin',0,'N',NULL,NULL,NULL,NULL,1);
INSERT INTO `admission` VALUES (437,1,'N','C',4790,437,'2020-11-06 00:00:00','I',NULL,'39',NULL,NULL,NULL,NULL,NULL,NULL,NULL,NULL,NULL,0,NULL,NULL,NULL,NULL,NULL,NULL,NULL,NULL,NULL,'admin',0,'N',NULL,NULL,NULL,NULL,1);
INSERT INTO `admission` VALUES (438,1,'N','C',4791,438,'2020-11-06 00:00:00','I',NULL,'39',NULL,NULL,NULL,NULL,NULL,NULL,NULL,NULL,NULL,0,NULL,NULL,NULL,NULL,NULL,NULL,NULL,NULL,NULL,'admin',0,'N',NULL,NULL,NULL,NULL,1);
INSERT INTO `admission` VALUES (439,1,'N','C',4792,439,'2020-11-06 00:00:00','I',NULL,'30',NULL,NULL,NULL,NULL,NULL,NULL,NULL,NULL,NULL,0,NULL,NULL,NULL,NULL,NULL,NULL,NULL,NULL,NULL,'admin',0,'N',NULL,NULL,NULL,NULL,1);
INSERT INTO `admission` VALUES (440,1,'N','C',4793,440,'2020-11-06 00:00:00','I',NULL,'39',NULL,NULL,NULL,NULL,NULL,NULL,NULL,NULL,NULL,0,NULL,NULL,NULL,NULL,NULL,NULL,NULL,NULL,NULL,'admin',0,'N',NULL,NULL,NULL,NULL,1);
INSERT INTO `admission` VALUES (441,1,'N','C',4794,441,'2020-11-06 00:00:00','I',NULL,'39',NULL,NULL,NULL,NULL,NULL,NULL,NULL,NULL,NULL,0,NULL,NULL,NULL,NULL,NULL,NULL,NULL,NULL,NULL,'admin',0,'N',NULL,NULL,NULL,NULL,1);
INSERT INTO `admission` VALUES (442,1,'N','C',4795,442,'2020-11-07 00:00:00','I',NULL,'61',NULL,NULL,NULL,NULL,NULL,NULL,NULL,NULL,NULL,0,NULL,NULL,NULL,NULL,NULL,NULL,NULL,NULL,NULL,'admin',0,'N',NULL,NULL,NULL,NULL,1);
INSERT INTO `admission` VALUES (443,1,'N','C',4796,443,'2020-11-07 00:00:00','I',NULL,'39',NULL,NULL,NULL,NULL,NULL,NULL,NULL,NULL,NULL,0,NULL,NULL,NULL,NULL,NULL,NULL,NULL,NULL,NULL,'admin',0,'N',NULL,NULL,NULL,NULL,1);
INSERT INTO `admission` VALUES (444,1,'N','C',4797,444,'2020-11-07 00:00:00','I',NULL,'30',NULL,NULL,NULL,NULL,NULL,NULL,NULL,NULL,NULL,0,NULL,NULL,NULL,NULL,NULL,NULL,NULL,NULL,NULL,'admin',0,'N',NULL,NULL,NULL,NULL,1);
INSERT INTO `admission` VALUES (445,1,'N','C',4798,445,'2020-11-07 00:00:00','I',NULL,'47',NULL,NULL,NULL,NULL,NULL,NULL,NULL,NULL,NULL,0,NULL,NULL,NULL,NULL,NULL,NULL,NULL,NULL,NULL,'admin',0,'N',NULL,NULL,NULL,NULL,1);
INSERT INTO `admission` VALUES (446,1,'N','C',4799,446,'2020-11-07 00:00:00','I',NULL,'39',NULL,NULL,NULL,NULL,NULL,NULL,NULL,NULL,NULL,0,NULL,NULL,NULL,NULL,NULL,NULL,NULL,NULL,NULL,'admin',0,'N',NULL,NULL,NULL,NULL,1);
INSERT INTO `admission` VALUES (447,1,'N','C',4800,447,'2020-11-07 00:00:00','I',NULL,'39',NULL,NULL,NULL,NULL,NULL,NULL,NULL,NULL,NULL,0,NULL,NULL,NULL,NULL,NULL,NULL,NULL,NULL,NULL,'admin',0,'N',NULL,NULL,NULL,NULL,1);
INSERT INTO `admission` VALUES (448,1,'N','C',4801,448,'2020-11-07 00:00:00','I',NULL,'39',NULL,NULL,NULL,NULL,NULL,NULL,NULL,NULL,NULL,0,NULL,NULL,NULL,NULL,NULL,NULL,NULL,NULL,NULL,'admin',0,'N',NULL,NULL,NULL,NULL,1);
INSERT INTO `admission` VALUES (449,1,'N','C',4802,449,'2020-11-07 00:00:00','I',NULL,'23',NULL,NULL,NULL,NULL,NULL,NULL,NULL,NULL,NULL,0,NULL,NULL,NULL,NULL,NULL,NULL,NULL,NULL,NULL,'admin',0,'N',NULL,NULL,NULL,NULL,1);
INSERT INTO `admission` VALUES (450,1,'N','C',4803,450,'2020-11-07 00:00:00','I',NULL,'39',NULL,NULL,NULL,NULL,NULL,NULL,NULL,NULL,NULL,0,NULL,NULL,NULL,NULL,NULL,NULL,NULL,NULL,NULL,'admin',0,'N',NULL,NULL,NULL,NULL,1);
INSERT INTO `admission` VALUES (451,1,'N','C',4804,451,'2020-11-07 00:00:00','I',NULL,'39',NULL,NULL,NULL,NULL,NULL,NULL,NULL,NULL,NULL,0,NULL,NULL,NULL,NULL,NULL,NULL,NULL,NULL,NULL,'admin',0,'N',NULL,NULL,NULL,NULL,1);
INSERT INTO `admission` VALUES (452,1,'N','C',4805,452,'2020-11-07 00:00:00','I',NULL,'39',NULL,NULL,NULL,NULL,NULL,NULL,NULL,NULL,NULL,0,NULL,NULL,NULL,NULL,NULL,NULL,NULL,NULL,NULL,'admin',0,'N',NULL,NULL,NULL,NULL,1);
INSERT INTO `admission` VALUES (453,1,'N','C',4806,453,'2020-11-07 00:00:00','I',NULL,'39',NULL,NULL,NULL,NULL,NULL,NULL,NULL,NULL,NULL,0,NULL,NULL,NULL,NULL,NULL,NULL,NULL,NULL,NULL,'admin',0,'N',NULL,NULL,NULL,NULL,1);
INSERT INTO `admission` VALUES (454,1,'N','C',4807,454,'2020-11-07 00:00:00','I',NULL,NULL,NULL,NULL,NULL,NULL,NULL,NULL,NULL,NULL,NULL,0,NULL,NULL,NULL,NULL,NULL,NULL,NULL,NULL,NULL,'admin',0,'N',NULL,NULL,NULL,NULL,1);
INSERT INTO `admission` VALUES (455,1,'N','C',4808,455,'2020-11-07 00:00:00','I',NULL,NULL,NULL,NULL,NULL,NULL,NULL,NULL,NULL,NULL,NULL,0,NULL,NULL,NULL,NULL,NULL,NULL,NULL,NULL,NULL,'admin',0,'N',NULL,NULL,NULL,NULL,1);
INSERT INTO `admission` VALUES (456,1,'N','C',4809,456,'2020-11-07 00:00:00','I',NULL,NULL,NULL,NULL,NULL,NULL,NULL,NULL,NULL,NULL,NULL,0,NULL,NULL,NULL,NULL,NULL,NULL,NULL,NULL,NULL,'admin',0,'N',NULL,NULL,NULL,NULL,1);
INSERT INTO `admission` VALUES (457,1,'N','C',4810,457,'2020-11-07 00:00:00','I',NULL,NULL,NULL,NULL,NULL,NULL,NULL,NULL,NULL,NULL,NULL,0,NULL,NULL,NULL,NULL,NULL,NULL,NULL,NULL,NULL,'admin',0,'N',NULL,NULL,NULL,NULL,1);
INSERT INTO `admission` VALUES (458,1,'N','C',4811,458,'2020-11-07 00:00:00','I',NULL,NULL,NULL,NULL,NULL,NULL,NULL,NULL,NULL,NULL,NULL,0,NULL,NULL,NULL,NULL,NULL,NULL,NULL,NULL,NULL,'admin',0,'N',NULL,NULL,NULL,NULL,1);
INSERT INTO `admission` VALUES (459,1,'N','C',4812,459,'2020-11-08 00:00:00','I',NULL,NULL,NULL,NULL,NULL,NULL,NULL,NULL,NULL,NULL,NULL,0,NULL,NULL,NULL,NULL,NULL,NULL,NULL,NULL,NULL,'admin',0,'N',NULL,NULL,NULL,NULL,1);
INSERT INTO `admission` VALUES (460,1,'N','C',4813,460,'2020-11-07 00:00:00','I',NULL,'39',NULL,NULL,NULL,NULL,NULL,NULL,NULL,NULL,NULL,0,NULL,NULL,NULL,NULL,NULL,NULL,NULL,NULL,NULL,'admin',0,'N',NULL,NULL,NULL,NULL,1);
INSERT INTO `admission` VALUES (461,1,'N','C',4814,461,'2020-11-07 00:00:00','I',NULL,NULL,NULL,NULL,NULL,NULL,NULL,NULL,NULL,NULL,NULL,0,NULL,NULL,NULL,NULL,NULL,NULL,NULL,NULL,NULL,'admin',0,'N',NULL,NULL,NULL,NULL,1);
INSERT INTO `admission` VALUES (462,1,'N','F',778,462,'2020-11-08 00:00:00','I',NULL,'48',NULL,NULL,NULL,NULL,NULL,NULL,NULL,NULL,NULL,0,NULL,NULL,NULL,NULL,NULL,NULL,NULL,NULL,NULL,'admin',0,'N',NULL,NULL,NULL,NULL,1);
INSERT INTO `admission` VALUES (463,1,'N','F',779,463,'2020-11-08 00:00:00','I',NULL,'48',NULL,NULL,NULL,NULL,NULL,NULL,NULL,NULL,NULL,0,NULL,NULL,NULL,NULL,NULL,NULL,NULL,NULL,NULL,'admin',0,'N',NULL,NULL,NULL,NULL,1);
INSERT INTO `admission` VALUES (464,1,'N','F',780,464,'2020-11-08 00:00:00','I',NULL,'16',NULL,NULL,NULL,NULL,NULL,NULL,NULL,NULL,NULL,0,NULL,NULL,NULL,NULL,NULL,NULL,NULL,NULL,NULL,'admin',0,'N',NULL,NULL,NULL,NULL,1);
INSERT INTO `admission` VALUES (465,1,'N','I',912,465,'2020-11-08 00:00:00','I',NULL,'49',NULL,NULL,NULL,NULL,NULL,NULL,NULL,NULL,NULL,0,NULL,NULL,NULL,NULL,NULL,NULL,NULL,NULL,NULL,'admin',0,'N',NULL,NULL,NULL,NULL,1);
INSERT INTO `admission` VALUES (466,1,'N','C',4815,466,'2020-11-08 00:00:00','I',NULL,'39',NULL,NULL,NULL,NULL,NULL,NULL,NULL,NULL,NULL,0,NULL,NULL,NULL,NULL,NULL,NULL,NULL,NULL,NULL,'admin',0,'N',NULL,NULL,NULL,NULL,1);
INSERT INTO `admission` VALUES (467,1,'N','I',913,467,'2020-11-08 00:00:00','I',NULL,'90',NULL,NULL,NULL,NULL,NULL,NULL,NULL,NULL,NULL,0,NULL,NULL,NULL,NULL,NULL,NULL,NULL,NULL,NULL,'admin',0,'N',NULL,NULL,NULL,NULL,1);
INSERT INTO `admission` VALUES (468,1,'N','I',914,469,'2020-11-08 00:00:00','I',NULL,'16',NULL,NULL,NULL,NULL,NULL,NULL,NULL,NULL,NULL,0,NULL,NULL,NULL,NULL,NULL,NULL,NULL,NULL,NULL,'admin',0,'N',NULL,NULL,NULL,NULL,1);
INSERT INTO `admission` VALUES (469,1,'N','I',915,470,'2020-11-08 00:00:00','I',NULL,'90',NULL,NULL,NULL,NULL,NULL,NULL,NULL,NULL,NULL,0,NULL,NULL,NULL,NULL,NULL,NULL,NULL,NULL,NULL,'admin',0,'N',NULL,NULL,NULL,NULL,1);
INSERT INTO `admission` VALUES (470,1,'N','C',4816,471,'2020-11-08 00:00:00','I',NULL,'39',NULL,NULL,NULL,NULL,NULL,NULL,NULL,NULL,NULL,0,NULL,NULL,NULL,NULL,NULL,NULL,NULL,NULL,NULL,'admin',0,'N',NULL,NULL,NULL,NULL,1);
INSERT INTO `admission` VALUES (471,1,'N','C',4817,472,'2020-11-08 00:00:00','I',NULL,'39',NULL,NULL,NULL,NULL,NULL,NULL,NULL,NULL,NULL,0,NULL,NULL,NULL,NULL,NULL,NULL,NULL,NULL,NULL,'admin',0,'N',NULL,NULL,NULL,NULL,1);
INSERT INTO `admission` VALUES (472,1,'N','C',4818,473,'2020-11-08 00:00:00','I',NULL,'39',NULL,NULL,NULL,NULL,NULL,NULL,NULL,NULL,NULL,0,NULL,NULL,NULL,NULL,NULL,NULL,NULL,NULL,NULL,'admin',0,'N',NULL,NULL,NULL,NULL,1);
INSERT INTO `admission` VALUES (473,1,'N','C',4819,474,'2020-11-08 00:00:00','I',NULL,'39',NULL,NULL,NULL,NULL,NULL,NULL,NULL,NULL,NULL,0,NULL,NULL,NULL,NULL,NULL,NULL,NULL,NULL,NULL,'admin',0,'N',NULL,NULL,NULL,NULL,1);
INSERT INTO `admission` VALUES (474,1,'N','C',4820,475,'2020-11-08 00:00:00','I',NULL,'39',NULL,NULL,NULL,NULL,NULL,NULL,NULL,NULL,NULL,0,NULL,NULL,NULL,NULL,NULL,NULL,NULL,NULL,NULL,'admin',0,'N',NULL,NULL,NULL,NULL,1);
INSERT INTO `admission` VALUES (475,1,'N','C',4821,476,'2020-11-08 00:00:00','I',NULL,'39',NULL,NULL,NULL,NULL,NULL,NULL,NULL,NULL,NULL,0,NULL,NULL,NULL,NULL,NULL,NULL,NULL,NULL,NULL,'admin',0,'N',NULL,NULL,NULL,NULL,1);
INSERT INTO `admission` VALUES (476,1,'N','C',4822,477,'2020-11-08 00:00:00','I',NULL,'39',NULL,NULL,NULL,NULL,NULL,NULL,NULL,NULL,NULL,0,NULL,NULL,NULL,NULL,NULL,NULL,NULL,NULL,NULL,'admin',0,'N',NULL,NULL,NULL,NULL,1);
INSERT INTO `admission` VALUES (477,1,'N','C',4823,479,'2020-11-08 00:00:00','I',NULL,'39',NULL,NULL,NULL,NULL,NULL,NULL,NULL,NULL,NULL,0,NULL,NULL,NULL,NULL,NULL,NULL,NULL,NULL,NULL,'admin',0,'N',NULL,NULL,NULL,NULL,1);
INSERT INTO `admission` VALUES (478,1,'N','C',4824,480,'2020-11-08 00:00:00','I',NULL,'39',NULL,NULL,NULL,NULL,NULL,NULL,NULL,NULL,NULL,0,NULL,NULL,NULL,NULL,NULL,NULL,NULL,NULL,NULL,'admin',0,'N',NULL,NULL,NULL,NULL,1);
INSERT INTO `admission` VALUES (479,1,'N','C',4825,482,'2020-11-08 00:00:00','I',NULL,'39',NULL,NULL,NULL,NULL,NULL,NULL,NULL,NULL,NULL,0,NULL,NULL,NULL,NULL,NULL,NULL,NULL,NULL,NULL,'admin',0,'N',NULL,NULL,NULL,NULL,1);
INSERT INTO `admission` VALUES (480,0,'N','C',4555,483,'2020-10-22 00:00:00','I',NULL,'39','39',NULL,NULL,NULL,NULL,NULL,'2020-11-03 00:00:00','EQ',NULL,0,NULL,NULL,NULL,NULL,NULL,NULL,NULL,NULL,NULL,'admin',0,'N',NULL,NULL,NULL,NULL,1);
INSERT INTO `admission` VALUES (481,0,'N','C',4603,484,'2020-10-25 00:00:00','I',NULL,'30','30',NULL,NULL,NULL,NULL,NULL,'2020-11-03 00:00:00','EQ',NULL,0,NULL,NULL,NULL,NULL,NULL,NULL,NULL,NULL,NULL,'admin',0,'N',NULL,NULL,NULL,NULL,1);
INSERT INTO `admission` VALUES (482,0,'N','C',4655,485,'2020-10-28 00:00:00','I',NULL,'39','39',NULL,NULL,NULL,NULL,NULL,'2020-11-03 00:00:00','EQ',NULL,0,NULL,NULL,NULL,NULL,NULL,NULL,NULL,NULL,NULL,'admin',0,'N',NULL,NULL,NULL,NULL,1);
INSERT INTO `admission` VALUES (483,0,'N','C',4981,486,'2020-10-30 00:00:00','I',NULL,'39','39',NULL,NULL,NULL,NULL,NULL,'2020-11-03 00:00:00','EQ',NULL,0,NULL,NULL,NULL,NULL,NULL,NULL,NULL,NULL,NULL,'admin',0,'N',NULL,NULL,NULL,NULL,1);
INSERT INTO `admission` VALUES (484,0,'N','C',4666,487,'2020-10-29 00:00:00','I',NULL,'39','39',NULL,NULL,NULL,NULL,NULL,'2020-11-03 00:00:00','EQ',NULL,0,NULL,NULL,NULL,NULL,NULL,NULL,NULL,NULL,NULL,'admin',0,'N',NULL,NULL,NULL,NULL,1);
INSERT INTO `admission` VALUES (485,0,'N','C',4581,488,'2020-10-24 00:00:00','I',NULL,'49','49',NULL,NULL,NULL,NULL,NULL,'2020-11-03 00:00:00','EQ',NULL,0,NULL,NULL,NULL,NULL,NULL,NULL,NULL,NULL,NULL,'admin',0,'N',NULL,NULL,NULL,NULL,1);
INSERT INTO `admission` VALUES (486,0,'N','C',4875,489,'2020-10-30 00:00:00','I',NULL,'87','87',NULL,NULL,NULL,NULL,NULL,'2020-11-03 00:00:00','EQ',NULL,0,NULL,NULL,NULL,NULL,NULL,NULL,NULL,NULL,NULL,'admin',0,'N',NULL,NULL,NULL,NULL,1);
INSERT INTO `admission` VALUES (487,0,'N','C',4665,490,'2020-10-29 00:00:00','I',NULL,'39','39',NULL,NULL,NULL,NULL,NULL,'2020-11-03 00:00:00','EQ',NULL,0,NULL,NULL,NULL,NULL,NULL,NULL,NULL,NULL,NULL,'admin',0,'N',NULL,NULL,NULL,NULL,1);
INSERT INTO `admission` VALUES (488,0,'N','C',4642,491,'2020-10-27 00:00:00','I',NULL,'39','39',NULL,NULL,NULL,NULL,NULL,'2020-11-02 00:00:00','EQ',NULL,0,NULL,NULL,NULL,NULL,NULL,NULL,NULL,NULL,NULL,'admin',0,'N',NULL,NULL,NULL,NULL,1);
INSERT INTO `admission` VALUES (489,0,'N','C',4653,492,'2020-10-28 00:00:00','I',NULL,'39','39',NULL,NULL,NULL,NULL,NULL,'2020-11-02 00:00:00','EQ',NULL,0,NULL,NULL,NULL,NULL,NULL,NULL,NULL,NULL,NULL,'admin',0,'N',NULL,NULL,NULL,NULL,1);
INSERT INTO `admission` VALUES (490,0,'N','C',4636,493,'2020-01-27 00:00:00','I',NULL,'39','39',NULL,NULL,NULL,NULL,NULL,'2020-11-02 00:00:00','EQ',NULL,0,NULL,NULL,NULL,NULL,NULL,NULL,NULL,NULL,NULL,'admin',0,'N',NULL,NULL,NULL,NULL,1);
INSERT INTO `admission` VALUES (491,0,'N','C',4494,494,'2020-10-19 00:00:00','I',NULL,'30','30',NULL,NULL,NULL,NULL,NULL,'2020-11-02 00:00:00','EQ',NULL,0,NULL,NULL,NULL,NULL,NULL,NULL,NULL,NULL,NULL,'admin',1,'N',NULL,NULL,NULL,NULL,1);
INSERT INTO `admission` VALUES (492,0,'N','C',4586,495,'2020-10-24 00:00:00','I',NULL,'39','39',NULL,NULL,NULL,NULL,NULL,'2020-11-02 00:00:00','EQ',NULL,0,NULL,NULL,NULL,NULL,NULL,NULL,NULL,NULL,NULL,'admin',0,'N',NULL,NULL,NULL,NULL,1);
INSERT INTO `admission` VALUES (493,0,'N','C',4610,496,'2020-10-25 00:00:00','I',NULL,'30','30',NULL,NULL,NULL,NULL,NULL,'2020-11-02 00:00:00','EQ',NULL,0,NULL,NULL,NULL,NULL,NULL,NULL,NULL,NULL,NULL,'admin',0,'N',NULL,NULL,NULL,NULL,1);
INSERT INTO `admission` VALUES (494,0,'N','C',4986,497,'2020-10-30 00:00:00','I',NULL,'39','39',NULL,NULL,NULL,NULL,NULL,'2020-11-02 00:00:00','EQ',NULL,0,NULL,NULL,NULL,NULL,NULL,NULL,NULL,NULL,NULL,'admin',0,'N',NULL,NULL,NULL,NULL,1);
INSERT INTO `admission` VALUES (495,0,'N','C',4404,498,'2020-10-15 00:00:00','I',NULL,'40','40',NULL,NULL,NULL,NULL,NULL,'2020-11-02 00:00:00','EQ',NULL,0,NULL,NULL,NULL,NULL,NULL,NULL,NULL,NULL,NULL,'admin',0,'N',NULL,NULL,NULL,NULL,1);
INSERT INTO `admission` VALUES (496,0,'N','C',4650,499,'2020-10-28 00:00:00','I',NULL,'39','39',NULL,NULL,NULL,NULL,NULL,'2020-11-02 00:00:00','EQ',NULL,0,NULL,NULL,NULL,NULL,NULL,NULL,NULL,NULL,NULL,'admin',0,'N',NULL,NULL,NULL,NULL,1);
INSERT INTO `admission` VALUES (497,0,'N','C',4961,500,'2020-10-29 00:00:00','I',NULL,'39','39',NULL,NULL,NULL,NULL,NULL,'2020-11-02 00:00:00','EQ',NULL,0,NULL,NULL,NULL,NULL,NULL,NULL,NULL,NULL,NULL,'admin',0,'N',NULL,NULL,NULL,NULL,1);
INSERT INTO `admission` VALUES (498,0,'N','C',4713,501,'2020-11-01 00:00:00','I',NULL,'39','39',NULL,NULL,NULL,NULL,NULL,'2020-11-02 00:00:00','D',NULL,0,NULL,NULL,NULL,NULL,NULL,NULL,NULL,NULL,NULL,'admin',1,'Y',NULL,NULL,NULL,NULL,1);
INSERT INTO `admission` VALUES (499,0,'N','C',4731,502,'2020-11-02 00:00:00','I',NULL,'39','39',NULL,NULL,NULL,NULL,NULL,'2020-11-02 00:00:00','D',NULL,0,NULL,NULL,NULL,NULL,NULL,NULL,NULL,NULL,NULL,'admin',0,'N',NULL,NULL,NULL,NULL,1);
INSERT INTO `admission` VALUES (500,0,'N','C',4550,503,'2020-10-22 00:00:00','I',NULL,'39','39',NULL,NULL,NULL,NULL,NULL,'2020-11-03 00:00:00','EQ',NULL,0,NULL,NULL,NULL,NULL,NULL,NULL,NULL,NULL,NULL,'admin',0,'N',NULL,NULL,NULL,NULL,1);
INSERT INTO `admission` VALUES (501,0,'N','C',4987,504,'2020-10-02 00:00:00','I',NULL,'81','81',NULL,NULL,NULL,NULL,NULL,'2020-11-02 00:00:00','EQ',NULL,0,NULL,NULL,NULL,NULL,NULL,NULL,NULL,NULL,NULL,'admin',0,'N',NULL,NULL,NULL,NULL,1);
INSERT INTO `admission` VALUES (502,0,'N','C',4952,505,'2020-10-28 00:00:00','I',NULL,'39','39',NULL,NULL,NULL,NULL,NULL,'2020-11-02 00:00:00','EQ',NULL,0,NULL,NULL,NULL,NULL,NULL,NULL,NULL,NULL,NULL,'admin',0,'N',NULL,NULL,NULL,NULL,1);
INSERT INTO `admission` VALUES (503,0,'N','C',4628,506,'2020-10-25 00:00:00','I',NULL,'39','39',NULL,NULL,NULL,NULL,NULL,'2020-11-02 00:00:00','EQ',NULL,0,NULL,NULL,NULL,NULL,NULL,NULL,NULL,NULL,NULL,'admin',0,'N',NULL,NULL,NULL,NULL,1);
INSERT INTO `admission` VALUES (504,0,'N','F',757,507,'2020-10-31 00:00:00','I',NULL,'39','29',NULL,NULL,NULL,NULL,NULL,'2020-11-01 00:00:00','D',NULL,0,NULL,NULL,NULL,NULL,NULL,NULL,NULL,NULL,NULL,'admin',0,'N',NULL,NULL,NULL,NULL,1);
INSERT INTO `admission` VALUES (505,0,'N','F',753,508,'2020-10-27 00:00:00','I',NULL,'12','12',NULL,NULL,NULL,NULL,NULL,'2020-11-02 00:00:00','EQ',NULL,0,NULL,NULL,NULL,NULL,NULL,NULL,NULL,NULL,NULL,'admin',0,'N',NULL,NULL,NULL,NULL,1);
INSERT INTO `admission` VALUES (506,1,'N','I',916,501,'2020-11-19 01:20:25','A',NULL,'106',NULL,NULL,NULL,NULL,NULL,NULL,NULL,NULL,NULL,NULL,NULL,NULL,NULL,NULL,NULL,NULL,NULL,NULL,NULL,'admin',1,'Y',NULL,NULL,NULL,NULL,1);
INSERT INTO `admission` VALUES (507,1,'N','I',918,522,'2020-11-22 17:58:14','I',NULL,'58',NULL,NULL,NULL,NULL,NULL,NULL,NULL,NULL,NULL,NULL,NULL,NULL,NULL,NULL,NULL,NULL,NULL,NULL,NULL,'admin',0,'N',NULL,NULL,NULL,NULL,1);
/*!40000 ALTER TABLE `admission` ENABLE KEYS */;
UNLOCK TABLES;

--
-- Table structure for table `admissiontype`
--

DROP TABLE IF EXISTS `admissiontype`;
/*!40101 SET @saved_cs_client     = @@character_set_client */;
/*!40101 SET character_set_client = utf8 */;
CREATE TABLE `admissiontype` (
  `ADMT_ID_A` varchar(10) NOT NULL,
  `ADMT_DESC` varchar(50) NOT NULL,
  `ADMT_CREATED_BY` varchar(50) DEFAULT NULL,
  `ADMT_CREATED_DATE` datetime DEFAULT NULL,
  `ADMT_LAST_MODIFIED_BY` varchar(50) DEFAULT NULL,
  `ADMT_LAST_MODIFIED_DATE` datetime DEFAULT NULL,
  `ADMT_ACTIVE` tinyint(1) NOT NULL DEFAULT 1,
  PRIMARY KEY (`ADMT_ID_A`)
) ENGINE=InnoDB DEFAULT CHARSET=utf8;
/*!40101 SET character_set_client = @saved_cs_client */;

--
-- Dumping data for table `admissiontype`
--

LOCK TABLES `admissiontype` WRITE;
/*!40000 ALTER TABLE `admissiontype` DISABLE KEYS */;
INSERT INTO `admissiontype` VALUES ('A','AMBULANCE',NULL,NULL,NULL,NULL,1);
INSERT INTO `admissiontype` VALUES ('I','SELF',NULL,NULL,NULL,NULL,1);
INSERT INTO `admissiontype` VALUES ('R','REFERRAL',NULL,NULL,NULL,NULL,1);
/*!40000 ALTER TABLE `admissiontype` ENABLE KEYS */;
UNLOCK TABLES;

--
-- Table structure for table `agetype`
--

DROP TABLE IF EXISTS `agetype`;
/*!40101 SET @saved_cs_client     = @@character_set_client */;
/*!40101 SET character_set_client = utf8 */;
CREATE TABLE `agetype` (
  `AT_CODE` varchar(4) NOT NULL DEFAULT '',
  `AT_FROM` int(11) NOT NULL DEFAULT 0,
  `AT_TO` int(11) NOT NULL DEFAULT 0,
  `AT_DESC` varchar(100) CHARACTER SET utf8 COLLATE utf8_unicode_ci NOT NULL DEFAULT '',
  `AT_CREATED_BY` varchar(50) DEFAULT NULL,
  `AT_CREATED_DATE` datetime DEFAULT NULL,
  `AT_LAST_MODIFIED_BY` varchar(50) DEFAULT NULL,
  `AT_LAST_MODIFIED_DATE` datetime DEFAULT NULL,
  `AT_ACTIVE` tinyint(1) NOT NULL DEFAULT 1,
  PRIMARY KEY (`AT_CODE`)
) ENGINE=MyISAM DEFAULT CHARSET=utf8;
/*!40101 SET character_set_client = @saved_cs_client */;

--
-- Dumping data for table `agetype`
--

LOCK TABLES `agetype` WRITE;
/*!40000 ALTER TABLE `agetype` DISABLE KEYS */;
INSERT INTO `agetype` VALUES ('d0',0,0,'angal.agetype.newborn',NULL,NULL,NULL,NULL,1);
INSERT INTO `agetype` VALUES ('d1',1,5,'angal.agetype.earlychildhood',NULL,NULL,NULL,NULL,1);
INSERT INTO `agetype` VALUES ('d2',6,12,'angal.agetype.latechildhood',NULL,NULL,NULL,NULL,1);
INSERT INTO `agetype` VALUES ('d3',13,24,'angal.agetype.adolescents',NULL,NULL,NULL,NULL,1);
INSERT INTO `agetype` VALUES ('d4',25,59,'angal.agetype.adult',NULL,NULL,NULL,NULL,1);
INSERT INTO `agetype` VALUES ('d5',60,99,'angal.agetype.elderly',NULL,NULL,NULL,NULL,1);
/*!40000 ALTER TABLE `agetype` ENABLE KEYS */;
UNLOCK TABLES;

--
-- Table structure for table `billitems`
--

DROP TABLE IF EXISTS `billitems`;
/*!40101 SET @saved_cs_client     = @@character_set_client */;
/*!40101 SET character_set_client = utf8 */;
CREATE TABLE `billitems` (
  `BLI_ID` int(11) NOT NULL AUTO_INCREMENT,
  `BLI_ID_BILL` int(11) DEFAULT NULL,
  `BLI_IS_PRICE` tinyint(1) NOT NULL,
  `BLI_ID_PRICE` varchar(10) DEFAULT NULL,
  `BLI_ITEM_DESC` varchar(100) DEFAULT NULL,
  `BLI_ITEM_AMOUNT` double NOT NULL,
  `BLI_QTY` int(11) NOT NULL,
  `BLI_CREATED_BY` varchar(50) DEFAULT NULL,
  `BLI_CREATED_DATE` datetime DEFAULT NULL,
  `BLI_LAST_MODIFIED_BY` varchar(50) DEFAULT NULL,
  `BLI_LAST_MODIFIED_DATE` datetime DEFAULT NULL,
  `BLI_ACTIVE` tinyint(1) NOT NULL DEFAULT 1,
  PRIMARY KEY (`BLI_ID`),
  KEY `FK_BILLITEMS_BILLS` (`BLI_ID_BILL`),
  CONSTRAINT `FK_BILLITEMS_BILLS` FOREIGN KEY (`BLI_ID_BILL`) REFERENCES `bills` (`BLL_ID`) ON DELETE CASCADE ON UPDATE CASCADE
) ENGINE=InnoDB AUTO_INCREMENT=139 DEFAULT CHARSET=utf8;
/*!40101 SET character_set_client = @saved_cs_client */;

--
-- Dumping data for table `billitems`
--

LOCK TABLES `billitems` WRITE;
/*!40000 ALTER TABLE `billitems` DISABLE KEYS */;
INSERT INTO `billitems` VALUES (42,13,1,'MED117','Carbimazole 5mg Tab',2,3,'admin','2020-11-21 02:04:33','admin','2020-11-23 15:50:04',1);
INSERT INTO `billitems` VALUES (43,13,1,'EXA03.01','3.1 Blood Slide (Malaria)',10,1,'admin','2020-11-21 02:04:33','admin','2020-11-23 15:50:04',1);
INSERT INTO `billitems` VALUES (44,13,1,'EXAURI','URINALYSIS',10,1,'admin','2020-11-21 02:04:33','admin','2020-11-23 15:50:04',1);
INSERT INTO `billitems` VALUES (45,14,1,'MED238','Anti Serum A 10ml',8,2,'admin','2020-11-21 02:21:35','admin','2020-11-23 15:50:01',1);
INSERT INTO `billitems` VALUES (46,14,1,'OTH1','Amount per day',0,3,'admin','2020-11-21 02:21:35','admin','2020-11-21 02:21:35',1);
INSERT INTO `billitems` VALUES (47,15,1,'MED288','Cathether Foley CH10 3 Way Ballon',26,1,'admin','2020-11-21 03:31:42','admin','2020-11-23 15:49:48',1);
INSERT INTO `billitems` VALUES (48,15,1,'MED124','Chlorpromazine 100mg Tab',30,2,'admin','2020-11-21 03:31:42','admin','2020-11-23 15:49:48',1);
INSERT INTO `billitems` VALUES (49,15,1,'MED150','Ferrous Sulphate 200mg Tab',18,2,'admin','2020-11-21 03:31:42','admin','2020-11-23 15:49:48',1);
INSERT INTO `billitems` VALUES (50,15,1,'EXAURI','URINALYSIS',10,1,'admin','2020-11-21 03:31:42','admin','2020-11-23 15:49:48',1);
INSERT INTO `billitems` VALUES (51,15,1,'EXA03.02','3.2 Blood Slide (OTHERS, E.G. TRIUPHANOSOMIAS, MICRIFILARIA, LEISHMANIA, BORRELIA)',12,1,'admin','2020-11-21 03:31:42','admin','2020-11-23 15:49:48',1);
INSERT INTO `billitems` VALUES (52,16,1,'MED67','Insulin Mixtard 30/70 100IU/ml 5x3ml catridges',30,10,'admin','2020-11-21 03:37:53','admin','2020-11-23 15:49:56',1);
INSERT INTO `billitems` VALUES (53,16,1,'EXA07.02','7.2 SUGAR',8,1,'admin','2020-11-21 03:37:53','admin','2020-11-23 15:49:56',1);
INSERT INTO `billitems` VALUES (54,17,1,'MED197','Cloramphenicol 1% Eye Ointment 3.5g',5,2,'admin','2020-11-21 21:59:57','admin','2020-11-23 15:49:52',1);
INSERT INTO `billitems` VALUES (55,17,1,'EXA07.01','7.1 PROTEIN',8,1,'admin','2020-11-21 21:59:57','admin','2020-11-23 15:49:52',1);
INSERT INTO `billitems` VALUES (56,18,1,'MED110','Atenolol 100mg Tab',22,1,'admin','2020-11-21 22:01:55','admin','2020-11-23 15:49:32',1);
INSERT INTO `billitems` VALUES (57,18,1,'MED21','Potassium Oxalate',22,2,'admin','2020-11-21 22:01:55','admin','2020-11-23 15:49:32',1);
INSERT INTO `billitems` VALUES (58,18,1,'OTH1','Amount per day',0,2,'admin','2020-11-21 22:01:55','admin','2020-11-21 22:01:55',1);
INSERT INTO `billitems` VALUES (59,18,1,'OPE38','Mechanical',80,1,'admin','2020-11-21 22:01:55','admin','2020-11-23 15:49:32',1);
INSERT INTO `billitems` VALUES (60,19,1,'OPE37','Intestinal obstruction',85,1,'admin','2020-11-21 22:02:53','admin','2020-11-23 15:52:06',1);
INSERT INTO `billitems` VALUES (61,19,1,'EXA03.022','3.22 MICROFILARIA',12,1,'admin','2020-11-21 22:02:53','admin','2020-11-23 15:52:06',1);
INSERT INTO `billitems` VALUES (62,19,1,'MED28','Trisodium Citrate',38,1,'admin','2020-11-21 22:02:53','admin','2020-11-23 15:52:06',1);
INSERT INTO `billitems` VALUES (63,20,1,'MED219','Hydrocortisone 1% Ointment 15g',8,2,'admin','2020-11-21 22:05:25','admin','2020-11-23 15:49:20',1);
INSERT INTO `billitems` VALUES (64,20,1,'EXA03.01','3.1 Blood Slide (Malaria)',10,1,'admin','2020-11-21 22:05:25','admin','2020-11-23 15:49:20',1);
INSERT INTO `billitems` VALUES (65,21,1,'MED2','Acetic Acid Glacial 1 ltr',18,1,'admin','2020-11-21 22:08:16','admin','2020-11-23 15:49:16',1);
INSERT INTO `billitems` VALUES (66,21,1,'EXA05.06','5.6 WAYSON',20,1,'admin','2020-11-21 22:08:16','admin','2020-11-23 15:49:16',1);
INSERT INTO `billitems` VALUES (67,21,0,'','Special service',1,1,'admin','2020-11-21 22:08:16','admin','2020-11-21 22:08:16',1);
INSERT INTO `billitems` VALUES (68,22,1,'MED111','Bendrofluazide 5mg Tab',12,2,'admin','2020-11-22 02:38:22','admin','2020-11-23 15:49:12',1);
INSERT INTO `billitems` VALUES (69,22,1,'OPE15','Peritonitis',180,1,'admin','2020-11-22 02:38:22','admin','2020-11-23 15:49:12',1);
INSERT INTO `billitems` VALUES (70,22,1,'OTH1','Amount per day',0,5,'admin','2020-11-22 02:38:22','admin','2020-11-22 02:38:22',1);
INSERT INTO `billitems` VALUES (71,23,1,'MED127','Cimetidine 400mg Tab',60,4,'admin','2020-11-22 17:59:12','admin','2020-11-23 15:49:08',1);
INSERT INTO `billitems` VALUES (72,23,1,'OPE25','uretheral stricture-bougienage',130,1,'admin','2020-11-22 17:59:12','admin','2020-11-23 19:44:50',1);
INSERT INTO `billitems` VALUES (73,10,1,'MED163','Hyoscine 10mg Tab',13,1,'admin','2020-11-23 14:18:17','admin','2020-11-23 19:32:14',1);
INSERT INTO `billitems` VALUES (74,10,1,'MED111','Bendrofluazide 5mg Tab',12,1,'admin','2020-11-23 14:20:53','admin','2020-11-23 19:32:14',1);
INSERT INTO `billitems` VALUES (75,8,1,'OTH1','Amount per day',0,2,'admin','2020-11-23 14:33:21','admin','2020-11-23 14:33:21',1);
INSERT INTO `billitems` VALUES (76,7,1,'MED412','Glucose Test Strips (Hyloguard)',0,4,'admin','2020-11-23 15:51:00','admin','2020-11-23 15:51:00',1);
INSERT INTO `billitems` VALUES (77,7,1,'EXA03.01','3.1 Blood Slide (Malaria)',10,1,'admin','2020-11-23 15:51:00','admin','2020-11-23 15:51:00',1);
INSERT INTO `billitems` VALUES (78,7,1,'EXA07.04.1','7.4.1 CREATININA',8,1,'admin','2020-11-23 15:51:00','admin','2020-11-23 15:51:00',1);
INSERT INTO `billitems` VALUES (79,7,1,'EXA07.02','7.2 SUGAR',8,1,'admin','2020-11-23 15:51:00','admin','2020-11-23 15:51:00',1);
INSERT INTO `billitems` VALUES (80,3,1,'MED77','Metoclopramide 5mg/ml 100ml Amp',0,2,'admin','2020-11-23 15:51:44','admin','2020-11-23 15:51:44',1);
INSERT INTO `billitems` VALUES (81,3,1,'OPE44','Cholecystitis',0,1,'admin','2020-11-23 15:51:44','admin','2020-11-23 15:51:44',1);
INSERT INTO `billitems` VALUES (82,6,1,'MED410','Creatinine 200ml (Calorimetric)',0,4,'admin','2020-11-23 15:53:07','admin','2020-11-23 15:53:07',1);
INSERT INTO `billitems` VALUES (83,6,1,'EXA03.02','3.2 Blood Slide (OTHERS, E.G. TRIUPHANOSOMIAS, MICRIFILARIA, LEISHMANIA, BORRELIA)',12,1,'admin','2020-11-23 15:53:07','admin','2020-11-23 15:53:07',1);
INSERT INTO `billitems` VALUES (84,5,1,'EXA01.03','1.3 Differential ',12,1,'admin','2020-11-23 15:53:46','admin','2020-11-23 15:53:46',1);
INSERT INTO `billitems` VALUES (85,5,1,'MED91','Suxamethonium 500mg Vial',40,1,'admin','2020-11-23 15:53:46','admin','2020-11-23 19:41:34',1);
INSERT INTO `billitems` VALUES (86,5,1,'MED388','Suture Silk (1) S595',6,2,'admin','2020-11-23 15:53:46','admin','2020-11-23 19:41:34',1);
INSERT INTO `billitems` VALUES (87,4,1,'MED67','Insulin Mixtard 30/70 100IU/ml 5x3ml catridges',30,2,'admin','2020-11-23 15:54:16','admin','2020-11-23 15:54:16',1);
INSERT INTO `billitems` VALUES (88,4,1,'EXA07.02','7.2 SUGAR',8,1,'admin','2020-11-23 15:54:16','admin','2020-11-23 15:54:16',1);
INSERT INTO `billitems` VALUES (89,3,1,'EXA03.01','3.1 Blood Slide (Malaria)',10,1,'admin','2020-11-23 15:54:26','admin','2020-11-23 15:54:26',1);
INSERT INTO `billitems` VALUES (90,26,1,'EXA03.01','3.1 Blood Slide (Malaria)',10,1,'admin','2020-11-23 16:01:45','admin','2020-11-23 16:01:45',1);
INSERT INTO `billitems` VALUES (91,26,1,'MED118','Charcoal 250mg Tab',15,4,'admin','2020-11-23 16:01:45','admin','2020-11-23 19:08:42',1);
INSERT INTO `billitems` VALUES (92,26,1,'MED415','Paracetamol 500 MG',22,2,'admin','2020-11-23 16:01:45','admin','2020-11-23 19:17:22',1);
INSERT INTO `billitems` VALUES (93,1,1,'MED344','Nesk Support Small',20,1,'admin','2020-11-23 18:51:24','admin','2020-11-23 19:26:49',1);
INSERT INTO `billitems` VALUES (94,1,1,'EXA07.03.1','7.3.1 BILIRUBIN TOTAL',8,1,'admin','2020-11-23 18:51:24','admin','2020-11-23 18:51:24',1);
INSERT INTO `billitems` VALUES (95,2,1,'MED273','Adhesive Tape 2.5cm x 5m',0,1,'admin','2020-11-23 18:52:12','admin','2020-11-23 18:52:12',1);
INSERT INTO `billitems` VALUES (96,2,1,'OPE51','Debridement',0,1,'admin','2020-11-23 18:52:12','admin','2020-11-23 18:52:12',1);
INSERT INTO `billitems` VALUES (97,2,1,'EXA02.01','2.1 Grouping',10,1,'admin','2020-11-23 18:52:12','admin','2020-11-23 18:52:12',1);
INSERT INTO `billitems` VALUES (98,2,1,'EXA04.02','4.2 C&S FOR SALMONELA TYPHI',18,1,'admin','2020-11-23 18:52:12','admin','2020-11-23 18:52:12',1);
INSERT INTO `billitems` VALUES (99,24,1,'MED81','Pethidine 100mg/ml 2ml Amp',32,2,'admin','2020-11-23 18:53:11','admin','2020-11-23 19:19:16',1);
INSERT INTO `billitems` VALUES (100,24,1,'EXA04.03','4.3 C&S FOR VIBRO CHOLERA',18,1,'admin','2020-11-23 18:53:11','admin','2020-11-23 18:53:11',1);
INSERT INTO `billitems` VALUES (101,24,1,'MED171','Ranitidine 150mg Tab',27,2,'admin','2020-11-23 18:53:11','admin','2020-11-23 19:19:16',1);
INSERT INTO `billitems` VALUES (102,25,1,'MED42','Amphotericin B 50mg Vial',0,1,'admin','2020-11-23 18:53:45','admin','2020-11-23 18:53:45',1);
INSERT INTO `billitems` VALUES (103,25,1,'MED408','Anti Serum AB 10ml',8,2,'admin','2020-11-23 18:53:45','admin','2020-11-23 18:53:45',1);
INSERT INTO `billitems` VALUES (104,25,1,'EXA04.01','4.1 CULTURE AND SENSITIVITY (C&S) FOR HAEMOPHILUS INFUENZA TYPE B',18,1,'admin','2020-11-23 18:53:45','admin','2020-11-23 18:53:45',1);
INSERT INTO `billitems` VALUES (105,23,1,'MED4','Copper 11 Sulphate 500g',21,4,'admin','2020-11-23 19:21:25','admin','2020-11-23 19:23:43',1);
INSERT INTO `billitems` VALUES (106,27,1,'MED111','Bendrofluazide 5mg Tab',12,2,'admin','2021-03-13 22:44:52','admin','2021-03-13 22:44:52',1);
INSERT INTO `billitems` VALUES (107,27,1,'EXA05.05','5.5 ZN',20,1,'admin','2021-03-13 22:44:52','admin','2021-03-13 22:44:52',1);
INSERT INTO `billitems` VALUES (108,28,1,'MED130','Cloxacillin 250mg Tab',0,2,'admin','2021-03-13 22:46:25','admin','2021-03-13 22:46:25',1);
INSERT INTO `billitems` VALUES (109,28,1,'MED79','Morphine 15mg/ml 1ml Amp',0,1,'admin','2021-03-13 22:46:25','admin','2021-03-13 22:46:25',1);
INSERT INTO `billitems` VALUES (110,28,1,'EXA07.04.2','7.4.2 UREA',8,1,'admin','2021-03-13 22:46:25','admin','2021-03-13 22:46:25',1);
INSERT INTO `billitems` VALUES (111,28,0,'','test',1,1,'admin','2021-03-13 22:46:25','admin','2021-03-13 22:46:25',1);
INSERT INTO `billitems` VALUES (112,29,1,'OPE34','Epigastrical Hernia',100,1,'admin','2021-03-15 00:52:24','admin','2021-03-15 00:52:24',1);
INSERT INTO `billitems` VALUES (113,29,1,'MED273','Adhesive Tape 2.5cm x 5m',1,4,'admin','2021-03-15 00:52:24','admin','2021-03-15 00:52:24',1);
INSERT INTO `billitems` VALUES (114,29,1,'MED94','Thiopental Sodium 500mg Vial',0,1,'admin','2021-03-15 00:52:24','admin','2021-03-15 00:52:24',1);
INSERT INTO `billitems` VALUES (115,30,1,'OPE47','Upper limb',200,1,'admin','2021-03-15 00:53:12','admin','2021-03-15 00:53:12',1);
INSERT INTO `billitems` VALUES (116,30,1,'MED250','Needles Luer G20 Disposable',0,2,'admin','2021-03-15 00:53:12','admin','2021-03-15 00:53:12',1);
INSERT INTO `billitems` VALUES (117,30,1,'MED173','Salbutamol 4mg Tab',0,1,'admin','2021-03-15 00:53:12','admin','2021-03-15 00:53:12',1);
INSERT INTO `billitems` VALUES (118,31,1,'MED96','Sodium Chloride 0.9% IV 500ml',0,1,'admin','2021-03-15 00:54:12','admin','2021-03-15 00:54:12',1);
INSERT INTO `billitems` VALUES (119,31,1,'MED27','Sodium Carbonate Anhydrous',0,2,'admin','2021-03-15 00:54:12','admin','2021-03-15 00:54:12',1);
INSERT INTO `billitems` VALUES (120,31,1,'EXA05.03','5.3 INDIA INK',12,1,'admin','2021-03-15 00:54:12','admin','2021-03-15 00:54:12',1);
INSERT INTO `billitems` VALUES (121,32,1,'MED356','Tablet Counting Tray',0,1,'admin','2021-03-15 01:05:48','admin','2021-03-15 01:05:48',1);
INSERT INTO `billitems` VALUES (122,32,1,'MED9','Iodin Crystal 100g',0,1,'admin','2021-03-15 01:05:48','admin','2021-03-15 01:05:48',1);
INSERT INTO `billitems` VALUES (123,32,1,'MED28','Trisodium Citrate',38,2,'admin','2021-03-15 01:05:48','admin','2021-03-15 01:05:48',1);
INSERT INTO `billitems` VALUES (124,33,1,'MED98','Acetazolamide 250mg Tab',0,4,'admin','2021-03-15 01:07:40','admin','2021-03-15 01:07:40',1);
INSERT INTO `billitems` VALUES (125,33,1,'MED414','Aciclovir cream',0,2,'admin','2021-03-15 01:07:40','admin','2021-03-15 01:07:40',1);
INSERT INTO `billitems` VALUES (126,34,1,'EXA04.03','4.3 C&S FOR VIBRO CHOLERA',18,1,'admin','2021-03-15 13:37:08','admin','2021-03-15 13:37:08',1);
INSERT INTO `billitems` VALUES (127,35,1,'MED47','Benzyl Penicillin 5 MIU Vial',0,2,'admin','2021-03-15 13:38:46','admin','2021-03-15 13:38:46',1);
INSERT INTO `billitems` VALUES (128,36,1,'OPE15','Peritonitis',180,1,'admin','2021-03-15 14:52:58','admin','2021-03-15 14:52:58',1);
INSERT INTO `billitems` VALUES (129,37,1,'MED348','Apron Plastic Re-usable',0,1,'admin','2021-03-15 20:05:00','admin','2021-03-15 20:05:00',1);
INSERT INTO `billitems` VALUES (130,37,1,'MED385','Suture Cutgut Chromic (2/0) RN22230TH',0,2,'admin','2021-03-15 20:05:00','admin','2021-03-15 20:05:00',1);
INSERT INTO `billitems` VALUES (131,37,1,'MED165','Impramine 25mg Tab',0,2,'admin','2021-03-15 20:05:00','admin','2021-03-15 20:05:00',1);
INSERT INTO `billitems` VALUES (132,37,1,'MED173','Salbutamol 4mg Tab',0,3,'admin','2021-03-15 20:05:00','admin','2021-03-15 20:05:00',1);
INSERT INTO `billitems` VALUES (133,38,1,'OPE2','emergency',50,1,'admin','2021-03-15 21:55:39','admin','2021-03-15 21:55:39',1);
INSERT INTO `billitems` VALUES (134,39,1,'EXA03.01','3.1 Blood Slide (Malaria)',10,1,'admin','2021-03-15 21:56:27','admin','2021-03-15 21:56:27',1);
INSERT INTO `billitems` VALUES (135,39,1,'MED349','Apron Plastic Re-usable local',0,1,'admin','2021-03-15 21:56:27','admin','2021-03-15 21:56:27',1);
INSERT INTO `billitems` VALUES (136,40,1,'MED201','Beclamethasone 50mcg Innhaler',0,1,'admin','2021-03-15 22:10:48','admin','2021-03-15 22:10:48',1);
INSERT INTO `billitems` VALUES (137,40,1,'MED72','Lignocaine 2% 20ml Vial',0,1,'admin','2021-03-15 22:10:48','admin','2021-03-15 22:10:48',1);
INSERT INTO `billitems` VALUES (138,41,1,'OPE48','Lower limb',100,1,'admin','2021-03-15 22:36:27','admin','2021-03-15 22:36:27',1);
/*!40000 ALTER TABLE `billitems` ENABLE KEYS */;
UNLOCK TABLES;

--
-- Table structure for table `billpayments`
--

DROP TABLE IF EXISTS `billpayments`;
/*!40101 SET @saved_cs_client     = @@character_set_client */;
/*!40101 SET character_set_client = utf8 */;
CREATE TABLE `billpayments` (
  `BLP_ID` int(11) NOT NULL AUTO_INCREMENT,
  `BLP_ID_BILL` int(11) DEFAULT NULL,
  `BLP_DATE` datetime NOT NULL,
  `BLP_AMOUNT` double NOT NULL,
  `BLP_USR_ID_A` varchar(50) NOT NULL DEFAULT 'admin',
  `BLP_CREATED_BY` varchar(50) DEFAULT NULL,
  `BLP_CREATED_DATE` datetime DEFAULT NULL,
  `BLP_LAST_MODIFIED_BY` varchar(50) DEFAULT NULL,
  `BLP_LAST_MODIFIED_DATE` datetime DEFAULT NULL,
  `BLP_ACTIVE` tinyint(1) NOT NULL DEFAULT 1,
  PRIMARY KEY (`BLP_ID`),
  KEY `FK_BILLPAYMENTS_BILLS` (`BLP_ID_BILL`),
  CONSTRAINT `FK_BILLPAYMENTS_BILLS` FOREIGN KEY (`BLP_ID_BILL`) REFERENCES `bills` (`BLL_ID`) ON DELETE CASCADE ON UPDATE CASCADE
) ENGINE=InnoDB AUTO_INCREMENT=248 DEFAULT CHARSET=utf8;
/*!40101 SET character_set_client = @saved_cs_client */;

--
-- Dumping data for table `billpayments`
--

LOCK TABLES `billpayments` WRITE;
/*!40000 ALTER TABLE `billpayments` DISABLE KEYS */;
INSERT INTO `billpayments` VALUES (88,3,'2020-11-20 00:28:59',120,'admin','admin','2020-11-23 15:54:26','admin','2020-11-23 15:54:26',1);
INSERT INTO `billpayments` VALUES (90,2,'2020-11-23 18:52:10',30,'admin','admin','2020-11-23 18:52:12','admin','2020-11-23 18:52:12',1);
INSERT INTO `billpayments` VALUES (94,25,'2020-11-19 01:46:47',1,'admin','admin','2020-11-23 18:53:45','admin','2020-11-23 18:53:45',1);
INSERT INTO `billpayments` VALUES (120,6,'2020-11-20 00:32:08',80,'admin','admin','2020-11-23 19:26:45','admin','2020-11-23 19:26:45',1);
INSERT INTO `billpayments` VALUES (121,1,'2020-11-23 18:51:22',20,'admin','admin','2020-11-23 19:26:49','admin','2020-11-23 19:26:49',1);
INSERT INTO `billpayments` VALUES (151,13,'2020-11-21 02:04:22',200,'admin','admin','2020-11-23 19:33:33','admin','2020-11-23 19:33:33',1);
INSERT INTO `billpayments` VALUES (152,13,'2020-11-21 02:04:27',-200,'admin','admin','2020-11-23 19:33:33','admin','2020-11-23 19:33:33',1);
INSERT INTO `billpayments` VALUES (162,5,'2020-11-20 00:31:14',180,'admin','admin','2020-11-23 19:41:34','admin','2020-11-23 19:41:34',1);
INSERT INTO `billpayments` VALUES (163,5,'2020-11-20 02:13:51',-180,'admin','admin','2020-11-23 19:41:34','admin','2020-11-23 19:41:34',1);
INSERT INTO `billpayments` VALUES (164,8,'2020-11-20 00:38:16',500,'admin','admin','2020-11-23 19:42:23','admin','2020-11-23 19:42:23',1);
INSERT INTO `billpayments` VALUES (165,8,'2020-11-23 14:33:33',-250,'admin','admin','2020-11-23 19:42:23','admin','2020-11-23 19:42:23',1);
INSERT INTO `billpayments` VALUES (166,9,'2020-11-20 00:43:59',80,'admin','admin','2020-11-23 19:43:42','admin','2020-11-23 19:43:42',1);
INSERT INTO `billpayments` VALUES (167,10,'2020-11-20 00:45:05',50,'admin','admin','2020-11-23 19:43:48','admin','2020-11-23 19:43:48',1);
INSERT INTO `billpayments` VALUES (168,10,'2020-11-23 14:20:13',-50,'admin','admin','2020-11-23 19:43:48','admin','2020-11-23 19:43:48',1);
INSERT INTO `billpayments` VALUES (169,11,'2020-11-20 02:10:08',175,'admin','admin','2020-11-23 19:43:53','admin','2020-11-23 19:43:53',1);
INSERT INTO `billpayments` VALUES (170,11,'2020-11-20 02:10:13',-25,'admin','admin','2020-11-23 19:43:53','admin','2020-11-23 19:43:53',1);
INSERT INTO `billpayments` VALUES (171,12,'2020-11-20 02:41:17',250,'admin','admin','2020-11-23 19:43:57','admin','2020-11-23 19:43:57',1);
INSERT INTO `billpayments` VALUES (172,12,'2020-11-20 02:41:22',-250,'admin','admin','2020-11-23 19:43:57','admin','2020-11-23 19:43:57',1);
INSERT INTO `billpayments` VALUES (173,15,'2020-11-21 03:31:00',250,'admin','admin','2020-11-23 19:44:13','admin','2020-11-23 19:44:13',1);
INSERT INTO `billpayments` VALUES (174,15,'2020-11-21 03:31:06',-300,'admin','admin','2020-11-23 19:44:13','admin','2020-11-23 19:44:13',1);
INSERT INTO `billpayments` VALUES (175,16,'2020-11-21 03:37:37',100,'admin','admin','2020-11-23 19:44:18','admin','2020-11-23 19:44:18',1);
INSERT INTO `billpayments` VALUES (176,16,'2020-11-21 03:37:41',-100,'admin','admin','2020-11-23 19:44:18','admin','2020-11-23 19:44:18',1);
INSERT INTO `billpayments` VALUES (177,17,'2020-11-21 21:59:41',50,'admin','admin','2020-11-23 19:44:22','admin','2020-11-23 19:44:22',1);
INSERT INTO `billpayments` VALUES (178,17,'2020-11-21 21:59:46',-60,'admin','admin','2020-11-23 19:44:22','admin','2020-11-23 19:44:22',1);
INSERT INTO `billpayments` VALUES (179,17,'2020-11-21 21:59:49',10,'admin','admin','2020-11-23 19:44:22','admin','2020-11-23 19:44:22',1);
INSERT INTO `billpayments` VALUES (180,18,'2020-11-21 22:01:25',280,'admin','admin','2020-11-23 19:44:28','admin','2020-11-23 19:44:28',1);
INSERT INTO `billpayments` VALUES (181,18,'2020-11-21 22:01:47',-200,'admin','admin','2020-11-23 19:44:28','admin','2020-11-23 19:44:28',1);
INSERT INTO `billpayments` VALUES (182,19,'2020-11-21 22:02:47',100,'admin','admin','2020-11-23 19:44:32','admin','2020-11-23 19:44:32',1);
INSERT INTO `billpayments` VALUES (183,19,'2020-11-21 22:03:13',-100,'admin','admin','2020-11-23 19:44:32','admin','2020-11-23 19:44:32',1);
INSERT INTO `billpayments` VALUES (184,20,'2020-11-21 22:05:23',80,'admin','admin','2020-11-23 19:44:36','admin','2020-11-23 19:44:36',1);
INSERT INTO `billpayments` VALUES (185,22,'2020-11-22 02:38:10',100,'admin','admin','2020-11-23 19:44:45','admin','2020-11-23 19:44:45',1);
INSERT INTO `billpayments` VALUES (186,22,'2020-11-22 02:38:15',-120,'admin','admin','2020-11-23 19:44:45','admin','2020-11-23 19:44:45',1);
INSERT INTO `billpayments` VALUES (187,23,'2020-11-22 17:59:11',250,'admin','admin','2020-11-23 19:44:50','admin','2020-11-23 19:44:50',1);
INSERT INTO `billpayments` VALUES (188,24,'2020-11-20 00:26:33',100,'admin','admin','2020-11-23 19:44:56','admin','2020-11-23 19:44:56',1);
INSERT INTO `billpayments` VALUES (189,24,'2020-11-20 02:11:34',200,'admin','admin','2020-11-23 19:44:56','admin','2020-11-23 19:44:56',1);
INSERT INTO `billpayments` VALUES (190,24,'2020-11-20 02:13:11',-300,'admin','admin','2020-11-23 19:44:56','admin','2020-11-23 19:44:56',1);
INSERT INTO `billpayments` VALUES (191,27,'2021-03-13 22:44:45',20,'admin','admin','2021-03-13 22:44:52','admin','2021-03-13 22:44:52',1);
INSERT INTO `billpayments` VALUES (192,27,'2021-03-13 22:44:50',-30,'admin','admin','2021-03-13 22:44:52','admin','2021-03-13 22:44:52',1);
INSERT INTO `billpayments` VALUES (193,27,'2021-03-13 22:44:52',54,'admin','admin','2021-03-13 22:44:52','admin','2021-03-13 22:44:52',1);
INSERT INTO `billpayments` VALUES (194,28,'2021-03-13 22:46:19',80,'admin','admin','2021-03-13 22:46:25','admin','2021-03-13 22:46:25',1);
INSERT INTO `billpayments` VALUES (195,28,'2021-03-13 22:46:24',-60,'admin','admin','2021-03-13 22:46:25','admin','2021-03-13 22:46:25',1);
INSERT INTO `billpayments` VALUES (196,29,'2021-03-15 00:52:09',100,'admin','admin','2021-03-15 00:52:24','admin','2021-03-15 00:52:24',1);
INSERT INTO `billpayments` VALUES (197,29,'2021-03-15 00:52:14',-100,'admin','admin','2021-03-15 00:52:24','admin','2021-03-15 00:52:24',1);
INSERT INTO `billpayments` VALUES (198,29,'2021-03-15 00:52:23',104,'admin','admin','2021-03-15 00:52:24','admin','2021-03-15 00:52:24',1);
INSERT INTO `billpayments` VALUES (199,30,'2021-03-15 00:53:08',200,'admin','admin','2021-03-15 00:53:12','admin','2021-03-15 00:53:12',1);
INSERT INTO `billpayments` VALUES (200,31,'2021-03-15 00:54:10',50,'admin','admin','2021-03-15 00:54:12','admin','2021-03-15 00:54:12',1);
INSERT INTO `billpayments` VALUES (204,32,'2021-03-15 01:05:25',45,'admin','admin','2021-03-15 01:06:58','admin','2021-03-15 01:06:58',1);
INSERT INTO `billpayments` VALUES (205,32,'2021-03-15 01:05:43',-50,'admin','admin','2021-03-15 01:06:58','admin','2021-03-15 01:06:58',1);
INSERT INTO `billpayments` VALUES (206,32,'2021-03-15 01:05:47',81,'admin','admin','2021-03-15 01:06:58','admin','2021-03-15 01:06:58',1);
INSERT INTO `billpayments` VALUES (227,33,'2021-03-15 01:07:38',25,'admin','admin','2021-03-15 01:09:31','admin','2021-03-15 01:09:31',1);
INSERT INTO `billpayments` VALUES (228,33,'2021-03-15 01:08:01',-20,'admin','admin','2021-03-15 01:09:31','admin','2021-03-15 01:09:31',1);
INSERT INTO `billpayments` VALUES (229,33,'2021-03-15 01:08:28',10,'admin','admin','2021-03-15 01:09:31','admin','2021-03-15 01:09:31',1);
INSERT INTO `billpayments` VALUES (230,33,'2021-03-15 01:08:45',-50,'admin','admin','2021-03-15 01:09:31','admin','2021-03-15 01:09:31',1);
INSERT INTO `billpayments` VALUES (231,33,'2021-03-15 01:08:59',35,'admin','admin','2021-03-15 01:09:31','admin','2021-03-15 01:09:31',1);
INSERT INTO `billpayments` VALUES (232,34,'2021-03-15 13:36:51',18,'admin','admin','2021-03-15 13:37:08','admin','2021-03-15 13:37:08',1);
INSERT INTO `billpayments` VALUES (233,35,'2021-03-15 13:37:57',20,'admin','admin','2021-03-15 13:38:46','admin','2021-03-15 13:38:46',1);
INSERT INTO `billpayments` VALUES (234,35,'2021-03-15 13:38:37',-20,'admin','admin','2021-03-15 13:38:46','admin','2021-03-15 13:38:46',1);
INSERT INTO `billpayments` VALUES (235,36,'2021-03-15 14:52:42',180,'admin','admin','2021-03-15 14:52:58','admin','2021-03-15 14:52:58',1);
INSERT INTO `billpayments` VALUES (238,37,'2021-03-15 20:04:47',85,'admin','admin','2021-03-15 20:05:36','admin','2021-03-15 20:05:36',1);
INSERT INTO `billpayments` VALUES (239,37,'2021-03-15 20:04:59',-85,'admin','admin','2021-03-15 20:05:36','admin','2021-03-15 20:05:36',1);
INSERT INTO `billpayments` VALUES (240,38,'2021-03-15 21:55:27',50,'admin','admin','2021-03-15 21:55:39','admin','2021-03-15 21:55:39',1);
INSERT INTO `billpayments` VALUES (241,38,'2021-03-15 21:55:33',-40,'admin','admin','2021-03-15 21:55:39','admin','2021-03-15 21:55:39',1);
INSERT INTO `billpayments` VALUES (242,38,'2021-03-15 21:55:38',40,'admin','admin','2021-03-15 21:55:39','admin','2021-03-15 21:55:39',1);
INSERT INTO `billpayments` VALUES (243,39,'2021-03-15 21:56:23',10,'admin','admin','2021-03-15 21:56:27','admin','2021-03-15 21:56:27',1);
INSERT INTO `billpayments` VALUES (244,40,'2021-03-15 22:10:23',22,'admin','admin','2021-03-15 22:10:48','admin','2021-03-15 22:10:48',1);
INSERT INTO `billpayments` VALUES (245,40,'2021-03-15 22:10:44',-20,'admin','admin','2021-03-15 22:10:48','admin','2021-03-15 22:10:48',1);
INSERT INTO `billpayments` VALUES (246,40,'2021-03-15 22:10:46',-2,'admin','admin','2021-03-15 22:10:48','admin','2021-03-15 22:10:48',1);
INSERT INTO `billpayments` VALUES (247,41,'2021-03-15 22:36:23',100,'admin','admin','2021-03-15 22:36:27','admin','2021-03-15 22:36:27',1);
/*!40000 ALTER TABLE `billpayments` ENABLE KEYS */;
UNLOCK TABLES;

--
-- Table structure for table `bills`
--

DROP TABLE IF EXISTS `bills`;
/*!40101 SET @saved_cs_client     = @@character_set_client */;
/*!40101 SET character_set_client = utf8 */;
CREATE TABLE `bills` (
  `BLL_ID` int(11) NOT NULL AUTO_INCREMENT,
  `BLL_DATE` datetime NOT NULL,
  `BLL_UPDATE` datetime NOT NULL,
  `BLL_IS_LST` tinyint(1) NOT NULL,
  `BLL_ID_LST` int(11) DEFAULT NULL,
  `BLL_LST_NAME` varchar(50) DEFAULT NULL,
  `BLL_IS_PAT` tinyint(1) NOT NULL,
  `BLL_ID_PAT` int(11) DEFAULT NULL,
  `BLL_PAT_NAME` varchar(100) DEFAULT NULL,
  `BLL_STATUS` varchar(1) DEFAULT NULL,
  `BLL_AMOUNT` double DEFAULT NULL,
  `BLL_BALANCE` double DEFAULT NULL,
  `BLL_USR_ID_A` varchar(50) NOT NULL DEFAULT 'admin',
  `BLL_CREATED_BY` varchar(50) DEFAULT NULL,
  `BLL_CREATED_DATE` datetime DEFAULT NULL,
  `BLL_LAST_MODIFIED_BY` varchar(50) DEFAULT NULL,
  `BLL_LAST_MODIFIED_DATE` datetime DEFAULT NULL,
  `BLL_ACTIVE` tinyint(1) NOT NULL DEFAULT 1,
  PRIMARY KEY (`BLL_ID`),
  KEY `FK_BILLS_PATIENT` (`BLL_ID_PAT`),
  KEY `FK_BILLS_PRICELISTS` (`BLL_ID_LST`),
  CONSTRAINT `FK_BILLS_PATIENT` FOREIGN KEY (`BLL_ID_PAT`) REFERENCES `patient` (`PAT_ID`) ON DELETE CASCADE ON UPDATE CASCADE,
  CONSTRAINT `FK_BILLS_PRICELISTS` FOREIGN KEY (`BLL_ID_LST`) REFERENCES `pricelists` (`LST_ID`) ON DELETE NO ACTION ON UPDATE NO ACTION
) ENGINE=InnoDB AUTO_INCREMENT=42 DEFAULT CHARSET=utf8;
/*!40101 SET character_set_client = @saved_cs_client */;

--
-- Dumping data for table `bills`
--

LOCK TABLES `bills` WRITE;
/*!40000 ALTER TABLE `bills` DISABLE KEYS */;
INSERT INTO `bills` VALUES (1,'2020-11-19 01:45:33','2020-11-23 18:51:22',1,1,'Basic',1,514,'Mario Rossi','O',28,8,'admin',NULL,NULL,'admin','2020-11-23 19:26:49',1);
INSERT INTO `bills` VALUES (2,'2020-11-20 00:26:01','2020-11-23 18:52:10',1,1,'Basic',1,245,'Vanish Katrina','O',28,-2,'admin',NULL,NULL,'admin','2020-11-23 18:52:12',1);
INSERT INTO `bills` VALUES (3,'2020-11-20 00:28:30','2020-11-20 00:28:59',1,1,'Basic',1,503,'Charlie Sturgeon','O',10,-110,'admin',NULL,NULL,'admin','2020-11-23 15:54:26',1);
INSERT INTO `bills` VALUES (4,'2020-11-20 00:30:23','2020-11-20 00:30:23',1,1,'Basic',1,445,'Rodolfo Scoggins','O',68,68,'admin',NULL,NULL,'admin','2020-11-23 15:54:16',1);
INSERT INTO `bills` VALUES (5,'2020-11-20 00:30:47','2020-11-20 02:13:51',1,1,'Basic',1,125,'Kristie Muldoon','O',64,64,'admin',NULL,NULL,'admin','2020-11-23 19:41:34',1);
INSERT INTO `bills` VALUES (6,'2020-11-20 00:31:44','2020-11-20 00:32:08',1,1,'Basic',1,301,'Noe Kruse','O',12,-68,'admin',NULL,NULL,'admin','2020-11-23 19:26:45',1);
INSERT INTO `bills` VALUES (7,'2020-11-20 00:36:56','2020-11-20 00:36:56',1,1,'Basic',1,167,'Richard Gauldin','O',26,26,'admin',NULL,NULL,'admin','2020-11-23 15:52:19',1);
INSERT INTO `bills` VALUES (8,'2020-11-20 00:37:45','2020-11-23 14:33:33',1,1,'Basic',1,141,'Brandie Lutz','O',180,-70,'admin',NULL,NULL,'admin','2020-11-23 19:42:23',1);
INSERT INTO `bills` VALUES (9,'2020-11-20 00:43:04','2020-11-20 00:43:59',1,1,'Basic',1,191,'Leonard Badgett','O',46,-34,'admin',NULL,NULL,'admin','2020-11-23 19:43:42',1);
INSERT INTO `bills` VALUES (10,'2020-11-20 00:44:37','2020-11-23 14:20:13',1,1,'Basic',1,180,'Brock Boyter','O',145,145,'admin',NULL,NULL,'admin','2020-11-23 19:43:48',1);
INSERT INTO `bills` VALUES (11,'2020-11-20 02:09:17','2020-11-20 02:10:13',1,1,'Basic',1,189,'Jake Tibbetts','O',224,74,'admin',NULL,NULL,'admin','2020-11-23 19:43:53',1);
INSERT INTO `bills` VALUES (12,'2020-11-20 02:40:44','2020-11-20 02:41:22',1,1,'Basic',1,514,'Mario Rossi','O',46,46,'admin',NULL,NULL,'admin','2020-11-23 19:43:57',1);
INSERT INTO `bills` VALUES (13,'2020-11-21 02:03:41','2020-11-21 02:04:27',1,1,'Basic',1,515,'Alvaro Robertson','O',42,42,'admin',NULL,NULL,'admin','2020-11-23 19:33:33',1);
INSERT INTO `bills` VALUES (14,'2020-11-21 02:21:07','2020-11-21 02:21:07',1,1,'Basic',1,516,'Genna Susterlind','O',16,16,'admin',NULL,NULL,'admin','2020-11-23 19:33:30',1);
INSERT INTO `bills` VALUES (15,'2020-11-21 03:30:23','2020-11-21 03:31:06',1,1,'Basic',1,373,'Eleanora Albrecht','O',144,194,'admin',NULL,NULL,'admin','2020-11-23 19:44:13',1);
INSERT INTO `bills` VALUES (16,'2020-11-21 03:37:14','2020-11-21 03:37:41',1,1,'Basic',1,169,'Darrell Mondy','O',308,308,'admin',NULL,NULL,'admin','2020-11-23 19:44:18',1);
INSERT INTO `bills` VALUES (17,'2020-11-21 21:59:18','2020-11-21 21:59:49',1,1,'Basic',1,519,'Jeanna Rickember','O',18,18,'admin',NULL,NULL,'admin','2020-11-23 19:44:22',1);
INSERT INTO `bills` VALUES (18,'2020-11-21 22:00:18','2020-11-21 22:01:47',1,1,'Basic',1,319,'Solomon Stackpole','O',146,66,'admin',NULL,NULL,'admin','2020-11-23 19:44:28',1);
INSERT INTO `bills` VALUES (19,'2020-11-21 22:02:01','2020-11-21 22:03:13',1,1,'Basic',1,130,'Otha Duer','O',135,135,'admin',NULL,NULL,'admin','2020-11-23 19:44:32',1);
INSERT INTO `bills` VALUES (20,'2020-11-21 22:05:03','2020-11-21 22:05:23',1,1,'Basic',1,187,'Bethel Booker','O',26,-54,'admin',NULL,NULL,'admin','2020-11-23 19:44:36',1);
INSERT INTO `bills` VALUES (21,'2020-11-21 22:07:15','2020-11-21 22:07:15',1,1,'Basic',1,512,'Enriquetta Millman','O',39,39,'admin',NULL,NULL,'admin','2020-11-23 19:44:41',1);
INSERT INTO `bills` VALUES (22,'2020-11-22 02:37:34','2020-11-22 02:38:15',1,1,'Basic',1,521,'Betta Jamison','O',204,224,'admin',NULL,NULL,'admin','2020-11-23 19:44:45',1);
INSERT INTO `bills` VALUES (23,'2020-11-22 17:58:46','2020-11-22 17:59:11',1,1,'Basic',1,522,'Harry Colterson','O',454,204,'admin',NULL,NULL,'admin','2020-11-23 19:44:50',1);
INSERT INTO `bills` VALUES (24,'2020-11-20 00:26:01','2020-11-20 02:13:11',1,1,'Basic',1,151,'Lien Notter','O',136,136,'admin',NULL,NULL,'admin','2020-11-23 19:44:56',1);
INSERT INTO `bills` VALUES (25,'2020-11-19 01:45:33','2020-11-19 01:46:47',1,1,'Basic',1,217,'Mcsherry Mortimer','O',34,33,'admin',NULL,NULL,'admin','2020-11-23 18:53:45',1);
INSERT INTO `bills` VALUES (26,'2020-11-19 16:01:16','2020-11-19 16:01:16',1,1,'Basic',1,523,'Quinlan Coors','O',114,114,'admin',NULL,NULL,'admin','2020-11-23 19:17:22',1);
INSERT INTO `bills` VALUES (27,'2021-03-13 22:44:24','2021-03-13 22:44:52',1,1,'Basic',1,524,'Geremia Dickinson','C',44,0,'admin','admin','2021-03-13 22:44:52','admin','2021-03-13 22:44:52',1);
INSERT INTO `bills` VALUES (28,'2021-03-13 22:45:47','2021-03-13 22:46:24',1,1,'Basic',1,409,'Anibal Gillon','O',9,-11,'admin','admin','2021-03-13 22:46:25','admin','2021-03-13 22:46:25',1);
INSERT INTO `bills` VALUES (29,'2021-03-13 00:51:11','2021-03-15 00:52:23',1,1,'Basic',1,179,'Jetter Stanley','C',104,0,'admin','admin','2021-03-15 00:52:24','admin','2021-03-15 00:52:24',1);
INSERT INTO `bills` VALUES (30,'2021-03-13 00:52:34','2021-03-15 00:53:08',1,1,'Basic',1,236,'Andra Devilbiss','C',200,0,'admin','admin','2021-03-15 00:53:12','admin','2021-03-15 00:53:12',1);
INSERT INTO `bills` VALUES (31,'2021-03-13 00:53:41','2021-03-15 00:54:10',1,1,'Basic',1,288,'Sowers Yevette','O',12,-38,'admin','admin','2021-03-15 00:54:12','admin','2021-03-15 00:54:12',1);
INSERT INTO `bills` VALUES (32,'2021-03-13 01:04:48','2021-03-15 01:05:47',1,1,'Basic',1,527,'Marcus Kellop','C',76,0,'admin',NULL,NULL,'admin','2021-03-15 01:06:58',1);
INSERT INTO `bills` VALUES (33,'2021-03-13 01:07:12','2021-03-15 01:08:59',1,1,'Basic',1,98,'Claris Grund','C',0,0,'admin',NULL,NULL,'admin','2021-03-15 01:09:31',1);
INSERT INTO `bills` VALUES (34,'2021-03-15 13:36:32','2021-03-15 13:36:51',1,1,'Basic',1,153,'Carie Geissler','C',18,0,'admin','admin','2021-03-15 13:37:07','admin','2021-03-15 13:37:07',1);
INSERT INTO `bills` VALUES (35,'2021-03-15 13:37:31','2021-03-15 13:38:37',1,1,'Basic',1,205,'Wilmer Stanislawski','O',0,0,'admin','admin','2021-03-15 13:38:46','admin','2021-03-15 13:38:46',1);
INSERT INTO `bills` VALUES (36,'2021-03-15 14:52:15','2021-03-15 14:52:42',1,1,'Basic',1,150,'Keasler Shakia','C',180,0,'admin','admin','2021-03-15 14:52:58','admin','2021-03-15 14:52:58',1);
INSERT INTO `bills` VALUES (37,'2021-03-15 20:03:56','2021-03-15 20:04:59',1,1,'Basic',1,198,'Noble Basye','C',0,0,'admin',NULL,NULL,'admin','2021-03-15 20:05:36',1);
INSERT INTO `bills` VALUES (38,'2021-03-15 21:54:57','2021-03-15 21:55:38',1,1,'Basic',1,158,'Kenneth Waring','C',50,0,'admin','admin','2021-03-15 21:55:39','admin','2021-03-15 21:55:39',1);
INSERT INTO `bills` VALUES (39,'2021-03-15 21:56:05','2021-03-15 21:56:23',1,1,'Basic',1,165,'Maxwell Lockamy','C',10,0,'admin','admin','2021-03-15 21:56:27','admin','2021-03-15 21:56:27',1);
INSERT INTO `bills` VALUES (40,'2021-03-15 22:09:47','2021-03-15 22:10:46',1,1,'Basic',1,515,'Alvaro Robertson','C',0,0,'admin','admin','2021-03-15 22:10:48','admin','2021-03-15 22:10:48',1);
INSERT INTO `bills` VALUES (41,'2021-03-15 22:36:07','2021-03-15 22:36:23',1,1,'Basic',1,305,'Grose Rosalba','C',100,0,'admin','admin','2021-03-15 22:36:27','admin','2021-03-15 22:36:27',1);
/*!40000 ALTER TABLE `bills` ENABLE KEYS */;
UNLOCK TABLES;

--
-- Table structure for table `deliveryresulttype`
--

DROP TABLE IF EXISTS `deliveryresulttype`;
/*!40101 SET @saved_cs_client     = @@character_set_client */;
/*!40101 SET character_set_client = utf8 */;
CREATE TABLE `deliveryresulttype` (
  `DRT_ID_A` char(1) NOT NULL,
  `DRT_DESC` varchar(50) NOT NULL,
  `DRT_CREATED_BY` varchar(50) DEFAULT NULL,
  `DRT_CREATED_DATE` datetime DEFAULT NULL,
  `DRT_LAST_MODIFIED_BY` varchar(50) DEFAULT NULL,
  `DRT_LAST_MODIFIED_DATE` datetime DEFAULT NULL,
  `DRT_ACTIVE` tinyint(1) NOT NULL DEFAULT 1,
  PRIMARY KEY (`DRT_ID_A`)
) ENGINE=InnoDB DEFAULT CHARSET=utf8;
/*!40101 SET character_set_client = @saved_cs_client */;

--
-- Dumping data for table `deliveryresulttype`
--

LOCK TABLES `deliveryresulttype` WRITE;
/*!40000 ALTER TABLE `deliveryresulttype` DISABLE KEYS */;
INSERT INTO `deliveryresulttype` VALUES ('A','LIVE BIRTH',NULL,NULL,NULL,NULL,1);
INSERT INTO `deliveryresulttype` VALUES ('B','MASTERATED STILL BIRTH',NULL,NULL,NULL,NULL,1);
INSERT INTO `deliveryresulttype` VALUES ('M','MATERNAL DEATH',NULL,NULL,NULL,NULL,1);
INSERT INTO `deliveryresulttype` VALUES ('N','NEWBORN DEATH',NULL,NULL,NULL,NULL,1);
INSERT INTO `deliveryresulttype` VALUES ('S','FRESH STILL BIRTH',NULL,NULL,NULL,NULL,1);
/*!40000 ALTER TABLE `deliveryresulttype` ENABLE KEYS */;
UNLOCK TABLES;

--
-- Table structure for table `deliverytype`
--

DROP TABLE IF EXISTS `deliverytype`;
/*!40101 SET @saved_cs_client     = @@character_set_client */;
/*!40101 SET character_set_client = utf8 */;
CREATE TABLE `deliverytype` (
  `DLT_ID_A` char(1) NOT NULL,
  `DLT_DESC` varchar(50) NOT NULL,
  `DLT_CREATED_BY` varchar(50) DEFAULT NULL,
  `DLT_CREATED_DATE` datetime DEFAULT NULL,
  `DLT_LAST_MODIFIED_BY` varchar(50) DEFAULT NULL,
  `DLT_LAST_MODIFIED_DATE` datetime DEFAULT NULL,
  `DLT_ACTIVE` tinyint(1) NOT NULL DEFAULT 1,
  PRIMARY KEY (`DLT_ID_A`)
) ENGINE=InnoDB DEFAULT CHARSET=utf8;
/*!40101 SET character_set_client = @saved_cs_client */;

--
-- Dumping data for table `deliverytype`
--

LOCK TABLES `deliverytype` WRITE;
/*!40000 ALTER TABLE `deliverytype` DISABLE KEYS */;
INSERT INTO `deliverytype` VALUES ('C','DELIVERY ASSISTED BY CESARIAN SECTION',NULL,NULL,NULL,NULL,1);
INSERT INTO `deliverytype` VALUES ('N','NORMAL DELIVERY',NULL,NULL,NULL,NULL,1);
INSERT INTO `deliverytype` VALUES ('V','DELIVERY ASSISTED BY VACUUM EXTRACTION',NULL,NULL,NULL,NULL,1);
/*!40000 ALTER TABLE `deliverytype` ENABLE KEYS */;
UNLOCK TABLES;

--
-- Table structure for table `dicom`
--

DROP TABLE IF EXISTS `dicom`;
/*!40101 SET @saved_cs_client     = @@character_set_client */;
/*!40101 SET character_set_client = utf8 */;
CREATE TABLE `dicom` (
  `DM_PAT_ID` int(11) NOT NULL,
  `DM_DATA` longblob DEFAULT NULL,
  `DM_FILE_ID` bigint(20) NOT NULL AUTO_INCREMENT,
  `DM_FILE_NOME` varchar(255) NOT NULL,
  `DM_FILE_ACCESSION_NUMBER` varchar(255) DEFAULT NULL,
  `DM_FILE_INSTITUTION_NAME` varchar(255) DEFAULT NULL,
  `DM_FILE_PAT_UID` varchar(255) DEFAULT NULL,
  `DM_FILE_PAT_NAME` varchar(255) DEFAULT NULL,
  `DM_FILE_PAT_ADDR` varchar(255) DEFAULT NULL,
  `DM_FILE_PAT_AGE` varchar(255) DEFAULT NULL,
  `DM_FILE_PAT_SEX` varchar(255) DEFAULT NULL,
  `DM_FILE_PAT_BIRTHDATE` varchar(255) DEFAULT NULL,
  `DM_FILE_ST_UID` varchar(255) NOT NULL,
  `DM_FILE_ST_DATE` datetime DEFAULT NULL,
  `DM_FILE_ST_DESCR` varchar(255) DEFAULT NULL,
  `DM_FILE_SER_UID` varchar(255) NOT NULL,
  `DM_FILE_SER_INST_UID` varchar(255) NOT NULL,
  `DM_FILE_SER_NUMBER` varchar(255) DEFAULT NULL,
  `DM_FILE_SER_DESC_COD_SEQ` varchar(255) DEFAULT NULL,
  `DM_FILE_SER_DATE` datetime DEFAULT NULL,
  `DM_FILE_SER_DESC` varchar(255) DEFAULT NULL,
  `DM_FILE_INST_UID` varchar(255) NOT NULL,
  `DM_FILE_MODALIITY` varchar(255) DEFAULT NULL,
  `DM_THUMBNAIL` blob DEFAULT NULL,
  `DM_DCMT_ID` varchar(3) DEFAULT NULL,
  `DM_CREATED_BY` varchar(50) DEFAULT NULL,
  `DM_CREATED_DATE` datetime DEFAULT NULL,
  `DM_LAST_MODIFIED_BY` varchar(50) DEFAULT NULL,
  `DM_LAST_MODIFIED_DATE` datetime DEFAULT NULL,
  `DM_ACTIVE` tinyint(1) NOT NULL DEFAULT 1,
  PRIMARY KEY (`DM_FILE_ID`),
  KEY `FK_DICOM_DICOMTYPE_idx` (`DM_DCMT_ID`),
  CONSTRAINT `FK_DICOM_DICOMTYPE` FOREIGN KEY (`DM_DCMT_ID`) REFERENCES `dicomtype` (`DCMT_ID`) ON DELETE NO ACTION ON UPDATE NO ACTION
) ENGINE=InnoDB DEFAULT CHARSET=utf8;
/*!40101 SET character_set_client = @saved_cs_client */;

--
-- Dumping data for table `dicom`
--

LOCK TABLES `dicom` WRITE;
/*!40000 ALTER TABLE `dicom` DISABLE KEYS */;
/*!40000 ALTER TABLE `dicom` ENABLE KEYS */;
UNLOCK TABLES;

--
-- Table structure for table `dicomtype`
--

DROP TABLE IF EXISTS `dicomtype`;
/*!40101 SET @saved_cs_client     = @@character_set_client */;
/*!40101 SET character_set_client = utf8 */;
CREATE TABLE `dicomtype` (
  `DCMT_ID` varchar(3) NOT NULL,
  `DCMT_DESC` varchar(50) NOT NULL,
  PRIMARY KEY (`DCMT_ID`)
) ENGINE=InnoDB DEFAULT CHARSET=utf8;
/*!40101 SET character_set_client = @saved_cs_client */;

--
-- Dumping data for table `dicomtype`
--

LOCK TABLES `dicomtype` WRITE;
/*!40000 ALTER TABLE `dicomtype` DISABLE KEYS */;
/*!40000 ALTER TABLE `dicomtype` ENABLE KEYS */;
UNLOCK TABLES;

--
-- Table structure for table `dischargetype`
--

DROP TABLE IF EXISTS `dischargetype`;
/*!40101 SET @saved_cs_client     = @@character_set_client */;
/*!40101 SET character_set_client = utf8 */;
CREATE TABLE `dischargetype` (
  `DIST_ID_A` varchar(10) NOT NULL,
  `DIST_DESC` varchar(50) NOT NULL,
  `DIST_CREATED_BY` varchar(50) DEFAULT NULL,
  `DIST_CREATED_DATE` datetime DEFAULT NULL,
  `DIST_LAST_MODIFIED_BY` varchar(50) DEFAULT NULL,
  `DIST_LAST_MODIFIED_DATE` datetime DEFAULT NULL,
  `DIST_ACTIVE` tinyint(1) NOT NULL DEFAULT 1,
  PRIMARY KEY (`DIST_ID_A`)
) ENGINE=InnoDB DEFAULT CHARSET=utf8;
/*!40101 SET character_set_client = @saved_cs_client */;

--
-- Dumping data for table `dischargetype`
--

LOCK TABLES `dischargetype` WRITE;
/*!40000 ALTER TABLE `dischargetype` DISABLE KEYS */;
INSERT INTO `dischargetype` VALUES ('B','REFERRED',NULL,NULL,NULL,NULL,1);
INSERT INTO `dischargetype` VALUES ('D','DEAD',NULL,NULL,NULL,NULL,1);
INSERT INTO `dischargetype` VALUES ('EQ','NORMAL DISCHARGE',NULL,NULL,NULL,NULL,1);
INSERT INTO `dischargetype` VALUES ('ES','ESCAPE',NULL,NULL,NULL,NULL,1);
/*!40000 ALTER TABLE `dischargetype` ENABLE KEYS */;
UNLOCK TABLES;

--
-- Table structure for table `disease`
--

DROP TABLE IF EXISTS `disease`;
/*!40101 SET @saved_cs_client     = @@character_set_client */;
/*!40101 SET character_set_client = utf8 */;
CREATE TABLE `disease` (
  `DIS_ID_A` varchar(10) NOT NULL,
  `DIS_DESC` varchar(160) NOT NULL,
  `DIS_DCL_ID_A` char(2) NOT NULL,
  `DIS_LOCK` int(11) NOT NULL DEFAULT 0,
  `DIS_OPD_INCLUDE` int(11) NOT NULL DEFAULT 0,
  `DIS_IPD_IN_INCLUDE` int(11) NOT NULL DEFAULT 0,
  `DIS_IPD_OUT_INCLUDE` int(11) NOT NULL DEFAULT 0,
  `DIS_CREATED_BY` varchar(50) DEFAULT NULL,
  `DIS_CREATED_DATE` datetime DEFAULT NULL,
  `DIS_LAST_MODIFIED_BY` varchar(50) DEFAULT NULL,
  `DIS_LAST_MODIFIED_DATE` datetime DEFAULT NULL,
  `DIS_ACTIVE` tinyint(1) NOT NULL DEFAULT 1,
  PRIMARY KEY (`DIS_ID_A`),
  KEY `FK_DISEASE_DISEASETYPE` (`DIS_DCL_ID_A`),
  CONSTRAINT `FK_DISEASE_DISEASETYPE` FOREIGN KEY (`DIS_DCL_ID_A`) REFERENCES `diseasetype` (`DCL_ID_A`) ON DELETE NO ACTION ON UPDATE CASCADE
) ENGINE=InnoDB DEFAULT CHARSET=utf8;
/*!40101 SET character_set_client = @saved_cs_client */;

--
-- Dumping data for table `disease`
--

LOCK TABLES `disease` WRITE;
/*!40000 ALTER TABLE `disease` DISABLE KEYS */;
INSERT INTO `disease` VALUES ('1','Acute Flaccid Paralysis','ND',0,1,1,1,NULL,NULL,NULL,NULL,1);
INSERT INTO `disease` VALUES ('10','Viral Haemorragic Fever','ND',0,1,1,1,NULL,NULL,NULL,NULL,1);
INSERT INTO `disease` VALUES ('100','Other malignant neoplasm','NC',0,1,1,1,NULL,NULL,NULL,NULL,1);
INSERT INTO `disease` VALUES ('101','Curable Ulcers','NC',0,1,1,1,NULL,NULL,NULL,NULL,1);
INSERT INTO `disease` VALUES ('102','Cerebro-vascular event','NC',0,1,1,1,NULL,NULL,NULL,NULL,1);
INSERT INTO `disease` VALUES ('103','Cardiac arrest','NC',0,1,1,1,NULL,NULL,NULL,NULL,1);
INSERT INTO `disease` VALUES ('104','Gastro-intestinal bleeding','NC',0,1,1,1,NULL,NULL,NULL,NULL,1);
INSERT INTO `disease` VALUES ('105','Respiratory distress','NC',0,1,1,1,NULL,NULL,NULL,NULL,1);
INSERT INTO `disease` VALUES ('106','Acute renal failure','NC',1,0,1,1,NULL,NULL,NULL,NULL,1);
INSERT INTO `disease` VALUES ('107','Acute sepsis','NC',1,0,1,1,NULL,NULL,NULL,NULL,1);
INSERT INTO `disease` VALUES ('108','Schostosomiasis','NC',0,1,1,1,NULL,NULL,NULL,NULL,1);
INSERT INTO `disease` VALUES ('11','Yellow Fever','ND',0,1,1,1,NULL,NULL,NULL,NULL,1);
INSERT INTO `disease` VALUES ('110','Pelvic Inflammatory DISEASEs (PID)','OC',0,1,1,1,NULL,NULL,NULL,NULL,1);
INSERT INTO `disease` VALUES ('111','Tetanus (over 28 days age)','OC',1,1,1,1,NULL,NULL,NULL,NULL,1);
INSERT INTO `disease` VALUES ('112','Obstructed Labour','MP',0,1,1,1,NULL,NULL,NULL,NULL,1);
INSERT INTO `disease` VALUES ('113','Other types of meningitis','OC',0,1,1,1,NULL,NULL,NULL,NULL,1);
INSERT INTO `disease` VALUES ('114','Schistosomiasis','OC',0,1,1,1,NULL,NULL,NULL,NULL,1);
INSERT INTO `disease` VALUES ('115','Sleeping sickness','OC',0,1,1,1,NULL,NULL,NULL,NULL,1);
INSERT INTO `disease` VALUES ('116','Malaria in pregnancy','MP',0,1,1,1,NULL,NULL,NULL,NULL,1);
INSERT INTO `disease` VALUES ('117','Injuries - (road traffic accident)','NC',0,1,1,1,NULL,NULL,NULL,NULL,1);
INSERT INTO `disease` VALUES ('12','Anaemia','NC',0,1,1,1,NULL,NULL,NULL,NULL,1);
INSERT INTO `disease` VALUES ('127','Covid-19','ND',0,1,1,0,'admin','2020-11-22 02:56:26','admin','2020-11-22 02:56:26',1);
INSERT INTO `disease` VALUES ('13','Dental DISEASE and conditions','NC',0,1,1,1,NULL,NULL,NULL,NULL,1);
INSERT INTO `disease` VALUES ('14','Diabetes Mellitus','NC',0,1,1,1,NULL,NULL,NULL,NULL,1);
INSERT INTO `disease` VALUES ('15','Gastro-intestinal DISEASEss (non infective)','NC',1,1,1,1,NULL,NULL,NULL,NULL,1);
INSERT INTO `disease` VALUES ('16','Hypertension','NC',0,1,1,1,NULL,NULL,NULL,NULL,1);
INSERT INTO `disease` VALUES ('17','Mental Illness','NC',0,1,1,1,NULL,NULL,NULL,NULL,1);
INSERT INTO `disease` VALUES ('18','Epilepsy','NC',0,1,1,1,NULL,NULL,NULL,NULL,1);
INSERT INTO `disease` VALUES ('19','Other cardio-vascular DISEASEs','NC',0,1,1,1,NULL,NULL,NULL,NULL,1);
INSERT INTO `disease` VALUES ('2','Cholera','ND',0,1,1,1,NULL,NULL,NULL,NULL,1);
INSERT INTO `disease` VALUES ('20','Severe malnutrition (marasmus,kwashiorkor,marasmic-kwash)','NC',6,1,0,0,NULL,NULL,NULL,NULL,1);
INSERT INTO `disease` VALUES ('22','Trauma-Domestic Violence','NC',0,1,1,1,NULL,NULL,NULL,NULL,1);
INSERT INTO `disease` VALUES ('23','Trauma-other intensional','NC',0,1,1,1,NULL,NULL,NULL,NULL,1);
INSERT INTO `disease` VALUES ('24','Trauma Road traffic accidents','NC',0,1,1,1,NULL,NULL,NULL,NULL,1);
INSERT INTO `disease` VALUES ('25','Trauma Other Non intensional','NC',0,1,1,1,NULL,NULL,NULL,NULL,1);
INSERT INTO `disease` VALUES ('26','Other complications of pregnancy','MP',1,0,1,1,NULL,NULL,NULL,NULL,1);
INSERT INTO `disease` VALUES ('27','Perinatal conditions','MP',0,1,1,1,NULL,NULL,NULL,NULL,1);
INSERT INTO `disease` VALUES ('28','Abortions','MP',0,1,1,1,NULL,NULL,NULL,NULL,1);
INSERT INTO `disease` VALUES ('29','AIDS','OC',0,1,1,1,NULL,NULL,NULL,NULL,1);
INSERT INTO `disease` VALUES ('3','Diarrhoea-Dysentry','ND',2,1,1,1,NULL,NULL,NULL,NULL,1);
INSERT INTO `disease` VALUES ('30','Diarrhoea-Not bloody','OC',0,1,1,1,NULL,NULL,NULL,NULL,1);
INSERT INTO `disease` VALUES ('31','Diarrhoea-Persistent','OC',0,1,1,1,NULL,NULL,NULL,NULL,1);
INSERT INTO `disease` VALUES ('32','Ear Infection','OC',1,0,1,1,NULL,NULL,NULL,NULL,1);
INSERT INTO `disease` VALUES ('33','Eye Infection','OC',0,1,1,1,NULL,NULL,NULL,NULL,1);
INSERT INTO `disease` VALUES ('34','Genital Inf.-Urethral discharge','OC',1,0,1,1,NULL,NULL,NULL,NULL,1);
INSERT INTO `disease` VALUES ('35','Genital Inf.-Vaginal discharge','OC',1,0,1,1,NULL,NULL,NULL,NULL,1);
INSERT INTO `disease` VALUES ('36','Genital Inf.-Ulcerative','OC',1,0,1,1,NULL,NULL,NULL,NULL,1);
INSERT INTO `disease` VALUES ('37','Intestinal Worms','OC',0,1,1,1,NULL,NULL,NULL,NULL,1);
INSERT INTO `disease` VALUES ('38','Leprosy','OC',0,1,1,1,NULL,NULL,NULL,NULL,1);
INSERT INTO `disease` VALUES ('39','Malaria','OC',0,1,1,1,NULL,NULL,NULL,NULL,1);
INSERT INTO `disease` VALUES ('4','Guinea Worm','ND',0,1,1,1,NULL,NULL,NULL,NULL,1);
INSERT INTO `disease` VALUES ('40','No pneumonia-cold or cough','OC',0,1,1,1,NULL,NULL,NULL,NULL,1);
INSERT INTO `disease` VALUES ('41','Onchocerciasis','OC',0,1,1,1,NULL,NULL,NULL,NULL,1);
INSERT INTO `disease` VALUES ('42','Pneumonia','OC',0,1,1,1,NULL,NULL,NULL,NULL,1);
INSERT INTO `disease` VALUES ('43','Skin DISEASEs','OC',0,1,1,1,NULL,NULL,NULL,NULL,1);
INSERT INTO `disease` VALUES ('44','Tuberculosis','OC',2,1,1,1,NULL,NULL,NULL,NULL,1);
INSERT INTO `disease` VALUES ('46','Typhoid Fever','OC',0,1,1,1,NULL,NULL,NULL,NULL,1);
INSERT INTO `disease` VALUES ('47','Urinary Tract Infections (UTI)','OC',2,1,1,1,NULL,NULL,NULL,NULL,1);
INSERT INTO `disease` VALUES ('48','Others(non specified)','OC',1,0,1,1,NULL,NULL,NULL,NULL,1);
INSERT INTO `disease` VALUES ('49','All Other DISEASEs','AO',2,1,1,1,NULL,NULL,NULL,NULL,1);
INSERT INTO `disease` VALUES ('5','Measles','ND',0,1,1,1,NULL,NULL,NULL,NULL,1);
INSERT INTO `disease` VALUES ('50','Other emerging infectious DISEASE','ND',0,1,1,1,NULL,NULL,NULL,NULL,1);
INSERT INTO `disease` VALUES ('56','Death in OPD','OC',0,1,1,1,NULL,NULL,NULL,NULL,1);
INSERT INTO `disease` VALUES ('57','ENT Conditions','OC',0,1,1,1,NULL,NULL,NULL,NULL,1);
INSERT INTO `disease` VALUES ('58','Eye Conditions','OC',0,1,1,1,NULL,NULL,NULL,NULL,1);
INSERT INTO `disease` VALUES ('59','Sexually transmited infections (STI)','OC',1,1,1,1,NULL,NULL,NULL,NULL,1);
INSERT INTO `disease` VALUES ('6','Meningitis','ND',0,1,1,1,NULL,NULL,NULL,NULL,1);
INSERT INTO `disease` VALUES ('60','Hepatitis','OC',1,0,1,1,NULL,NULL,NULL,NULL,1);
INSERT INTO `disease` VALUES ('61','Osteomyelitis','OC',1,0,1,1,NULL,NULL,NULL,NULL,1);
INSERT INTO `disease` VALUES ('62','Peritonitis','OC',1,0,1,1,NULL,NULL,NULL,NULL,1);
INSERT INTO `disease` VALUES ('63','Pyrexiaof unknown origin (PUO)','OC',1,0,1,1,NULL,NULL,NULL,NULL,1);
INSERT INTO `disease` VALUES ('64','Septicaemia','OC',1,0,1,1,NULL,NULL,NULL,NULL,1);
INSERT INTO `disease` VALUES ('65','High blood pressure in pregnancy','MP',0,1,1,1,NULL,NULL,NULL,NULL,1);
INSERT INTO `disease` VALUES ('66','Haemorrhage related to pregnancy (APH/PPH)','MP',0,1,1,1,NULL,NULL,NULL,NULL,1);
INSERT INTO `disease` VALUES ('67','Sepsis related to pregnancy','MP',1,0,1,1,NULL,NULL,NULL,NULL,1);
INSERT INTO `disease` VALUES ('68','Asthma','NC',0,1,1,1,NULL,NULL,NULL,NULL,1);
INSERT INTO `disease` VALUES ('69','Oral DISEASEs and condition','NC',0,1,1,1,NULL,NULL,NULL,NULL,1);
INSERT INTO `disease` VALUES ('7','Tetanus neonatal (less 28 days age)','ND',3,1,1,1,NULL,NULL,NULL,NULL,1);
INSERT INTO `disease` VALUES ('70','Endocrine and metabolic disorders (other)','NC',0,1,1,1,NULL,NULL,NULL,NULL,1);
INSERT INTO `disease` VALUES ('71','Anxiety disorders','NC',0,1,1,1,NULL,NULL,NULL,NULL,1);
INSERT INTO `disease` VALUES ('72','Mania','NC',0,1,1,1,NULL,NULL,NULL,NULL,1);
INSERT INTO `disease` VALUES ('73','Depression','NC',0,1,1,1,NULL,NULL,NULL,NULL,1);
INSERT INTO `disease` VALUES ('74','Schizophrenia','NC',0,1,1,1,NULL,NULL,NULL,NULL,1);
INSERT INTO `disease` VALUES ('75','Alcohol and drug abuse','NC',0,1,1,1,NULL,NULL,NULL,NULL,1);
INSERT INTO `disease` VALUES ('76','Childhood and mentle disorders','NC',0,1,1,1,NULL,NULL,NULL,NULL,1);
INSERT INTO `disease` VALUES ('77','Severe malnutrition (kwashiorkor)','NC',2,0,1,1,NULL,NULL,NULL,NULL,1);
INSERT INTO `disease` VALUES ('78','Severe malnutrition (marasmus)','NC',3,0,1,1,NULL,NULL,NULL,NULL,1);
INSERT INTO `disease` VALUES ('79','Severe malnutrition (marasmic-kwash)','NC',2,0,1,1,NULL,NULL,NULL,NULL,1);
INSERT INTO `disease` VALUES ('8','Plague','ND',0,1,1,1,NULL,NULL,NULL,NULL,1);
INSERT INTO `disease` VALUES ('80','Low weight for age','NC',0,1,1,1,NULL,NULL,NULL,NULL,1);
INSERT INTO `disease` VALUES ('81','Injuries - (trauma due to other causes)','NC',0,1,1,1,NULL,NULL,NULL,NULL,1);
INSERT INTO `disease` VALUES ('82','Animal/snake bite','NC',0,1,1,1,NULL,NULL,NULL,NULL,1);
INSERT INTO `disease` VALUES ('83','Poisoning','NC',1,0,1,1,NULL,NULL,NULL,NULL,1);
INSERT INTO `disease` VALUES ('84','Liver cirrhosis','NC',0,1,1,1,NULL,NULL,NULL,NULL,1);
INSERT INTO `disease` VALUES ('85','Hepatocellular carcinoma','NC',0,1,1,1,NULL,NULL,NULL,NULL,1);
INSERT INTO `disease` VALUES ('86','Liver DISEASE s (other)','NC',0,1,1,1,NULL,NULL,NULL,NULL,1);
INSERT INTO `disease` VALUES ('87','Hernias','NC',0,1,1,1,NULL,NULL,NULL,NULL,1);
INSERT INTO `disease` VALUES ('88','DISEASEs of the appendix','NC',0,1,1,1,NULL,NULL,NULL,NULL,1);
INSERT INTO `disease` VALUES ('89','Musculo skeletal and connective tissue DISEASE','NC',0,1,1,1,NULL,NULL,NULL,NULL,1);
INSERT INTO `disease` VALUES ('9','Rabies','ND',0,1,1,1,NULL,NULL,NULL,NULL,1);
INSERT INTO `disease` VALUES ('90','Genito erinary system DISEASEs ( non infective )','NC',0,1,1,1,NULL,NULL,NULL,NULL,1);
INSERT INTO `disease` VALUES ('91','Congenital malformations and chromosome abnormalities','ND',1,0,1,1,NULL,NULL,NULL,NULL,1);
INSERT INTO `disease` VALUES ('92','Comlpication and surgical care','NC',0,1,1,1,NULL,NULL,NULL,NULL,1);
INSERT INTO `disease` VALUES ('93','Benine neoplasm\"s ( all type )','NC',0,1,1,1,NULL,NULL,NULL,NULL,1);
INSERT INTO `disease` VALUES ('94','Cancer of the breast','NC',0,1,1,1,NULL,NULL,NULL,NULL,1);
INSERT INTO `disease` VALUES ('95','Cancer of the prostate','ND',1,0,1,1,NULL,NULL,NULL,NULL,1);
INSERT INTO `disease` VALUES ('96','Malignant neoplasm of the digestive organs','NC',0,1,1,1,NULL,NULL,NULL,NULL,1);
INSERT INTO `disease` VALUES ('97','Malignant of the lungs','NC',0,1,1,1,NULL,NULL,NULL,NULL,1);
INSERT INTO `disease` VALUES ('98','Caposis and other skin cancers','NC',0,1,1,1,NULL,NULL,NULL,NULL,1);
INSERT INTO `disease` VALUES ('99','Malignant neoplasm of Haemopoetic tissue','NC',0,1,1,1,NULL,NULL,NULL,NULL,1);
/*!40000 ALTER TABLE `disease` ENABLE KEYS */;
UNLOCK TABLES;

--
-- Table structure for table `diseasetype`
--

DROP TABLE IF EXISTS `diseasetype`;
/*!40101 SET @saved_cs_client     = @@character_set_client */;
/*!40101 SET character_set_client = utf8 */;
CREATE TABLE `diseasetype` (
  `DCL_ID_A` char(2) NOT NULL,
  `DCL_DESC` varchar(110) NOT NULL,
  `DCL_CREATED_BY` varchar(50) DEFAULT NULL,
  `DCL_CREATED_DATE` datetime DEFAULT NULL,
  `DCL_LAST_MODIFIED_BY` varchar(50) DEFAULT NULL,
  `DCL_LAST_MODIFIED_DATE` datetime DEFAULT NULL,
  `DCL_ACTIVE` tinyint(1) NOT NULL DEFAULT 1,
  PRIMARY KEY (`DCL_ID_A`)
) ENGINE=InnoDB DEFAULT CHARSET=utf8;
/*!40101 SET character_set_client = @saved_cs_client */;

--
-- Dumping data for table `diseasetype`
--

LOCK TABLES `diseasetype` WRITE;
/*!40000 ALTER TABLE `diseasetype` DISABLE KEYS */;
INSERT INTO `diseasetype` VALUES ('AO','5. All Other',NULL,NULL,NULL,NULL,1);
INSERT INTO `diseasetype` VALUES ('MP','3.MATERNAL AND PERINATAL DISEASES',NULL,NULL,NULL,NULL,1);
INSERT INTO `diseasetype` VALUES ('NC','4.NON-COMMUNICABLE DISEASES',NULL,NULL,NULL,NULL,1);
INSERT INTO `diseasetype` VALUES ('ND','1.NOTIFIABLE DISEASES',NULL,NULL,NULL,NULL,1);
INSERT INTO `diseasetype` VALUES ('OC','2.OTHER INFECTIOUS/COMMUNICABLE DISEASES',NULL,NULL,NULL,NULL,1);
/*!40000 ALTER TABLE `diseasetype` ENABLE KEYS */;
UNLOCK TABLES;

--
-- Table structure for table `exam`
--

DROP TABLE IF EXISTS `exam`;
/*!40101 SET @saved_cs_client     = @@character_set_client */;
/*!40101 SET character_set_client = utf8 */;
CREATE TABLE `exam` (
  `EXA_ID_A` varchar(10) NOT NULL,
  `EXA_DESC` varchar(100) NOT NULL,
  `EXA_EXC_ID_A` char(2) NOT NULL,
  `EXA_PROC` int(11) NOT NULL,
  `EXA_DEFAULT` varchar(50) DEFAULT NULL,
  `EXA_LOCK` int(11) NOT NULL DEFAULT 0,
  `EXA_CREATED_BY` varchar(50) DEFAULT NULL,
  `EXA_CREATED_DATE` datetime DEFAULT NULL,
  `EXA_LAST_MODIFIED_BY` varchar(50) DEFAULT NULL,
  `EXA_LAST_MODIFIED_DATE` datetime DEFAULT NULL,
  `EXA_ACTIVE` tinyint(1) NOT NULL DEFAULT 1,
  PRIMARY KEY (`EXA_ID_A`),
  KEY `FK_EXAM_EXAMTYPE` (`EXA_EXC_ID_A`),
  CONSTRAINT `FK_EXAM_EXAMTYPE` FOREIGN KEY (`EXA_EXC_ID_A`) REFERENCES `examtype` (`EXC_ID_A`) ON DELETE NO ACTION ON UPDATE CASCADE
) ENGINE=InnoDB DEFAULT CHARSET=utf8;
/*!40101 SET character_set_client = @saved_cs_client */;

--
-- Dumping data for table `exam`
--

LOCK TABLES `exam` WRITE;
/*!40000 ALTER TABLE `exam` DISABLE KEYS */;
INSERT INTO `exam` VALUES ('01.01','1.1 HB','HB',1,'>=12 (NORMAL)',1,NULL,NULL,NULL,NULL,1);
INSERT INTO `exam` VALUES ('01.02','1.2 WBC Count','HB',1,'4000 - 7000 (NORMAL)',1,NULL,NULL,NULL,NULL,1);
INSERT INTO `exam` VALUES ('01.03','1.3 Differential ','HB',1,'',0,NULL,NULL,NULL,NULL,1);
INSERT INTO `exam` VALUES ('01.04','1.4 Film Comment','HB',1,'0',1,NULL,NULL,'admin','2020-11-21 22:40:11',1);
INSERT INTO `exam` VALUES ('01.05','1.5 ESR','HB',1,'NORMAL',1,NULL,NULL,NULL,NULL,1);
INSERT INTO `exam` VALUES ('01.06','1.6 Sickling Test','HB',1,'NEGATIVE',1,NULL,NULL,NULL,NULL,1);
INSERT INTO `exam` VALUES ('02.01','2.1 Grouping','BT',1,'',2,NULL,NULL,NULL,NULL,1);
INSERT INTO `exam` VALUES ('02.02','2.2 Comb\'s Test','BT',1,'NEGATIVE',3,NULL,NULL,NULL,NULL,1);
INSERT INTO `exam` VALUES ('03.01','3.1 Blood Slide (Malaria)','PA',1,'NEGATIVE',1,NULL,NULL,NULL,NULL,1);
INSERT INTO `exam` VALUES ('03.02','3.2 Blood Slide (OTHERS, E.G. TRIUPHANOSOMIAS, MICRIFILARIA, LEISHMANIA, BORRELIA)','PA',1,'NEGATIVE',2,NULL,NULL,NULL,NULL,1);
INSERT INTO `exam` VALUES ('03.021','3.21 Trypanosomiasis','PA',1,'NEGATIVE',2,NULL,NULL,NULL,NULL,1);
INSERT INTO `exam` VALUES ('03.022','3.22 MICROFILARIA','PA',1,'NEGATIVE',1,NULL,NULL,NULL,NULL,1);
INSERT INTO `exam` VALUES ('03.023','3.23 LEISHMANIA','PA',1,'NEGATIVE',1,NULL,NULL,NULL,NULL,1);
INSERT INTO `exam` VALUES ('03.024','3.24 BORRELIA','PA',1,'NEGATIVE',1,NULL,NULL,NULL,NULL,1);
INSERT INTO `exam` VALUES ('03.03','3.3 STOOL MICROSCOPY','PA',2,'',2,NULL,NULL,NULL,NULL,1);
INSERT INTO `exam` VALUES ('03.04','3.4 URINE MICROSCOPY','PA',1,'NEGATIVE',1,NULL,NULL,NULL,NULL,1);
INSERT INTO `exam` VALUES ('03.05','3.5 TISSUE MICROSCOPY','PA',1,'NEGATIVE',1,NULL,NULL,NULL,NULL,1);
INSERT INTO `exam` VALUES ('03.06','3.6 CSF WET PREP','PA',1,'NEGATIVE',1,NULL,NULL,NULL,NULL,1);
INSERT INTO `exam` VALUES ('04.01','4.1 CULTURE AND SENSITIVITY (C&S) FOR HAEMOPHILUS INFUENZA TYPE B','BA',1,'NEGATIVE',2,NULL,NULL,NULL,NULL,1);
INSERT INTO `exam` VALUES ('04.02','4.2 C&S FOR SALMONELA TYPHI','BA',1,'NEGATIVE',1,NULL,NULL,NULL,NULL,1);
INSERT INTO `exam` VALUES ('04.03','4.3 C&S FOR VIBRO CHOLERA','BA',1,'NEGATIVE',1,NULL,NULL,NULL,NULL,1);
INSERT INTO `exam` VALUES ('04.04','4.4 C&S FOR SHIGELLA DYSENTERIAE','BA',1,'NEGATIVE',1,NULL,NULL,NULL,NULL,1);
INSERT INTO `exam` VALUES ('04.05','4.5 C&S FOR NEISSERIA MENINGITIDES','BA',1,'NEGATIVE',1,NULL,NULL,NULL,NULL,1);
INSERT INTO `exam` VALUES ('04.06','4.6 OTHER C&S ','BA',1,'NEGATIVE',1,NULL,NULL,NULL,NULL,1);
INSERT INTO `exam` VALUES ('05.01','5.1 WET PREP','MC',1,'NEGATIVE',1,NULL,NULL,NULL,NULL,1);
INSERT INTO `exam` VALUES ('05.02','5.2 GRAM STAIN','MC',1,'NEGATIVE',1,NULL,NULL,NULL,NULL,1);
INSERT INTO `exam` VALUES ('05.03','5.3 INDIA INK','MC',1,'NEGATIVE',1,NULL,NULL,NULL,NULL,1);
INSERT INTO `exam` VALUES ('05.04','5.4 LEISMANIA','MC',1,'NEGATIVE',1,NULL,NULL,NULL,NULL,1);
INSERT INTO `exam` VALUES ('05.05','5.5 ZN','MC',1,'NEGATIVE',1,NULL,NULL,NULL,NULL,1);
INSERT INTO `exam` VALUES ('05.06','5.6 WAYSON','MC',1,'NEGATIVE',1,NULL,NULL,NULL,NULL,1);
INSERT INTO `exam` VALUES ('05.07','5.7 PAP SMEAR','MC',1,'NEGATIVE',1,NULL,NULL,NULL,NULL,1);
INSERT INTO `exam` VALUES ('06.01','6.1 VDRL/RPR','SE',1,'NEGATIVE',1,NULL,NULL,NULL,NULL,1);
INSERT INTO `exam` VALUES ('06.02','6.2 TPHA','SE',1,'NEGATIVE',1,NULL,NULL,NULL,NULL,1);
INSERT INTO `exam` VALUES ('06.03','6.3 HIV','SE',1,'NEGATIVE',1,NULL,NULL,NULL,NULL,1);
INSERT INTO `exam` VALUES ('06.04','6.4 HEPATITIS','SE',1,'NEGATIVE',1,NULL,NULL,NULL,NULL,1);
INSERT INTO `exam` VALUES ('06.05','6.5 OTHERS E.G BRUCELLA, RHEUMATOID FACTOR, WEIL FELIX','SE',1,'NEGATIVE',1,NULL,NULL,NULL,NULL,1);
INSERT INTO `exam` VALUES ('06.06','6.6 PREGNANCY TEST','SE',1,'NEGATIVE',2,NULL,NULL,'admin','2020-11-23 15:55:50',1);
INSERT INTO `exam` VALUES ('07.01','7.1 PROTEIN','CH',1,'NEGATIVE',1,NULL,NULL,NULL,NULL,1);
INSERT INTO `exam` VALUES ('07.02','7.2 SUGAR','CH',1,'NORMAL',1,NULL,NULL,NULL,NULL,1);
INSERT INTO `exam` VALUES ('07.03','7.3 LFTS','CH',1,'NORMAL',1,NULL,NULL,NULL,NULL,1);
INSERT INTO `exam` VALUES ('07.03.1','7.3.1 BILIRUBIN TOTAL','CH',1,'< 1.2 (NORMAL)',3,NULL,NULL,NULL,NULL,1);
INSERT INTO `exam` VALUES ('07.03.2','7.3.2 BILIRUBIN DIRECT','CH',1,'< 1.2 (NORMAL)',7,NULL,NULL,NULL,NULL,1);
INSERT INTO `exam` VALUES ('07.03.3','7.3.3 GOT','CH',1,'<= 50 (NORMAL)',2,NULL,NULL,NULL,NULL,1);
INSERT INTO `exam` VALUES ('07.03.4','7.3.4 ALT/GPT','CH',1,'<= 50 (NORMAL)',1,NULL,NULL,NULL,NULL,1);
INSERT INTO `exam` VALUES ('07.04','7.4 RFTS','CH',1,'NORMAL',1,NULL,NULL,NULL,NULL,1);
INSERT INTO `exam` VALUES ('07.04.1','7.4.1 CREATININA','CH',1,'< 1.4 (NORMAL)',1,NULL,NULL,NULL,NULL,1);
INSERT INTO `exam` VALUES ('07.04.2','7.4.2 UREA','CH',1,'10-55 (NORMAL)',1,NULL,NULL,NULL,NULL,1);
INSERT INTO `exam` VALUES ('08.01','8.1 OCCULT BLOOD','OC',1,'NEGATIVE',1,NULL,NULL,NULL,NULL,1);
INSERT INTO `exam` VALUES ('URI','URINALYSIS','OT',2,'',1,NULL,NULL,NULL,NULL,1);
/*!40000 ALTER TABLE `exam` ENABLE KEYS */;
UNLOCK TABLES;

--
-- Table structure for table `examrow`
--

DROP TABLE IF EXISTS `examrow`;
/*!40101 SET @saved_cs_client     = @@character_set_client */;
/*!40101 SET character_set_client = utf8 */;
CREATE TABLE `examrow` (
  `EXR_ID` int(11) NOT NULL AUTO_INCREMENT,
  `EXR_EXA_ID_A` varchar(10) NOT NULL,
  `EXR_DESC` varchar(50) NOT NULL,
  `EXR_CREATED_BY` varchar(50) DEFAULT NULL,
  `EXR_CREATED_DATE` datetime DEFAULT NULL,
  `EXR_LAST_MODIFIED_BY` varchar(50) DEFAULT NULL,
  `EXR_LAST_MODIFIED_DATE` datetime DEFAULT NULL,
  `EXR_ACTIVE` tinyint(1) NOT NULL DEFAULT 1,
  PRIMARY KEY (`EXR_ID`),
  KEY `FK_EXAMROW_EXAM` (`EXR_EXA_ID_A`),
  CONSTRAINT `FK_EXAMROW_EXAM` FOREIGN KEY (`EXR_EXA_ID_A`) REFERENCES `exam` (`EXA_ID_A`) ON DELETE NO ACTION ON UPDATE CASCADE
) ENGINE=InnoDB AUTO_INCREMENT=213 DEFAULT CHARSET=utf8;
/*!40101 SET character_set_client = @saved_cs_client */;

--
-- Dumping data for table `examrow`
--

LOCK TABLES `examrow` WRITE;
/*!40000 ALTER TABLE `examrow` DISABLE KEYS */;
INSERT INTO `examrow` VALUES (14,'05.02','NEGATIVE',NULL,NULL,NULL,NULL,1);
INSERT INTO `examrow` VALUES (15,'05.02','PNEUMOCOCCI',NULL,NULL,NULL,NULL,1);
INSERT INTO `examrow` VALUES (16,'05.02','MENINGOCOCCI',NULL,NULL,NULL,NULL,1);
INSERT INTO `examrow` VALUES (17,'05.02','HEMOPHILLUS INFL.',NULL,NULL,NULL,NULL,1);
INSERT INTO `examrow` VALUES (18,'05.02','CRYPTOCOCCI',NULL,NULL,NULL,NULL,1);
INSERT INTO `examrow` VALUES (19,'05.02','PLEAMORPHIC BACILLI',NULL,NULL,NULL,NULL,1);
INSERT INTO `examrow` VALUES (20,'05.02','STAPHYLOCOCCI',NULL,NULL,NULL,NULL,1);
INSERT INTO `examrow` VALUES (48,'07.03.1','<1.2 (NORMAL)',NULL,NULL,NULL,NULL,1);
INSERT INTO `examrow` VALUES (49,'07.03.1','1.2 - 5',NULL,NULL,NULL,NULL,1);
INSERT INTO `examrow` VALUES (50,'07.03.1','> 5',NULL,NULL,NULL,NULL,1);
INSERT INTO `examrow` VALUES (51,'07.04.1','< 1.4 (NORMAL)',NULL,NULL,NULL,NULL,1);
INSERT INTO `examrow` VALUES (52,'07.04.1','1.4 - 2.5',NULL,NULL,NULL,NULL,1);
INSERT INTO `examrow` VALUES (53,'07.04.1','> 2.5',NULL,NULL,NULL,NULL,1);
INSERT INTO `examrow` VALUES (56,'07.03.3','<= 50 (NORMAL)',NULL,NULL,NULL,NULL,1);
INSERT INTO `examrow` VALUES (57,'07.03.3','> 50',NULL,NULL,NULL,NULL,1);
INSERT INTO `examrow` VALUES (60,'01.02','4000 - 7000 (NORMAL)',NULL,NULL,NULL,NULL,1);
INSERT INTO `examrow` VALUES (61,'01.02','> 7000 (HIGH)',NULL,NULL,NULL,NULL,1);
INSERT INTO `examrow` VALUES (62,'01.02','< 4000 (LOW)',NULL,NULL,NULL,NULL,1);
INSERT INTO `examrow` VALUES (76,'URI','SEDIMENTS',NULL,NULL,NULL,NULL,1);
INSERT INTO `examrow` VALUES (77,'URI','SUGAR',NULL,NULL,NULL,NULL,1);
INSERT INTO `examrow` VALUES (78,'URI','UROBILINOGEN',NULL,NULL,NULL,NULL,1);
INSERT INTO `examrow` VALUES (79,'URI','BILIRUBIN',NULL,NULL,NULL,NULL,1);
INSERT INTO `examrow` VALUES (80,'URI','PROTEIN',NULL,NULL,NULL,NULL,1);
INSERT INTO `examrow` VALUES (81,'URI','HCG',NULL,NULL,NULL,NULL,1);
INSERT INTO `examrow` VALUES (83,'07.04.2','> 10',NULL,NULL,NULL,NULL,1);
INSERT INTO `examrow` VALUES (84,'07.04.2','10-55 (NORMAL)',NULL,NULL,NULL,NULL,1);
INSERT INTO `examrow` VALUES (85,'07.04.2','< 55',NULL,NULL,NULL,NULL,1);
INSERT INTO `examrow` VALUES (87,'01.01','6 - 12',NULL,NULL,NULL,NULL,1);
INSERT INTO `examrow` VALUES (88,'01.01','< 6',NULL,NULL,NULL,NULL,1);
INSERT INTO `examrow` VALUES (89,'01.01','>=12 (NORMAL)',NULL,NULL,NULL,NULL,1);
INSERT INTO `examrow` VALUES (90,'01.05','HIGH',NULL,NULL,NULL,NULL,1);
INSERT INTO `examrow` VALUES (91,'01.05','NORMAL',NULL,NULL,NULL,NULL,1);
INSERT INTO `examrow` VALUES (92,'01.05','LOW',NULL,NULL,NULL,NULL,1);
INSERT INTO `examrow` VALUES (93,'01.06','POSITIVE',NULL,NULL,NULL,NULL,1);
INSERT INTO `examrow` VALUES (94,'01.06','NEGATIVE',NULL,NULL,NULL,NULL,1);
INSERT INTO `examrow` VALUES (96,'02.01','A RH+',NULL,NULL,NULL,NULL,1);
INSERT INTO `examrow` VALUES (97,'02.01','A RH-',NULL,NULL,NULL,NULL,1);
INSERT INTO `examrow` VALUES (98,'02.01','B RH+',NULL,NULL,NULL,NULL,1);
INSERT INTO `examrow` VALUES (99,'02.01','B RH-',NULL,NULL,NULL,NULL,1);
INSERT INTO `examrow` VALUES (100,'02.01','AB RH+',NULL,NULL,NULL,NULL,1);
INSERT INTO `examrow` VALUES (101,'02.01','AB RH-',NULL,NULL,NULL,NULL,1);
INSERT INTO `examrow` VALUES (102,'02.01','O RH+',NULL,NULL,NULL,NULL,1);
INSERT INTO `examrow` VALUES (103,'02.01','O RH-',NULL,NULL,NULL,NULL,1);
INSERT INTO `examrow` VALUES (104,'02.02','NEGATIVE',NULL,NULL,NULL,NULL,1);
INSERT INTO `examrow` VALUES (105,'02.02','POSITIVE',NULL,NULL,NULL,NULL,1);
INSERT INTO `examrow` VALUES (106,'03.01','NEGATIVE',NULL,NULL,NULL,NULL,1);
INSERT INTO `examrow` VALUES (107,'03.01','FEW',NULL,NULL,NULL,NULL,1);
INSERT INTO `examrow` VALUES (109,'03.01','+',NULL,NULL,NULL,NULL,1);
INSERT INTO `examrow` VALUES (110,'03.01','++',NULL,NULL,NULL,NULL,1);
INSERT INTO `examrow` VALUES (111,'03.01','+++',NULL,NULL,NULL,NULL,1);
INSERT INTO `examrow` VALUES (112,'03.01','++++',NULL,NULL,NULL,NULL,1);
INSERT INTO `examrow` VALUES (113,'03.02','POSITIVE',NULL,NULL,NULL,NULL,1);
INSERT INTO `examrow` VALUES (114,'03.02','NEGATIVE',NULL,NULL,NULL,NULL,1);
INSERT INTO `examrow` VALUES (116,'03.021','NEGATIVE',NULL,NULL,NULL,NULL,1);
INSERT INTO `examrow` VALUES (117,'03.022','POSITIVE',NULL,NULL,NULL,NULL,1);
INSERT INTO `examrow` VALUES (118,'03.022','NEGATIVE',NULL,NULL,NULL,NULL,1);
INSERT INTO `examrow` VALUES (119,'03.023','NEGATIVE',NULL,NULL,NULL,NULL,1);
INSERT INTO `examrow` VALUES (120,'03.023','POSITIVE',NULL,NULL,NULL,NULL,1);
INSERT INTO `examrow` VALUES (121,'03.024','NEGATIVE',NULL,NULL,NULL,NULL,1);
INSERT INTO `examrow` VALUES (122,'03.024','POSITIVE',NULL,NULL,NULL,NULL,1);
INSERT INTO `examrow` VALUES (125,'03.05','POSITIVE',NULL,NULL,NULL,NULL,1);
INSERT INTO `examrow` VALUES (126,'03.05','NEGATIVE',NULL,NULL,NULL,NULL,1);
INSERT INTO `examrow` VALUES (127,'03.06','POSITIVE',NULL,NULL,NULL,NULL,1);
INSERT INTO `examrow` VALUES (128,'03.06','NEGATIVE',NULL,NULL,NULL,NULL,1);
INSERT INTO `examrow` VALUES (129,'04.01','POSITIVE',NULL,NULL,NULL,NULL,1);
INSERT INTO `examrow` VALUES (130,'04.01','NEGATIVE',NULL,NULL,NULL,NULL,1);
INSERT INTO `examrow` VALUES (131,'04.02','POSITIVE',NULL,NULL,NULL,NULL,1);
INSERT INTO `examrow` VALUES (132,'04.02','NEGATIVE',NULL,NULL,NULL,NULL,1);
INSERT INTO `examrow` VALUES (133,'04.03','POSITIVE',NULL,NULL,NULL,NULL,1);
INSERT INTO `examrow` VALUES (134,'04.03','NEGATIVE',NULL,NULL,NULL,NULL,1);
INSERT INTO `examrow` VALUES (135,'04.04','POSITIVE',NULL,NULL,NULL,NULL,1);
INSERT INTO `examrow` VALUES (136,'04.04','NEGATIVE',NULL,NULL,NULL,NULL,1);
INSERT INTO `examrow` VALUES (137,'04.05','POSITIVE',NULL,NULL,NULL,NULL,1);
INSERT INTO `examrow` VALUES (138,'04.05','NEGATIVE',NULL,NULL,NULL,NULL,1);
INSERT INTO `examrow` VALUES (139,'05.01','POSITIVE',NULL,NULL,NULL,NULL,1);
INSERT INTO `examrow` VALUES (140,'05.01','NEGATIVE',NULL,NULL,NULL,NULL,1);
INSERT INTO `examrow` VALUES (143,'05.03','POSITIVE',NULL,NULL,NULL,NULL,1);
INSERT INTO `examrow` VALUES (144,'05.03','NEGATIVE',NULL,NULL,NULL,NULL,1);
INSERT INTO `examrow` VALUES (145,'05.04','POSITIVE',NULL,NULL,NULL,NULL,1);
INSERT INTO `examrow` VALUES (146,'05.04','NEGATIVE',NULL,NULL,NULL,NULL,1);
INSERT INTO `examrow` VALUES (148,'05.05','NEGATIVE',NULL,NULL,NULL,NULL,1);
INSERT INTO `examrow` VALUES (149,'05.06','POSITIVE',NULL,NULL,NULL,NULL,1);
INSERT INTO `examrow` VALUES (150,'05.06','NEGATIVE',NULL,NULL,NULL,NULL,1);
INSERT INTO `examrow` VALUES (151,'05.07','POSITIVE ',NULL,NULL,NULL,NULL,1);
INSERT INTO `examrow` VALUES (152,'05.07','NEGATIVE',NULL,NULL,NULL,NULL,1);
INSERT INTO `examrow` VALUES (153,'06.01','POSITIVE',NULL,NULL,NULL,NULL,1);
INSERT INTO `examrow` VALUES (154,'06.01','NEGATIVE',NULL,NULL,NULL,NULL,1);
INSERT INTO `examrow` VALUES (155,'06.02','POSITIVE',NULL,NULL,NULL,NULL,1);
INSERT INTO `examrow` VALUES (156,'06.02','NEGATIVE',NULL,NULL,NULL,NULL,1);
INSERT INTO `examrow` VALUES (157,'06.03','POSITIVE',NULL,NULL,NULL,NULL,1);
INSERT INTO `examrow` VALUES (158,'06.03','NEGATIVE',NULL,NULL,NULL,NULL,1);
INSERT INTO `examrow` VALUES (159,'06.04','POSITIVE',NULL,NULL,NULL,NULL,1);
INSERT INTO `examrow` VALUES (160,'06.04','NEGATIVE',NULL,NULL,NULL,NULL,1);
INSERT INTO `examrow` VALUES (161,'06.05','POSITIVE',NULL,NULL,NULL,NULL,1);
INSERT INTO `examrow` VALUES (162,'06.05','NEGATIVE',NULL,NULL,NULL,NULL,1);
INSERT INTO `examrow` VALUES (163,'06.06','POSITIVE',NULL,NULL,NULL,NULL,1);
INSERT INTO `examrow` VALUES (164,'06.06','NEGATIVE',NULL,NULL,NULL,NULL,1);
INSERT INTO `examrow` VALUES (165,'07.01','POSITIVE',NULL,NULL,NULL,NULL,1);
INSERT INTO `examrow` VALUES (166,'07.01','NEGATIVE',NULL,NULL,NULL,NULL,1);
INSERT INTO `examrow` VALUES (169,'07.03','HIGH',NULL,NULL,NULL,NULL,1);
INSERT INTO `examrow` VALUES (170,'07.03','LOW',NULL,NULL,NULL,NULL,1);
INSERT INTO `examrow` VALUES (171,'07.03','NORMAL',NULL,NULL,NULL,NULL,1);
INSERT INTO `examrow` VALUES (172,'07.04','HIGH',NULL,NULL,NULL,NULL,1);
INSERT INTO `examrow` VALUES (173,'07.04','LOW',NULL,NULL,NULL,NULL,1);
INSERT INTO `examrow` VALUES (174,'07.04','NORMAL',NULL,NULL,NULL,NULL,1);
INSERT INTO `examrow` VALUES (175,'08.01','POSITIVE',NULL,NULL,NULL,NULL,1);
INSERT INTO `examrow` VALUES (176,'08.01','NEGATIVE',NULL,NULL,NULL,NULL,1);
INSERT INTO `examrow` VALUES (185,'04.06','NORMAL',NULL,NULL,NULL,NULL,1);
INSERT INTO `examrow` VALUES (186,'05.05','+',NULL,NULL,NULL,NULL,1);
INSERT INTO `examrow` VALUES (187,'05.05','++',NULL,NULL,NULL,NULL,1);
INSERT INTO `examrow` VALUES (188,'05.05','+++',NULL,NULL,NULL,NULL,1);
INSERT INTO `examrow` VALUES (189,'03.03','A..LUMBRICOIDES',NULL,NULL,NULL,NULL,1);
INSERT INTO `examrow` VALUES (190,'03.03','E.COLI CYSTS',NULL,NULL,NULL,NULL,1);
INSERT INTO `examrow` VALUES (191,'03.03','E.HISTOLYTICA',NULL,NULL,NULL,NULL,1);
INSERT INTO `examrow` VALUES (192,'03.03','E.VERMICULARIS',NULL,NULL,NULL,NULL,1);
INSERT INTO `examrow` VALUES (193,'03.03','G.LAMBLIA',NULL,NULL,NULL,NULL,1);
INSERT INTO `examrow` VALUES (194,'03.03','T.HOMINIS',NULL,NULL,NULL,NULL,1);
INSERT INTO `examrow` VALUES (195,'03.03','HOOK WORM',NULL,NULL,NULL,NULL,1);
INSERT INTO `examrow` VALUES (196,'03.03','S.MANSONI',NULL,NULL,NULL,NULL,1);
INSERT INTO `examrow` VALUES (197,'03.03','S.STERCORALIS',NULL,NULL,NULL,NULL,1);
INSERT INTO `examrow` VALUES (198,'03.03','TAENIA SAGINATA',NULL,NULL,NULL,NULL,1);
INSERT INTO `examrow` VALUES (199,'03.03','TAENIA SOLIUM',NULL,NULL,NULL,NULL,1);
INSERT INTO `examrow` VALUES (200,'03.03','TRICHURISI TRICHURA',NULL,NULL,NULL,NULL,1);
INSERT INTO `examrow` VALUES (201,'07.03.2','< 1.2 (NORMAL)',NULL,NULL,NULL,NULL,1);
INSERT INTO `examrow` VALUES (202,'07.03.2','1.2 - 5',NULL,NULL,NULL,NULL,1);
INSERT INTO `examrow` VALUES (203,'07.03.2','> 5',NULL,NULL,NULL,NULL,1);
INSERT INTO `examrow` VALUES (204,'07.03.4','<= 50 (NORMAL)',NULL,NULL,NULL,NULL,1);
INSERT INTO `examrow` VALUES (205,'07.03.4','> 50',NULL,NULL,NULL,NULL,1);
INSERT INTO `examrow` VALUES (206,'07.02','HIGH',NULL,NULL,NULL,NULL,1);
INSERT INTO `examrow` VALUES (207,'07.02','LOW',NULL,NULL,NULL,NULL,1);
INSERT INTO `examrow` VALUES (208,'07.02','NORMAL',NULL,NULL,NULL,NULL,1);
INSERT INTO `examrow` VALUES (209,'03.04','POSITIVE',NULL,NULL,NULL,NULL,1);
INSERT INTO `examrow` VALUES (210,'03.04','NEGATIVE',NULL,NULL,NULL,NULL,1);
INSERT INTO `examrow` VALUES (211,'03.021','POSITIVE',NULL,NULL,NULL,NULL,1);
INSERT INTO `examrow` VALUES (212,'03.03','HYMENOLEPIS NANA',NULL,NULL,NULL,NULL,1);
/*!40000 ALTER TABLE `examrow` ENABLE KEYS */;
UNLOCK TABLES;

--
-- Table structure for table `examtype`
--

DROP TABLE IF EXISTS `examtype`;
/*!40101 SET @saved_cs_client     = @@character_set_client */;
/*!40101 SET character_set_client = utf8 */;
CREATE TABLE `examtype` (
  `EXC_ID_A` char(2) NOT NULL,
  `EXC_DESC` varchar(50) NOT NULL,
  `EXC_CREATED_BY` varchar(50) DEFAULT NULL,
  `EXC_CREATED_DATE` datetime DEFAULT NULL,
  `EXC_LAST_MODIFIED_BY` varchar(50) DEFAULT NULL,
  `EXC_LAST_MODIFIED_DATE` datetime DEFAULT NULL,
  `EXC_ACTIVE` tinyint(1) NOT NULL DEFAULT 1,
  PRIMARY KEY (`EXC_ID_A`)
) ENGINE=InnoDB DEFAULT CHARSET=utf8;
/*!40101 SET character_set_client = @saved_cs_client */;

--
-- Dumping data for table `examtype`
--

LOCK TABLES `examtype` WRITE;
/*!40000 ALTER TABLE `examtype` DISABLE KEYS */;
INSERT INTO `examtype` VALUES ('BA','4.Bacteriology',NULL,NULL,NULL,NULL,1);
INSERT INTO `examtype` VALUES ('BT','2.Blood transfusion',NULL,NULL,NULL,NULL,1);
INSERT INTO `examtype` VALUES ('CH','7. Chemistry',NULL,NULL,NULL,NULL,1);
INSERT INTO `examtype` VALUES ('HB','1.Haematology',NULL,NULL,NULL,NULL,1);
INSERT INTO `examtype` VALUES ('MC','5.Microscopy',NULL,NULL,NULL,NULL,1);
INSERT INTO `examtype` VALUES ('OC','8.Occult Blood',NULL,NULL,NULL,NULL,1);
INSERT INTO `examtype` VALUES ('OL','OLD EXAMS',NULL,NULL,NULL,NULL,1);
INSERT INTO `examtype` VALUES ('OT','OTHER',NULL,NULL,NULL,NULL,1);
INSERT INTO `examtype` VALUES ('PA','3.Parasitology',NULL,NULL,NULL,NULL,1);
INSERT INTO `examtype` VALUES ('SE','6. Serology',NULL,NULL,NULL,NULL,1);
INSERT INTO `examtype` VALUES ('SP','STOOLPARASITES',NULL,NULL,NULL,NULL,1);
INSERT INTO `examtype` VALUES ('UR','URINALYSIS',NULL,NULL,NULL,NULL,1);
/*!40000 ALTER TABLE `examtype` ENABLE KEYS */;
UNLOCK TABLES;

--
-- Table structure for table `groupmenu`
--

DROP TABLE IF EXISTS `groupmenu`;
/*!40101 SET @saved_cs_client     = @@character_set_client */;
/*!40101 SET character_set_client = utf8 */;
CREATE TABLE `groupmenu` (
  `GM_ID` int(11) NOT NULL AUTO_INCREMENT,
  `GM_UG_ID_A` varchar(50) NOT NULL DEFAULT '',
  `GM_MNI_ID_A` varchar(50) NOT NULL DEFAULT '',
  `GM_ACTIVE` tinyint(1) NOT NULL DEFAULT 1,
  `GM_CREATED_BY` varchar(50) DEFAULT NULL,
  `GM_CREATED_DATE` datetime DEFAULT NULL,
  `GM_LAST_MODIFIED_BY` varchar(50) DEFAULT NULL,
  `GM_LAST_MODIFIED_DATE` datetime DEFAULT NULL,
  PRIMARY KEY (`GM_ID`)
) ENGINE=MyISAM AUTO_INCREMENT=139 DEFAULT CHARSET=utf8;
/*!40101 SET character_set_client = @saved_cs_client */;

--
-- Dumping data for table `groupmenu`
--

LOCK TABLES `groupmenu` WRITE;
/*!40000 ALTER TABLE `groupmenu` DISABLE KEYS */;
INSERT INTO `groupmenu` VALUES (1,'admin','admtype',1,NULL,NULL,NULL,NULL);
INSERT INTO `groupmenu` VALUES (2,'admin','disctype',1,NULL,NULL,NULL,NULL);
INSERT INTO `groupmenu` VALUES (44,'admin','medicalsward',1,NULL,NULL,NULL,NULL);
INSERT INTO `groupmenu` VALUES (4,'admin','admission',1,NULL,NULL,NULL,NULL);
INSERT INTO `groupmenu` VALUES (7,'admin','disease',1,NULL,NULL,NULL,NULL);
INSERT INTO `groupmenu` VALUES (8,'admin','exams',1,NULL,NULL,NULL,NULL);
INSERT INTO `groupmenu` VALUES (9,'admin','exit',1,NULL,NULL,NULL,NULL);
INSERT INTO `groupmenu` VALUES (10,'admin','file',1,NULL,NULL,NULL,NULL);
INSERT INTO `groupmenu` VALUES (11,'admin','generaldata',1,NULL,NULL,NULL,NULL);
INSERT INTO `groupmenu` VALUES (12,'admin','groups',1,NULL,NULL,NULL,NULL);
INSERT INTO `groupmenu` VALUES (13,'admin','help',1,NULL,NULL,NULL,NULL);
INSERT INTO `groupmenu` VALUES (14,'admin','hospital',1,NULL,NULL,NULL,NULL);
INSERT INTO `groupmenu` VALUES (43,'admin','agetype',1,NULL,NULL,NULL,NULL);
INSERT INTO `groupmenu` VALUES (16,'admin','laboratory',1,NULL,NULL,NULL,NULL);
INSERT INTO `groupmenu` VALUES (17,'admin','medicals',1,NULL,NULL,NULL,NULL);
INSERT INTO `groupmenu` VALUES (18,'admin','medicalstock',1,NULL,NULL,NULL,NULL);
INSERT INTO `groupmenu` VALUES (19,'admin','operation',1,NULL,NULL,NULL,NULL);
INSERT INTO `groupmenu` VALUES (21,'admin','pharmacy',1,NULL,NULL,NULL,NULL);
INSERT INTO `groupmenu` VALUES (22,'admin','statistics',1,NULL,NULL,NULL,NULL);
INSERT INTO `groupmenu` VALUES (26,'admin','opd',1,NULL,NULL,NULL,NULL);
INSERT INTO `groupmenu` VALUES (27,'admin','users',1,NULL,NULL,NULL,NULL);
INSERT INTO `groupmenu` VALUES (28,'admin','usersusers',1,NULL,NULL,NULL,NULL);
INSERT INTO `groupmenu` VALUES (29,'admin','vaccine',1,NULL,NULL,NULL,NULL);
INSERT INTO `groupmenu` VALUES (30,'admin','ward',1,NULL,NULL,NULL,NULL);
INSERT INTO `groupmenu` VALUES (31,'admin','types',1,NULL,NULL,NULL,NULL);
INSERT INTO `groupmenu` VALUES (32,'admin','pretreatmenttype',1,NULL,NULL,NULL,NULL);
INSERT INTO `groupmenu` VALUES (33,'admin','diseasetype',1,NULL,NULL,NULL,NULL);
INSERT INTO `groupmenu` VALUES (34,'admin','medstockmovtype',1,NULL,NULL,NULL,NULL);
INSERT INTO `groupmenu` VALUES (35,'admin','examtype',1,NULL,NULL,NULL,NULL);
INSERT INTO `groupmenu` VALUES (36,'admin','operationtype',1,NULL,NULL,NULL,NULL);
INSERT INTO `groupmenu` VALUES (37,'admin','deliverytype',1,NULL,NULL,NULL,NULL);
INSERT INTO `groupmenu` VALUES (38,'admin','medicalstype',1,NULL,NULL,NULL,NULL);
INSERT INTO `groupmenu` VALUES (39,'admin','delresulttype',1,NULL,NULL,NULL,NULL);
INSERT INTO `groupmenu` VALUES (40,'admin','printing',1,NULL,NULL,NULL,NULL);
INSERT INTO `groupmenu` VALUES (41,'admin','examlist1',1,NULL,NULL,NULL,NULL);
INSERT INTO `groupmenu` VALUES (42,'admin','diseaselist',1,NULL,NULL,NULL,NULL);
INSERT INTO `groupmenu` VALUES (45,'admin','priceslists',1,NULL,NULL,NULL,NULL);
INSERT INTO `groupmenu` VALUES (46,'admin','otherprices',1,NULL,NULL,NULL,NULL);
INSERT INTO `groupmenu` VALUES (47,'admin','accounting',1,NULL,NULL,NULL,NULL);
INSERT INTO `groupmenu` VALUES (48,'admin','newbill',1,NULL,NULL,NULL,NULL);
INSERT INTO `groupmenu` VALUES (49,'admin','billsmanager',1,NULL,NULL,NULL,NULL);
INSERT INTO `groupmenu` VALUES (50,'admin','data',1,NULL,NULL,NULL,NULL);
INSERT INTO `groupmenu` VALUES (51,'admin','btnadmdel',1,NULL,NULL,NULL,NULL);
INSERT INTO `groupmenu` VALUES (52,'admin','btnadmadm',1,NULL,NULL,NULL,NULL);
INSERT INTO `groupmenu` VALUES (53,'admin','btnadmedit',1,NULL,NULL,NULL,NULL);
INSERT INTO `groupmenu` VALUES (54,'admin','btnadmnew',1,NULL,NULL,NULL,NULL);
INSERT INTO `groupmenu` VALUES (55,'admin','btnadmopd',1,NULL,NULL,NULL,NULL);
INSERT INTO `groupmenu` VALUES (56,'admin','btnadmmer',1,NULL,NULL,NULL,NULL);
INSERT INTO `groupmenu` VALUES (57,'admin','btnlaboratorydel',1,NULL,NULL,NULL,NULL);
INSERT INTO `groupmenu` VALUES (58,'admin','btnlaboratoryedit',1,NULL,NULL,NULL,NULL);
INSERT INTO `groupmenu` VALUES (59,'admin','btnlaboratorynew',1,NULL,NULL,NULL,NULL);
INSERT INTO `groupmenu` VALUES (60,'admin','btnopdedit',1,NULL,NULL,NULL,NULL);
INSERT INTO `groupmenu` VALUES (61,'admin','btnopddel',1,NULL,NULL,NULL,NULL);
INSERT INTO `groupmenu` VALUES (62,'admin','btnopdnew',1,NULL,NULL,NULL,NULL);
INSERT INTO `groupmenu` VALUES (63,'admin','btndatamalnut',1,NULL,NULL,NULL,NULL);
INSERT INTO `groupmenu` VALUES (64,'admin','btndatadel',1,NULL,NULL,NULL,NULL);
INSERT INTO `groupmenu` VALUES (65,'admin','btndataedit',1,NULL,NULL,NULL,NULL);
INSERT INTO `groupmenu` VALUES (66,'admin','btndataeditpat',1,NULL,NULL,NULL,NULL);
INSERT INTO `groupmenu` VALUES (67,'admin','btnpharmaceuticaldel',1,NULL,NULL,NULL,NULL);
INSERT INTO `groupmenu` VALUES (68,'admin','btnpharmaceuticaledit',1,NULL,NULL,NULL,NULL);
INSERT INTO `groupmenu` VALUES (69,'admin','btnpharmaceuticalnew',1,NULL,NULL,NULL,NULL);
INSERT INTO `groupmenu` VALUES (70,'guest','admtype',0,NULL,NULL,NULL,NULL);
INSERT INTO `groupmenu` VALUES (71,'guest','disctype',0,NULL,NULL,NULL,NULL);
INSERT INTO `groupmenu` VALUES (72,'guest','admission',1,NULL,NULL,NULL,NULL);
INSERT INTO `groupmenu` VALUES (73,'guest','disease',0,NULL,NULL,NULL,NULL);
INSERT INTO `groupmenu` VALUES (74,'guest','exams',0,NULL,NULL,NULL,NULL);
INSERT INTO `groupmenu` VALUES (75,'guest','exit',1,NULL,NULL,NULL,NULL);
INSERT INTO `groupmenu` VALUES (76,'guest','file',1,NULL,NULL,NULL,NULL);
INSERT INTO `groupmenu` VALUES (77,'guest','generaldata',0,NULL,NULL,NULL,NULL);
INSERT INTO `groupmenu` VALUES (78,'guest','groups',0,NULL,NULL,NULL,NULL);
INSERT INTO `groupmenu` VALUES (79,'guest','help',0,NULL,NULL,NULL,NULL);
INSERT INTO `groupmenu` VALUES (80,'guest','hospital',0,NULL,NULL,NULL,NULL);
INSERT INTO `groupmenu` VALUES (81,'guest','laboratory',1,NULL,NULL,NULL,NULL);
INSERT INTO `groupmenu` VALUES (82,'guest','medicals',1,NULL,NULL,NULL,NULL);
INSERT INTO `groupmenu` VALUES (83,'guest','medicalstock',0,NULL,NULL,NULL,NULL);
INSERT INTO `groupmenu` VALUES (84,'guest','operation',0,NULL,NULL,NULL,NULL);
INSERT INTO `groupmenu` VALUES (85,'guest','pharmacy',1,NULL,NULL,NULL,NULL);
INSERT INTO `groupmenu` VALUES (86,'guest','statistics',1,NULL,NULL,NULL,NULL);
INSERT INTO `groupmenu` VALUES (87,'guest','opd',1,NULL,NULL,NULL,NULL);
INSERT INTO `groupmenu` VALUES (88,'guest','users',0,NULL,NULL,NULL,NULL);
INSERT INTO `groupmenu` VALUES (89,'guest','usersusers',0,NULL,NULL,NULL,NULL);
INSERT INTO `groupmenu` VALUES (90,'guest','vaccine',0,NULL,NULL,NULL,NULL);
INSERT INTO `groupmenu` VALUES (91,'guest','ward',0,NULL,NULL,NULL,NULL);
INSERT INTO `groupmenu` VALUES (92,'guest','types',0,NULL,NULL,NULL,NULL);
INSERT INTO `groupmenu` VALUES (93,'guest','pretreatmenttype',0,NULL,NULL,NULL,NULL);
INSERT INTO `groupmenu` VALUES (94,'guest','diseasetype',0,NULL,NULL,NULL,NULL);
INSERT INTO `groupmenu` VALUES (95,'guest','medstockmovtype',0,NULL,NULL,NULL,NULL);
INSERT INTO `groupmenu` VALUES (96,'guest','examtype',0,NULL,NULL,NULL,NULL);
INSERT INTO `groupmenu` VALUES (97,'guest','operationtype',0,NULL,NULL,NULL,NULL);
INSERT INTO `groupmenu` VALUES (98,'guest','deliverytype',0,NULL,NULL,NULL,NULL);
INSERT INTO `groupmenu` VALUES (99,'guest','medicalstype',0,NULL,NULL,NULL,NULL);
INSERT INTO `groupmenu` VALUES (100,'guest','delresulttype',0,NULL,NULL,NULL,NULL);
INSERT INTO `groupmenu` VALUES (101,'guest','printing',1,NULL,NULL,NULL,NULL);
INSERT INTO `groupmenu` VALUES (102,'guest','examlist1',1,NULL,NULL,NULL,NULL);
INSERT INTO `groupmenu` VALUES (103,'guest','diseaselist',1,NULL,NULL,NULL,NULL);
INSERT INTO `groupmenu` VALUES (104,'admin','btnadmtherapy',1,NULL,NULL,NULL,NULL);
INSERT INTO `groupmenu` VALUES (105,'admin','btnbillnew',1,NULL,NULL,NULL,NULL);
INSERT INTO `groupmenu` VALUES (106,'admin','btnbilledit',1,NULL,NULL,NULL,NULL);
INSERT INTO `groupmenu` VALUES (107,'admin','btnbilldelete',1,NULL,NULL,NULL,NULL);
INSERT INTO `groupmenu` VALUES (108,'admin','btnbillreport',1,NULL,NULL,NULL,NULL);
INSERT INTO `groupmenu` VALUES (109,'admin','vaccinetype',1,NULL,NULL,NULL,NULL);
INSERT INTO `groupmenu` VALUES (110,'admin','patientvaccine',1,NULL,NULL,NULL,NULL);
INSERT INTO `groupmenu` VALUES (111,'admin','btnpatientvaccinenew',1,NULL,NULL,NULL,NULL);
INSERT INTO `groupmenu` VALUES (112,'admin','btnpatientvaccineedit',1,NULL,NULL,NULL,NULL);
INSERT INTO `groupmenu` VALUES (113,'admin','btnpatientvaccinedel',1,NULL,NULL,NULL,NULL);
INSERT INTO `groupmenu` VALUES (115,'admin','communication',1,NULL,NULL,NULL,NULL);
INSERT INTO `groupmenu` VALUES (116,'guest','communication',1,NULL,NULL,NULL,NULL);
INSERT INTO `groupmenu` VALUES (117,'admin','btnadmbill',1,NULL,NULL,NULL,NULL);
INSERT INTO `groupmenu` VALUES (118,'admin','btnbillreceipt',1,NULL,NULL,NULL,NULL);
INSERT INTO `groupmenu` VALUES (119,'admin','btnadmpatientfolder',1,NULL,NULL,NULL,NULL);
INSERT INTO `groupmenu` VALUES (120,'admin','btnopdnewexamination',1,NULL,NULL,NULL,NULL);
INSERT INTO `groupmenu` VALUES (121,'admin','btnopdeditexamination',1,NULL,NULL,NULL,NULL);
INSERT INTO `groupmenu` VALUES (122,'admin','btnadmadmexamination',1,NULL,NULL,NULL,NULL);
INSERT INTO `groupmenu` VALUES (123,'admin','btnadmexamination',1,NULL,NULL,NULL,NULL);
INSERT INTO `groupmenu` VALUES (124,'admin','supplier',1,NULL,NULL,NULL,NULL);
INSERT INTO `groupmenu` VALUES (125,'admin','btnpatfoldopdrpt',1,NULL,NULL,NULL,NULL);
INSERT INTO `groupmenu` VALUES (126,'admin','btnpatfoldadmrpt',1,NULL,NULL,NULL,NULL);
INSERT INTO `groupmenu` VALUES (127,'admin','btnpatfoldpatrpt',1,NULL,NULL,NULL,NULL);
INSERT INTO `groupmenu` VALUES (128,'admin','btnpatfolddicom',1,NULL,NULL,NULL,NULL);
INSERT INTO `groupmenu` VALUES (129,'admin','smsmanager',1,NULL,NULL,NULL,NULL);
INSERT INTO `groupmenu` VALUES (130,'admin','btnpharmstockcharge',1,NULL,NULL,NULL,NULL);
INSERT INTO `groupmenu` VALUES (131,'admin','btnpharmstockdischarge',1,NULL,NULL,NULL,NULL);
INSERT INTO `groupmenu` VALUES (132,'admin','btnmedicalswardreport',1,NULL,NULL,NULL,NULL);
INSERT INTO `groupmenu` VALUES (133,'admin','btnmedicalswardexcel',1,NULL,NULL,NULL,NULL);
INSERT INTO `groupmenu` VALUES (134,'admin','btnmedicalswardrectify',1,NULL,NULL,NULL,NULL);
INSERT INTO `groupmenu` VALUES (135,'admin','dicomtype',1,NULL,NULL,NULL,NULL);
INSERT INTO `groupmenu` VALUES (136,'admin','btnopdnewoperation',1,NULL,NULL,NULL,NULL);
INSERT INTO `groupmenu` VALUES (137,'admin','btnopdeditoperation',1,NULL,NULL,NULL,NULL);
INSERT INTO `groupmenu` VALUES (138,'admin','worksheet',1,NULL,NULL,NULL,NULL);
/*!40000 ALTER TABLE `groupmenu` ENABLE KEYS */;
UNLOCK TABLES;

--
-- Table structure for table `help`
--

DROP TABLE IF EXISTS `help`;
/*!40101 SET @saved_cs_client     = @@character_set_client */;
/*!40101 SET character_set_client = utf8 */;
CREATE TABLE `help` (
  `HL_ID` int(11) NOT NULL AUTO_INCREMENT,
  `HL_MASK` int(11) NOT NULL,
  `HL_FIELD` int(11) NOT NULL,
  `HL_LANG` char(2) DEFAULT NULL,
  `HL_MSG` varchar(255) DEFAULT NULL,
  PRIMARY KEY (`HL_ID`)
) ENGINE=MyISAM DEFAULT CHARSET=utf8;
/*!40101 SET character_set_client = @saved_cs_client */;

--
-- Dumping data for table `help`
--

LOCK TABLES `help` WRITE;
/*!40000 ALTER TABLE `help` DISABLE KEYS */;
/*!40000 ALTER TABLE `help` ENABLE KEYS */;
UNLOCK TABLES;

--
-- Table structure for table `hospital`
--

DROP TABLE IF EXISTS `hospital`;
/*!40101 SET @saved_cs_client     = @@character_set_client */;
/*!40101 SET character_set_client = utf8 */;
CREATE TABLE `hospital` (
  `HOS_ID_A` varchar(10) NOT NULL,
  `HOS_NAME` varchar(255) NOT NULL,
  `HOS_ADDR` varchar(255) NOT NULL,
  `HOS_CITY` varchar(255) NOT NULL,
  `HOS_TELE` varchar(50) DEFAULT NULL,
  `HOS_FAX` varchar(50) DEFAULT NULL,
  `HOS_EMAIL` varchar(50) DEFAULT NULL,
  `HOS_CURR_COD` varchar(3) DEFAULT NULL,
  `HOS_LOCK` int(11) NOT NULL DEFAULT 0,
  `HOS_CREATED_BY` varchar(50) DEFAULT NULL,
  `HOS_CREATED_DATE` datetime DEFAULT NULL,
  `HOS_LAST_MODIFIED_BY` varchar(50) DEFAULT NULL,
  `HOS_LAST_MODIFIED_DATE` datetime DEFAULT NULL,
  `HOS_ACTIVE` tinyint(1) NOT NULL DEFAULT 1,
  PRIMARY KEY (`HOS_ID_A`)
) ENGINE=InnoDB DEFAULT CHARSET=utf8;
/*!40101 SET character_set_client = @saved_cs_client */;

--
-- Dumping data for table `hospital`
--

LOCK TABLES `hospital` WRITE;
/*!40000 ALTER TABLE `hospital` DISABLE KEYS */;
INSERT INTO `hospital` VALUES ('STLUKE','St. Luke HOSPITAL - Angal','P.O. BOX 85 - NEBBI','ANGAL','+256 0472621076','+256 0','angal@ucmb.ug.co.','UGX',1,NULL,NULL,'admin','2020-11-19 02:08:10',1);
/*!40000 ALTER TABLE `hospital` ENABLE KEYS */;
UNLOCK TABLES;

--
-- Table structure for table `laboratory`
--

DROP TABLE IF EXISTS `laboratory`;
/*!40101 SET @saved_cs_client     = @@character_set_client */;
/*!40101 SET character_set_client = utf8 */;
CREATE TABLE `laboratory` (
  `LAB_ID` int(11) NOT NULL AUTO_INCREMENT,
  `LAB_EXA_ID_A` varchar(10) NOT NULL,
  `LAB_DATE` datetime NOT NULL,
  `LAB_RES` varchar(50) NOT NULL,
  `LAB_NOTE` varchar(255) DEFAULT NULL,
  `LAB_PAT_ID` int(11) DEFAULT NULL,
  `LAB_PAT_NAME` varchar(100) DEFAULT NULL,
  `LAB_CROSS1` int(11) DEFAULT NULL,
  `LAB_CROSS2` int(11) DEFAULT NULL,
  `LAB_CROSS3` int(11) DEFAULT NULL,
  `LAB_CROSS4` int(11) DEFAULT NULL,
  `LAB_CROSS5` int(11) DEFAULT NULL,
  `LAB_CROSS6` int(11) DEFAULT NULL,
  `LAB_CROSS7` int(11) DEFAULT NULL,
  `LAB_CROSS8` int(11) DEFAULT NULL,
  `LAB_CROSS9` int(11) DEFAULT NULL,
  `LAB_CROSS10` int(11) DEFAULT NULL,
  `LAB_CROSS11` int(11) DEFAULT NULL,
  `LAB_CROSS12` int(11) DEFAULT NULL,
  `LAB_CROSS13` int(11) DEFAULT NULL,
  `LAB_LOCK` int(11) NOT NULL DEFAULT 0,
  `LAB_AGE` int(11) DEFAULT NULL,
  `LAB_SEX` char(1) DEFAULT NULL,
  `LAB_MATERIAL` varchar(25) DEFAULT NULL,
  `LAB_EXAM_DATE` date DEFAULT NULL,
  `LAB_PAT_INOUT` char(1) DEFAULT NULL,
  `LAB_CREATED_BY` varchar(50) DEFAULT NULL,
  `LAB_CREATED_DATE` datetime DEFAULT NULL,
  `LAB_LAST_MODIFIED_BY` varchar(50) DEFAULT NULL,
  `LAB_LAST_MODIFIED_DATE` datetime DEFAULT NULL,
  `LAB_ACTIVE` tinyint(1) NOT NULL DEFAULT 1,
  PRIMARY KEY (`LAB_ID`),
  KEY `FK_LABORATORY_EXAM` (`LAB_EXA_ID_A`),
  KEY `FK_LABORATORY_PATIENT` (`LAB_PAT_ID`),
  CONSTRAINT `FK_LABORATORY_EXAM` FOREIGN KEY (`LAB_EXA_ID_A`) REFERENCES `exam` (`EXA_ID_A`) ON DELETE NO ACTION ON UPDATE NO ACTION,
  CONSTRAINT `FK_LABORATORY_PATIENT` FOREIGN KEY (`LAB_PAT_ID`) REFERENCES `patient` (`PAT_ID`) ON DELETE CASCADE ON UPDATE CASCADE
) ENGINE=InnoDB AUTO_INCREMENT=334 DEFAULT CHARSET=utf8;
/*!40101 SET character_set_client = @saved_cs_client */;

--
-- Dumping data for table `laboratory`
--

LOCK TABLES `laboratory` WRITE;
/*!40000 ALTER TABLE `laboratory` DISABLE KEYS */;
INSERT INTO `laboratory` VALUES (14,'URI','2020-11-21 00:41:59','Multiple results','',171,'Sterling Rott',NULL,NULL,NULL,NULL,NULL,NULL,NULL,NULL,NULL,NULL,NULL,NULL,NULL,1,26,'F','undefined','2020-11-02','I',NULL,NULL,'admin','2020-11-21 00:41:59',1);
INSERT INTO `laboratory` VALUES (15,'03.01','2020-11-21 00:50:40','NEGATIVE','',364,'Georgette Tsuji',NULL,NULL,NULL,NULL,NULL,NULL,NULL,NULL,NULL,NULL,NULL,NULL,NULL,1,18,'F','undefined','2020-11-02','I',NULL,NULL,'admin','2020-11-21 00:50:40',1);
INSERT INTO `laboratory` VALUES (16,'01.02','2020-11-21 00:49:12','> 7000 (HIGH)','',336,'Emery Moreles',NULL,NULL,NULL,NULL,NULL,NULL,NULL,NULL,NULL,NULL,NULL,NULL,NULL,1,36,'M','undefined','2020-11-02','O',NULL,NULL,'admin','2020-11-21 00:49:12',1);
INSERT INTO `laboratory` VALUES (17,'URI','2020-11-21 00:50:14','Multiple results','',182,'Tod Baldonado',NULL,NULL,NULL,NULL,NULL,NULL,NULL,NULL,NULL,NULL,NULL,NULL,NULL,1,13,'M','undefined','2020-11-02','I',NULL,NULL,'admin','2020-11-21 00:50:14',1);
INSERT INTO `laboratory` VALUES (18,'03.01','2020-11-21 00:37:32','FEW','4months old',341,'Keneth Bryden',NULL,NULL,NULL,NULL,NULL,NULL,NULL,NULL,NULL,NULL,NULL,NULL,NULL,1,0,'M','undefined','2020-11-02','I',NULL,NULL,'admin','2020-11-21 00:37:32',1);
INSERT INTO `laboratory` VALUES (19,'03.01','2020-11-21 00:42:33','FEW','6months 0ld',404,'Genevie Stermer',NULL,NULL,NULL,NULL,NULL,NULL,NULL,NULL,NULL,NULL,NULL,NULL,NULL,1,0,'F','undefined','2020-11-02','I',NULL,NULL,'admin','2020-11-21 00:42:33',1);
INSERT INTO `laboratory` VALUES (20,'03.022','2020-11-21 00:49:08','NEGATIVE','',348,'Carlo Meche',NULL,NULL,NULL,NULL,NULL,NULL,NULL,NULL,NULL,NULL,NULL,NULL,NULL,1,40,'F','undefined','2020-11-02','I',NULL,NULL,'admin','2020-11-21 00:49:08',1);
INSERT INTO `laboratory` VALUES (21,'03.01','2020-11-21 00:49:53','NEGATIVE','',215,'Mickie Farquhar',NULL,NULL,NULL,NULL,NULL,NULL,NULL,NULL,NULL,NULL,NULL,NULL,NULL,1,39,'M','undefined','2020-11-02','I',NULL,NULL,'admin','2020-11-21 00:49:53',1);
INSERT INTO `laboratory` VALUES (22,'01.02','2020-11-21 00:46:05','> 7000 (HIGH)','',317,'Isaiah Isabelle',NULL,NULL,NULL,NULL,NULL,NULL,NULL,NULL,NULL,NULL,NULL,NULL,NULL,1,72,'M','undefined','2020-11-02','O',NULL,NULL,'admin','2020-11-21 00:46:05',1);
INSERT INTO `laboratory` VALUES (23,'03.01','2020-11-21 00:46:30','NEGATIVE','',204,'Curt Nowak',NULL,NULL,NULL,NULL,NULL,NULL,NULL,NULL,NULL,NULL,NULL,NULL,NULL,1,82,'F','undefined','2020-11-02','I',NULL,NULL,'admin','2020-11-21 00:46:30',1);
INSERT INTO `laboratory` VALUES (24,'03.01','2020-11-21 00:43:17','NEGATIVE','',226,'Chance Hemsley',NULL,NULL,NULL,NULL,NULL,NULL,NULL,NULL,NULL,NULL,NULL,NULL,NULL,1,2,'M','undefined','2020-11-02','I',NULL,NULL,'admin','2020-11-21 00:43:17',1);
INSERT INTO `laboratory` VALUES (25,'03.01','2020-11-21 00:42:38','+++','',393,'Hortense Saucedo',NULL,NULL,NULL,NULL,NULL,NULL,NULL,NULL,NULL,NULL,NULL,NULL,NULL,1,41,'F','undefined','2020-11-02','I',NULL,NULL,'admin','2020-11-21 00:42:38',1);
INSERT INTO `laboratory` VALUES (26,'03.01','2020-11-21 00:43:42','NEGATIVE','',426,'Lemmer Chance',NULL,NULL,NULL,NULL,NULL,NULL,NULL,NULL,NULL,NULL,NULL,NULL,NULL,1,2,'M','undefined','2020-11-02','I',NULL,NULL,'admin','2020-11-21 00:43:42',1);
INSERT INTO `laboratory` VALUES (27,'03.01','2020-11-21 00:46:20','+','',262,'Dean Criger',NULL,NULL,NULL,NULL,NULL,NULL,NULL,NULL,NULL,NULL,NULL,NULL,NULL,1,3,'M','undefined','2020-11-02','I',NULL,NULL,'admin','2020-11-21 00:46:20',1);
INSERT INTO `laboratory` VALUES (28,'03.01','2020-11-21 00:37:36','++','',384,'Astrid Kreiger',NULL,NULL,NULL,NULL,NULL,NULL,NULL,NULL,NULL,NULL,NULL,NULL,NULL,1,19,'F','undefined','2020-11-02','I',NULL,NULL,'admin','2020-11-21 00:37:36',1);
INSERT INTO `laboratory` VALUES (29,'03.01','2020-11-21 00:45:13','+++','',239,'Marylyn Reynold',NULL,NULL,NULL,NULL,NULL,NULL,NULL,NULL,NULL,NULL,NULL,NULL,NULL,1,9,'M','undefined','2020-11-02','I',NULL,NULL,'admin','2020-11-21 00:45:13',1);
INSERT INTO `laboratory` VALUES (30,'URI','2020-11-21 00:45:23','Multiple results','',149,'Glenda Selley',NULL,NULL,NULL,NULL,NULL,NULL,NULL,NULL,NULL,NULL,NULL,NULL,NULL,1,50,'M','undefined','2020-11-02','O',NULL,NULL,'admin','2020-11-21 00:45:23',1);
INSERT INTO `laboratory` VALUES (31,'01.01','2020-11-21 00:44:41','< 6','',347,'Jere Hutcheson',NULL,NULL,NULL,NULL,NULL,NULL,NULL,NULL,NULL,NULL,NULL,NULL,NULL,1,40,'F','undefined','2020-11-02','I',NULL,NULL,'admin','2020-11-21 00:44:41',1);
INSERT INTO `laboratory` VALUES (32,'02.01','2020-11-21 00:43:12','O RH+','',290,'Kenna Joesph',NULL,NULL,NULL,NULL,NULL,NULL,NULL,NULL,NULL,NULL,NULL,NULL,NULL,1,61,'M','undefined','2020-11-02','O',NULL,NULL,'admin','2020-11-21 00:43:12',1);
INSERT INTO `laboratory` VALUES (33,'URI','2020-11-21 00:42:03','Multiple results','',42,'Geremy Anthon',NULL,NULL,NULL,NULL,NULL,NULL,NULL,NULL,NULL,NULL,NULL,NULL,NULL,1,53,'M','undefined','2020-11-02','O',NULL,NULL,'admin','2020-11-21 00:42:03',1);
INSERT INTO `laboratory` VALUES (34,'01.02','2020-11-21 00:43:02','4000 - 7000 (NORMAL)','',326,'Nathanael Raborn',NULL,NULL,NULL,NULL,NULL,NULL,NULL,NULL,NULL,NULL,NULL,NULL,NULL,1,36,'M','undefined','2020-11-02','O',NULL,NULL,'admin','2020-11-21 00:43:02',1);
INSERT INTO `laboratory` VALUES (35,'03.01','2020-11-21 00:37:40','+','6 month old',242,'Ferdinand Bumpers',NULL,NULL,NULL,NULL,NULL,NULL,NULL,NULL,NULL,NULL,NULL,NULL,NULL,1,6,'M','undefined','2020-11-02','I',NULL,NULL,'admin','2020-11-21 00:37:40',1);
INSERT INTO `laboratory` VALUES (36,'03.01','2020-11-21 00:37:28','++','9months old',284,'Denita Allard',NULL,NULL,NULL,NULL,NULL,NULL,NULL,NULL,NULL,NULL,NULL,NULL,NULL,1,0,'M','undefined','2020-11-02','I',NULL,NULL,'admin','2020-11-21 00:37:28',1);
INSERT INTO `laboratory` VALUES (37,'03.01','2020-11-21 00:42:48','NEGATIVE','',228,'Jaqueline Davila',NULL,NULL,NULL,NULL,NULL,NULL,NULL,NULL,NULL,NULL,NULL,NULL,NULL,1,1,'F','undefined','2020-11-02','I',NULL,NULL,'admin','2020-11-21 00:42:48',1);
INSERT INTO `laboratory` VALUES (38,'03.01','2020-11-21 00:43:33','+','',326,'Nathanael Raborn',NULL,NULL,NULL,NULL,NULL,NULL,NULL,NULL,NULL,NULL,NULL,NULL,NULL,1,36,'M','undefined','2020-11-02','O',NULL,NULL,'admin','2020-11-21 00:43:33',1);
INSERT INTO `laboratory` VALUES (39,'03.01','2020-11-21 00:42:57','FEW','',314,'Shon Dark',NULL,NULL,NULL,NULL,NULL,NULL,NULL,NULL,NULL,NULL,NULL,NULL,NULL,1,41,'M','undefined','2020-11-02','O',NULL,NULL,'admin','2020-11-21 00:42:57',1);
INSERT INTO `laboratory` VALUES (40,'03.01','2020-11-21 00:45:40','+','',338,'Raul Koski',NULL,NULL,NULL,NULL,NULL,NULL,NULL,NULL,NULL,NULL,NULL,NULL,NULL,1,33,'M','undefined','2020-11-02','O',NULL,NULL,'admin','2020-11-21 00:45:40',1);
INSERT INTO `laboratory` VALUES (41,'01.01','2020-11-21 00:42:08','6 - 12','2 Years and 4 Months',265,'Mable Keefe',NULL,NULL,NULL,NULL,NULL,NULL,NULL,NULL,NULL,NULL,NULL,NULL,NULL,1,2,'F','undefined','2020-11-02','I',NULL,NULL,'admin','2020-11-21 00:42:08',1);
INSERT INTO `laboratory` VALUES (42,'01.01','2020-11-21 00:43:48','< 6','',222,'Hans Judd',NULL,NULL,NULL,NULL,NULL,NULL,NULL,NULL,NULL,NULL,NULL,NULL,NULL,1,33,'M','undefined','2020-11-02','I',NULL,NULL,'admin','2020-11-21 00:43:48',1);
INSERT INTO `laboratory` VALUES (43,'02.01','2020-11-21 00:44:26','O RH+','',306,'Ahmad Nantz',NULL,NULL,NULL,NULL,NULL,NULL,NULL,NULL,NULL,NULL,NULL,NULL,NULL,1,28,'M','undefined','2020-11-02','O',NULL,NULL,'admin','2020-11-21 00:44:26',1);
INSERT INTO `laboratory` VALUES (44,'03.01','2020-11-21 00:37:45','++','',206,'Fredrick Marsden',NULL,NULL,NULL,NULL,NULL,NULL,NULL,NULL,NULL,NULL,NULL,NULL,NULL,1,39,'F','undefined','2020-11-02','I',NULL,NULL,'admin','2020-11-21 00:37:45',1);
INSERT INTO `laboratory` VALUES (45,'03.01','2020-11-21 00:44:04','NEGATIVE','',218,'Jenni Kinlaw',NULL,NULL,NULL,NULL,NULL,NULL,NULL,NULL,NULL,NULL,NULL,NULL,NULL,1,44,'M','undefined','2020-11-02','I',NULL,NULL,'admin','2020-11-21 00:44:04',1);
INSERT INTO `laboratory` VALUES (46,'01.01','2020-11-21 00:44:58','< 6','',249,'Renna Konieczny',NULL,NULL,NULL,NULL,NULL,NULL,NULL,NULL,NULL,NULL,NULL,NULL,NULL,1,0,'M','undefined','2020-11-02','I',NULL,NULL,'admin','2020-11-21 00:44:58',1);
INSERT INTO `laboratory` VALUES (47,'03.01','2020-11-21 00:43:22','+','',216,'Ellie Jen',NULL,NULL,NULL,NULL,NULL,NULL,NULL,NULL,NULL,NULL,NULL,NULL,NULL,1,35,'M','undefined','2020-11-02','I',NULL,NULL,'admin','2020-11-21 00:43:22',1);
INSERT INTO `laboratory` VALUES (48,'02.01','2020-11-21 00:42:43','A RH+','',437,'Hagwood Velma',NULL,NULL,NULL,NULL,NULL,NULL,NULL,NULL,NULL,NULL,NULL,NULL,NULL,1,7,'F','undefined','2020-11-02','I',NULL,NULL,'admin','2020-11-21 00:42:43',1);
INSERT INTO `laboratory` VALUES (49,'03.01','2020-11-21 00:42:14','NEGATIVE','',226,'Chance Hemsley',NULL,NULL,NULL,NULL,NULL,NULL,NULL,NULL,NULL,NULL,NULL,NULL,NULL,1,2,'M','undefined','2020-11-02','I',NULL,NULL,'admin','2020-11-21 00:42:14',1);
INSERT INTO `laboratory` VALUES (50,'URI','2020-11-21 00:37:50','Multiple results','',44,'Ossie Chick',NULL,NULL,NULL,NULL,NULL,NULL,NULL,NULL,NULL,NULL,NULL,NULL,NULL,1,58,'M','undefined','2020-11-02','I',NULL,NULL,'admin','2020-11-21 00:37:50',1);
INSERT INTO `laboratory` VALUES (51,'01.01','2020-11-21 00:42:53','< 6','Five months',507,'Westermann Fred',NULL,NULL,NULL,NULL,NULL,NULL,NULL,NULL,NULL,NULL,NULL,NULL,NULL,1,21,'M','undefined','2020-11-02','O',NULL,NULL,'admin','2020-11-21 00:42:53',1);
INSERT INTO `laboratory` VALUES (52,'03.01','2020-11-21 00:50:03','NEGATIVE','',147,'Norah Audia',NULL,NULL,NULL,NULL,NULL,NULL,NULL,NULL,NULL,NULL,NULL,NULL,NULL,1,39,'M','undefined','2020-11-02','O',NULL,NULL,'admin','2020-11-21 00:50:03',1);
INSERT INTO `laboratory` VALUES (53,'URI','2020-11-21 00:38:00','Multiple results','',66,'Trudie Liller',NULL,NULL,NULL,NULL,NULL,NULL,NULL,NULL,NULL,NULL,NULL,NULL,NULL,1,45,'M','undefined','2020-11-02','I',NULL,NULL,'admin','2020-11-21 00:38:00',1);
INSERT INTO `laboratory` VALUES (54,'03.01','2020-11-21 00:43:08','NEGATIVE','',55,'Julietta Eslinger',NULL,NULL,NULL,NULL,NULL,NULL,NULL,NULL,NULL,NULL,NULL,NULL,NULL,1,29,'M','undefined','2020-11-02','O',NULL,NULL,'admin','2020-11-21 00:43:08',1);
INSERT INTO `laboratory` VALUES (55,'03.01','2020-11-21 00:43:38','NEGATIVE','',344,'Manual Rowse',NULL,NULL,NULL,NULL,NULL,NULL,NULL,NULL,NULL,NULL,NULL,NULL,NULL,1,43,'M','undefined','2020-11-02','O',NULL,NULL,'admin','2020-11-21 00:43:38',1);
INSERT INTO `laboratory` VALUES (56,'URI','2020-11-21 00:43:53','Multiple results','',239,'Marylyn Reynold',NULL,NULL,NULL,NULL,NULL,NULL,NULL,NULL,NULL,NULL,NULL,NULL,NULL,1,9,'M','undefined','2020-11-02','I',NULL,NULL,'admin','2020-11-21 00:43:53',1);
INSERT INTO `laboratory` VALUES (57,'03.01','2020-11-21 00:47:02','NEGATIVE','',348,'Carlo Meche',NULL,NULL,NULL,NULL,NULL,NULL,NULL,NULL,NULL,NULL,NULL,NULL,NULL,1,40,'F','undefined','2020-11-02','I',NULL,NULL,'admin','2020-11-21 00:47:02',1);
INSERT INTO `laboratory` VALUES (58,'01.02','2020-11-21 00:45:58','4000 - 7000 (NORMAL)','',222,'Hans Judd',NULL,NULL,NULL,NULL,NULL,NULL,NULL,NULL,NULL,NULL,NULL,NULL,NULL,1,33,'M','undefined','2020-11-02','I',NULL,NULL,'admin','2020-11-21 00:45:58',1);
INSERT INTO `laboratory` VALUES (59,'03.01','2020-11-21 00:44:52','FEW','',418,'Basil Berta',NULL,NULL,NULL,NULL,NULL,NULL,NULL,NULL,NULL,NULL,NULL,NULL,NULL,1,1,'F','undefined','2020-11-02','I',NULL,NULL,'admin','2020-11-21 00:44:52',1);
INSERT INTO `laboratory` VALUES (60,'01.01','2020-11-21 00:44:15','< 6','5months old',395,'Analisa Mccutchan',NULL,NULL,NULL,NULL,NULL,NULL,NULL,NULL,NULL,NULL,NULL,NULL,NULL,1,0,'F','undefined','2020-11-02','I',NULL,NULL,'admin','2020-11-21 00:44:15',1);
INSERT INTO `laboratory` VALUES (61,'01.02','2020-11-21 00:38:05','> 7000 (HIGH)','',46,'Zenaida Bardsley',NULL,NULL,NULL,NULL,NULL,NULL,NULL,NULL,NULL,NULL,NULL,NULL,NULL,1,50,'M','undefined','2020-11-02','I',NULL,NULL,'admin','2020-11-21 00:38:05',1);
INSERT INTO `laboratory` VALUES (63,'01.06','2020-11-21 00:43:28','NEGATIVE','',228,'Jaqueline Davila',NULL,NULL,NULL,NULL,NULL,NULL,NULL,NULL,NULL,NULL,NULL,NULL,NULL,1,1,'F','undefined','2020-11-02','I',NULL,NULL,'admin','2020-11-21 00:43:28',1);
INSERT INTO `laboratory` VALUES (64,'03.01','2020-11-21 00:44:31','NEGATIVE','',309,'Deangelo Necessary',NULL,NULL,NULL,NULL,NULL,NULL,NULL,NULL,NULL,NULL,NULL,NULL,NULL,1,47,'M','undefined','2020-11-02','O',NULL,NULL,'admin','2020-11-21 00:44:31',1);
INSERT INTO `laboratory` VALUES (65,'03.01','2020-11-21 00:46:16','NEGATIVE','',392,'Blanca Villanova',NULL,NULL,NULL,NULL,NULL,NULL,NULL,NULL,NULL,NULL,NULL,NULL,NULL,1,2,'M','undefined','2020-11-02','I',NULL,NULL,'admin','2020-11-21 00:46:16',1);
INSERT INTO `laboratory` VALUES (66,'03.01','2020-11-21 00:38:09','FEW','',67,'Tobias Dimaggio',NULL,NULL,NULL,NULL,NULL,NULL,NULL,NULL,NULL,NULL,NULL,NULL,NULL,1,28,'M','undefined','2020-11-02','I',NULL,NULL,'admin','2020-11-21 00:38:09',1);
INSERT INTO `laboratory` VALUES (67,'03.01','2020-11-21 00:44:00','NEGATIVE','',371,'Terrilyn Lara',NULL,NULL,NULL,NULL,NULL,NULL,NULL,NULL,NULL,NULL,NULL,NULL,NULL,1,30,'F','undefined','2020-11-02','I',NULL,NULL,'admin','2020-11-21 00:44:00',1);
INSERT INTO `laboratory` VALUES (68,'URI','2020-11-21 00:45:09','Multiple results','',206,'Fredrick Marsden',NULL,NULL,NULL,NULL,NULL,NULL,NULL,NULL,NULL,NULL,NULL,NULL,NULL,1,39,'F','undefined','2020-11-02','I',NULL,NULL,'admin','2020-11-21 00:45:09',1);
INSERT INTO `laboratory` VALUES (69,'03.01','2020-11-21 00:49:01','NEGATIVE','',130,'Otha Duer',NULL,NULL,NULL,NULL,NULL,NULL,NULL,NULL,NULL,NULL,NULL,NULL,NULL,1,25,'F','undefined','2020-11-02','I',NULL,NULL,'admin','2020-11-21 00:49:01',1);
INSERT INTO `laboratory` VALUES (70,'01.01','2020-11-21 00:42:25','6 - 12','',66,'Trudie Liller',NULL,NULL,NULL,NULL,NULL,NULL,NULL,NULL,NULL,NULL,NULL,NULL,NULL,1,45,'M','undefined','2020-11-02','I',NULL,NULL,'admin','2020-11-21 00:42:25',1);
INSERT INTO `laboratory` VALUES (71,'01.02','2020-11-21 00:44:10','4000 - 7000 (NORMAL)','',274,'Denise Mingo',NULL,NULL,NULL,NULL,NULL,NULL,NULL,NULL,NULL,NULL,NULL,NULL,NULL,1,59,'F','undefined','2020-11-02','I',NULL,NULL,'admin','2020-11-21 00:44:10',1);
INSERT INTO `laboratory` VALUES (72,'01.01','2020-11-21 00:44:21','< 6','Seven months',452,'Aja Agosto',NULL,NULL,NULL,NULL,NULL,NULL,NULL,NULL,NULL,NULL,NULL,NULL,NULL,1,0,'M','undefined','2020-11-02','I',NULL,NULL,'admin','2020-11-21 00:44:21',1);
INSERT INTO `laboratory` VALUES (73,'01.01','2020-11-21 00:38:20','6 - 12','',374,'Lavera Janusz',NULL,NULL,NULL,NULL,NULL,NULL,NULL,NULL,NULL,NULL,NULL,NULL,NULL,1,70,'F','undefined','2020-11-02','I',NULL,NULL,'admin','2020-11-21 00:38:20',1);
INSERT INTO `laboratory` VALUES (74,'01.02','2020-11-21 00:49:28','> 7000 (HIGH)','',217,'Anamaria Mcsherry',NULL,NULL,NULL,NULL,NULL,NULL,NULL,NULL,NULL,NULL,NULL,NULL,NULL,1,12,'M','undefined','2020-11-02','I',NULL,NULL,'admin','2020-11-21 00:49:28',1);
INSERT INTO `laboratory` VALUES (75,'URI','2020-11-21 00:45:17','Multiple results','',321,'Roscoe Jemison',NULL,NULL,NULL,NULL,NULL,NULL,NULL,NULL,NULL,NULL,NULL,NULL,NULL,1,66,'M','undefined','2020-11-02','O',NULL,NULL,'admin','2020-11-21 00:45:17',1);
INSERT INTO `laboratory` VALUES (76,'URI','2020-11-21 00:44:46','Multiple results','11months old',270,'Belle Cerny',NULL,NULL,NULL,NULL,NULL,NULL,NULL,NULL,NULL,NULL,NULL,NULL,NULL,1,0,'M','undefined','2020-11-02','I',NULL,NULL,'admin','2020-11-21 00:44:46',1);
INSERT INTO `laboratory` VALUES (77,'01.02','2020-11-21 00:45:32','4000 - 7000 (NORMAL)','',201,'Kelly Varien',NULL,NULL,NULL,NULL,NULL,NULL,NULL,NULL,NULL,NULL,NULL,NULL,NULL,1,68,'F','undefined','2020-11-02','O',NULL,NULL,'admin','2020-11-21 00:45:32',1);
INSERT INTO `laboratory` VALUES (78,'03.01','2020-11-21 00:45:45','NEGATIVE','',331,'Philip Raven',NULL,NULL,NULL,NULL,NULL,NULL,NULL,NULL,NULL,NULL,NULL,NULL,NULL,1,27,'M','undefined','2020-11-02','O',NULL,NULL,'admin','2020-11-21 00:45:45',1);
INSERT INTO `laboratory` VALUES (79,'01.02','2020-11-21 00:44:37','> 7000 (HIGH)','',337,'John Emberton',NULL,NULL,NULL,NULL,NULL,NULL,NULL,NULL,NULL,NULL,NULL,NULL,NULL,1,39,'M','undefined','2020-11-02','O',NULL,NULL,'admin','2020-11-21 00:44:37',1);
INSERT INTO `laboratory` VALUES (80,'07.02','2020-11-21 00:38:15','HIGH','',399,'Shannan Matias',NULL,NULL,NULL,NULL,NULL,NULL,NULL,NULL,NULL,NULL,NULL,NULL,NULL,1,67,'F','undefined','2020-11-02','I',NULL,NULL,'admin','2020-11-21 00:38:15',1);
INSERT INTO `laboratory` VALUES (81,'URI','2020-11-21 00:49:47','Multiple results','',427,'Knoblock Winston',NULL,NULL,NULL,NULL,NULL,NULL,NULL,NULL,NULL,NULL,NULL,NULL,NULL,1,2,'M','undefined','2020-11-02','I',NULL,NULL,'admin','2020-11-21 00:49:47',1);
INSERT INTO `laboratory` VALUES (82,'01.01','2020-11-21 00:39:09','6 - 12','9months old',284,'Denita Allard',NULL,NULL,NULL,NULL,NULL,NULL,NULL,NULL,NULL,NULL,NULL,NULL,NULL,1,0,'M','undefined','2020-11-02','I',NULL,NULL,'admin','2020-11-21 00:39:09',1);
INSERT INTO `laboratory` VALUES (83,'03.01','2020-11-21 00:41:02','++','',374,'Lavera Janusz',NULL,NULL,NULL,NULL,NULL,NULL,NULL,NULL,NULL,NULL,NULL,NULL,NULL,1,70,'F','undefined','2020-11-02','I',NULL,NULL,'admin','2020-11-21 00:41:02',1);
INSERT INTO `laboratory` VALUES (84,'07.02','2020-11-21 00:40:34','NORMAL','2 Years and 4 Months',265,'Mable Keefe',NULL,NULL,NULL,NULL,NULL,NULL,NULL,NULL,NULL,NULL,NULL,NULL,NULL,1,2,'F','undefined','2020-11-02','I',NULL,NULL,'admin','2020-11-21 00:40:34',1);
INSERT INTO `laboratory` VALUES (85,'03.01','2020-11-21 00:40:53','NEGATIVE','',294,'Keltner Josefina',NULL,NULL,NULL,NULL,NULL,NULL,NULL,NULL,NULL,NULL,NULL,NULL,NULL,1,30,'F','undefined','2020-11-02','O',NULL,NULL,'admin','2020-11-21 00:40:53',1);
INSERT INTO `laboratory` VALUES (86,'03.01','2020-11-21 00:40:18','+++','',437,'Hagwood Velma',NULL,NULL,NULL,NULL,NULL,NULL,NULL,NULL,NULL,NULL,NULL,NULL,NULL,1,7,'F','undefined','2020-11-02','I',NULL,NULL,'admin','2020-11-21 00:40:18',1);
INSERT INTO `laboratory` VALUES (87,'03.03','2020-11-21 00:39:41','Multiple results','6years and 8months',279,'Vernell Delnero',NULL,NULL,NULL,NULL,NULL,NULL,NULL,NULL,NULL,NULL,NULL,NULL,NULL,1,0,'F','undefined','2020-11-02','I',NULL,NULL,'admin','2020-11-21 00:39:41',1);
INSERT INTO `laboratory` VALUES (88,'03.03','2020-11-21 00:38:26','Multiple results','',348,'Carlo Meche',NULL,NULL,NULL,NULL,NULL,NULL,NULL,NULL,NULL,NULL,NULL,NULL,NULL,1,40,'F','undefined','2020-11-02','I',NULL,NULL,'admin','2020-11-21 00:38:26',1);
INSERT INTO `laboratory` VALUES (89,'03.03','2020-11-21 00:41:42','Multiple results','',335,'Branden Provenzano',NULL,NULL,NULL,NULL,NULL,NULL,NULL,NULL,NULL,NULL,NULL,NULL,NULL,1,75,'M','undefined','2020-11-02','O',NULL,NULL,'admin','2020-11-21 00:41:42',1);
INSERT INTO `laboratory` VALUES (90,'01.02','2020-11-21 00:40:44','4000 - 7000 (NORMAL)','',298,'Crystal Venessa',NULL,NULL,NULL,NULL,NULL,NULL,NULL,NULL,NULL,NULL,NULL,NULL,NULL,1,59,'F','undefined','2020-11-02','O',NULL,NULL,'admin','2020-11-21 00:40:44',1);
INSERT INTO `laboratory` VALUES (92,'03.01','2020-11-21 00:49:17','NEGATIVE','',222,'Hans Judd',NULL,NULL,NULL,NULL,NULL,NULL,NULL,NULL,NULL,NULL,NULL,NULL,NULL,1,33,'M','undefined','2020-11-02','I',NULL,NULL,'admin','2020-11-21 00:49:17',1);
INSERT INTO `laboratory` VALUES (94,'01.01','2020-11-21 00:39:35','< 6','',378,'Jayson Estep',NULL,NULL,NULL,NULL,NULL,NULL,NULL,NULL,NULL,NULL,NULL,NULL,NULL,1,29,'M','undefined','2020-11-02','I',NULL,NULL,'admin','2020-11-21 00:39:35',1);
INSERT INTO `laboratory` VALUES (95,'01.02','2020-11-21 00:46:11','> 7000 (HIGH)','',218,'Jenni Kinlaw',NULL,NULL,NULL,NULL,NULL,NULL,NULL,NULL,NULL,NULL,NULL,NULL,NULL,1,44,'M','undefined','2020-11-02','I',NULL,NULL,'admin','2020-11-21 00:46:11',1);
INSERT INTO `laboratory` VALUES (96,'03.01','2020-11-21 00:46:25','+','',408,'Fyock Ashley',NULL,NULL,NULL,NULL,NULL,NULL,NULL,NULL,NULL,NULL,NULL,NULL,NULL,1,47,'F','undefined','2020-11-02','I',NULL,NULL,'admin','2020-11-21 00:46:25',1);
INSERT INTO `laboratory` VALUES (97,'03.01','2020-11-21 00:39:14','++','',246,'Denna Fredrickson',NULL,NULL,NULL,NULL,NULL,NULL,NULL,NULL,NULL,NULL,NULL,NULL,NULL,1,11,'M','undefined','2020-11-02','I',NULL,NULL,'admin','2020-11-21 00:39:14',1);
INSERT INTO `laboratory` VALUES (98,'03.01','2020-11-21 00:41:11','FEW','7months with Maiaria.',473,'Roxane Taplin',NULL,NULL,NULL,NULL,NULL,NULL,NULL,NULL,NULL,NULL,NULL,NULL,NULL,1,2,'M','undefined','2020-11-02','I',NULL,NULL,'admin','2020-11-21 00:41:11',1);
INSERT INTO `laboratory` VALUES (99,'03.03','2020-11-21 00:38:33','Multiple results','',258,'Carmelina Rauch',NULL,NULL,NULL,NULL,NULL,NULL,NULL,NULL,NULL,NULL,NULL,NULL,NULL,1,5,'M','undefined','2020-11-02','I',NULL,NULL,'admin','2020-11-21 00:38:33',1);
INSERT INTO `laboratory` VALUES (100,'03.01','2020-11-21 00:34:45','++','',45,'Arden Pickford',NULL,NULL,NULL,NULL,NULL,NULL,NULL,NULL,NULL,NULL,NULL,NULL,NULL,1,50,'M','undefined','2020-11-02','O',NULL,NULL,'admin','2020-11-21 00:34:45',1);
INSERT INTO `laboratory` VALUES (101,'03.01','2020-11-21 00:40:13','NEGATIVE','',358,'Tania Maxton',NULL,NULL,NULL,NULL,NULL,NULL,NULL,NULL,NULL,NULL,NULL,NULL,NULL,1,16,'F','undefined','2020-11-02','I',NULL,NULL,'admin','2020-11-21 00:40:13',1);
INSERT INTO `laboratory` VALUES (102,'03.01','2020-11-21 00:40:48','NEGATIVE','',221,'Mervin Altom',NULL,NULL,NULL,NULL,NULL,NULL,NULL,NULL,NULL,NULL,NULL,NULL,NULL,1,33,'M','undefined','2020-11-02','I',NULL,NULL,'admin','2020-11-21 00:40:48',1);
INSERT INTO `laboratory` VALUES (103,'03.01','2020-11-21 00:38:55','NEGATIVE','1year and 10months',268,'Alexis Rinke',NULL,NULL,NULL,NULL,NULL,NULL,NULL,NULL,NULL,NULL,NULL,NULL,NULL,1,0,'F','undefined','2020-11-02','I',NULL,NULL,'admin','2020-11-21 00:38:55',1);
INSERT INTO `laboratory` VALUES (104,'01.02','2020-11-21 00:41:51','> 7000 (HIGH)','',172,'Eddy Rambin',NULL,NULL,NULL,NULL,NULL,NULL,NULL,NULL,NULL,NULL,NULL,NULL,NULL,1,22,'F','blood','2020-11-02','I',NULL,NULL,'admin','2020-11-21 00:41:51',1);
INSERT INTO `laboratory` VALUES (105,'02.02','2020-11-21 00:50:26','NEGATIVE','6months 0ld',404,'Genevie Stermer',NULL,NULL,NULL,NULL,NULL,NULL,NULL,NULL,NULL,NULL,NULL,NULL,NULL,1,0,'F','undefined','2020-11-02','I',NULL,NULL,'admin','2020-11-21 00:50:26',1);
INSERT INTO `laboratory` VALUES (106,'03.01','2020-11-21 00:39:20','NEGATIVE','',381,'Marna Linwood',NULL,NULL,NULL,NULL,NULL,NULL,NULL,NULL,NULL,NULL,NULL,NULL,NULL,1,22,'M','undefined','2020-11-02','I',NULL,NULL,'admin','2020-11-21 00:39:20',1);
INSERT INTO `laboratory` VALUES (107,'03.01','2020-11-21 00:39:46','+++','',472,'Tod Rodrigues',NULL,NULL,NULL,NULL,NULL,NULL,NULL,NULL,NULL,NULL,NULL,NULL,NULL,1,1,'F','undefined','2020-11-02','I',NULL,NULL,'admin','2020-11-21 00:39:46',1);
INSERT INTO `laboratory` VALUES (108,'03.01','2020-11-21 00:40:58','++++','',258,'Carmelina Rauch',NULL,NULL,NULL,NULL,NULL,NULL,NULL,NULL,NULL,NULL,NULL,NULL,NULL,1,5,'M','undefined','2020-11-02','I',NULL,NULL,'admin','2020-11-21 00:40:58',1);
INSERT INTO `laboratory` VALUES (109,'03.01','2020-11-21 00:38:39','++','',45,'Arden Pickford',NULL,NULL,NULL,NULL,NULL,NULL,NULL,NULL,NULL,NULL,NULL,NULL,NULL,1,50,'M','undefined','2020-11-02','O',NULL,NULL,'admin','2020-11-21 00:38:39',1);
INSERT INTO `laboratory` VALUES (110,'03.01','2020-11-21 00:40:22','NEGATIVE','',319,'Solomon Stackpole',NULL,NULL,NULL,NULL,NULL,NULL,NULL,NULL,NULL,NULL,NULL,NULL,NULL,1,17,'M','undefined','2020-11-02','O',NULL,NULL,'admin','2020-11-21 00:40:22',1);
INSERT INTO `laboratory` VALUES (111,'03.01','2020-11-21 00:39:59','++','',69,'Arica Sherwood',NULL,NULL,NULL,NULL,NULL,NULL,NULL,NULL,NULL,NULL,NULL,NULL,NULL,1,35,'M','undefined','2020-11-02','I',NULL,NULL,'admin','2020-11-21 00:39:59',1);
INSERT INTO `laboratory` VALUES (112,'03.01','2020-11-21 00:39:31','NEGATIVE','1year and 10months',268,'Alexis Rinke',NULL,NULL,NULL,NULL,NULL,NULL,NULL,NULL,NULL,NULL,NULL,NULL,NULL,1,0,'F','undefined','2020-11-02','I',NULL,NULL,'admin','2020-11-21 00:39:31',1);
INSERT INTO `laboratory` VALUES (113,'03.01','2020-11-21 00:38:48','FEW','',430,'Hemsley Mohammad',NULL,NULL,NULL,NULL,NULL,NULL,NULL,NULL,NULL,NULL,NULL,NULL,NULL,1,1,'M','undefined','2020-11-02','I',NULL,NULL,'admin','2020-11-21 00:38:48',1);
INSERT INTO `laboratory` VALUES (114,'03.01','2020-11-21 00:41:20','NEGATIVE','',181,'Stuart Batts',NULL,NULL,NULL,NULL,NULL,NULL,NULL,NULL,NULL,NULL,NULL,NULL,NULL,1,76,'M','undefined','2020-11-02','O',NULL,NULL,'admin','2020-11-21 00:41:20',1);
INSERT INTO `laboratory` VALUES (115,'03.01','2020-11-21 00:40:39','+++','',224,'Daphine Mclendon',NULL,NULL,NULL,NULL,NULL,NULL,NULL,NULL,NULL,NULL,NULL,NULL,NULL,1,34,'M','undefined','2020-11-02','I',NULL,NULL,'admin','2020-11-21 00:40:39',1);
INSERT INTO `laboratory` VALUES (116,'07.03.4','2020-11-21 00:39:53','Multiple Results','',67,'Tobias Dimaggio',NULL,NULL,NULL,NULL,NULL,NULL,NULL,NULL,NULL,NULL,NULL,NULL,NULL,1,28,'M','undefined','2020-11-02','I',NULL,NULL,'admin','2020-11-21 00:39:53',1);
INSERT INTO `laboratory` VALUES (117,'03.01','2020-11-21 00:45:52','++','',252,'Laquita Stefano',NULL,NULL,NULL,NULL,NULL,NULL,NULL,NULL,NULL,NULL,NULL,NULL,NULL,1,1,'M','undefined','2020-11-02','I',NULL,NULL,'admin','2020-11-21 00:45:52',1);
INSERT INTO `laboratory` VALUES (118,'01.01','2020-11-21 00:49:32','6 - 12','',354,'Kurt Beckmann',NULL,NULL,NULL,NULL,NULL,NULL,NULL,NULL,NULL,NULL,NULL,NULL,NULL,1,38,'F','undefined','2020-11-02','I',NULL,NULL,'admin','2020-11-21 00:49:32',1);
INSERT INTO `laboratory` VALUES (119,'03.01','2020-11-21 00:48:57','+++','',367,'Katrice Alderson',NULL,NULL,NULL,NULL,NULL,NULL,NULL,NULL,NULL,NULL,NULL,NULL,NULL,1,17,'F','undefined','2020-11-02','I',NULL,NULL,'admin','2020-11-21 00:48:57',1);
INSERT INTO `laboratory` VALUES (120,'URI','2020-11-21 00:40:06','Multiple results','',247,'Jestine Dacruz',NULL,NULL,NULL,NULL,NULL,NULL,NULL,NULL,NULL,NULL,NULL,NULL,NULL,1,1,'F','undefined','2020-11-02','I',NULL,NULL,'admin','2020-11-21 00:40:06',1);
INSERT INTO `laboratory` VALUES (121,'01.01','2020-11-21 00:41:25','6 - 12','',297,'Synthia Drakeford',NULL,NULL,NULL,NULL,NULL,NULL,NULL,NULL,NULL,NULL,NULL,NULL,NULL,1,19,'M','undefined','2020-11-02','O',NULL,NULL,'admin','2020-11-21 00:41:25',1);
INSERT INTO `laboratory` VALUES (122,'03.03','2020-11-21 00:40:29','Multiple results','',463,'Anissa Jorgensen',NULL,NULL,NULL,NULL,NULL,NULL,NULL,NULL,NULL,NULL,NULL,NULL,NULL,1,47,'F','undefined','2020-11-02','I',NULL,NULL,'admin','2020-11-21 00:40:29',1);
INSERT INTO `laboratory` VALUES (123,'03.01','2020-11-21 00:39:02','NEGATIVE','',403,'Moua Faustino',NULL,NULL,NULL,NULL,NULL,NULL,NULL,NULL,NULL,NULL,NULL,NULL,NULL,1,60,'M','undefined','2020-11-02','I',NULL,NULL,'admin','2020-11-21 00:39:02',1);
INSERT INTO `laboratory` VALUES (124,'URI','2020-11-21 00:41:15','Multiple results','',68,'Forrest Cripe',NULL,NULL,NULL,NULL,NULL,NULL,NULL,NULL,NULL,NULL,NULL,NULL,NULL,1,32,'M','undefined','2020-11-02','O',NULL,NULL,'admin','2020-11-21 00:41:15',1);
INSERT INTO `laboratory` VALUES (125,'06.01','2020-11-21 00:41:07','NEGATIVE','',427,'Knoblock Winston',NULL,NULL,NULL,NULL,NULL,NULL,NULL,NULL,NULL,NULL,NULL,NULL,NULL,1,2,'M','undefined','2020-11-02','I',NULL,NULL,'admin','2020-11-21 00:41:07',1);
INSERT INTO `laboratory` VALUES (129,'01.02','2020-11-21 00:49:22','> 7000 (HIGH)','10 months old',232,'Jaeger Laureen',NULL,NULL,NULL,NULL,NULL,NULL,NULL,NULL,NULL,NULL,NULL,NULL,NULL,1,10,'F','undefined','2020-11-02','I',NULL,NULL,'admin','2020-11-21 00:49:22',1);
INSERT INTO `laboratory` VALUES (130,'06.02','2020-11-21 01:41:32','POSITIVE','',399,'Shannan Matias',NULL,NULL,NULL,NULL,NULL,NULL,NULL,NULL,NULL,NULL,NULL,NULL,NULL,1,67,'F','undefined','2020-11-03','I',NULL,NULL,'admin','2020-11-21 01:41:32',1);
INSERT INTO `laboratory` VALUES (131,'01.01','2020-11-21 01:31:12','6 - 12','',289,'Karen Dewall',NULL,NULL,NULL,NULL,NULL,NULL,NULL,NULL,NULL,NULL,NULL,NULL,NULL,1,70,'M','undefined','2020-11-03','O',NULL,NULL,'admin','2020-11-21 01:31:12',1);
INSERT INTO `laboratory` VALUES (132,'03.01','2020-11-21 01:41:02','NEGATIVE','',305,'Grose Rosalba',NULL,NULL,NULL,NULL,NULL,NULL,NULL,NULL,NULL,NULL,NULL,NULL,NULL,1,57,'F','undefined','2020-11-03','O',NULL,NULL,'admin','2020-11-21 01:41:02',1);
INSERT INTO `laboratory` VALUES (133,'01.01','2020-11-21 01:16:44','< 6','',422,'Etherton Hong',NULL,NULL,NULL,NULL,NULL,NULL,NULL,NULL,NULL,NULL,NULL,NULL,NULL,1,20,'M','undefined','2020-11-03','I',NULL,NULL,'admin','2020-11-21 01:16:44',1);
INSERT INTO `laboratory` VALUES (134,'01.02','2020-11-21 01:40:38','4000 - 7000 (NORMAL)','',331,'Philip Raven',NULL,NULL,NULL,NULL,NULL,NULL,NULL,NULL,NULL,NULL,NULL,NULL,NULL,1,27,'M','undefined','2020-11-03','O',NULL,NULL,'admin','2020-11-21 01:40:38',1);
INSERT INTO `laboratory` VALUES (135,'06.04','2020-11-21 01:00:47','NEGATIVE','',399,'Shannan Matias',NULL,NULL,NULL,NULL,NULL,NULL,NULL,NULL,NULL,NULL,NULL,NULL,NULL,1,67,'F','undefined','2020-11-03','I',NULL,NULL,'admin','2020-11-21 01:00:47',1);
INSERT INTO `laboratory` VALUES (136,'03.01','2020-11-21 01:23:27','++','10 months old',232,'Jaeger Laureen',NULL,NULL,NULL,NULL,NULL,NULL,NULL,NULL,NULL,NULL,NULL,NULL,NULL,1,10,'F','undefined','2020-11-03','I',NULL,NULL,'admin','2020-11-21 01:23:27',1);
INSERT INTO `laboratory` VALUES (137,'06.04','2020-11-21 00:53:20','NEGATIVE','',219,'Jerrie Meares',NULL,NULL,NULL,NULL,NULL,NULL,NULL,NULL,NULL,NULL,NULL,NULL,NULL,1,76,'M','undefined','2020-11-03','I',NULL,NULL,'admin','2020-11-21 00:53:20',1);
INSERT INTO `laboratory` VALUES (138,'01.02','2020-11-21 01:30:50','> 7000 (HIGH)','',170,'Cary Shell',NULL,NULL,NULL,NULL,NULL,NULL,NULL,NULL,NULL,NULL,NULL,NULL,NULL,1,18,'F','undefined','2020-11-03','O',NULL,NULL,'admin','2020-11-21 01:30:50',1);
INSERT INTO `laboratory` VALUES (139,'01.01','2020-11-21 01:00:36','< 6','',316,'Jerrod Vitela',NULL,NULL,NULL,NULL,NULL,NULL,NULL,NULL,NULL,NULL,NULL,NULL,NULL,1,75,'M','undefined','2020-11-03','O',NULL,NULL,'admin','2020-11-21 01:00:36',1);
INSERT INTO `laboratory` VALUES (140,'03.03','2020-11-21 01:31:33','Multiple results','',237,'Aurora Ritenour',NULL,NULL,NULL,NULL,NULL,NULL,NULL,NULL,NULL,NULL,NULL,NULL,NULL,1,1,'M','undefined','2020-11-03','I',NULL,NULL,'admin','2020-11-21 01:31:33',1);
INSERT INTO `laboratory` VALUES (141,'03.01','2020-11-21 01:30:25','NEGATIVE','Seven months',447,'Amos Crooks',NULL,NULL,NULL,NULL,NULL,NULL,NULL,NULL,NULL,NULL,NULL,NULL,NULL,1,0,'M','undefined','2020-11-03','I',NULL,NULL,'admin','2020-11-21 01:30:25',1);
INSERT INTO `laboratory` VALUES (142,'05.07','2020-11-21 00:53:07','NEGATIVE','',82,'Outlaw Kerry',NULL,NULL,NULL,NULL,NULL,NULL,NULL,NULL,NULL,NULL,NULL,NULL,NULL,1,61,'F','undefined','2020-11-03','O',NULL,NULL,'admin','2020-11-21 00:53:07',1);
INSERT INTO `laboratory` VALUES (143,'01.01','2020-11-21 01:16:26','6 - 12','',311,'Vincent Arata',NULL,NULL,NULL,NULL,NULL,NULL,NULL,NULL,NULL,NULL,NULL,NULL,NULL,1,82,'M','undefined','2020-11-03','O',NULL,NULL,'admin','2020-11-21 01:16:26',1);
INSERT INTO `laboratory` VALUES (145,'03.01','2020-11-21 01:16:18','FEW','',111,'Torie Roberto',NULL,NULL,NULL,NULL,NULL,NULL,NULL,NULL,NULL,NULL,NULL,NULL,NULL,1,40,'F','undefined','2020-11-03','I',NULL,NULL,'admin','2020-11-21 01:16:18',1);
INSERT INTO `laboratory` VALUES (146,'03.01','2020-11-21 00:52:41','NEGATIVE','',320,'Hauger Stacy',NULL,NULL,NULL,NULL,NULL,NULL,NULL,NULL,NULL,NULL,NULL,NULL,NULL,1,48,'F','undefined','2020-11-03','O',NULL,NULL,'admin','2020-11-21 00:52:41',1);
INSERT INTO `laboratory` VALUES (147,'03.024','2020-11-21 01:00:28','NEGATIVE','',399,'Shannan Matias',NULL,NULL,NULL,NULL,NULL,NULL,NULL,NULL,NULL,NULL,NULL,NULL,NULL,1,67,'F','undefined','2020-11-03','I',NULL,NULL,'admin','2020-11-21 01:00:28',1);
INSERT INTO `laboratory` VALUES (148,'03.01','2020-11-21 01:17:21','++++','',299,'Annie Junior',NULL,NULL,NULL,NULL,NULL,NULL,NULL,NULL,NULL,NULL,NULL,NULL,NULL,1,35,'M','undefined','2020-11-03','O',NULL,NULL,'admin','2020-11-21 01:17:21',1);
INSERT INTO `laboratory` VALUES (149,'01.01','2020-11-21 00:34:34','< 6','',399,'Shannan Matias',NULL,NULL,NULL,NULL,NULL,NULL,NULL,NULL,NULL,NULL,NULL,NULL,NULL,1,67,'F','sputum','2020-11-03','I',NULL,NULL,'admin','2020-11-21 00:34:34',1);
INSERT INTO `laboratory` VALUES (150,'06.04','2020-11-21 00:53:33','++++','',488,'Glennis Isabelle',NULL,NULL,NULL,NULL,NULL,NULL,NULL,NULL,NULL,NULL,NULL,NULL,NULL,1,6,'F','undefined','2020-11-03','O',NULL,NULL,'admin','2020-11-21 00:53:33',1);
INSERT INTO `laboratory` VALUES (151,'01.01','2020-11-21 01:16:38','6 - 12','',59,'Gertha Winkel',NULL,NULL,NULL,NULL,NULL,NULL,NULL,NULL,NULL,NULL,NULL,NULL,NULL,1,15,'M','undefined','2020-11-03','O',NULL,NULL,'admin','2020-11-21 01:16:38',1);
INSERT INTO `laboratory` VALUES (152,'07.04.2','2020-11-21 01:01:00','NEGATIVE','1year and 7months',342,'Hyman Ellard',NULL,NULL,NULL,NULL,NULL,NULL,NULL,NULL,NULL,NULL,NULL,NULL,NULL,1,1,'M','undefined','2020-11-03','I',NULL,NULL,'admin','2020-11-21 01:01:00',1);
INSERT INTO `laboratory` VALUES (153,'03.03','2020-11-21 00:51:47','Multiple results','',82,'Outlaw Kerry',NULL,NULL,NULL,NULL,NULL,NULL,NULL,NULL,NULL,NULL,NULL,NULL,NULL,1,61,'F','undefined','2020-11-03','O',NULL,NULL,'admin','2020-11-21 00:51:47',1);
INSERT INTO `laboratory` VALUES (154,'06.05','2020-11-21 00:52:34','NEGATIVE','',117,'Rickie Natera',NULL,NULL,NULL,NULL,NULL,NULL,NULL,NULL,NULL,NULL,NULL,NULL,NULL,1,24,'F','undefined','2020-11-03','I',NULL,NULL,'admin','2020-11-21 00:52:34',1);
INSERT INTO `laboratory` VALUES (155,'06.04','2020-11-21 01:01:20','+++','',352,'Dean Jarvis',NULL,NULL,NULL,NULL,NULL,NULL,NULL,NULL,NULL,NULL,NULL,NULL,NULL,1,39,'F','undefined','2020-11-03','I',NULL,NULL,'admin','2020-11-21 01:01:20',1);
INSERT INTO `laboratory` VALUES (156,'05.06','2020-11-21 00:52:55','+','',250,'Krystina Deville',NULL,NULL,NULL,NULL,NULL,NULL,NULL,NULL,NULL,NULL,NULL,NULL,NULL,1,0,'M','tissues','2020-11-03','I',NULL,NULL,'admin','2020-11-21 00:52:55',1);
INSERT INTO `laboratory` VALUES (157,'03.01','2020-11-21 01:16:52','FEW','',329,'Santo Rausch',NULL,NULL,NULL,NULL,NULL,NULL,NULL,NULL,NULL,NULL,NULL,NULL,NULL,1,45,'M','undefined','2020-11-03','O',NULL,NULL,'admin','2020-11-21 01:16:52',1);
INSERT INTO `laboratory` VALUES (158,'07.02','2020-11-21 01:23:13','LOW','',121,'Michiko Rathke',NULL,NULL,NULL,NULL,NULL,NULL,NULL,NULL,NULL,NULL,NULL,NULL,NULL,1,60,'F','undefined','2020-11-03','I',NULL,NULL,'admin','2020-11-21 01:23:13',1);
INSERT INTO `laboratory` VALUES (159,'01.01','2020-11-21 01:17:02','6 - 12','',290,'Kenna Joesph',NULL,NULL,NULL,NULL,NULL,NULL,NULL,NULL,NULL,NULL,NULL,NULL,NULL,1,61,'M','undefined','2020-11-03','O',NULL,NULL,'admin','2020-11-21 01:17:02',1);
INSERT INTO `laboratory` VALUES (160,'01.06','2020-11-21 01:27:25','NEGATIVE','',214,'Ken Wicker',NULL,NULL,NULL,NULL,NULL,NULL,NULL,NULL,NULL,NULL,NULL,NULL,NULL,1,52,'M','tissues','2020-11-03','I',NULL,NULL,'admin','2020-11-21 01:27:25',1);
INSERT INTO `laboratory` VALUES (161,'URI','2020-11-21 01:27:37','Multiple results','',263,'Artie Beebe',NULL,NULL,NULL,NULL,NULL,NULL,NULL,NULL,NULL,NULL,NULL,NULL,NULL,1,8,'M','undefined','2020-11-03','I',NULL,NULL,'admin','2020-11-21 01:27:37',1);
INSERT INTO `laboratory` VALUES (162,'01.01','2020-11-21 01:28:11','< 6','',244,'Emmanuel Schanz',NULL,NULL,NULL,NULL,NULL,NULL,NULL,NULL,NULL,NULL,NULL,NULL,NULL,1,0,'M','undefined','2020-11-03','I',NULL,NULL,'admin','2020-11-21 01:28:11',1);
INSERT INTO `laboratory` VALUES (163,'02.01','2020-11-21 01:23:22','A RH+','Five months',497,'Reklin Vernon',NULL,NULL,NULL,NULL,NULL,NULL,NULL,NULL,NULL,NULL,NULL,NULL,NULL,1,0,'F','blood','2020-11-03','O',NULL,NULL,'admin','2020-11-21 01:23:22',1);
INSERT INTO `laboratory` VALUES (164,'03.01','2020-11-21 01:23:40','NEGATIVE','5months old',388,'Suellen Merkel',NULL,NULL,NULL,NULL,NULL,NULL,NULL,NULL,NULL,NULL,NULL,NULL,NULL,1,0,'F','undefined','2020-11-03','I',NULL,NULL,'admin','2020-11-21 01:23:40',1);
INSERT INTO `laboratory` VALUES (165,'01.01','2020-11-21 01:16:57','6 - 12','',306,'Ahmad Nantz',NULL,NULL,NULL,NULL,NULL,NULL,NULL,NULL,NULL,NULL,NULL,NULL,NULL,1,28,'M','undefined','2020-11-03','O',NULL,NULL,'admin','2020-11-21 01:16:57',1);
INSERT INTO `laboratory` VALUES (166,'02.01','2020-11-21 01:17:08','B RH+','Five months',507,'Westermann Fred',NULL,NULL,NULL,NULL,NULL,NULL,NULL,NULL,NULL,NULL,NULL,NULL,NULL,1,21,'M','undefined','2020-11-03','O',NULL,NULL,'admin','2020-11-21 01:17:08',1);
INSERT INTO `laboratory` VALUES (167,'01.01','2020-11-21 01:16:33','< 6','',264,'Raquel Every',NULL,NULL,NULL,NULL,NULL,NULL,NULL,NULL,NULL,NULL,NULL,NULL,NULL,1,30,'F','undefined','2020-11-03','I',NULL,NULL,'admin','2020-11-21 01:16:33',1);
INSERT INTO `laboratory` VALUES (168,'02.01','2020-11-21 01:29:08','O RH+','',226,'Chance Hemsley',NULL,NULL,NULL,NULL,NULL,NULL,NULL,NULL,NULL,NULL,NULL,NULL,NULL,1,2,'M','blood','2020-11-03','I',NULL,NULL,'admin','2020-11-21 01:29:08',1);
INSERT INTO `laboratory` VALUES (169,'03.01','2020-11-21 01:24:31','NEGATIVE','',201,'Kelly Varien',NULL,NULL,NULL,NULL,NULL,NULL,NULL,NULL,NULL,NULL,NULL,NULL,NULL,1,68,'F','undefined','2020-11-03','O',NULL,NULL,'admin','2020-11-21 01:24:31',1);
INSERT INTO `laboratory` VALUES (170,'03.01','2020-11-21 01:24:14','NEGATIVE','',353,'Michale Ciancio',NULL,NULL,NULL,NULL,NULL,NULL,NULL,NULL,NULL,NULL,NULL,NULL,NULL,1,28,'F','undefined','2020-11-03','O',NULL,NULL,'admin','2020-11-21 01:24:14',1);
INSERT INTO `laboratory` VALUES (172,'03.03','2020-11-21 01:23:35','Multiple results','',384,'Astrid Kreiger',NULL,NULL,NULL,NULL,NULL,NULL,NULL,NULL,NULL,NULL,NULL,NULL,NULL,1,19,'F','undefined','2020-11-03','I',NULL,NULL,'admin','2020-11-21 01:23:35',1);
INSERT INTO `laboratory` VALUES (173,'03.01','2020-11-21 01:23:54','NEGATIVE','',132,'Eckhart Idalia',NULL,NULL,NULL,NULL,NULL,NULL,NULL,NULL,NULL,NULL,NULL,NULL,NULL,1,40,'M','sputum','2020-11-03','O',NULL,NULL,'admin','2020-11-21 01:23:54',1);
INSERT INTO `laboratory` VALUES (174,'01.01','2020-11-21 01:25:13','< 6','',143,'Amee Dedmon',NULL,NULL,NULL,NULL,NULL,NULL,NULL,NULL,NULL,NULL,NULL,NULL,NULL,1,47,'M','swabs','2020-11-03','O',NULL,NULL,'admin','2020-11-21 01:25:13',1);
INSERT INTO `laboratory` VALUES (175,'02.01','2020-11-21 01:27:03','O RH+','',427,'Knoblock Winston',NULL,NULL,NULL,NULL,NULL,NULL,NULL,NULL,NULL,NULL,NULL,NULL,NULL,1,2,'M','urine','2020-11-03','I',NULL,NULL,'admin','2020-11-21 01:27:03',1);
INSERT INTO `laboratory` VALUES (176,'03.01','2020-11-21 01:17:14','NEGATIVE','',398,'Marhta Divito',NULL,NULL,NULL,NULL,NULL,NULL,NULL,NULL,NULL,NULL,NULL,NULL,NULL,1,12,'M','undefined','2020-11-03','I',NULL,NULL,'admin','2020-11-21 01:17:14',1);
INSERT INTO `laboratory` VALUES (177,'03.03','2020-11-21 01:40:26','Multiple results','',350,'Martin Deforge',NULL,NULL,NULL,NULL,NULL,NULL,NULL,NULL,NULL,NULL,NULL,NULL,NULL,1,18,'F','undefined','2020-11-03','I',NULL,NULL,'admin','2020-11-21 01:40:26',1);
INSERT INTO `laboratory` VALUES (178,'URI','2020-11-21 01:30:39','Multiple results','',258,'Carmelina Rauch',NULL,NULL,NULL,NULL,NULL,NULL,NULL,NULL,NULL,NULL,NULL,NULL,NULL,1,5,'M','undefined','2020-11-03','I',NULL,NULL,'admin','2020-11-21 01:30:39',1);
INSERT INTO `laboratory` VALUES (179,'07.02','2020-11-21 01:25:04','LOW','',169,'Darrell Mondy',NULL,NULL,NULL,NULL,NULL,NULL,NULL,NULL,NULL,NULL,NULL,NULL,NULL,1,20,'F','undefined','2020-11-03','O',NULL,NULL,'admin','2020-11-21 01:25:04',1);
INSERT INTO `laboratory` VALUES (180,'URI','2020-11-21 01:24:25','Multiple results','',347,'Jere Hutcheson',NULL,NULL,NULL,NULL,NULL,NULL,NULL,NULL,NULL,NULL,NULL,NULL,NULL,1,40,'F','undefined','2020-11-03','I',NULL,NULL,'admin','2020-11-21 01:24:25',1);
INSERT INTO `laboratory` VALUES (181,'03.03','2020-11-21 01:24:08','Multiple results','6 months old',235,'Royce Lease',NULL,NULL,NULL,NULL,NULL,NULL,NULL,NULL,NULL,NULL,NULL,NULL,NULL,1,0,'F','undefined','2020-11-03','I',NULL,NULL,'admin','2020-11-21 01:24:08',1);
INSERT INTO `laboratory` VALUES (184,'URI','2020-11-21 01:23:47','Multiple results','',368,'Alleen Axtell',NULL,NULL,NULL,NULL,NULL,NULL,NULL,NULL,NULL,NULL,NULL,NULL,NULL,1,35,'F','tissues','2020-11-03','I',NULL,NULL,'admin','2020-11-21 01:23:47',1);
INSERT INTO `laboratory` VALUES (185,'URI','2020-11-21 00:36:14','Multiple results','',57,'Celsa Demeter',NULL,NULL,NULL,NULL,NULL,NULL,NULL,NULL,NULL,NULL,NULL,NULL,NULL,1,56,'M','undefined','2020-11-03','O',NULL,NULL,'admin','2020-11-21 00:36:14',1);
INSERT INTO `laboratory` VALUES (187,'URI','2020-11-21 00:36:09','Multiple results','',58,'Ashlyn Nesmith',NULL,NULL,NULL,NULL,NULL,NULL,NULL,NULL,NULL,NULL,NULL,NULL,NULL,1,38,'M','undefined','2020-11-03','O',NULL,NULL,'admin','2020-11-21 00:36:09',1);
INSERT INTO `laboratory` VALUES (188,'03.01','2020-11-21 01:31:06','FEW','',359,'Twanda Kruse',NULL,NULL,NULL,NULL,NULL,NULL,NULL,NULL,NULL,NULL,NULL,NULL,NULL,1,27,'F','undefined','2020-11-03','I',NULL,NULL,'admin','2020-11-21 01:31:06',1);
INSERT INTO `laboratory` VALUES (189,'03.01','2020-11-21 01:27:32','+++','1year and 5months',278,'Eliana Louque',NULL,NULL,NULL,NULL,NULL,NULL,NULL,NULL,NULL,NULL,NULL,NULL,NULL,1,0,'M','undefined','2020-11-03','I',NULL,NULL,'admin','2020-11-21 01:27:32',1);
INSERT INTO `laboratory` VALUES (190,'03.01','2020-11-21 01:30:31','+++','',274,'Denise Mingo',NULL,NULL,NULL,NULL,NULL,NULL,NULL,NULL,NULL,NULL,NULL,NULL,NULL,1,59,'F','undefined','2020-11-03','I',NULL,NULL,'admin','2020-11-21 01:30:31',1);
INSERT INTO `laboratory` VALUES (191,'URI','2020-11-21 00:34:15','Multiple results','',264,'Raquel Every',NULL,NULL,NULL,NULL,NULL,NULL,NULL,NULL,NULL,NULL,NULL,NULL,NULL,1,30,'F','undefined','2020-11-03','I',NULL,NULL,'admin','2020-11-21 00:34:15',1);
INSERT INTO `laboratory` VALUES (193,'URI','2020-11-21 00:36:04','Multiple results','Five months',510,'Scottie Racuba',NULL,NULL,NULL,NULL,NULL,NULL,NULL,NULL,NULL,NULL,NULL,NULL,NULL,1,42,'F','undefined','2020-11-03','O',NULL,NULL,'admin','2020-11-21 00:36:04',1);
INSERT INTO `laboratory` VALUES (194,'01.06','2020-11-21 00:36:43','NEGATIVE','',352,'Dean Jarvis',NULL,NULL,NULL,NULL,NULL,NULL,NULL,NULL,NULL,NULL,NULL,NULL,NULL,1,39,'F','undefined','2020-11-03','I',NULL,NULL,'admin','2020-11-21 00:36:43',1);
INSERT INTO `laboratory` VALUES (195,'URI','2020-11-21 00:36:28','Multiple results','',315,'Hobert Kittelson',NULL,NULL,NULL,NULL,NULL,NULL,NULL,NULL,NULL,NULL,NULL,NULL,NULL,1,48,'M','undefined','2020-11-03','O',NULL,NULL,'admin','2020-11-21 00:36:28',1);
INSERT INTO `laboratory` VALUES (196,'03.01','2020-11-21 01:27:45','+++','',359,'Twanda Kruse',NULL,NULL,NULL,NULL,NULL,NULL,NULL,NULL,NULL,NULL,NULL,NULL,NULL,1,27,'F','undefined','2020-11-03','I',NULL,NULL,'admin','2020-11-21 01:27:45',1);
INSERT INTO `laboratory` VALUES (197,'03.01','2020-11-21 01:27:15','NEGATIVE','',191,'Leonard Badgett',NULL,NULL,NULL,NULL,NULL,NULL,NULL,NULL,NULL,NULL,NULL,NULL,NULL,1,56,'M','tissues','2020-11-03','I',NULL,NULL,'admin','2020-11-21 01:27:15',1);
INSERT INTO `laboratory` VALUES (198,'03.04','2020-11-21 00:51:13','NEGATIVE','',316,'Jerrod Vitela',NULL,NULL,NULL,NULL,NULL,NULL,NULL,NULL,NULL,NULL,NULL,NULL,NULL,1,75,'M','undefined','2020-11-03','O',NULL,NULL,'admin','2020-11-21 00:51:13',1);
INSERT INTO `laboratory` VALUES (199,'03.01','2020-11-21 00:37:16','NEGATIVE','',64,'Ezra Niccum',NULL,NULL,NULL,NULL,NULL,NULL,NULL,NULL,NULL,NULL,NULL,NULL,NULL,1,12,'M','undefined','2020-11-03','I',NULL,NULL,'admin','2020-11-21 00:37:16',1);
INSERT INTO `laboratory` VALUES (200,'04.03','2020-11-21 01:00:12','NEGATIVE','',274,'Denise Mingo',NULL,NULL,NULL,NULL,NULL,NULL,NULL,NULL,NULL,NULL,NULL,NULL,NULL,1,59,'F','undefined','2020-11-03','I',NULL,NULL,'admin','2020-11-21 01:00:12',1);
INSERT INTO `laboratory` VALUES (201,'06.06','2020-11-21 00:51:35','NEGATIVE','6months old',412,'Jonah Shannon',NULL,NULL,NULL,NULL,NULL,NULL,NULL,NULL,NULL,NULL,NULL,NULL,NULL,1,0,'F','undefined','2020-11-03','I',NULL,NULL,'admin','2020-11-21 00:51:35',1);
INSERT INTO `laboratory` VALUES (202,'03.01','2020-11-21 01:24:37','NEGATIVE','',151,'Lien Notter',NULL,NULL,NULL,NULL,NULL,NULL,NULL,NULL,NULL,NULL,NULL,NULL,NULL,1,36,'M','undefined','2020-11-03','O',NULL,NULL,'admin','2020-11-21 01:24:37',1);
INSERT INTO `laboratory` VALUES (204,'03.03','2020-11-21 00:36:22','Multiple results','',66,'Trudie Liller',NULL,NULL,NULL,NULL,NULL,NULL,NULL,NULL,NULL,NULL,NULL,NULL,NULL,1,45,'M','undefined','2020-11-03','I',NULL,NULL,'admin','2020-11-21 00:36:22',1);
INSERT INTO `laboratory` VALUES (205,'03.01','2020-11-21 00:35:47','NEGATIVE','',373,'Eleanora Albrecht',NULL,NULL,NULL,NULL,NULL,NULL,NULL,NULL,NULL,NULL,NULL,NULL,NULL,1,40,'F','undefined','2020-11-03','I',NULL,NULL,'admin','2020-11-21 00:35:47',1);
INSERT INTO `laboratory` VALUES (206,'03.01','2020-11-21 00:36:51','+++','',258,'Carmelina Rauch',NULL,NULL,NULL,NULL,NULL,NULL,NULL,NULL,NULL,NULL,NULL,NULL,NULL,1,5,'M','undefined','2020-11-03','I',NULL,NULL,'admin','2020-11-21 00:36:51',1);
INSERT INTO `laboratory` VALUES (207,'03.01','2020-11-21 01:25:22','NEGATIVE','',111,'Torie Roberto',NULL,NULL,NULL,NULL,NULL,NULL,NULL,NULL,NULL,NULL,NULL,NULL,NULL,1,40,'F','blood','2020-11-03','I',NULL,NULL,'admin','2020-11-21 01:25:22',1);
INSERT INTO `laboratory` VALUES (208,'03.01','2020-11-21 01:26:51','NEGATIVE','',86,'Veronique Fountaine',NULL,NULL,NULL,NULL,NULL,NULL,NULL,NULL,NULL,NULL,NULL,NULL,NULL,1,60,'F','undefined','2020-11-03','I',NULL,NULL,'admin','2020-11-21 01:26:51',1);
INSERT INTO `laboratory` VALUES (209,'03.01','2020-11-21 00:36:34','NEGATIVE','',415,'Yonts Dee',NULL,NULL,NULL,NULL,NULL,NULL,NULL,NULL,NULL,NULL,NULL,NULL,NULL,1,6,'F','undefined','2020-11-03','I',NULL,NULL,'admin','2020-11-21 00:36:34',1);
INSERT INTO `laboratory` VALUES (211,'07.04.1','2020-11-21 00:54:01','1.4 - 2.5','',365,'Mora Reardon',NULL,NULL,NULL,NULL,NULL,NULL,NULL,NULL,NULL,NULL,NULL,NULL,NULL,1,23,'F','undefined','2020-11-03','I',NULL,NULL,'admin','2020-11-21 00:54:01',1);
INSERT INTO `laboratory` VALUES (212,'01.01','2020-11-21 00:51:19','6 - 12','',354,'Kurt Beckmann',NULL,NULL,NULL,NULL,NULL,NULL,NULL,NULL,NULL,NULL,NULL,NULL,NULL,1,38,'F','undefined','2020-11-03','I',NULL,NULL,'admin','2020-11-21 00:51:19',1);
INSERT INTO `laboratory` VALUES (213,'01.02','2020-11-21 01:31:19','4000 - 7000 (NORMAL)','',305,'Grose Rosalba',NULL,NULL,NULL,NULL,NULL,NULL,NULL,NULL,NULL,NULL,NULL,NULL,NULL,1,57,'F','undefined','2020-11-03','O',NULL,NULL,'admin','2020-11-21 01:31:19',1);
INSERT INTO `laboratory` VALUES (214,'03.01','2020-11-21 00:36:58','NEGATIVE','',43,'Fredericka Leavell',NULL,NULL,NULL,NULL,NULL,NULL,NULL,NULL,NULL,NULL,NULL,NULL,NULL,1,35,'M','undefined','2020-11-03','I',NULL,NULL,'admin','2020-11-21 00:36:58',1);
INSERT INTO `laboratory` VALUES (215,'03.03','2020-11-21 01:28:04','Multiple results','',249,'Renna Konieczny',NULL,NULL,NULL,NULL,NULL,NULL,NULL,NULL,NULL,NULL,NULL,NULL,NULL,1,0,'M','undefined','2020-11-03','I',NULL,NULL,'admin','2020-11-21 01:28:04',1);
INSERT INTO `laboratory` VALUES (216,'03.01','2020-11-21 01:40:50','FEW','',273,'Auzenne Lashunda',NULL,NULL,NULL,NULL,NULL,NULL,NULL,NULL,NULL,NULL,NULL,NULL,NULL,1,67,'F','undefined','2020-11-03','I',NULL,NULL,'admin','2020-11-21 01:40:50',1);
INSERT INTO `laboratory` VALUES (217,'03.01','2020-11-21 01:41:08','+++','',369,'Jazmine Gwyn',NULL,NULL,NULL,NULL,NULL,NULL,NULL,NULL,NULL,NULL,NULL,NULL,NULL,1,36,'F','undefined','2020-11-03','I',NULL,NULL,'admin','2020-11-21 01:41:08',1);
INSERT INTO `laboratory` VALUES (218,'03.022','2020-11-21 00:51:07','FEW','',348,'Carlo Meche',NULL,NULL,NULL,NULL,NULL,NULL,NULL,NULL,NULL,NULL,NULL,NULL,NULL,1,40,'F','undefined','2020-11-03','I',NULL,NULL,'admin','2020-11-21 00:51:07',1);
INSERT INTO `laboratory` VALUES (219,'03.01','2020-11-20 00:01:15','NEGATIVE','',64,'Ezra Niccum',NULL,NULL,NULL,NULL,NULL,NULL,NULL,NULL,NULL,NULL,NULL,NULL,NULL,1,12,'M','undefined','2020-11-03','I',NULL,NULL,'admin','2020-11-20 00:01:15',1);
INSERT INTO `laboratory` VALUES (220,'08.01','2020-11-21 00:35:41','POSITIVE','cv',500,'Matthews Ruth',NULL,NULL,NULL,NULL,NULL,NULL,NULL,NULL,NULL,NULL,NULL,NULL,NULL,1,2,'F','undefined','2020-11-03','O',NULL,NULL,'admin','2020-11-21 00:35:41',1);
INSERT INTO `laboratory` VALUES (221,'01.01','2020-11-21 01:27:53','>=12 (NORMAL)','',194,'Scheff Benjamin',NULL,NULL,NULL,NULL,NULL,NULL,NULL,NULL,NULL,NULL,NULL,NULL,NULL,1,14,'M','undefined','2020-11-03','I',NULL,NULL,'admin','2020-11-21 01:27:53',1);
INSERT INTO `laboratory` VALUES (222,'01.01','2020-11-21 01:29:34','>=12 (NORMAL)','',200,'Son Dahm',NULL,NULL,NULL,NULL,NULL,NULL,NULL,NULL,NULL,NULL,NULL,NULL,NULL,1,78,'M','tissues','2020-11-03','O',NULL,NULL,'admin','2020-11-21 01:29:34',1);
INSERT INTO `laboratory` VALUES (223,'01.01','2020-11-21 01:29:47','>=12 (NORMAL)','',316,'Jerrod Vitela',NULL,NULL,NULL,NULL,NULL,NULL,NULL,NULL,NULL,NULL,NULL,NULL,NULL,1,75,'M','undefined','2020-11-03','O',NULL,NULL,'admin','2020-11-21 01:29:47',1);
INSERT INTO `laboratory` VALUES (224,'01.01','2020-11-21 00:37:02','>=12 (NORMAL)','',200,'Son Dahm',NULL,NULL,NULL,NULL,NULL,NULL,NULL,NULL,NULL,NULL,NULL,NULL,NULL,1,78,'M','undefined','2020-11-03','O',NULL,NULL,'admin','2020-11-21 00:37:02',1);
INSERT INTO `laboratory` VALUES (225,'05.05','2020-11-21 01:29:22','>=12 (NORMAL)','',200,'Son Dahm',NULL,NULL,NULL,NULL,NULL,NULL,NULL,NULL,NULL,NULL,NULL,NULL,NULL,1,78,'M','stool','2020-11-03','O',NULL,NULL,'admin','2020-11-21 01:29:22',1);
INSERT INTO `laboratory` VALUES (226,'06.04','2020-11-21 00:53:46','NEGATIVE','',291,'Benard Cynthia',NULL,NULL,NULL,NULL,NULL,NULL,NULL,NULL,NULL,NULL,NULL,NULL,NULL,1,33,'F','undefined','2020-11-03','O',NULL,NULL,'admin','2020-11-21 00:53:46',1);
INSERT INTO `laboratory` VALUES (227,'03.01','2020-11-21 01:30:45','NEGATIVE','',159,'Domingo Koons',NULL,NULL,NULL,NULL,NULL,NULL,NULL,NULL,NULL,NULL,NULL,NULL,NULL,1,54,'M','undefined','2020-11-03','O',NULL,NULL,'admin','2020-11-21 01:30:45',1);
INSERT INTO `laboratory` VALUES (228,'02.01','2020-11-21 01:30:11','O RH+','',196,'Madere Dana',NULL,NULL,NULL,NULL,NULL,NULL,NULL,NULL,NULL,NULL,NULL,NULL,NULL,1,25,'M','undefined','2020-11-03','I',NULL,NULL,'admin','2020-11-21 01:30:11',1);
INSERT INTO `laboratory` VALUES (229,'01.01','2020-11-21 01:30:58','< 6','',263,'Artie Beebe',NULL,NULL,NULL,NULL,NULL,NULL,NULL,NULL,NULL,NULL,NULL,NULL,NULL,1,8,'M','undefined','2020-11-03','I',NULL,NULL,'admin','2020-11-21 01:30:58',1);
INSERT INTO `laboratory` VALUES (230,'02.01','2020-11-21 00:37:10','B RH+','',263,'Artie Beebe',NULL,NULL,NULL,NULL,NULL,NULL,NULL,NULL,NULL,NULL,NULL,NULL,NULL,1,8,'M','undefined','2020-11-03','I',NULL,NULL,'admin','2020-11-21 00:37:10',1);
INSERT INTO `laboratory` VALUES (231,'01.06','2020-11-21 01:31:41','6 - 12','1year and7 months',380,'Lady Amos',NULL,NULL,NULL,NULL,NULL,NULL,NULL,NULL,NULL,NULL,NULL,NULL,NULL,1,1,'F','undefined','2020-11-03','I',NULL,NULL,'admin','2020-11-21 01:31:41',1);
INSERT INTO `laboratory` VALUES (232,'01.01','2020-11-21 01:30:18','< 6','2 Years and 4 Months',265,'Mable Keefe',NULL,NULL,NULL,NULL,NULL,NULL,NULL,NULL,NULL,NULL,NULL,NULL,NULL,1,2,'F','undefined','2020-11-03','I',NULL,NULL,'admin','2020-11-21 01:30:18',1);
INSERT INTO `laboratory` VALUES (233,'URI','2020-11-21 01:31:24','Multiple results','',378,'Jayson Estep',NULL,NULL,NULL,NULL,NULL,NULL,NULL,NULL,NULL,NULL,NULL,NULL,NULL,1,29,'M','undefined','2020-11-03','I',NULL,NULL,'admin','2020-11-21 01:31:24',1);
INSERT INTO `laboratory` VALUES (234,'01.06','2020-11-21 01:40:45','NEGATIVE','',424,'Hayden Tiedemann',NULL,NULL,NULL,NULL,NULL,NULL,NULL,NULL,NULL,NULL,NULL,NULL,NULL,1,22,'M','undefined','2020-11-03','I',NULL,NULL,'admin','2020-11-21 01:40:45',1);
INSERT INTO `laboratory` VALUES (235,'01.01','2020-11-21 01:40:32','6 - 12','',347,'Jere Hutcheson',NULL,NULL,NULL,NULL,NULL,NULL,NULL,NULL,NULL,NULL,NULL,NULL,NULL,1,40,'F','undefined','2020-11-03','I',NULL,NULL,'admin','2020-11-21 01:40:32',1);
INSERT INTO `laboratory` VALUES (236,'07.02','2020-11-21 01:40:55','LOW','',394,'Dominic Nazario',NULL,NULL,NULL,NULL,NULL,NULL,NULL,NULL,NULL,NULL,NULL,NULL,NULL,1,16,'M','undefined','2020-11-03','I',NULL,NULL,'admin','2020-11-21 01:40:55',1);
INSERT INTO `laboratory` VALUES (237,'07.04.1','2020-11-21 01:41:18','NEGATIVE','',172,'Eddy Rambin',NULL,NULL,NULL,NULL,NULL,NULL,NULL,NULL,NULL,NULL,NULL,NULL,NULL,1,22,'F','undefined','2020-11-03','I',NULL,NULL,'admin','2020-11-21 01:41:18',1);
INSERT INTO `laboratory` VALUES (238,'03.01','2020-11-21 00:35:14','+++','',409,'Anibal Gillon',NULL,NULL,NULL,NULL,NULL,NULL,NULL,NULL,NULL,NULL,NULL,NULL,NULL,1,68,'M','undefined','2020-11-03','I',NULL,NULL,'admin','2020-11-21 00:35:14',1);
INSERT INTO `laboratory` VALUES (239,'03.01','2020-11-21 00:50:08','+++','',155,'Nagata Kory',NULL,NULL,NULL,NULL,NULL,NULL,NULL,NULL,NULL,NULL,NULL,NULL,NULL,1,13,'M','undefined','2020-11-02','O',NULL,NULL,'admin','2020-11-21 00:50:08',1);
INSERT INTO `laboratory` VALUES (240,'03.01','2020-11-21 00:49:39','+++','',168,'Rod Muldrow',NULL,NULL,NULL,NULL,NULL,NULL,NULL,NULL,NULL,NULL,NULL,NULL,NULL,1,19,'F','undefined','2020-11-02','O',NULL,NULL,'admin','2020-11-21 00:49:39',1);
INSERT INTO `laboratory` VALUES (241,'03.01','2020-11-21 00:41:30','NEGATIVE','',300,'Golden Andrepont',NULL,NULL,NULL,NULL,NULL,NULL,NULL,NULL,NULL,NULL,NULL,NULL,NULL,1,15,'M','undefined','2020-11-02','O',NULL,NULL,'admin','2020-11-21 00:41:30',1);
INSERT INTO `laboratory` VALUES (242,'03.01','2020-11-21 00:50:34','+','',442,'Kenneth Valderas',NULL,NULL,NULL,NULL,NULL,NULL,NULL,NULL,NULL,NULL,NULL,NULL,NULL,1,4,'F','undefined','2020-11-02','I',NULL,NULL,'admin','2020-11-21 00:50:34',1);
INSERT INTO `laboratory` VALUES (243,'03.01','2020-11-21 00:49:58','NEGATIVE','',111,'Torie Roberto',NULL,NULL,NULL,NULL,NULL,NULL,NULL,NULL,NULL,NULL,NULL,NULL,NULL,1,40,'F','undefined','2020-11-02','I',NULL,NULL,'admin','2020-11-21 00:49:58',1);
INSERT INTO `laboratory` VALUES (245,'03.01','2020-11-20 00:01:03','NEGATIVE','',5,'Pamila Merrihew',NULL,NULL,NULL,NULL,NULL,NULL,NULL,NULL,NULL,NULL,NULL,NULL,NULL,1,34,'M','undefined','2020-11-03','O',NULL,NULL,'admin','2020-11-20 00:01:03',1);
INSERT INTO `laboratory` VALUES (246,'03.023','2020-11-21 00:35:25','NEGATIVE','',237,'Aurora Ritenour',NULL,NULL,NULL,NULL,NULL,NULL,NULL,NULL,NULL,NULL,NULL,NULL,NULL,1,1,'M','undefined','2020-11-03','I',NULL,NULL,'admin','2020-11-21 00:35:25',1);
INSERT INTO `laboratory` VALUES (247,'03.01','2020-11-20 23:40:58','+++',NULL,326,'Nathanael Raborn',NULL,NULL,NULL,NULL,NULL,NULL,NULL,NULL,NULL,NULL,NULL,NULL,NULL,0,36,'M','undefined','2020-11-20','O','admin','2020-11-20 23:41:09','admin','2020-11-20 23:41:09',1);
INSERT INTO `laboratory` VALUES (248,'05.04','2020-11-20 23:41:14','NEGATIVE',NULL,489,'Mellisa Morning',NULL,NULL,NULL,NULL,NULL,NULL,NULL,NULL,NULL,NULL,NULL,NULL,NULL,0,2,'M','undefined','2020-11-20','O','admin','2020-11-20 23:41:26','admin','2020-11-20 23:41:26',1);
INSERT INTO `laboratory` VALUES (249,'07.03.2','2020-11-20 23:41:14','< 1.2 (NORMAL)',NULL,489,'Mellisa Morning',NULL,NULL,NULL,NULL,NULL,NULL,NULL,NULL,NULL,NULL,NULL,NULL,NULL,0,2,'M','undefined','2020-11-20','O','admin','2020-11-20 23:41:26','admin','2020-11-20 23:41:26',1);
INSERT INTO `laboratory` VALUES (250,'07.04.2','2020-11-20 23:41:14','10-55 (NORMAL)',NULL,489,'Mellisa Morning',NULL,NULL,NULL,NULL,NULL,NULL,NULL,NULL,NULL,NULL,NULL,NULL,NULL,0,2,'M','stool','2020-11-20','O','admin','2020-11-20 23:41:26','admin','2020-11-20 23:41:26',1);
INSERT INTO `laboratory` VALUES (251,'01.05','2020-11-20 23:41:29','NORMAL',NULL,505,'Gina Curtney',NULL,NULL,NULL,NULL,NULL,NULL,NULL,NULL,NULL,NULL,NULL,NULL,NULL,0,10,'F','undefined','2020-11-20','O','admin','2020-11-20 23:41:36','admin','2020-11-20 23:41:36',1);
INSERT INTO `laboratory` VALUES (252,'03.01','2020-11-20 23:41:29','NEGATIVE',NULL,505,'Gina Curtney',NULL,NULL,NULL,NULL,NULL,NULL,NULL,NULL,NULL,NULL,NULL,NULL,NULL,0,10,'F','undefined','2020-11-20','O','admin','2020-11-20 23:41:36','admin','2020-11-20 23:41:36',1);
INSERT INTO `laboratory` VALUES (253,'01.05','2020-11-20 23:41:37','NORMAL',NULL,127,'Shana Yother',NULL,NULL,NULL,NULL,NULL,NULL,NULL,NULL,NULL,NULL,NULL,NULL,NULL,0,32,'F','undefined','2020-11-20','I','admin','2020-11-20 23:41:57','admin','2020-11-20 23:41:57',1);
INSERT INTO `laboratory` VALUES (254,'06.03','2020-11-20 23:41:37','NEGATIVE',NULL,127,'Shana Yother',NULL,NULL,NULL,NULL,NULL,NULL,NULL,NULL,NULL,NULL,NULL,NULL,NULL,0,32,'F','undefined','2020-11-20','I','admin','2020-11-20 23:41:57','admin','2020-11-20 23:41:57',1);
INSERT INTO `laboratory` VALUES (255,'02.01','2020-11-20 23:42:26','A RH-',NULL,319,'Solomon Stackpole',NULL,NULL,NULL,NULL,NULL,NULL,NULL,NULL,NULL,NULL,NULL,NULL,NULL,0,17,'M','tissues','2020-11-20','O','admin','2020-11-20 23:42:58','admin','2020-11-20 23:42:58',1);
INSERT INTO `laboratory` VALUES (256,'04.04','2020-11-20 23:42:26','NEGATIVE',NULL,319,'Solomon Stackpole',NULL,NULL,NULL,NULL,NULL,NULL,NULL,NULL,NULL,NULL,NULL,NULL,NULL,0,17,'M','undefined','2020-11-20','O','admin','2020-11-20 23:42:58','admin','2020-11-20 23:42:58',1);
INSERT INTO `laboratory` VALUES (257,'07.01','2020-11-20 23:42:26','NEGATIVE',NULL,319,'Solomon Stackpole',NULL,NULL,NULL,NULL,NULL,NULL,NULL,NULL,NULL,NULL,NULL,NULL,NULL,0,17,'M','film','2020-11-20','O','admin','2020-11-20 23:42:58','admin','2020-11-20 23:42:58',1);
INSERT INTO `laboratory` VALUES (258,'03.06','2020-11-20 23:52:06','NEGATIVE',NULL,420,'Lampert Lacy',NULL,NULL,NULL,NULL,NULL,NULL,NULL,NULL,NULL,NULL,NULL,NULL,NULL,0,6,'F','undefined','2020-11-20','I','admin','2020-11-20 23:52:17','admin','2020-11-20 23:52:17',1);
INSERT INTO `laboratory` VALUES (259,'05.06','2020-11-20 23:52:06','NEGATIVE',NULL,420,'Lampert Lacy',NULL,NULL,NULL,NULL,NULL,NULL,NULL,NULL,NULL,NULL,NULL,NULL,NULL,0,6,'F','undefined','2020-11-20','I','admin','2020-11-20 23:52:17','admin','2020-11-20 23:52:17',1);
INSERT INTO `laboratory` VALUES (260,'07.04.1','2020-11-20 23:52:06','< 1.4 (NORMAL)',NULL,420,'Lampert Lacy',NULL,NULL,NULL,NULL,NULL,NULL,NULL,NULL,NULL,NULL,NULL,NULL,NULL,0,6,'F','undefined','2020-11-20','I','admin','2020-11-20 23:52:17','admin','2020-11-20 23:52:17',1);
INSERT INTO `laboratory` VALUES (261,'01.05','2020-11-20 23:52:19','NORMAL',NULL,298,'Crystal Venessa',NULL,NULL,NULL,NULL,NULL,NULL,NULL,NULL,NULL,NULL,NULL,NULL,NULL,0,59,'F','undefined','2020-11-20','O','admin','2020-11-20 23:52:39','admin','2020-11-20 23:52:39',1);
INSERT INTO `laboratory` VALUES (262,'URI','2020-11-20 23:52:19','Multiple results',NULL,298,'Crystal Venessa',NULL,NULL,NULL,NULL,NULL,NULL,NULL,NULL,NULL,NULL,NULL,NULL,NULL,0,59,'F','tissues','2020-11-20','O','admin','2020-11-20 23:52:39','admin','2020-11-20 23:52:39',1);
INSERT INTO `laboratory` VALUES (263,'04.05','2020-11-20 23:52:40','NEGATIVE',NULL,344,'Manual Rowse',NULL,NULL,NULL,NULL,NULL,NULL,NULL,NULL,NULL,NULL,NULL,NULL,NULL,0,43,'M','undefined','2020-11-20','O','admin','2020-11-20 23:52:54','admin','2020-11-20 23:52:54',1);
INSERT INTO `laboratory` VALUES (264,'06.04','2020-11-20 23:52:40','NEGATIVE',NULL,344,'Manual Rowse',NULL,NULL,NULL,NULL,NULL,NULL,NULL,NULL,NULL,NULL,NULL,NULL,NULL,0,43,'M','undefined','2020-11-20','O','admin','2020-11-20 23:52:54','admin','2020-11-20 23:52:54',1);
INSERT INTO `laboratory` VALUES (265,'07.02','2020-11-20 23:52:40','LOW',NULL,344,'Manual Rowse',NULL,NULL,NULL,NULL,NULL,NULL,NULL,NULL,NULL,NULL,NULL,NULL,NULL,0,43,'M','undefined','2020-11-20','O','admin','2020-11-20 23:52:54','admin','2020-11-20 23:52:54',1);
INSERT INTO `laboratory` VALUES (266,'01.06','2020-11-20 23:52:56','NEGATIVE',NULL,106,'Lola Singley',NULL,NULL,NULL,NULL,NULL,NULL,NULL,NULL,NULL,NULL,NULL,NULL,NULL,0,50,'F','undefined','2020-11-20','I','admin','2020-11-20 23:53:09','admin','2020-11-20 23:53:09',1);
INSERT INTO `laboratory` VALUES (267,'04.06','2020-11-20 23:52:56','NEGATIVE',NULL,106,'Lola Singley',NULL,NULL,NULL,NULL,NULL,NULL,NULL,NULL,NULL,NULL,NULL,NULL,NULL,0,50,'F','undefined','2020-11-20','I','admin','2020-11-20 23:53:09','admin','2020-11-20 23:53:09',1);
INSERT INTO `laboratory` VALUES (268,'05.04','2020-11-20 23:52:56','NEGATIVE',NULL,106,'Lola Singley',NULL,NULL,NULL,NULL,NULL,NULL,NULL,NULL,NULL,NULL,NULL,NULL,NULL,0,50,'F','sputum','2020-11-20','I','admin','2020-11-20 23:53:09','admin','2020-11-20 23:53:09',1);
INSERT INTO `laboratory` VALUES (269,'05.02','2020-11-20 23:53:11','PLEAMORPHIC BACILLI',NULL,371,'Terrilyn Lara',NULL,NULL,NULL,NULL,NULL,NULL,NULL,NULL,NULL,NULL,NULL,NULL,NULL,0,30,'F','undefined','2020-11-20','I','admin','2020-11-20 23:53:26','admin','2020-11-20 23:53:26',1);
INSERT INTO `laboratory` VALUES (270,'02.02','2020-11-20 23:53:28','NEGATIVE',NULL,308,'Donte Trantham',NULL,NULL,NULL,NULL,NULL,NULL,NULL,NULL,NULL,NULL,NULL,NULL,NULL,0,25,'M','undefined','2020-11-20','O','admin','2020-11-20 23:53:40','admin','2020-11-20 23:53:40',1);
INSERT INTO `laboratory` VALUES (271,'05.05','2020-11-20 23:53:28','NEGATIVE',NULL,308,'Donte Trantham',NULL,NULL,NULL,NULL,NULL,NULL,NULL,NULL,NULL,NULL,NULL,NULL,NULL,0,25,'M','urine','2020-11-20','O','admin','2020-11-20 23:53:40','admin','2020-11-20 23:53:40',1);
INSERT INTO `laboratory` VALUES (272,'01.01','2020-11-20 23:53:41','>=12 (NORMAL)',NULL,386,'Garth Marmo',NULL,NULL,NULL,NULL,NULL,NULL,NULL,NULL,NULL,NULL,NULL,NULL,NULL,0,3,'F','undefined','2020-11-20','I','admin','2020-11-20 23:53:57','admin','2020-11-20 23:53:57',1);
INSERT INTO `laboratory` VALUES (273,'03.021','2020-11-20 23:53:41','NEGATIVE',NULL,386,'Garth Marmo',NULL,NULL,NULL,NULL,NULL,NULL,NULL,NULL,NULL,NULL,NULL,NULL,NULL,0,3,'F','undefined','2020-11-20','I','admin','2020-11-20 23:53:57','admin','2020-11-20 23:53:57',1);
INSERT INTO `laboratory` VALUES (274,'03.05','2020-11-20 23:53:41','NEGATIVE',NULL,386,'Garth Marmo',NULL,NULL,NULL,NULL,NULL,NULL,NULL,NULL,NULL,NULL,NULL,NULL,NULL,0,3,'F','blood','2020-11-20','I','admin','2020-11-20 23:53:57','admin','2020-11-20 23:53:57',1);
INSERT INTO `laboratory` VALUES (275,'07.02','2020-11-20 23:53:59','NORMAL',NULL,46,'Zenaida Bardsley',NULL,NULL,NULL,NULL,NULL,NULL,NULL,NULL,NULL,NULL,NULL,NULL,NULL,0,50,'M','undefined','2020-11-20','I','admin','2020-11-20 23:54:13','admin','2020-11-20 23:54:13',1);
INSERT INTO `laboratory` VALUES (276,'07.03.3','2020-11-20 23:53:59','> 50',NULL,46,'Zenaida Bardsley',NULL,NULL,NULL,NULL,NULL,NULL,NULL,NULL,NULL,NULL,NULL,NULL,NULL,0,50,'M','cfs','2020-11-20','I','admin','2020-11-20 23:54:13','admin','2020-11-20 23:54:13',1);
INSERT INTO `laboratory` VALUES (277,'01.05','2020-11-20 23:55:45','NORMAL',NULL,334,'Kristopher Starns',NULL,NULL,NULL,NULL,NULL,NULL,NULL,NULL,NULL,NULL,NULL,NULL,NULL,0,14,'M','undefined','2020-11-20','O','admin','2020-11-20 23:55:59','admin','2020-11-20 23:55:59',1);
INSERT INTO `laboratory` VALUES (278,'07.03.4','2020-11-20 23:55:45','<= 50 (NORMAL)',NULL,334,'Kristopher Starns',NULL,NULL,NULL,NULL,NULL,NULL,NULL,NULL,NULL,NULL,NULL,NULL,NULL,0,14,'M','film','2020-11-20','O','admin','2020-11-20 23:55:59','admin','2020-11-20 23:55:59',1);
INSERT INTO `laboratory` VALUES (279,'02.01','2020-11-20 23:56:00','A RH-',NULL,271,'Diego Roni',NULL,NULL,NULL,NULL,NULL,NULL,NULL,NULL,NULL,NULL,NULL,NULL,NULL,0,40,'F','undefined','2020-11-20','O','admin','2020-11-20 23:56:22','admin','2020-11-20 23:56:22',1);
INSERT INTO `laboratory` VALUES (280,'04.03','2020-11-20 23:56:00','NEGATIVE',NULL,271,'Diego Roni',NULL,NULL,NULL,NULL,NULL,NULL,NULL,NULL,NULL,NULL,NULL,NULL,NULL,0,40,'F','undefined','2020-11-20','O','admin','2020-11-20 23:56:22','admin','2020-11-20 23:56:22',1);
INSERT INTO `laboratory` VALUES (281,'01.06','2020-11-20 23:57:15','NEGATIVE',NULL,280,'Alejandra Zdenek',NULL,NULL,NULL,NULL,NULL,NULL,NULL,NULL,NULL,NULL,NULL,NULL,NULL,0,0,'M','undefined','2020-11-20','I','admin','2020-11-20 23:57:25','admin','2020-11-20 23:57:25',1);
INSERT INTO `laboratory` VALUES (282,'04.05','2020-11-20 23:57:15','NEGATIVE',NULL,280,'Alejandra Zdenek',NULL,NULL,NULL,NULL,NULL,NULL,NULL,NULL,NULL,NULL,NULL,NULL,NULL,0,0,'M','undefined','2020-11-20','I','admin','2020-11-20 23:57:25','admin','2020-11-20 23:57:25',1);
INSERT INTO `laboratory` VALUES (284,'02.02','2020-11-20 23:57:26','NEGATIVE',NULL,304,'Natalia Amo',NULL,NULL,NULL,NULL,NULL,NULL,NULL,NULL,NULL,NULL,NULL,NULL,NULL,0,71,'M','undefined','2020-11-20','O','admin','2020-11-20 23:57:46','admin','2020-11-20 23:57:46',1);
INSERT INTO `laboratory` VALUES (285,'03.03','2020-11-20 23:57:26','Multiple results',NULL,304,'Natalia Amo',NULL,NULL,NULL,NULL,NULL,NULL,NULL,NULL,NULL,NULL,NULL,NULL,NULL,0,71,'M','undefined','2020-11-20','O','admin','2020-11-20 23:57:46','admin','2020-11-20 23:57:46',1);
INSERT INTO `laboratory` VALUES (286,'03.04','2020-11-20 23:57:26','POSITIVE',NULL,304,'Natalia Amo',NULL,NULL,NULL,NULL,NULL,NULL,NULL,NULL,NULL,NULL,NULL,NULL,NULL,0,71,'M','undefined','2020-11-20','O','admin','2020-11-20 23:57:46','admin','2020-11-20 23:57:46',1);
INSERT INTO `laboratory` VALUES (287,'03.01','2020-11-20 23:57:48','NEGATIVE',NULL,362,'Adina Nuckolls',NULL,NULL,NULL,NULL,NULL,NULL,NULL,NULL,NULL,NULL,NULL,NULL,NULL,0,24,'F','undefined','2020-11-20','I','admin','2020-11-20 23:58:00','admin','2020-11-20 23:58:00',1);
INSERT INTO `laboratory` VALUES (288,'07.03','2020-11-20 23:57:48','NORMAL',NULL,362,'Adina Nuckolls',NULL,NULL,NULL,NULL,NULL,NULL,NULL,NULL,NULL,NULL,NULL,NULL,NULL,0,24,'F','undefined','2020-11-20','I','admin','2020-11-20 23:58:00','admin','2020-11-20 23:58:00',1);
INSERT INTO `laboratory` VALUES (289,'04.01','2020-11-20 23:58:01','NEGATIVE',NULL,365,'Mora Reardon',NULL,NULL,NULL,NULL,NULL,NULL,NULL,NULL,NULL,NULL,NULL,NULL,NULL,0,23,'F','undefined','2020-11-20','I','admin','2020-11-20 23:58:13','admin','2020-11-20 23:58:13',1);
INSERT INTO `laboratory` VALUES (290,'04.06','2020-11-20 23:58:01','NEGATIVE',NULL,365,'Mora Reardon',NULL,NULL,NULL,NULL,NULL,NULL,NULL,NULL,NULL,NULL,NULL,NULL,NULL,0,23,'F','undefined','2020-11-20','I','admin','2020-11-20 23:58:13','admin','2020-11-20 23:58:13',1);
INSERT INTO `laboratory` VALUES (291,'07.01','2020-11-20 23:58:17','NEGATIVE',NULL,430,'Hemsley Mohammad',NULL,NULL,NULL,NULL,NULL,NULL,NULL,NULL,NULL,NULL,NULL,NULL,NULL,0,1,'M','undefined','2020-11-20','I','admin','2020-11-20 23:58:29','admin','2020-11-20 23:58:29',1);
INSERT INTO `laboratory` VALUES (292,'07.04','2020-11-20 23:58:17','NORMAL',NULL,430,'Hemsley Mohammad',NULL,NULL,NULL,NULL,NULL,NULL,NULL,NULL,NULL,NULL,NULL,NULL,NULL,0,1,'M','undefined','2020-11-20','I','admin','2020-11-20 23:58:29','admin','2020-11-20 23:58:29',1);
INSERT INTO `laboratory` VALUES (293,'02.02','2020-11-20 23:58:30','NEGATIVE',NULL,493,'Kina Musso',NULL,NULL,NULL,NULL,NULL,NULL,NULL,NULL,NULL,NULL,NULL,NULL,NULL,0,0,'F','undefined','2020-11-20','O','admin','2020-11-20 23:58:45','admin','2020-11-20 23:58:45',1);
INSERT INTO `laboratory` VALUES (294,'03.01','2020-11-20 23:58:30','NEGATIVE',NULL,493,'Kina Musso',NULL,NULL,NULL,NULL,NULL,NULL,NULL,NULL,NULL,NULL,NULL,NULL,NULL,0,0,'F','undefined','2020-11-20','O','admin','2020-11-20 23:58:45','admin','2020-11-20 23:58:45',1);
INSERT INTO `laboratory` VALUES (295,'03.021','2020-11-20 23:58:30','NEGATIVE',NULL,493,'Kina Musso',NULL,NULL,NULL,NULL,NULL,NULL,NULL,NULL,NULL,NULL,NULL,NULL,NULL,0,0,'F','undefined','2020-11-20','O','admin','2020-11-20 23:58:45','admin','2020-11-20 23:58:45',1);
INSERT INTO `laboratory` VALUES (296,'03.01','2020-11-20 23:58:47','FEW',NULL,308,'Donte Trantham',NULL,NULL,NULL,NULL,NULL,NULL,NULL,NULL,NULL,NULL,NULL,NULL,NULL,0,25,'M','undefined','2020-11-20','O','admin','2020-11-20 23:59:00','admin','2020-11-20 23:59:00',1);
INSERT INTO `laboratory` VALUES (297,'03.01','2020-11-20 23:59:01','++++',NULL,245,'Vanish Katrina',NULL,NULL,NULL,NULL,NULL,NULL,NULL,NULL,NULL,NULL,NULL,NULL,NULL,0,1,'M','undefined','2020-11-20','I','admin','2020-11-20 23:59:22','admin','2020-11-20 23:59:22',1);
INSERT INTO `laboratory` VALUES (298,'03.02','2020-11-20 23:59:01','POSITIVE',NULL,245,'Vanish Katrina',NULL,NULL,NULL,NULL,NULL,NULL,NULL,NULL,NULL,NULL,NULL,NULL,NULL,0,1,'M','blood','2020-11-20','I','admin','2020-11-20 23:59:22','admin','2020-11-20 23:59:22',1);
INSERT INTO `laboratory` VALUES (299,'01.02','2020-11-20 23:59:24','4000 - 7000 (NORMAL)',NULL,258,'Carmelina Rauch',NULL,NULL,NULL,NULL,NULL,NULL,NULL,NULL,NULL,NULL,NULL,NULL,NULL,0,5,'M','undefined','2020-11-20','I','admin','2020-11-20 23:59:36','admin','2020-11-20 23:59:36',1);
INSERT INTO `laboratory` VALUES (300,'05.05','2020-11-20 23:59:24','NEGATIVE',NULL,258,'Carmelina Rauch',NULL,NULL,NULL,NULL,NULL,NULL,NULL,NULL,NULL,NULL,NULL,NULL,NULL,0,5,'M','undefined','2020-11-20','I','admin','2020-11-20 23:59:36','admin','2020-11-20 23:59:36',1);
INSERT INTO `laboratory` VALUES (301,'05.06','2020-11-20 23:59:24','NEGATIVE',NULL,258,'Carmelina Rauch',NULL,NULL,NULL,NULL,NULL,NULL,NULL,NULL,NULL,NULL,NULL,NULL,NULL,0,5,'M','undefined','2020-11-20','I','admin','2020-11-20 23:59:36','admin','2020-11-20 23:59:36',1);
INSERT INTO `laboratory` VALUES (302,'07.04.1','2020-11-21 01:47:45','< 1.4 (NORMAL)',NULL,318,'Stanton Durrah',NULL,NULL,NULL,NULL,NULL,NULL,NULL,NULL,NULL,NULL,NULL,NULL,NULL,0,42,'M','undefined','2020-11-21','O','admin','2020-11-21 01:48:02','admin','2020-11-21 01:48:02',1);
INSERT INTO `laboratory` VALUES (303,'07.04.2','2020-11-21 01:47:45','10-55 (NORMAL)',NULL,318,'Stanton Durrah',NULL,NULL,NULL,NULL,NULL,NULL,NULL,NULL,NULL,NULL,NULL,NULL,NULL,0,42,'M','urine','2020-11-21','O','admin','2020-11-21 01:48:02','admin','2020-11-21 01:48:02',1);
INSERT INTO `laboratory` VALUES (304,'05.05','2020-11-21 01:52:02','NEGATIVE',NULL,247,'Jestine Dacruz',NULL,NULL,NULL,NULL,NULL,NULL,NULL,NULL,NULL,NULL,NULL,NULL,NULL,0,1,'F','undefined','2020-11-21','I','admin','2020-11-21 01:52:11','admin','2020-11-21 01:52:11',1);
INSERT INTO `laboratory` VALUES (305,'06.04','2020-11-21 02:23:20','NEGATIVE',NULL,516,'Genna Susterlind',NULL,NULL,NULL,NULL,NULL,NULL,NULL,NULL,NULL,NULL,NULL,NULL,NULL,0,45,'F','undefined','2020-11-21','O','admin','2020-11-21 02:23:36','admin','2020-11-21 02:23:36',1);
INSERT INTO `laboratory` VALUES (306,'06.05','2020-11-21 02:23:20','NEGATIVE',NULL,516,'Genna Susterlind',NULL,NULL,NULL,NULL,NULL,NULL,NULL,NULL,NULL,NULL,NULL,NULL,NULL,0,45,'F','undefined','2020-11-21','O','admin','2020-11-21 02:23:36','admin','2020-11-21 02:23:36',1);
INSERT INTO `laboratory` VALUES (307,'04.06','2020-11-21 22:08:31','NEGATIVE',NULL,311,'Vincent Arata',NULL,NULL,NULL,NULL,NULL,NULL,NULL,NULL,NULL,NULL,NULL,NULL,NULL,0,82,'M','undefined','2020-11-21','O','admin','2020-11-21 22:08:43','admin','2020-11-21 22:08:43',1);
INSERT INTO `laboratory` VALUES (308,'05.04','2020-11-21 22:08:31','NEGATIVE',NULL,311,'Vincent Arata',NULL,NULL,NULL,NULL,NULL,NULL,NULL,NULL,NULL,NULL,NULL,NULL,NULL,0,82,'M','undefined','2020-11-21','O','admin','2020-11-21 22:08:43','admin','2020-11-21 22:08:43',1);
INSERT INTO `laboratory` VALUES (309,'06.04','2020-11-21 22:08:31','NEGATIVE',NULL,311,'Vincent Arata',NULL,NULL,NULL,NULL,NULL,NULL,NULL,NULL,NULL,NULL,NULL,NULL,NULL,0,82,'M','undefined','2020-11-21','O','admin','2020-11-21 22:08:43','admin','2020-11-21 22:08:43',1);
INSERT INTO `laboratory` VALUES (310,'01.04','2020-11-21 22:40:18','0',NULL,374,'Janusz Lavera',NULL,NULL,NULL,NULL,NULL,NULL,NULL,NULL,NULL,NULL,NULL,NULL,NULL,0,70,'F','blood','2020-11-21','I','admin','2020-11-21 22:40:29','admin','2020-11-21 22:40:29',1);
INSERT INTO `laboratory` VALUES (311,'01.04','2020-11-21 22:40:40','0',NULL,315,'Hobert Kittelson',NULL,NULL,NULL,NULL,NULL,NULL,NULL,NULL,NULL,NULL,NULL,NULL,NULL,0,48,'M','undefined','2020-11-21','O','admin','2020-11-21 22:41:07','admin','2020-11-21 22:41:07',1);
INSERT INTO `laboratory` VALUES (312,'01.06','2020-11-21 22:40:40','NEGATIVE',NULL,315,'Hobert Kittelson',NULL,NULL,NULL,NULL,NULL,NULL,NULL,NULL,NULL,NULL,NULL,NULL,NULL,0,48,'M','undefined','2020-11-21','O','admin','2020-11-21 22:41:07','admin','2020-11-21 22:41:07',1);
INSERT INTO `laboratory` VALUES (313,'04.01','2020-11-21 22:40:40','POSITIVE',NULL,315,'Hobert Kittelson',NULL,NULL,NULL,NULL,NULL,NULL,NULL,NULL,NULL,NULL,NULL,NULL,NULL,0,48,'M','undefined','2020-11-21','O','admin','2020-11-21 22:41:07','admin','2020-11-21 22:41:07',1);
INSERT INTO `laboratory` VALUES (314,'07.01','2020-11-23 16:02:33','NEGATIVE',NULL,523,'Quinlan Coors',NULL,NULL,NULL,NULL,NULL,NULL,NULL,NULL,NULL,NULL,NULL,NULL,NULL,0,6,'M','undefined','2020-11-23','O','admin','2020-11-23 16:02:45','admin','2020-11-23 16:02:45',1);
INSERT INTO `laboratory` VALUES (315,'07.02','2020-11-23 16:02:33','NORMAL',NULL,523,'Quinlan Coors',NULL,NULL,NULL,NULL,NULL,NULL,NULL,NULL,NULL,NULL,NULL,NULL,NULL,0,6,'M','undefined','2020-11-23','O','admin','2020-11-23 16:02:45','admin','2020-11-23 16:02:45',1);
INSERT INTO `laboratory` VALUES (316,'02.01','2021-03-13 22:47:53','AB RH+',NULL,524,'Geremia Dickinson',NULL,NULL,NULL,NULL,NULL,NULL,NULL,NULL,NULL,NULL,NULL,NULL,NULL,0,67,'M','undefined','2021-03-13','O','admin','2021-03-13 22:48:18','admin','2021-03-13 22:48:18',1);
INSERT INTO `laboratory` VALUES (317,'07.04.1','2021-03-13 22:47:53','< 1.4 (NORMAL)',NULL,524,'Geremia Dickinson',NULL,NULL,NULL,NULL,NULL,NULL,NULL,NULL,NULL,NULL,NULL,NULL,NULL,0,67,'M','film','2021-03-13','O','admin','2021-03-13 22:48:18','admin','2021-03-13 22:48:18',1);
INSERT INTO `laboratory` VALUES (318,'URI','2021-03-13 00:50:42','Multiple results',NULL,525,'Mary Garrington',NULL,NULL,NULL,NULL,NULL,NULL,NULL,NULL,NULL,NULL,NULL,NULL,NULL,0,0,'F','undefined','2021-03-13','O','admin','2021-03-15 00:51:04','admin','2021-03-15 00:51:04',1);
INSERT INTO `laboratory` VALUES (319,'02.02','2021-03-13 00:54:26','NEGATIVE',NULL,242,'Bumpers Ferdinand',NULL,NULL,NULL,NULL,NULL,NULL,NULL,NULL,NULL,NULL,NULL,NULL,NULL,0,6,'M','undefined','2021-03-13','I','admin','2021-03-15 00:54:39','admin','2021-03-15 00:54:39',1);
INSERT INTO `laboratory` VALUES (320,'03.01','2021-03-13 00:54:26','NEGATIVE',NULL,242,'Bumpers Ferdinand',NULL,NULL,NULL,NULL,NULL,NULL,NULL,NULL,NULL,NULL,NULL,NULL,NULL,0,6,'M','undefined','2021-03-13','I','admin','2021-03-15 00:54:39','admin','2021-03-15 00:54:39',1);
INSERT INTO `laboratory` VALUES (321,'03.01','2021-03-13 01:17:47','NEGATIVE',NULL,528,'Kenty Willis',NULL,NULL,NULL,NULL,NULL,NULL,NULL,NULL,NULL,NULL,NULL,NULL,NULL,0,14,'F','undefined','2021-03-13','O','admin','2021-03-15 01:17:57','admin','2021-03-15 01:17:57',1);
INSERT INTO `laboratory` VALUES (322,'04.06','2021-03-13 01:17:47','NEGATIVE',NULL,528,'Kenty Willis',NULL,NULL,NULL,NULL,NULL,NULL,NULL,NULL,NULL,NULL,NULL,NULL,NULL,0,14,'F','undefined','2021-03-13','O','admin','2021-03-15 01:17:57','admin','2021-03-15 01:17:57',1);
INSERT INTO `laboratory` VALUES (323,'01.05','2021-03-15 12:16:50','NORMAL',NULL,405,'Eddings Carmine',NULL,NULL,NULL,NULL,NULL,NULL,NULL,NULL,NULL,NULL,NULL,NULL,NULL,0,14,'M','blood','2021-03-15','O','admin','2021-03-15 12:17:08','admin','2021-03-15 12:17:08',1);
INSERT INTO `laboratory` VALUES (324,'05.04','2021-03-15 12:32:17','NEGATIVE',NULL,529,'Sara Hucklington',NULL,NULL,NULL,NULL,NULL,NULL,NULL,NULL,NULL,NULL,NULL,NULL,NULL,0,0,'F','undefined','2021-03-15','O','admin','2021-03-15 12:32:40','admin','2021-03-15 12:32:40',1);
INSERT INTO `laboratory` VALUES (325,'07.04.1','2021-03-15 12:32:17','1.4 - 2.5',NULL,529,'Sara Hucklington',NULL,NULL,NULL,NULL,NULL,NULL,NULL,NULL,NULL,NULL,NULL,NULL,NULL,0,0,'F','undefined','2021-03-15','O','admin','2021-03-15 12:32:40','admin','2021-03-15 12:32:40',1);
INSERT INTO `laboratory` VALUES (326,'03.01','2021-03-15 14:35:09','NEGATIVE',NULL,116,'Nieves Julietta',NULL,NULL,NULL,NULL,NULL,NULL,NULL,NULL,NULL,NULL,NULL,NULL,NULL,0,76,'F','undefined','2021-03-15','I','admin','2021-03-15 14:35:24','admin','2021-03-15 14:35:24',1);
INSERT INTO `laboratory` VALUES (327,'03.021','2021-03-15 14:35:09','NEGATIVE',NULL,116,'Nieves Julietta',NULL,NULL,NULL,NULL,NULL,NULL,NULL,NULL,NULL,NULL,NULL,NULL,NULL,0,76,'F','undefined','2021-03-15','I','admin','2021-03-15 14:35:24','admin','2021-03-15 14:35:24',1);
INSERT INTO `laboratory` VALUES (328,'03.06','2021-03-15 14:35:09','NEGATIVE',NULL,116,'Nieves Julietta',NULL,NULL,NULL,NULL,NULL,NULL,NULL,NULL,NULL,NULL,NULL,NULL,NULL,0,76,'F','undefined','2021-03-15','I','admin','2021-03-15 14:35:24','admin','2021-03-15 14:35:24',1);
INSERT INTO `laboratory` VALUES (329,'08.01','2021-03-15 14:35:26','NEGATIVE',NULL,140,'Curtis Courson',NULL,NULL,NULL,NULL,NULL,NULL,NULL,NULL,NULL,NULL,NULL,NULL,NULL,0,73,'M','blood','2021-03-15','O','admin','2021-03-15 14:35:39','admin','2021-03-15 14:35:39',1);
INSERT INTO `laboratory` VALUES (330,'07.03.3','2021-03-15 14:35:46','<= 50 (NORMAL)',NULL,313,'Depuy Darrell',NULL,NULL,NULL,NULL,NULL,NULL,NULL,NULL,NULL,NULL,NULL,NULL,NULL,0,51,'M','undefined','2021-03-15','O','admin','2021-03-15 14:35:59','admin','2021-03-15 14:35:59',1);
INSERT INTO `laboratory` VALUES (331,'07.03.4','2021-03-15 14:35:46','> 50',NULL,313,'Depuy Darrell',NULL,NULL,NULL,NULL,NULL,NULL,NULL,NULL,NULL,NULL,NULL,NULL,NULL,0,51,'M','undefined','2021-03-15','O','admin','2021-03-15 14:35:59','admin','2021-03-15 14:35:59',1);
INSERT INTO `laboratory` VALUES (332,'03.01','2021-03-15 19:41:32','NEGATIVE',NULL,233,'Jeffreys Risa',NULL,NULL,NULL,NULL,NULL,NULL,NULL,NULL,NULL,NULL,NULL,NULL,NULL,0,1,'F','blood','2021-03-15','I','admin','2021-03-15 19:42:15','admin','2021-03-15 19:42:15',1);
INSERT INTO `laboratory` VALUES (333,'03.02','2021-03-15 19:41:32','NEGATIVE',NULL,233,'Jeffreys Risa',NULL,NULL,NULL,NULL,NULL,NULL,NULL,NULL,NULL,NULL,NULL,NULL,NULL,0,1,'F','blood','2021-03-15','I','admin','2021-03-15 19:42:15','admin','2021-03-15 19:42:15',1);
/*!40000 ALTER TABLE `laboratory` ENABLE KEYS */;
UNLOCK TABLES;

--
-- Table structure for table `laboratoryrow`
--

DROP TABLE IF EXISTS `laboratoryrow`;
/*!40101 SET @saved_cs_client     = @@character_set_client */;
/*!40101 SET character_set_client = utf8 */;
CREATE TABLE `laboratoryrow` (
  `LABR_ID` int(11) NOT NULL AUTO_INCREMENT,
  `LABR_LAB_ID` int(11) NOT NULL,
  `LABR_DESC` varchar(50) NOT NULL,
  `LABR_CREATED_BY` varchar(50) DEFAULT NULL,
  `LABR_CREATED_DATE` datetime DEFAULT NULL,
  `LABR_LAST_MODIFIED_BY` varchar(50) DEFAULT NULL,
  `LABR_LAST_MODIFIED_DATE` datetime DEFAULT NULL,
  `LABR_ACTIVE` tinyint(1) NOT NULL DEFAULT 1,
  PRIMARY KEY (`LABR_ID`),
  KEY `FK_LABORATORYROW_LABORATORY` (`LABR_LAB_ID`),
  CONSTRAINT `FK_LABORATORYROW_LABORATORY` FOREIGN KEY (`LABR_LAB_ID`) REFERENCES `laboratory` (`LAB_ID`) ON DELETE NO ACTION ON UPDATE CASCADE
) ENGINE=InnoDB AUTO_INCREMENT=78 DEFAULT CHARSET=utf8;
/*!40101 SET character_set_client = @saved_cs_client */;

--
-- Dumping data for table `laboratoryrow`
--

LOCK TABLES `laboratoryrow` WRITE;
/*!40000 ALTER TABLE `laboratoryrow` DISABLE KEYS */;
INSERT INTO `laboratoryrow` VALUES (34,262,'BILIRUBIN','admin','2020-11-20 23:52:39','admin','2020-11-20 23:52:39',1);
INSERT INTO `laboratoryrow` VALUES (35,262,'PROTEIN','admin','2020-11-20 23:52:39','admin','2020-11-20 23:52:39',1);
INSERT INTO `laboratoryrow` VALUES (36,262,'SEDIMENTS','admin','2020-11-20 23:52:39','admin','2020-11-20 23:52:39',1);
INSERT INTO `laboratoryrow` VALUES (37,262,'SUGAR','admin','2020-11-20 23:52:39','admin','2020-11-20 23:52:39',1);
INSERT INTO `laboratoryrow` VALUES (38,285,'HOOK WORM','admin','2020-11-20 23:57:46','admin','2020-11-20 23:57:46',1);
INSERT INTO `laboratoryrow` VALUES (39,285,'E.COLI CYSTS','admin','2020-11-20 23:57:46','admin','2020-11-20 23:57:46',1);
INSERT INTO `laboratoryrow` VALUES (40,285,'TAENIA SAGINATA','admin','2020-11-20 23:57:46','admin','2020-11-20 23:57:46',1);
INSERT INTO `laboratoryrow` VALUES (41,191,'SUGAR','admin','2020-11-21 00:34:15','admin','2020-11-21 00:34:15',1);
INSERT INTO `laboratoryrow` VALUES (42,193,'SUGAR','admin','2020-11-21 00:36:04','admin','2020-11-21 00:36:04',1);
INSERT INTO `laboratoryrow` VALUES (43,187,'SEDIMENTS','admin','2020-11-21 00:36:09','admin','2020-11-21 00:36:09',1);
INSERT INTO `laboratoryrow` VALUES (44,185,'SEDIMENTS','admin','2020-11-21 00:36:14','admin','2020-11-21 00:36:14',1);
INSERT INTO `laboratoryrow` VALUES (45,204,'E.VERMICULARIS','admin','2020-11-21 00:36:22','admin','2020-11-21 00:36:22',1);
INSERT INTO `laboratoryrow` VALUES (46,195,'SUGAR','admin','2020-11-21 00:36:28','admin','2020-11-21 00:36:28',1);
INSERT INTO `laboratoryrow` VALUES (47,50,'SUGAR','admin','2020-11-21 00:37:50','admin','2020-11-21 00:37:50',1);
INSERT INTO `laboratoryrow` VALUES (48,53,'SEDIMENTS','admin','2020-11-21 00:38:00','admin','2020-11-21 00:38:00',1);
INSERT INTO `laboratoryrow` VALUES (49,88,'TAENIA SOLIUM','admin','2020-11-21 00:38:26','admin','2020-11-21 00:38:26',1);
INSERT INTO `laboratoryrow` VALUES (50,99,'E.HISTOLYTICA','admin','2020-11-21 00:38:34','admin','2020-11-21 00:38:34',1);
INSERT INTO `laboratoryrow` VALUES (51,87,'S.MANSONI','admin','2020-11-21 00:39:41','admin','2020-11-21 00:39:41',1);
INSERT INTO `laboratoryrow` VALUES (52,120,'SEDIMENTS','admin','2020-11-21 00:40:06','admin','2020-11-21 00:40:06',1);
INSERT INTO `laboratoryrow` VALUES (53,122,'HOOK WORM','admin','2020-11-21 00:40:29','admin','2020-11-21 00:40:29',1);
INSERT INTO `laboratoryrow` VALUES (54,124,'SEDIMENTS','admin','2020-11-21 00:41:15','admin','2020-11-21 00:41:15',1);
INSERT INTO `laboratoryrow` VALUES (55,89,'A..LUMBRICOIDES','admin','2020-11-21 00:41:42','admin','2020-11-21 00:41:42',1);
INSERT INTO `laboratoryrow` VALUES (56,14,'SUGAR','admin','2020-11-21 00:41:59','admin','2020-11-21 00:41:59',1);
INSERT INTO `laboratoryrow` VALUES (57,33,'SUGAR','admin','2020-11-21 00:42:03','admin','2020-11-21 00:42:03',1);
INSERT INTO `laboratoryrow` VALUES (58,56,'SUGAR','admin','2020-11-21 00:43:53','admin','2020-11-21 00:43:53',1);
INSERT INTO `laboratoryrow` VALUES (59,76,'SUGAR','admin','2020-11-21 00:44:46','admin','2020-11-21 00:44:46',1);
INSERT INTO `laboratoryrow` VALUES (60,68,'PROTEIN','admin','2020-11-21 00:45:09','admin','2020-11-21 00:45:09',1);
INSERT INTO `laboratoryrow` VALUES (61,75,'SEDIMENTS','admin','2020-11-21 00:45:17','admin','2020-11-21 00:45:17',1);
INSERT INTO `laboratoryrow` VALUES (62,30,'SUGAR','admin','2020-11-21 00:45:23','admin','2020-11-21 00:45:23',1);
INSERT INTO `laboratoryrow` VALUES (63,81,'SUGAR','admin','2020-11-21 00:49:47','admin','2020-11-21 00:49:47',1);
INSERT INTO `laboratoryrow` VALUES (64,17,'SEDIMENTS','admin','2020-11-21 00:50:14','admin','2020-11-21 00:50:14',1);
INSERT INTO `laboratoryrow` VALUES (65,153,'TAENIA SOLIUM','admin','2020-11-21 00:51:47','admin','2020-11-21 00:51:47',1);
INSERT INTO `laboratoryrow` VALUES (66,172,'HOOK WORM','admin','2020-11-21 01:23:35','admin','2020-11-21 01:23:35',1);
INSERT INTO `laboratoryrow` VALUES (67,184,'SEDIMENTS','admin','2020-11-21 01:23:47','admin','2020-11-21 01:23:47',1);
INSERT INTO `laboratoryrow` VALUES (68,181,'E.COLI CYSTS','admin','2020-11-21 01:24:08','admin','2020-11-21 01:24:08',1);
INSERT INTO `laboratoryrow` VALUES (69,180,'SUGAR','admin','2020-11-21 01:24:25','admin','2020-11-21 01:24:25',1);
INSERT INTO `laboratoryrow` VALUES (70,161,'SUGAR','admin','2020-11-21 01:27:37','admin','2020-11-21 01:27:37',1);
INSERT INTO `laboratoryrow` VALUES (71,215,'G.LAMBLIA','admin','2020-11-21 01:28:04','admin','2020-11-21 01:28:04',1);
INSERT INTO `laboratoryrow` VALUES (72,178,'SUGAR','admin','2020-11-21 01:30:39','admin','2020-11-21 01:30:39',1);
INSERT INTO `laboratoryrow` VALUES (73,233,'SUGAR','admin','2020-11-21 01:31:24','admin','2020-11-21 01:31:24',1);
INSERT INTO `laboratoryrow` VALUES (74,140,'TAENIA SOLIUM','admin','2020-11-21 01:31:33','admin','2020-11-21 01:31:33',1);
INSERT INTO `laboratoryrow` VALUES (75,177,'G.LAMBLIA','admin','2020-11-21 01:40:26','admin','2020-11-21 01:40:26',1);
INSERT INTO `laboratoryrow` VALUES (76,318,'BILIRUBIN','admin','2021-03-15 00:51:04','admin','2021-03-15 00:51:04',1);
INSERT INTO `laboratoryrow` VALUES (77,318,'SUGAR','admin','2021-03-15 00:51:04','admin','2021-03-15 00:51:04',1);
/*!40000 ALTER TABLE `laboratoryrow` ENABLE KEYS */;
UNLOCK TABLES;

--
-- Table structure for table `log`
--

DROP TABLE IF EXISTS `log`;
/*!40101 SET @saved_cs_client     = @@character_set_client */;
/*!40101 SET character_set_client = utf8 */;
CREATE TABLE `log` (
  `LOG_ID` int(11) NOT NULL AUTO_INCREMENT,
  `LOG_TYPE` int(11) NOT NULL,
  `LOG_CLASS` varchar(100) DEFAULT NULL,
  `LOG_METHOD` varchar(64) DEFAULT NULL,
  `LOG_TIME` datetime NOT NULL,
  `LOG_MESS` varchar(1024) DEFAULT NULL,
  `LOG_USER` varchar(50) DEFAULT NULL,
  PRIMARY KEY (`LOG_ID`)
) ENGINE=MyISAM DEFAULT CHARSET=utf8;
/*!40101 SET character_set_client = @saved_cs_client */;

--
-- Dumping data for table `log`
--

LOCK TABLES `log` WRITE;
/*!40000 ALTER TABLE `log` DISABLE KEYS */;
/*!40000 ALTER TABLE `log` ENABLE KEYS */;
UNLOCK TABLES;

--
-- Table structure for table `malnutritioncontrol`
--

DROP TABLE IF EXISTS `malnutritioncontrol`;
/*!40101 SET @saved_cs_client     = @@character_set_client */;
/*!40101 SET character_set_client = utf8 */;
CREATE TABLE `malnutritioncontrol` (
  `MLN_ID` int(11) NOT NULL AUTO_INCREMENT,
  `MLN_DATE_SUPP` datetime NOT NULL,
  `MNL_DATE_CONF` datetime DEFAULT NULL,
  `MLN_ADM_ID` int(11) NOT NULL,
  `MLN_HEIGHT` float NOT NULL,
  `MLN_WEIGHT` float NOT NULL,
  `MLN_LOCK` int(11) NOT NULL DEFAULT 0,
  `MLN_CREATED_BY` varchar(50) DEFAULT NULL,
  `MLN_CREATED_DATE` datetime DEFAULT NULL,
  `MLN_LAST_MODIFIED_BY` varchar(50) DEFAULT NULL,
  `MLN_LAST_MODIFIED_DATE` datetime DEFAULT NULL,
  `MLN_ACTIVE` tinyint(1) NOT NULL DEFAULT 1,
  PRIMARY KEY (`MLN_ID`)
) ENGINE=MyISAM DEFAULT CHARSET=utf8;
/*!40101 SET character_set_client = @saved_cs_client */;

--
-- Dumping data for table `malnutritioncontrol`
--

LOCK TABLES `malnutritioncontrol` WRITE;
/*!40000 ALTER TABLE `malnutritioncontrol` DISABLE KEYS */;
/*!40000 ALTER TABLE `malnutritioncontrol` ENABLE KEYS */;
UNLOCK TABLES;

--
-- Table structure for table `medicaldsr`
--

DROP TABLE IF EXISTS `medicaldsr`;
/*!40101 SET @saved_cs_client     = @@character_set_client */;
/*!40101 SET character_set_client = utf8 */;
CREATE TABLE `medicaldsr` (
  `MDSR_ID` int(11) NOT NULL AUTO_INCREMENT,
  `MDSR_MDSRT_ID_A` char(1) NOT NULL,
  `MDSR_CODE` varchar(5) NOT NULL,
  `MDSR_DESC` varchar(100) NOT NULL,
  `MDSR_MIN_STOCK_QTI` float NOT NULL DEFAULT 0,
  `MDSR_INI_STOCK_QTI` float NOT NULL DEFAULT 0,
  `MDSR_PCS_X_PCK` int(11) NOT NULL,
  `MDSR_IN_QTI` float NOT NULL DEFAULT 0,
  `MDSR_OUT_QTI` float NOT NULL DEFAULT 0,
  `MDSR_LOCK` int(11) NOT NULL DEFAULT 0,
  `MDSR_CREATED_BY` varchar(50) DEFAULT NULL,
  `MDSR_CREATED_DATE` datetime DEFAULT NULL,
  `MDSR_LAST_MODIFIED_BY` varchar(50) DEFAULT NULL,
  `MDSR_LAST_MODIFIED_DATE` datetime DEFAULT NULL,
  `MDSR_ACTIVE` tinyint(1) NOT NULL DEFAULT 1,
  PRIMARY KEY (`MDSR_ID`),
  UNIQUE KEY `MDSR_MDSRT_ID_A` (`MDSR_MDSRT_ID_A`,`MDSR_DESC`),
  CONSTRAINT `FK_MEDICALDSR_MEDICALDSRTYPE` FOREIGN KEY (`MDSR_MDSRT_ID_A`) REFERENCES `medicaldsrtype` (`MDSRT_ID_A`) ON DELETE NO ACTION ON UPDATE CASCADE
) ENGINE=InnoDB AUTO_INCREMENT=419 DEFAULT CHARSET=utf8;
/*!40101 SET character_set_client = @saved_cs_client */;

--
-- Dumping data for table `medicaldsr`
--

LOCK TABLES `medicaldsr` WRITE;
/*!40000 ALTER TABLE `medicaldsr` DISABLE KEYS */;
INSERT INTO `medicaldsr` VALUES (1,'K','','Glucose Test Strip ( Sure Step)',0,0,0,0,0,0,NULL,NULL,NULL,NULL,1);
INSERT INTO `medicaldsr` VALUES (2,'L','','Acetic Acid Glacial 1 ltr',0,0,0,0,0,0,NULL,NULL,NULL,NULL,1);
INSERT INTO `medicaldsr` VALUES (3,'L','','Aceton 99% 1ltr',0,0,0,0,0,0,NULL,NULL,NULL,NULL,1);
INSERT INTO `medicaldsr` VALUES (4,'L','','Copper 11 Sulphate 500g',0,0,0,0,0,0,NULL,NULL,NULL,NULL,1);
INSERT INTO `medicaldsr` VALUES (5,'L','','EDTA Di- sodium salt 100g',0,0,0,0,0,0,NULL,NULL,NULL,NULL,1);
INSERT INTO `medicaldsr` VALUES (6,'L','','Ethanol Absolute 1ltr',0,0,0,0,0,0,NULL,NULL,NULL,NULL,1);
INSERT INTO `medicaldsr` VALUES (7,'L','','Formaldelyde solution 35-38% 1ltr',0,0,0,0,0,0,NULL,NULL,NULL,NULL,1);
INSERT INTO `medicaldsr` VALUES (8,'L','','Hydrochloric Acid 30-33% 1ltr',0,0,0,0,0,0,NULL,NULL,NULL,NULL,1);
INSERT INTO `medicaldsr` VALUES (9,'L','','Iodin Crystal 100g',0,0,0,0,0,0,NULL,NULL,NULL,NULL,1);
INSERT INTO `medicaldsr` VALUES (10,'L','','Methanol 99% 1ltr',0,0,0,0,0,0,NULL,NULL,NULL,NULL,1);
INSERT INTO `medicaldsr` VALUES (11,'L','','Phenol crystals 1kg',0,0,0,0,0,0,NULL,NULL,NULL,NULL,1);
INSERT INTO `medicaldsr` VALUES (12,'L','','Potassium iodide 100g',0,0,0,0,0,0,NULL,NULL,NULL,NULL,1);
INSERT INTO `medicaldsr` VALUES (13,'L','','Sodium Carbonate Anhydrous 500g',0,0,0,0,0,0,NULL,NULL,NULL,NULL,1);
INSERT INTO `medicaldsr` VALUES (14,'L','','Sodium Citrate 100g',0,0,0,0,0,0,NULL,NULL,NULL,NULL,1);
INSERT INTO `medicaldsr` VALUES (15,'L','','Sodium Sulphate 500g',0,0,0,0,0,0,NULL,NULL,NULL,NULL,1);
INSERT INTO `medicaldsr` VALUES (16,'L','','Sodium Nitrate 25g',0,0,0,0,0,0,NULL,NULL,NULL,NULL,1);
INSERT INTO `medicaldsr` VALUES (17,'L','','Sulphosalicylic Acid 500g',0,0,0,0,0,0,NULL,NULL,NULL,NULL,1);
INSERT INTO `medicaldsr` VALUES (18,'L','','Sulphuric Acid Conc 1ltr',0,0,0,0,0,0,NULL,NULL,NULL,NULL,1);
INSERT INTO `medicaldsr` VALUES (19,'L','','Xylene 2.5 ltrs',0,0,0,0,0,0,NULL,NULL,NULL,NULL,1);
INSERT INTO `medicaldsr` VALUES (20,'L','','Sodium Flouride',0,0,0,0,0,0,NULL,NULL,NULL,NULL,1);
INSERT INTO `medicaldsr` VALUES (21,'L','','Potassium Oxalate',0,0,0,0,0,0,NULL,NULL,NULL,NULL,1);
INSERT INTO `medicaldsr` VALUES (22,'L','','Brillians crystal blue',0,0,0,0,0,0,NULL,NULL,NULL,NULL,1);
INSERT INTO `medicaldsr` VALUES (23,'L','','Amonium Oxalate',0,0,0,0,0,0,NULL,NULL,NULL,NULL,1);
INSERT INTO `medicaldsr` VALUES (24,'L','','4 Dimethyl Aminobenzaldelyde',0,0,0,0,0,0,NULL,NULL,NULL,NULL,1);
INSERT INTO `medicaldsr` VALUES (25,'L','','Trichloro acetic Acid',0,0,0,0,0,0,NULL,NULL,NULL,NULL,1);
INSERT INTO `medicaldsr` VALUES (26,'L','','Non 111 Chloride (Ferric chloride)',0,0,0,0,0,0,NULL,NULL,NULL,NULL,1);
INSERT INTO `medicaldsr` VALUES (27,'L','','Sodium Carbonate Anhydrous',0,0,0,0,0,0,NULL,NULL,NULL,NULL,1);
INSERT INTO `medicaldsr` VALUES (28,'L','','Trisodium Citrate',0,0,0,0,0,0,NULL,NULL,NULL,NULL,1);
INSERT INTO `medicaldsr` VALUES (29,'L','','Crystal Violet',0,0,0,0,0,0,NULL,NULL,NULL,NULL,1);
INSERT INTO `medicaldsr` VALUES (30,'K','','GPT (ALT) 200ml ( Does not have NAOH)',0,0,0,0,0,0,NULL,NULL,NULL,NULL,1);
INSERT INTO `medicaldsr` VALUES (31,'K','','GOT ( AST) 200ml has no NAOH) AS 101',0,0,0,0,0,0,NULL,NULL,NULL,NULL,1);
INSERT INTO `medicaldsr` VALUES (32,'K','','GOT ( AST) 200ml (Calorimetric) AS 147',0,0,0,0,0,0,NULL,NULL,NULL,NULL,1);
INSERT INTO `medicaldsr` VALUES (33,'K','','HIV 1/2 Capillus Kit 100Tests',0,0,0,0,0,0,NULL,NULL,NULL,NULL,1);
INSERT INTO `medicaldsr` VALUES (34,'K','','HIV Buffer for determine Kit',0,0,0,0,0,0,NULL,NULL,NULL,NULL,1);
INSERT INTO `medicaldsr` VALUES (35,'K','','HIV Determine 1/11 (Abbott) 100Tests',0,0,0,0,0,0,NULL,NULL,NULL,NULL,1);
INSERT INTO `medicaldsr` VALUES (36,'K','','HIV UNIGOLD 1/11 Test Kits 20 Tests',0,0,0,0,0,0,NULL,NULL,NULL,NULL,1);
INSERT INTO `medicaldsr` VALUES (37,'K','','Pregnacy ( HGG Latex) 50 tests',0,0,0,0,0,0,NULL,NULL,NULL,NULL,1);
INSERT INTO `medicaldsr` VALUES (38,'K','','RPR 125mm x 75mm',0,0,0,0,0,0,NULL,NULL,NULL,NULL,1);
INSERT INTO `medicaldsr` VALUES (39,'K','','RPR ( VDRL Carbon ) Antigen 5ml',0,0,0,0,0,0,NULL,NULL,NULL,NULL,1);
INSERT INTO `medicaldsr` VALUES (40,'D','','Adrenaline 1mg/ml 1ml Amp',0,0,0,100,100,0,NULL,NULL,NULL,NULL,1);
INSERT INTO `medicaldsr` VALUES (41,'D','','Aminophyline 25mg/ml,10ml Amp',0,0,0,190,0,0,NULL,NULL,NULL,NULL,1);
INSERT INTO `medicaldsr` VALUES (42,'D','','Amphotericin B 50mg Vial',0,0,0,0,0,0,NULL,NULL,NULL,NULL,1);
INSERT INTO `medicaldsr` VALUES (43,'D','','Ampicillin 500mg Vial',0,0,0,650,0,0,NULL,NULL,NULL,NULL,1);
INSERT INTO `medicaldsr` VALUES (44,'D','','Atropine 1mg/ml 1ml Amp',0,0,0,673,0,0,NULL,NULL,NULL,NULL,1);
INSERT INTO `medicaldsr` VALUES (45,'D','','Benzathine Penicillin 2.4 MIU Vial',0,0,0,0,0,0,NULL,NULL,NULL,NULL,1);
INSERT INTO `medicaldsr` VALUES (46,'D','','Benzyl Penicillin 1 MIU Vial',0,0,0,0,0,0,NULL,NULL,NULL,NULL,1);
INSERT INTO `medicaldsr` VALUES (47,'D','','Benzyl Penicillin 5 MIU Vial',0,0,0,0,0,0,NULL,NULL,NULL,NULL,1);
INSERT INTO `medicaldsr` VALUES (48,'D','','Chloramphenicol 1g Vial',0,0,0,0,0,0,NULL,NULL,NULL,NULL,1);
INSERT INTO `medicaldsr` VALUES (49,'D','','Chloroquine 40mg Base/ml 5ml Amp',0,0,0,0,0,0,NULL,NULL,NULL,NULL,1);
INSERT INTO `medicaldsr` VALUES (50,'D','','Chlorpromazine 25mg/ml/2ml Amp',0,0,0,100,40,2,NULL,NULL,'admin','2021-03-15 14:39:20',1);
INSERT INTO `medicaldsr` VALUES (51,'D','','Cloxacillin 500mg Vial',0,0,0,0,0,0,NULL,NULL,NULL,NULL,1);
INSERT INTO `medicaldsr` VALUES (52,'D','','Cyclophosphamide 200mg Vial',0,0,0,0,0,0,NULL,NULL,NULL,NULL,1);
INSERT INTO `medicaldsr` VALUES (53,'D','','Cyclophosphamide 500mg Vial',0,0,0,0,0,0,NULL,NULL,NULL,NULL,1);
INSERT INTO `medicaldsr` VALUES (54,'D','','Diazepam 5mg / ml 2ml Amp',0,0,0,0,0,0,NULL,NULL,NULL,NULL,1);
INSERT INTO `medicaldsr` VALUES (55,'D','','Diclofenac 25mg/ml 3ml Amp',0,0,0,0,0,0,NULL,NULL,NULL,NULL,1);
INSERT INTO `medicaldsr` VALUES (56,'D','','Digoxin 0.25 mg/ml 2ml Amp',0,0,0,0,0,0,NULL,NULL,NULL,NULL,1);
INSERT INTO `medicaldsr` VALUES (57,'D','','Frusemide 10mg/ml 2ml Amp',0,0,0,0,0,0,NULL,NULL,NULL,NULL,1);
INSERT INTO `medicaldsr` VALUES (58,'D','','Gentamicin 40mg/ml 2ml',0,0,0,0,0,0,NULL,NULL,NULL,NULL,1);
INSERT INTO `medicaldsr` VALUES (59,'D','','Haloperidol 5mg/ml 1ml Amp',0,0,0,0,0,0,NULL,NULL,NULL,NULL,1);
INSERT INTO `medicaldsr` VALUES (60,'D','','Haloperidol Decanoate 50mg/ml 1ml Amp',0,0,0,0,0,0,NULL,NULL,NULL,NULL,1);
INSERT INTO `medicaldsr` VALUES (61,'D','','Hydralazine 20mg Vial',0,0,0,0,0,0,NULL,NULL,NULL,NULL,1);
INSERT INTO `medicaldsr` VALUES (62,'D','','Hydrocortisone 100mg Vial',0,0,0,0,0,0,NULL,NULL,NULL,NULL,1);
INSERT INTO `medicaldsr` VALUES (63,'D','','Hyoscine Butyl Bromide 20mg/ml/ Amp',0,0,0,0,0,0,NULL,NULL,NULL,NULL,1);
INSERT INTO `medicaldsr` VALUES (64,'D','','Insulin Soluble 100IU/ml 10ml Vial',0,0,0,0,0,0,NULL,NULL,NULL,NULL,1);
INSERT INTO `medicaldsr` VALUES (65,'D','','Insulin Isophane 100IU/ml 10ml Vial',0,0,0,0,0,0,NULL,NULL,NULL,NULL,1);
INSERT INTO `medicaldsr` VALUES (66,'D','','Insulin Mixtard 30/70 100IU/ml 10ml Vial',0,0,0,0,0,0,NULL,NULL,NULL,NULL,1);
INSERT INTO `medicaldsr` VALUES (67,'D','','Insulin Mixtard 30/70 100IU/ml 5x3ml catridges',0,0,0,0,0,0,NULL,NULL,NULL,NULL,1);
INSERT INTO `medicaldsr` VALUES (68,'D','','Insulin Isophane 40IU/ml 10ml',0,0,0,0,0,0,NULL,NULL,NULL,NULL,1);
INSERT INTO `medicaldsr` VALUES (69,'D','','Iron Dextran 10mg/ml 2ml Vial',0,0,0,0,0,0,NULL,NULL,NULL,NULL,1);
INSERT INTO `medicaldsr` VALUES (70,'D','','Ketamine 10mg/ml 20ml Vial',0,0,30,0,0,1,NULL,NULL,'admin','2020-11-23 14:32:19',1);
INSERT INTO `medicaldsr` VALUES (71,'D','','Ketamine 10mg/ml 10ml Vial',0,0,20,0,0,1,NULL,NULL,'admin','2020-11-23 14:32:11',1);
INSERT INTO `medicaldsr` VALUES (72,'D','','Lignocaine 2% 20ml Vial',0,0,0,0,0,0,NULL,NULL,NULL,NULL,1);
INSERT INTO `medicaldsr` VALUES (73,'D','','Lignocaine 2% Adrenaline Dent.cartridges',0,0,0,0,0,0,NULL,NULL,NULL,NULL,1);
INSERT INTO `medicaldsr` VALUES (74,'D','','Lignocaine spinal 50mg/ml 2ml Amp',0,0,0,0,0,0,NULL,NULL,NULL,NULL,1);
INSERT INTO `medicaldsr` VALUES (75,'D','','Methylergomatrine 0.2mg/ml 1ml Amp',0,0,0,0,0,0,NULL,NULL,NULL,NULL,1);
INSERT INTO `medicaldsr` VALUES (76,'D','','Methylergomatrine 0.5mg/ml 1ml Amp',0,0,0,0,0,0,NULL,NULL,NULL,NULL,1);
INSERT INTO `medicaldsr` VALUES (77,'D','','Metoclopramide 5mg/ml 100ml Amp',0,0,0,0,0,0,NULL,NULL,NULL,NULL,1);
INSERT INTO `medicaldsr` VALUES (78,'D','','Metronidazole 5mg/ml 2ml IV',0,0,0,0,0,0,NULL,NULL,NULL,NULL,1);
INSERT INTO `medicaldsr` VALUES (79,'D','','Morphine 15mg/ml 1ml Amp',0,0,0,0,0,0,NULL,NULL,NULL,NULL,1);
INSERT INTO `medicaldsr` VALUES (80,'D','','Oxytocin 10 IU/ml 1ml Amp',0,0,0,0,0,0,NULL,NULL,NULL,NULL,1);
INSERT INTO `medicaldsr` VALUES (81,'D','','Pethidine 100mg/ml 2ml Amp',0,0,0,0,0,0,NULL,NULL,NULL,NULL,1);
INSERT INTO `medicaldsr` VALUES (82,'D','','Pethidine 50mg/ml 1ml Amp',0,0,0,0,0,0,NULL,NULL,NULL,NULL,1);
INSERT INTO `medicaldsr` VALUES (83,'D','','Phenobarbital 100mg/ml 2ml Amp',0,0,0,0,0,0,NULL,NULL,NULL,NULL,1);
INSERT INTO `medicaldsr` VALUES (84,'D','','Phytomenadione 10mg/ml 1ml Amp',0,0,0,0,0,0,NULL,NULL,NULL,NULL,1);
INSERT INTO `medicaldsr` VALUES (85,'D','','Phytomenadione 1mg/ml 1ml Amp',0,0,0,0,0,0,NULL,NULL,NULL,NULL,1);
INSERT INTO `medicaldsr` VALUES (86,'D','','Procaine Penicillin Fortified 4 MIU Vial',0,0,0,0,0,0,NULL,NULL,NULL,NULL,1);
INSERT INTO `medicaldsr` VALUES (87,'D','','Promethazine 25mg/ml 2ml Amp',0,0,0,0,0,0,NULL,NULL,NULL,NULL,1);
INSERT INTO `medicaldsr` VALUES (88,'D','','Quinine Di-HCI 300mg/ml 2ml Amp',0,0,0,0,0,0,NULL,NULL,NULL,NULL,1);
INSERT INTO `medicaldsr` VALUES (89,'D','','Ranitidine 25mg/ml 2ml Amp',0,0,0,0,0,0,NULL,NULL,NULL,NULL,1);
INSERT INTO `medicaldsr` VALUES (90,'D','','Streptomycin 1g Vial',0,0,0,0,0,0,NULL,NULL,NULL,NULL,1);
INSERT INTO `medicaldsr` VALUES (91,'D','','Suxamethonium 500mg Vial',0,0,0,0,0,0,NULL,NULL,NULL,NULL,1);
INSERT INTO `medicaldsr` VALUES (92,'D','','Suxamethonium 500mg/ml 2ml Amp',0,0,0,0,0,0,NULL,NULL,NULL,NULL,1);
INSERT INTO `medicaldsr` VALUES (93,'D','','tetanus Antitoxin 1500 IU 1ml Amp',0,0,0,0,0,0,NULL,NULL,NULL,NULL,1);
INSERT INTO `medicaldsr` VALUES (94,'D','','Thiopental Sodium 500mg Vial',0,0,0,0,0,0,NULL,NULL,NULL,NULL,1);
INSERT INTO `medicaldsr` VALUES (95,'D','','Water for Injection 10ml Vial',0,0,0,0,0,0,NULL,NULL,NULL,NULL,1);
INSERT INTO `medicaldsr` VALUES (96,'D','','Sodium Chloride 0.9% IV 500ml',0,0,0,0,0,0,NULL,NULL,NULL,NULL,1);
INSERT INTO `medicaldsr` VALUES (97,'D','','Sodium Lactate Compound IV 500ml',0,0,0,0,0,0,NULL,NULL,NULL,NULL,1);
INSERT INTO `medicaldsr` VALUES (98,'D','','Acetazolamide 250mg Tab',0,0,0,200,200,2,NULL,NULL,NULL,NULL,1);
INSERT INTO `medicaldsr` VALUES (99,'D','','Acyclovir 200mg Tab',0,0,0,1310,100,0,NULL,NULL,NULL,NULL,1);
INSERT INTO `medicaldsr` VALUES (101,'D','','Aminophylline 100mg Tab',0,0,0,8981,0,0,NULL,NULL,NULL,NULL,1);
INSERT INTO `medicaldsr` VALUES (102,'D','','Albendazole 400mg Tab',0,0,0,0,0,0,NULL,NULL,NULL,NULL,1);
INSERT INTO `medicaldsr` VALUES (103,'D','','Albendazole 200mg Tab',450,0,0,37300,100,1,NULL,NULL,NULL,NULL,1);
INSERT INTO `medicaldsr` VALUES (104,'D','','Amitriptyline 25mg Tab',0,0,0,5600,0,0,NULL,NULL,NULL,NULL,1);
INSERT INTO `medicaldsr` VALUES (105,'D','','Amoxycillin 250mg Caps',0,0,0,57080,1000,0,NULL,NULL,NULL,NULL,1);
INSERT INTO `medicaldsr` VALUES (106,'D','','Amoxycillin /Clavulanate 375mg Tab',0,0,0,0,0,0,NULL,NULL,NULL,NULL,1);
INSERT INTO `medicaldsr` VALUES (107,'D','','Ascorbic Acid 100mg tab',0,0,0,0,0,0,NULL,NULL,NULL,NULL,1);
INSERT INTO `medicaldsr` VALUES (108,'D','','Aspirin 300mg Tab',0,0,0,4344,1600,0,NULL,NULL,NULL,NULL,1);
INSERT INTO `medicaldsr` VALUES (109,'D','','Atenolol 50mg Tab',0,0,0,5500,0,0,NULL,NULL,NULL,NULL,1);
INSERT INTO `medicaldsr` VALUES (110,'D','','Atenolol 100mg Tab',0,0,0,0,0,0,NULL,NULL,NULL,NULL,1);
INSERT INTO `medicaldsr` VALUES (111,'D','','Bendrofluazide 5mg Tab',0,0,100,0,0,1,NULL,NULL,'admin','2020-11-23 14:17:32',1);
INSERT INTO `medicaldsr` VALUES (112,'D','','Benzhexol 2mg Tab',0,0,0,0,0,0,NULL,NULL,NULL,NULL,1);
INSERT INTO `medicaldsr` VALUES (113,'D','','Benzhexol 5mg Tab',0,0,0,0,0,0,NULL,NULL,NULL,NULL,1);
INSERT INTO `medicaldsr` VALUES (114,'D','','Bisacodyl 5mg Tab',0,0,0,0,0,0,NULL,NULL,NULL,NULL,1);
INSERT INTO `medicaldsr` VALUES (115,'D','','Calcium Lactate 300mg Tab',0,0,0,0,0,0,NULL,NULL,NULL,NULL,1);
INSERT INTO `medicaldsr` VALUES (116,'D','','Carbamazepine 200mg Tab',0,0,0,0,0,0,NULL,NULL,NULL,NULL,1);
INSERT INTO `medicaldsr` VALUES (117,'D','','Carbimazole 5mg Tab',0,0,0,0,0,0,NULL,NULL,NULL,NULL,1);
INSERT INTO `medicaldsr` VALUES (118,'D','','Charcoal 250mg Tab',0,0,0,0,0,0,NULL,NULL,NULL,NULL,1);
INSERT INTO `medicaldsr` VALUES (119,'D','','Chloramphenicol 250mg Caps',0,0,0,0,0,0,NULL,NULL,NULL,NULL,1);
INSERT INTO `medicaldsr` VALUES (120,'D','','Chloroquine Uncoated 150mg Tab',0,0,0,0,0,0,NULL,NULL,NULL,NULL,1);
INSERT INTO `medicaldsr` VALUES (121,'D','','Chloroquine Coated 150mg Tab',0,0,0,0,0,0,NULL,NULL,NULL,NULL,1);
INSERT INTO `medicaldsr` VALUES (122,'K','','UREA Calorimetric 300 Tests',0,0,0,0,0,0,NULL,NULL,NULL,NULL,1);
INSERT INTO `medicaldsr` VALUES (123,'D','','Chlorphenimine 4mg Tab',0,0,0,0,0,0,NULL,NULL,NULL,NULL,1);
INSERT INTO `medicaldsr` VALUES (124,'D','','Chlorpromazine 100mg Tab',0,0,0,0,0,0,NULL,NULL,NULL,NULL,1);
INSERT INTO `medicaldsr` VALUES (125,'D','','Chlorpromazine 25mg Tab',0,0,0,0,0,0,NULL,NULL,NULL,NULL,1);
INSERT INTO `medicaldsr` VALUES (126,'D','','Cimetidine 200mg Tab',0,0,0,0,0,0,NULL,NULL,NULL,NULL,1);
INSERT INTO `medicaldsr` VALUES (127,'D','','Cimetidine 400mg Tab',0,0,0,0,0,0,NULL,NULL,NULL,NULL,1);
INSERT INTO `medicaldsr` VALUES (128,'D','','Ciprofloxacine 500mg Tab',0,0,0,0,0,0,NULL,NULL,NULL,NULL,1);
INSERT INTO `medicaldsr` VALUES (129,'D','','Ciprofloxacine 250mg Tab',0,0,0,0,0,0,NULL,NULL,NULL,NULL,1);
INSERT INTO `medicaldsr` VALUES (130,'D','','Cloxacillin 250mg Tab',0,0,0,0,0,0,NULL,NULL,NULL,NULL,1);
INSERT INTO `medicaldsr` VALUES (131,'D','','Codein Phosphate 30mg Tab',0,0,0,0,0,0,NULL,NULL,NULL,NULL,1);
INSERT INTO `medicaldsr` VALUES (132,'D','','Cotrimoxazole 100/20mg Paed Tab',0,0,0,0,0,0,NULL,NULL,NULL,NULL,1);
INSERT INTO `medicaldsr` VALUES (133,'D','','Cotrimoxazole 400/80mg Tab',0,0,0,0,0,0,NULL,NULL,NULL,NULL,1);
INSERT INTO `medicaldsr` VALUES (134,'D','','Darrows Half Strength 500ml',0,0,0,0,0,0,NULL,NULL,NULL,NULL,1);
INSERT INTO `medicaldsr` VALUES (135,'D','','DEXAMethasone 4mg/ml 2ml Amp',0,0,0,0,0,0,NULL,NULL,NULL,NULL,1);
INSERT INTO `medicaldsr` VALUES (136,'D','','DEXAMethasone 4mg/ml 1ml Amp',0,0,0,0,0,0,NULL,NULL,NULL,NULL,1);
INSERT INTO `medicaldsr` VALUES (137,'D','','Dextrose 5% IV 500ml',0,0,0,0,0,0,NULL,NULL,NULL,NULL,1);
INSERT INTO `medicaldsr` VALUES (138,'D','','Dextrose 30% IV 100ml',0,0,0,0,0,0,NULL,NULL,NULL,NULL,1);
INSERT INTO `medicaldsr` VALUES (139,'D','','Dextrose 50% IV 100ml',0,0,0,0,0,0,NULL,NULL,NULL,NULL,1);
INSERT INTO `medicaldsr` VALUES (140,'D','','DEXAMethasone 0.5mg Tab',0,0,0,0,0,0,NULL,NULL,NULL,NULL,1);
INSERT INTO `medicaldsr` VALUES (141,'D','','Diazepam 5mg Tab',0,0,0,0,0,0,NULL,NULL,NULL,NULL,1);
INSERT INTO `medicaldsr` VALUES (142,'D','','Diclofenac 50mg Tab',0,0,0,0,0,0,NULL,NULL,NULL,NULL,1);
INSERT INTO `medicaldsr` VALUES (143,'D','','Diethylcarbamazine 50mg Tab',0,0,0,0,0,0,NULL,NULL,NULL,NULL,1);
INSERT INTO `medicaldsr` VALUES (144,'D','','Digoxin 0.25 mg Tab',0,0,0,0,0,0,NULL,NULL,NULL,NULL,1);
INSERT INTO `medicaldsr` VALUES (145,'D','','Doxycycline 100mg Tab',0,0,0,0,0,0,NULL,NULL,NULL,NULL,1);
INSERT INTO `medicaldsr` VALUES (146,'D','','Ephedrine 30mg Tab',0,0,0,0,0,0,NULL,NULL,NULL,NULL,1);
INSERT INTO `medicaldsr` VALUES (147,'D','','Erythromycin 250mg Tab',0,0,0,0,0,0,NULL,NULL,NULL,NULL,1);
INSERT INTO `medicaldsr` VALUES (148,'D','','Fansider 500/25mg Tab (50dosesx3)',0,0,0,0,0,0,NULL,NULL,NULL,NULL,1);
INSERT INTO `medicaldsr` VALUES (149,'D','','Fansider 500/25mg Tab',0,0,0,0,0,0,NULL,NULL,NULL,NULL,1);
INSERT INTO `medicaldsr` VALUES (150,'D','','Ferrous Sulphate 200mg Tab',0,0,0,0,0,0,NULL,NULL,NULL,NULL,1);
INSERT INTO `medicaldsr` VALUES (151,'D','','Fluconazole 100mg Tab',0,0,0,100,0,1,NULL,NULL,'admin','2021-03-15 01:20:30',1);
INSERT INTO `medicaldsr` VALUES (152,'D','','Fluconazole 100mg 24 Caps',0,0,0,0,0,0,NULL,NULL,NULL,NULL,1);
INSERT INTO `medicaldsr` VALUES (153,'D','','Folic Acid 1mg Tab',0,0,0,0,0,0,NULL,NULL,NULL,NULL,1);
INSERT INTO `medicaldsr` VALUES (154,'D','','Folic Acid 5mg Tab',0,0,0,0,0,0,NULL,NULL,NULL,NULL,1);
INSERT INTO `medicaldsr` VALUES (155,'D','','Folic Acid/Ferrous Sulp 0.5/200mg Tab',0,0,0,0,0,0,NULL,NULL,NULL,NULL,1);
INSERT INTO `medicaldsr` VALUES (156,'D','','Folic Acid 15mg Tab',0,0,0,0,0,0,NULL,NULL,NULL,NULL,1);
INSERT INTO `medicaldsr` VALUES (157,'D','','Frusemide 40mg Tab',0,0,0,0,0,0,NULL,NULL,NULL,NULL,1);
INSERT INTO `medicaldsr` VALUES (158,'D','','Glibeclamide 5mg Tab',0,0,0,0,0,0,NULL,NULL,NULL,NULL,1);
INSERT INTO `medicaldsr` VALUES (159,'D','','Griseofulvin 500mg Tab',0,0,0,0,0,0,NULL,NULL,NULL,NULL,1);
INSERT INTO `medicaldsr` VALUES (160,'D','','Haloperidol 5mg Tab',0,0,0,0,0,0,NULL,NULL,NULL,NULL,1);
INSERT INTO `medicaldsr` VALUES (161,'D','','Haloperdol 5mg',0,0,0,0,0,0,NULL,NULL,NULL,NULL,1);
INSERT INTO `medicaldsr` VALUES (162,'D','','Hydralazine 25mg Tab',0,0,0,0,0,0,NULL,NULL,NULL,NULL,1);
INSERT INTO `medicaldsr` VALUES (163,'D','','Hyoscine 10mg Tab',0,0,0,0,0,0,NULL,NULL,NULL,NULL,1);
INSERT INTO `medicaldsr` VALUES (164,'D','','Ibuprofen 200mg Tab',0,0,0,0,0,0,NULL,NULL,NULL,NULL,1);
INSERT INTO `medicaldsr` VALUES (165,'D','','Impramine 25mg Tab',0,0,0,0,0,0,NULL,NULL,NULL,NULL,1);
INSERT INTO `medicaldsr` VALUES (166,'D','','Indomethacin 25mg Tab',0,0,0,0,0,0,NULL,NULL,NULL,NULL,1);
INSERT INTO `medicaldsr` VALUES (167,'D','','Isoniazid 300mg Tab',0,0,0,0,0,0,NULL,NULL,NULL,NULL,1);
INSERT INTO `medicaldsr` VALUES (168,'D','','Ketocanazole 200mg Tab',0,0,0,0,0,0,NULL,NULL,NULL,NULL,1);
INSERT INTO `medicaldsr` VALUES (169,'D','','Pyridoxine 50mg Tab',0,0,0,0,0,0,NULL,NULL,NULL,NULL,1);
INSERT INTO `medicaldsr` VALUES (170,'D','','Quinine 300mg Tab',0,0,0,0,0,0,NULL,NULL,NULL,NULL,1);
INSERT INTO `medicaldsr` VALUES (171,'D','','Ranitidine 150mg Tab',0,0,0,0,0,0,NULL,NULL,NULL,NULL,1);
INSERT INTO `medicaldsr` VALUES (172,'D','','Rifampicin/Isoniazid 150/100 Tab',0,0,0,0,0,0,NULL,NULL,NULL,NULL,1);
INSERT INTO `medicaldsr` VALUES (173,'D','','Salbutamol 4mg Tab',0,0,0,0,0,0,NULL,NULL,NULL,NULL,1);
INSERT INTO `medicaldsr` VALUES (174,'D','','Spironolactone 25mg Tab',0,0,0,0,0,0,NULL,NULL,NULL,NULL,1);
INSERT INTO `medicaldsr` VALUES (175,'D','','Tolbutamide 500mg tab',0,0,0,0,0,0,NULL,NULL,NULL,NULL,1);
INSERT INTO `medicaldsr` VALUES (176,'D','','Vitamin A 200.000 IU Caps',0,0,0,0,0,0,NULL,NULL,NULL,NULL,1);
INSERT INTO `medicaldsr` VALUES (177,'D','','Vitamin B Complex Tab',0,0,0,300,0,1,NULL,NULL,'admin','2021-03-15 01:22:26',1);
INSERT INTO `medicaldsr` VALUES (178,'D','','Oral Rehydration Salt (ORS)',0,0,0,0,0,0,NULL,NULL,NULL,NULL,1);
INSERT INTO `medicaldsr` VALUES (179,'D','','Paracetamol 120mg/5ml Syrup',0,0,0,0,0,0,NULL,NULL,NULL,NULL,1);
INSERT INTO `medicaldsr` VALUES (180,'D','','Paracetamol 120mg/5ml 100ml',0,0,0,0,0,0,NULL,NULL,NULL,NULL,1);
INSERT INTO `medicaldsr` VALUES (181,'D','','Quinine 100mg/5ml Syrup 100ml',0,0,0,0,0,0,NULL,NULL,NULL,NULL,1);
INSERT INTO `medicaldsr` VALUES (183,'D','','Chlorhexidine/Centrimide 1.5/15% 1Ltr',0,0,0,0,0,0,NULL,NULL,NULL,NULL,1);
INSERT INTO `medicaldsr` VALUES (184,'D','','Chlorhexidine/Centrimide 1.5/15% 5Ltr',0,0,0,0,0,0,NULL,NULL,NULL,NULL,1);
INSERT INTO `medicaldsr` VALUES (185,'D','','Getian Violet 25g Tin',0,0,0,0,0,0,NULL,NULL,NULL,NULL,1);
INSERT INTO `medicaldsr` VALUES (186,'D','','Hydrogen Peroxide 6% 250ml',0,0,0,0,0,0,NULL,NULL,NULL,NULL,1);
INSERT INTO `medicaldsr` VALUES (187,'D','','Iodine Solution 2% 500ml',0,0,0,0,0,0,NULL,NULL,NULL,NULL,1);
INSERT INTO `medicaldsr` VALUES (188,'D','','Sodium Hypochloride solution 0.75 Ltr',0,0,0,0,0,0,NULL,NULL,NULL,NULL,1);
INSERT INTO `medicaldsr` VALUES (189,'D','','liquid detergent 5Ltr Perfumed',0,0,0,0,0,0,NULL,NULL,NULL,NULL,1);
INSERT INTO `medicaldsr` VALUES (190,'D','','Soap Blue Bar 550g',0,0,0,0,0,0,NULL,NULL,NULL,NULL,1);
INSERT INTO `medicaldsr` VALUES (191,'D','','Liquid detergent 20Ltr',0,0,0,10,0,1,NULL,NULL,'admin','2021-03-15 01:23:55',1);
INSERT INTO `medicaldsr` VALUES (192,'D','','Soap Powder Hand wash 5kg',0,0,0,0,0,0,NULL,NULL,NULL,NULL,1);
INSERT INTO `medicaldsr` VALUES (193,'D','','Sodium Hypochlorite solution 5Ltr',0,0,0,0,0,0,NULL,NULL,NULL,NULL,1);
INSERT INTO `medicaldsr` VALUES (194,'D','','Betamethasone 0.1% eye/ear/nose drops',0,0,0,0,0,0,NULL,NULL,NULL,NULL,1);
INSERT INTO `medicaldsr` VALUES (195,'D','','Betamethasone 0.1% Neomycin 0.35 %eye drops 7.5ml',0,0,0,0,0,0,NULL,NULL,NULL,NULL,1);
INSERT INTO `medicaldsr` VALUES (196,'D','','Chloramphenicol 0.5% Eye Drops 10ml',0,0,0,0,0,0,NULL,NULL,NULL,NULL,1);
INSERT INTO `medicaldsr` VALUES (197,'D','','Cloramphenicol 1% Eye Ointment 3.5g',0,0,0,0,0,0,NULL,NULL,NULL,NULL,1);
INSERT INTO `medicaldsr` VALUES (198,'D','','Gentamicin 0.3% eye/ear drops 10ml',0,0,0,0,0,0,NULL,NULL,NULL,NULL,1);
INSERT INTO `medicaldsr` VALUES (199,'D','','Hydrocortisone 1% eye drops 5ml',0,0,0,0,0,0,NULL,NULL,NULL,NULL,1);
INSERT INTO `medicaldsr` VALUES (200,'D','','Tetracycline eye ointment 1% 3.5g',0,0,0,0,0,0,NULL,NULL,NULL,NULL,1);
INSERT INTO `medicaldsr` VALUES (201,'D','','Beclamethasone 50mcg Innhaler',0,0,0,0,0,0,NULL,NULL,NULL,NULL,1);
INSERT INTO `medicaldsr` VALUES (202,'K','','Urine Test Strips 3 Parameters 100 tests',0,0,0,0,0,0,NULL,NULL,NULL,NULL,1);
INSERT INTO `medicaldsr` VALUES (203,'D','','Salbutamol solution for inhalation 5ml',0,0,0,0,0,0,NULL,NULL,NULL,NULL,1);
INSERT INTO `medicaldsr` VALUES (204,'D','','Salbutamol Inhaler 10ml',0,0,0,0,0,0,NULL,NULL,NULL,NULL,1);
INSERT INTO `medicaldsr` VALUES (205,'D','','Clotrimazole 500mg Pessaries',0,0,0,0,0,0,NULL,NULL,NULL,NULL,1);
INSERT INTO `medicaldsr` VALUES (206,'D','','Clotrimazole 100mg Pessaries',0,0,0,0,0,0,NULL,NULL,NULL,NULL,1);
INSERT INTO `medicaldsr` VALUES (207,'D','','Diazepam 2mg/ml 2.5ml Rectal Tube',0,0,0,0,0,0,NULL,NULL,NULL,NULL,1);
INSERT INTO `medicaldsr` VALUES (208,'D','','Antihaemorrhoid suppositories',0,0,0,100,0,0,NULL,NULL,NULL,NULL,1);
INSERT INTO `medicaldsr` VALUES (209,'D','','Nystatin 100.000 IU Pessaries',0,0,0,0,0,0,NULL,NULL,NULL,NULL,1);
INSERT INTO `medicaldsr` VALUES (210,'D','','Dextrose Monohydrate Apyrogen 25Kg',0,0,0,0,0,0,NULL,NULL,NULL,NULL,1);
INSERT INTO `medicaldsr` VALUES (211,'D','','Benzyl Benzoate 25% 100ml',0,0,0,0,0,0,NULL,NULL,NULL,NULL,1);
INSERT INTO `medicaldsr` VALUES (212,'D','','Calamine Lotion 3Ltr',0,0,0,0,0,0,NULL,NULL,NULL,NULL,1);
INSERT INTO `medicaldsr` VALUES (213,'D','','Calamine Lotion 100ml',0,0,0,0,0,0,NULL,NULL,NULL,NULL,1);
INSERT INTO `medicaldsr` VALUES (214,'D','','Clotrimazole !% cream 200mg',0,0,0,0,0,0,NULL,NULL,NULL,NULL,1);
INSERT INTO `medicaldsr` VALUES (215,'D','','Clotrimazole !% cream 15/20g',0,0,0,0,0,0,NULL,NULL,NULL,NULL,1);
INSERT INTO `medicaldsr` VALUES (216,'D','','Hydrocortisone 1% Cream 200g',0,0,0,0,0,0,NULL,NULL,NULL,NULL,1);
INSERT INTO `medicaldsr` VALUES (217,'D','','Hydrocortisone 1% Cream 15g',0,0,0,0,0,0,NULL,NULL,NULL,NULL,1);
INSERT INTO `medicaldsr` VALUES (218,'D','','Hydrocortisone 1% Ointment 200g',0,0,0,0,0,0,NULL,NULL,NULL,NULL,1);
INSERT INTO `medicaldsr` VALUES (219,'D','','Hydrocortisone 1% Ointment 15g',0,0,0,0,0,0,NULL,NULL,NULL,NULL,1);
INSERT INTO `medicaldsr` VALUES (220,'D','','lubricating Jelly 42g',0,0,0,0,0,0,NULL,NULL,NULL,NULL,1);
INSERT INTO `medicaldsr` VALUES (221,'D','','Nystatin 100,000 IU/g Ointment 30g',0,0,0,0,0,0,NULL,NULL,NULL,NULL,1);
INSERT INTO `medicaldsr` VALUES (222,'D','','Ultrasound Gel 800g',0,0,0,0,0,0,NULL,NULL,NULL,NULL,1);
INSERT INTO `medicaldsr` VALUES (223,'D','','Ultrasound Gel 5Ltr',0,0,0,0,0,0,NULL,NULL,NULL,NULL,1);
INSERT INTO `medicaldsr` VALUES (224,'D','','Whitfield Oinment 200g',0,0,0,20,0,1,NULL,NULL,'admin','2021-03-15 22:12:41',1);
INSERT INTO `medicaldsr` VALUES (225,'D','','Whitfield Oinment 25g',0,0,0,0,0,0,NULL,NULL,NULL,NULL,1);
INSERT INTO `medicaldsr` VALUES (226,'D','','Amoxycillin 125mg/5ml Powd. Susp 100ml',0,0,0,180,0,0,NULL,NULL,NULL,NULL,1);
INSERT INTO `medicaldsr` VALUES (227,'D','','Chloramphenicol 125mg/5ml Susp 3Ltr',0,0,0,0,0,0,NULL,NULL,NULL,NULL,1);
INSERT INTO `medicaldsr` VALUES (228,'D','','Chloramphenicol 125mg/5ml Susp 100ml',0,0,0,0,0,0,NULL,NULL,NULL,NULL,1);
INSERT INTO `medicaldsr` VALUES (229,'D','','Cotrimoxazole 200+40mg/5ml Susp 3Ltr',0,0,0,0,0,0,NULL,NULL,NULL,NULL,1);
INSERT INTO `medicaldsr` VALUES (230,'D','','Cotrimoxazole 200+40mg/5ml Susp 100ml',0,0,0,0,0,0,NULL,NULL,NULL,NULL,1);
INSERT INTO `medicaldsr` VALUES (231,'D','','Nystatin 500.000IU/ Susp/ Drops',0,0,0,0,0,0,NULL,NULL,NULL,NULL,1);
INSERT INTO `medicaldsr` VALUES (232,'D','','Sodium Chloride Apyrogen 50kg',0,0,0,0,0,0,NULL,NULL,NULL,NULL,1);
INSERT INTO `medicaldsr` VALUES (233,'K','','Field stain A and B',0,0,0,0,0,0,NULL,NULL,NULL,NULL,1);
INSERT INTO `medicaldsr` VALUES (234,'K','','Genitian Violet',0,0,0,0,0,0,NULL,NULL,NULL,NULL,1);
INSERT INTO `medicaldsr` VALUES (235,'K','','Neutral Red',0,0,0,0,0,0,NULL,NULL,NULL,NULL,1);
INSERT INTO `medicaldsr` VALUES (236,'K','','Eosin Yelowish',0,0,0,0,0,0,NULL,NULL,NULL,NULL,1);
INSERT INTO `medicaldsr` VALUES (237,'K','','Giemsa Stain',0,0,0,0,0,0,NULL,NULL,NULL,NULL,1);
INSERT INTO `medicaldsr` VALUES (238,'K','','Anti Serum A 10ml',0,0,0,0,0,0,NULL,NULL,NULL,NULL,1);
INSERT INTO `medicaldsr` VALUES (239,'S','','Blood giving set Disposable',0,0,0,0,0,0,NULL,NULL,NULL,NULL,1);
INSERT INTO `medicaldsr` VALUES (240,'S','','Blood Transfer Bag 300ml',0,0,0,0,0,0,NULL,NULL,NULL,NULL,1);
INSERT INTO `medicaldsr` VALUES (241,'S','','Insulin Syringe 100IU with Needle G26/29',0,0,0,0,0,0,NULL,NULL,NULL,NULL,1);
INSERT INTO `medicaldsr` VALUES (242,'S','','IV Canula G16 with Port',0,0,0,0,0,0,NULL,NULL,NULL,NULL,1);
INSERT INTO `medicaldsr` VALUES (243,'S','','IV Canula G18 with Port',0,0,0,0,0,0,NULL,NULL,NULL,NULL,1);
INSERT INTO `medicaldsr` VALUES (244,'S','','IV Canula G20 with Port',0,0,0,0,0,0,NULL,NULL,NULL,NULL,1);
INSERT INTO `medicaldsr` VALUES (245,'S','','IV Canula G22 with Port',0,0,0,0,0,0,NULL,NULL,NULL,NULL,1);
INSERT INTO `medicaldsr` VALUES (246,'S','','IV Canula G24 without Port',0,0,0,0,0,0,NULL,NULL,NULL,NULL,1);
INSERT INTO `medicaldsr` VALUES (247,'S','','IV Canula G24 with Port',0,0,0,0,0,0,NULL,NULL,NULL,NULL,1);
INSERT INTO `medicaldsr` VALUES (248,'S','','IV Giving set Disposable',0,0,0,0,0,0,NULL,NULL,NULL,NULL,1);
INSERT INTO `medicaldsr` VALUES (249,'S','','Needle container disposable of contaminated',0,0,0,0,0,0,NULL,NULL,NULL,NULL,1);
INSERT INTO `medicaldsr` VALUES (250,'S','','Needles Luer G20 Disposable',0,0,0,0,0,0,NULL,NULL,NULL,NULL,1);
INSERT INTO `medicaldsr` VALUES (251,'S','','Needles Luer G21 Disposable',0,0,0,0,0,0,NULL,NULL,NULL,NULL,1);
INSERT INTO `medicaldsr` VALUES (252,'S','','Needles Luer G22 Disposable',0,0,0,0,0,0,NULL,NULL,NULL,NULL,1);
INSERT INTO `medicaldsr` VALUES (253,'S','','Needles Luer G23 Disposable',0,0,0,0,0,0,NULL,NULL,NULL,NULL,1);
INSERT INTO `medicaldsr` VALUES (254,'S','','Needles Spinal G20x75-120mm',0,0,0,0,0,0,NULL,NULL,NULL,NULL,1);
INSERT INTO `medicaldsr` VALUES (255,'S','','Needles Spinal G22x75-120mm',0,0,0,0,0,0,NULL,NULL,NULL,NULL,1);
INSERT INTO `medicaldsr` VALUES (256,'S','','Needles Spinal G25x75-120mm',0,0,0,0,0,0,NULL,NULL,NULL,NULL,1);
INSERT INTO `medicaldsr` VALUES (257,'S','','Needles Spinal G22x40mm',0,0,0,0,0,0,NULL,NULL,NULL,NULL,1);
INSERT INTO `medicaldsr` VALUES (258,'S','','Scalp Vein G19 Infusion set',0,0,0,0,0,0,NULL,NULL,NULL,NULL,1);
INSERT INTO `medicaldsr` VALUES (259,'S','','Scalp Vein G21 Infusion set',0,0,0,0,0,0,NULL,NULL,NULL,NULL,1);
INSERT INTO `medicaldsr` VALUES (260,'S','','Scalp Vein G23 Infusion set',0,0,0,0,0,0,NULL,NULL,NULL,NULL,1);
INSERT INTO `medicaldsr` VALUES (261,'S','','Scalp Vein G25 Infusion set',0,0,0,0,0,0,NULL,NULL,NULL,NULL,1);
INSERT INTO `medicaldsr` VALUES (262,'S','','Syringe Feeding/Irrigation 50/60ml',0,0,0,0,0,0,NULL,NULL,NULL,NULL,1);
INSERT INTO `medicaldsr` VALUES (263,'S','','Syringe Luer 2ml With Needle Disposable',0,0,0,0,0,0,NULL,NULL,NULL,NULL,1);
INSERT INTO `medicaldsr` VALUES (264,'S','','Syringe Luer 10ml With Needle Disposable',0,0,0,0,0,0,NULL,NULL,NULL,NULL,1);
INSERT INTO `medicaldsr` VALUES (265,'S','','Syringe Luer 20ml With Needle Disposable',0,0,0,0,0,0,NULL,NULL,NULL,NULL,1);
INSERT INTO `medicaldsr` VALUES (266,'S','','Syringe Luer 5ml With Needle Disposable',0,0,0,0,0,0,NULL,NULL,NULL,NULL,1);
INSERT INTO `medicaldsr` VALUES (267,'S','','Airway Guedel Size 00',0,0,0,0,0,0,NULL,NULL,NULL,NULL,1);
INSERT INTO `medicaldsr` VALUES (268,'S','','Airway Guedel Size 0',0,0,0,0,0,0,NULL,NULL,NULL,NULL,1);
INSERT INTO `medicaldsr` VALUES (269,'S','','Airway Guedel Size 1',0,0,0,0,0,0,NULL,NULL,NULL,NULL,1);
INSERT INTO `medicaldsr` VALUES (270,'S','','Airway Guedel Size 2',0,0,0,0,0,0,NULL,NULL,NULL,NULL,1);
INSERT INTO `medicaldsr` VALUES (271,'S','','Airway Guedel Size 3',0,0,0,0,0,0,NULL,NULL,NULL,NULL,1);
INSERT INTO `medicaldsr` VALUES (272,'S','','Eye Pad Sterile',0,0,0,0,0,0,NULL,NULL,NULL,NULL,1);
INSERT INTO `medicaldsr` VALUES (273,'S','','Adhesive Tape 2.5cm x 5m',0,0,0,20,0,1,NULL,NULL,'admin','2021-03-15 01:23:09',1);
INSERT INTO `medicaldsr` VALUES (274,'S','','Adhesive Tape 7.5cm x 5m',0,0,0,0,0,0,NULL,NULL,NULL,NULL,1);
INSERT INTO `medicaldsr` VALUES (275,'S','','cotton Wool 500G',0,0,0,100,20,2,NULL,NULL,'admin','2021-03-15 22:14:06',1);
INSERT INTO `medicaldsr` VALUES (276,'S','','Cotton Wool 200G',0,0,0,0,0,0,NULL,NULL,NULL,NULL,1);
INSERT INTO `medicaldsr` VALUES (277,'S','','Elastic Bandage 10cm x 4.5m',0,0,0,0,0,0,NULL,NULL,NULL,NULL,1);
INSERT INTO `medicaldsr` VALUES (278,'S','','Elastic Bandage 7.5cm x 4.5m',0,0,0,0,0,0,NULL,NULL,NULL,NULL,1);
INSERT INTO `medicaldsr` VALUES (279,'S','','Gauze Bandage 7.5cm x 3.65-4m',0,0,0,0,0,0,NULL,NULL,NULL,NULL,1);
INSERT INTO `medicaldsr` VALUES (280,'S','','Gauze Bandage 10cm x 4m',0,0,0,0,0,0,NULL,NULL,NULL,NULL,1);
INSERT INTO `medicaldsr` VALUES (281,'S','','Gauze Pads Non Sterile 10cm x 10cm',0,0,0,0,0,0,NULL,NULL,NULL,NULL,1);
INSERT INTO `medicaldsr` VALUES (282,'S','','Gauze Pads  Sterile 10cm x 10cm',0,0,0,0,0,0,NULL,NULL,NULL,NULL,1);
INSERT INTO `medicaldsr` VALUES (283,'S','','Gauze Hydrophylic 90cm x 91cm',0,0,0,0,0,0,NULL,NULL,NULL,NULL,1);
INSERT INTO `medicaldsr` VALUES (284,'S','','Plaster of Paris 10cm',0,0,0,0,0,0,NULL,NULL,NULL,NULL,1);
INSERT INTO `medicaldsr` VALUES (285,'S','','Plaster of Paris 15cm',0,0,0,0,0,0,NULL,NULL,NULL,NULL,1);
INSERT INTO `medicaldsr` VALUES (286,'S','','Cathether Foley CH20 3 Way Ballon',0,0,0,0,0,0,NULL,NULL,NULL,NULL,1);
INSERT INTO `medicaldsr` VALUES (287,'S','','Cathether Foley CH8 3 Way Ballon',0,0,0,0,0,0,NULL,NULL,NULL,NULL,1);
INSERT INTO `medicaldsr` VALUES (288,'S','','Cathether Foley CH10 3 Way Ballon',0,0,0,0,0,0,NULL,NULL,NULL,NULL,1);
INSERT INTO `medicaldsr` VALUES (289,'S','','Cathether Foley CH12 3 Way Ballon',0,0,0,0,0,0,NULL,NULL,NULL,NULL,1);
INSERT INTO `medicaldsr` VALUES (290,'S','','Cathether Foley CH14 3 Way Ballon',0,0,0,0,0,0,NULL,NULL,NULL,NULL,1);
INSERT INTO `medicaldsr` VALUES (291,'S','','Cathether Foley CH16 3 Way Ballon',0,0,0,0,0,0,NULL,NULL,NULL,NULL,1);
INSERT INTO `medicaldsr` VALUES (292,'S','','Cathether Foley CH18 3 Way Ballon',0,0,0,0,0,0,NULL,NULL,NULL,NULL,1);
INSERT INTO `medicaldsr` VALUES (293,'S','','Cathether Stopper for All sizes',0,0,0,0,0,0,NULL,NULL,NULL,NULL,1);
INSERT INTO `medicaldsr` VALUES (294,'S','','Nasogastric Tube G5 (Children)',0,0,0,0,0,0,NULL,NULL,NULL,NULL,1);
INSERT INTO `medicaldsr` VALUES (295,'S','','Nasogastric Tube G8 (Children)',0,0,0,0,0,0,NULL,NULL,NULL,NULL,1);
INSERT INTO `medicaldsr` VALUES (296,'S','','Nasogastric Tube G6 (Children)',0,0,0,0,0,0,NULL,NULL,NULL,NULL,1);
INSERT INTO `medicaldsr` VALUES (297,'S','','Nasogastric Tube G10 (Children)',0,0,0,0,0,0,NULL,NULL,NULL,NULL,1);
INSERT INTO `medicaldsr` VALUES (298,'S','','Nasogastric Tube G14 (Children)',0,0,0,0,0,0,NULL,NULL,NULL,NULL,1);
INSERT INTO `medicaldsr` VALUES (299,'S','','Nasogastric Tube G16 (Children)',0,0,0,0,0,0,NULL,NULL,NULL,NULL,1);
INSERT INTO `medicaldsr` VALUES (300,'S','','Rectal Tube CH24',0,0,0,0,0,0,NULL,NULL,NULL,NULL,1);
INSERT INTO `medicaldsr` VALUES (301,'S','','Rectal Tube CH26',0,0,0,0,0,0,NULL,NULL,NULL,NULL,1);
INSERT INTO `medicaldsr` VALUES (302,'S','','Suction Cathether Size 6 Disposable',0,0,0,0,0,0,NULL,NULL,NULL,NULL,1);
INSERT INTO `medicaldsr` VALUES (303,'S','','Suction Cathether Size 8 Disposable',0,0,0,0,0,0,NULL,NULL,NULL,NULL,1);
INSERT INTO `medicaldsr` VALUES (304,'S','','Suction Cathether Size 16 Disposable',0,0,0,0,0,0,NULL,NULL,NULL,NULL,1);
INSERT INTO `medicaldsr` VALUES (305,'S','','Suction Cathether Size 12 Disposable',0,0,0,0,0,0,NULL,NULL,NULL,NULL,1);
INSERT INTO `medicaldsr` VALUES (306,'S','','Suction Cathether Size 14 Disposable',0,0,0,0,0,0,NULL,NULL,NULL,NULL,1);
INSERT INTO `medicaldsr` VALUES (307,'S','','Suction Cathether Size 10 Disposable',0,0,0,0,0,0,NULL,NULL,NULL,NULL,1);
INSERT INTO `medicaldsr` VALUES (308,'S','','Gloves Domestic',0,0,0,0,0,0,NULL,NULL,NULL,NULL,1);
INSERT INTO `medicaldsr` VALUES (309,'S','','Gloves High risk non sterile Medium',0,0,0,0,0,0,NULL,NULL,NULL,NULL,1);
INSERT INTO `medicaldsr` VALUES (310,'S','','Gloves Gynaecological 7.5-8',0,0,0,0,0,0,NULL,NULL,NULL,NULL,1);
INSERT INTO `medicaldsr` VALUES (311,'S','','Gloves Non Sterile Medium Disposable',0,0,0,0,0,0,NULL,NULL,NULL,NULL,1);
INSERT INTO `medicaldsr` VALUES (312,'S','','Gloves Non Sterile Large Disposable',0,0,0,0,0,0,NULL,NULL,NULL,NULL,1);
INSERT INTO `medicaldsr` VALUES (313,'S','','Gloves Surgical Sterile 6',0,0,0,0,0,0,NULL,NULL,NULL,NULL,1);
INSERT INTO `medicaldsr` VALUES (314,'S','','Gloves Surgical Sterile 6.5',0,0,0,1000,0,1,NULL,NULL,'admin','2021-03-15 14:37:57',1);
INSERT INTO `medicaldsr` VALUES (315,'S','','Gloves Surgical Sterile 7',0,0,0,0,0,0,NULL,NULL,NULL,NULL,1);
INSERT INTO `medicaldsr` VALUES (316,'S','','Gloves Surgical Sterile 7.5',0,0,0,0,0,0,NULL,NULL,NULL,NULL,1);
INSERT INTO `medicaldsr` VALUES (317,'S','','Gloves Surgical Sterile 8',0,0,0,0,0,0,NULL,NULL,NULL,NULL,1);
INSERT INTO `medicaldsr` VALUES (318,'S','','Gloves Surgical Sterile 8.5',0,0,0,0,0,0,NULL,NULL,NULL,NULL,1);
INSERT INTO `medicaldsr` VALUES (319,'S','','Tongue depressor Disposable',0,0,0,0,0,0,NULL,NULL,NULL,NULL,1);
INSERT INTO `medicaldsr` VALUES (320,'S','','Bedpan Plastic Autoclavable',0,0,0,0,0,0,NULL,NULL,NULL,NULL,1);
INSERT INTO `medicaldsr` VALUES (321,'S','','Bedpan Stainless Steel',0,0,0,0,0,0,NULL,NULL,NULL,NULL,1);
INSERT INTO `medicaldsr` VALUES (322,'S','','Body Bag 70 x 215cm  (Adult)',0,0,0,0,0,0,NULL,NULL,NULL,NULL,1);
INSERT INTO `medicaldsr` VALUES (323,'S','','Bowl Without Lid 7 x 12cm stainless steel',0,0,0,0,0,0,NULL,NULL,NULL,NULL,1);
INSERT INTO `medicaldsr` VALUES (324,'S','','Bowl Without Lid 8 x 16cm stainless steel',0,0,0,0,0,0,NULL,NULL,NULL,NULL,1);
INSERT INTO `medicaldsr` VALUES (325,'S','','Bowl Without Lid 10 x 24cm stainless steel',0,0,0,0,0,0,NULL,NULL,NULL,NULL,1);
INSERT INTO `medicaldsr` VALUES (326,'S','','Air ring set 43x15cm, rubber with pump',0,0,0,0,0,0,NULL,NULL,NULL,NULL,1);
INSERT INTO `medicaldsr` VALUES (327,'S','','Colostomy Bag closed 30mm size 2',0,0,0,0,0,0,NULL,NULL,NULL,NULL,1);
INSERT INTO `medicaldsr` VALUES (328,'S','','Colostomy Bag closed 30mm size 3',0,0,0,0,0,0,NULL,NULL,NULL,NULL,1);
INSERT INTO `medicaldsr` VALUES (329,'S','','Colostomy Bag open re-usable 35mm',0,0,0,0,0,0,NULL,NULL,NULL,NULL,1);
INSERT INTO `medicaldsr` VALUES (330,'S','','Ear syringe rubber 60ml',0,0,0,0,0,0,NULL,NULL,NULL,NULL,1);
INSERT INTO `medicaldsr` VALUES (331,'S','','First Aid kit',0,0,0,0,0,0,NULL,NULL,NULL,NULL,1);
INSERT INTO `medicaldsr` VALUES (332,'S','','Gallipot stainless steel 300ml/15cm',0,0,0,0,0,0,NULL,NULL,NULL,NULL,1);
INSERT INTO `medicaldsr` VALUES (333,'S','','Gallipot stainless steel 200ml/10cm',0,0,0,0,0,0,NULL,NULL,NULL,NULL,1);
INSERT INTO `medicaldsr` VALUES (334,'S','','Hot water Bottle 2Ltr',0,0,0,0,0,0,NULL,NULL,NULL,NULL,1);
INSERT INTO `medicaldsr` VALUES (335,'S','','Instrument Box With Lid 20x10x5cm',0,0,0,0,0,0,NULL,NULL,NULL,NULL,1);
INSERT INTO `medicaldsr` VALUES (336,'S','','Instrument Tray 30 x 20 x 2cm',0,0,0,0,0,0,NULL,NULL,NULL,NULL,1);
INSERT INTO `medicaldsr` VALUES (337,'S','','Irrigation can with acsessories',0,0,0,0,0,0,NULL,NULL,NULL,NULL,1);
INSERT INTO `medicaldsr` VALUES (338,'S','','Kidney Dish stainless Steel 24cm',0,0,0,0,0,0,NULL,NULL,NULL,NULL,1);
INSERT INTO `medicaldsr` VALUES (339,'S','','Kidney Dish stainless Steel 20cm',0,0,0,0,0,0,NULL,NULL,NULL,NULL,1);
INSERT INTO `medicaldsr` VALUES (340,'S','','Kidney Dish Polypropylene 24cm',0,0,0,0,0,0,NULL,NULL,NULL,NULL,1);
INSERT INTO `medicaldsr` VALUES (341,'S','','Mackintosh Plastic (Apron) per 1m',0,0,0,0,0,0,NULL,NULL,NULL,NULL,1);
INSERT INTO `medicaldsr` VALUES (342,'S','','Mackintosh Rubber Brown (sheeting) per 1m',0,0,0,0,0,0,NULL,NULL,NULL,NULL,1);
INSERT INTO `medicaldsr` VALUES (343,'S','','Measuring Cup Graduated 25ml',0,0,0,0,0,0,NULL,NULL,NULL,NULL,1);
INSERT INTO `medicaldsr` VALUES (344,'S','','Nesk Support Small',0,0,0,0,0,0,NULL,NULL,NULL,NULL,1);
INSERT INTO `medicaldsr` VALUES (345,'S','','Neck Support Medium',0,0,0,0,0,0,NULL,NULL,NULL,NULL,1);
INSERT INTO `medicaldsr` VALUES (346,'S','','Neck Support Large',0,0,0,0,0,0,NULL,NULL,NULL,NULL,1);
INSERT INTO `medicaldsr` VALUES (347,'S','','Spoon Medicine 5ml',0,0,0,0,0,0,NULL,NULL,NULL,NULL,1);
INSERT INTO `medicaldsr` VALUES (348,'S','','Apron Plastic Re-usable',0,0,0,0,0,0,NULL,NULL,NULL,NULL,1);
INSERT INTO `medicaldsr` VALUES (349,'S','','Apron Plastic Re-usable local',0,0,0,0,0,0,NULL,NULL,NULL,NULL,1);
INSERT INTO `medicaldsr` VALUES (350,'S','','Apron Polythene Disp Non Sterile',0,0,0,0,0,0,NULL,NULL,NULL,NULL,1);
INSERT INTO `medicaldsr` VALUES (351,'S','','Razor Blades Disposable 5pc',0,0,0,0,0,0,NULL,NULL,NULL,NULL,1);
INSERT INTO `medicaldsr` VALUES (352,'S','','Stethoscope Foetal Metal',0,0,0,0,0,0,NULL,NULL,NULL,NULL,1);
INSERT INTO `medicaldsr` VALUES (353,'S','','Stethoscope Foetal Wood',0,0,0,0,0,0,NULL,NULL,NULL,NULL,1);
INSERT INTO `medicaldsr` VALUES (354,'S','','Surgical Brush (Scrubbing)',0,0,0,0,0,0,NULL,NULL,NULL,NULL,1);
INSERT INTO `medicaldsr` VALUES (355,'S','','Surgical Mop 12 x 15',0,0,0,0,0,0,NULL,NULL,NULL,NULL,1);
INSERT INTO `medicaldsr` VALUES (356,'S','','Tablet Counting Tray',0,0,0,0,0,0,NULL,NULL,NULL,NULL,1);
INSERT INTO `medicaldsr` VALUES (357,'S','','Toilet Paper Rolls',0,0,0,0,0,0,NULL,NULL,NULL,NULL,1);
INSERT INTO `medicaldsr` VALUES (358,'S','','Traction Kit Children',0,0,0,0,0,0,NULL,NULL,NULL,NULL,1);
INSERT INTO `medicaldsr` VALUES (359,'S','','Traction Kit Adult',0,0,0,0,0,0,NULL,NULL,NULL,NULL,1);
INSERT INTO `medicaldsr` VALUES (360,'S','','Thermometer Clinical Flat Type',0,0,0,0,0,0,NULL,NULL,NULL,NULL,1);
INSERT INTO `medicaldsr` VALUES (361,'S','','Thermometer Clinical Prismatic Type',0,0,0,0,0,0,NULL,NULL,NULL,NULL,1);
INSERT INTO `medicaldsr` VALUES (362,'S','','Umbilical Cord Tie non sterile 100m',0,0,0,0,0,0,NULL,NULL,NULL,NULL,1);
INSERT INTO `medicaldsr` VALUES (363,'S','','Umbilical Cord Tie sterile 22m',0,0,0,0,0,0,NULL,NULL,NULL,NULL,1);
INSERT INTO `medicaldsr` VALUES (364,'S','','Urinal 1Ltr / 2Ltr',0,0,0,0,0,0,NULL,NULL,NULL,NULL,1);
INSERT INTO `medicaldsr` VALUES (365,'S','','Urine Collecting Bag sterile 2Ltr',0,0,0,0,0,0,NULL,NULL,NULL,NULL,1);
INSERT INTO `medicaldsr` VALUES (366,'S','','Insectcide Spray 400g',0,0,0,0,0,0,NULL,NULL,NULL,NULL,1);
INSERT INTO `medicaldsr` VALUES (367,'S','','Mosquito Net Impregnated Medium',0,0,0,0,0,0,NULL,NULL,NULL,NULL,1);
INSERT INTO `medicaldsr` VALUES (368,'S','','Mosquito Net Impregnated Large',0,0,0,50,20,2,NULL,NULL,'admin','2021-03-15 14:39:58',1);
INSERT INTO `medicaldsr` VALUES (369,'S','','Mosquito Net Non Impregnated Medium',0,0,0,0,0,0,NULL,NULL,NULL,NULL,1);
INSERT INTO `medicaldsr` VALUES (370,'S','','Mosquito Net Non Impregnated Large',0,0,0,0,0,0,NULL,NULL,NULL,NULL,1);
INSERT INTO `medicaldsr` VALUES (371,'S','','Mosquito Net Impregnation Tablet',0,0,0,0,0,0,NULL,NULL,NULL,NULL,1);
INSERT INTO `medicaldsr` VALUES (372,'S','','Mosquito Net Impregnation Liquid 500ml',0,0,0,0,0,0,NULL,NULL,NULL,NULL,1);
INSERT INTO `medicaldsr` VALUES (373,'S','','Mosquito Wal spray Powder 80g',0,0,0,0,0,0,NULL,NULL,NULL,NULL,1);
INSERT INTO `medicaldsr` VALUES (374,'S','','Handle for surgical blade No 3',0,0,0,0,0,0,NULL,NULL,NULL,NULL,1);
INSERT INTO `medicaldsr` VALUES (375,'S','','Handle for surgical blade No 4',0,0,0,0,0,0,NULL,NULL,NULL,NULL,1);
INSERT INTO `medicaldsr` VALUES (376,'S','','Surgical Blades No 20',0,0,0,0,0,0,NULL,NULL,NULL,NULL,1);
INSERT INTO `medicaldsr` VALUES (377,'S','','Surgical Blades No 21',0,0,0,0,0,0,NULL,NULL,NULL,NULL,1);
INSERT INTO `medicaldsr` VALUES (378,'S','','Surgical Blades No 22',0,0,0,0,0,0,NULL,NULL,NULL,NULL,1);
INSERT INTO `medicaldsr` VALUES (379,'S','','Surgical Blades No 23',0,0,0,0,0,0,NULL,NULL,NULL,NULL,1);
INSERT INTO `medicaldsr` VALUES (380,'S','','Needle suture No 5 round',0,0,0,0,0,0,NULL,NULL,NULL,NULL,1);
INSERT INTO `medicaldsr` VALUES (381,'S','','Needle suture No 5 cutting',0,0,0,0,0,0,NULL,NULL,NULL,NULL,1);
INSERT INTO `medicaldsr` VALUES (382,'S','','Needle suture No 6 Round',0,0,0,0,0,0,NULL,NULL,NULL,NULL,1);
INSERT INTO `medicaldsr` VALUES (383,'S','','Suture Cutgut Chromic (0)',0,0,0,0,0,0,NULL,NULL,NULL,NULL,1);
INSERT INTO `medicaldsr` VALUES (384,'S','','Suture Cutgut Chromic (2) RN22240TH',0,0,0,0,0,0,NULL,NULL,NULL,NULL,1);
INSERT INTO `medicaldsr` VALUES (385,'S','','Suture Cutgut Chromic (2/0) RN22230TH',0,0,0,0,0,0,NULL,NULL,NULL,NULL,1);
INSERT INTO `medicaldsr` VALUES (386,'S','','Suture Cutgut Chromic (3/0) RN2325TF',0,0,0,0,0,0,NULL,NULL,NULL,NULL,1);
INSERT INTO `medicaldsr` VALUES (387,'S','','Suture Cutgut Plain (2/0) RN1230TF',0,0,0,0,0,0,NULL,NULL,NULL,NULL,1);
INSERT INTO `medicaldsr` VALUES (388,'S','','Suture Silk (1) S595',0,0,0,0,0,0,NULL,NULL,NULL,NULL,1);
INSERT INTO `medicaldsr` VALUES (389,'S','','Suture Silk (2/0) RN5230TF',0,0,0,0,0,0,NULL,NULL,NULL,NULL,1);
INSERT INTO `medicaldsr` VALUES (390,'S','','Suture PGA (3/0) RN3330TF',0,0,0,0,0,0,NULL,NULL,NULL,NULL,1);
INSERT INTO `medicaldsr` VALUES (391,'S','','Lead Apron 100cmx60cm',0,0,0,0,0,0,NULL,NULL,NULL,NULL,1);
INSERT INTO `medicaldsr` VALUES (392,'S','','X-Ray Developer 2.6kg for 22.5Ltr',0,0,0,0,0,0,NULL,NULL,NULL,NULL,1);
INSERT INTO `medicaldsr` VALUES (393,'S','','X-Ray Film 18x24cm',0,0,0,0,0,0,NULL,NULL,NULL,NULL,1);
INSERT INTO `medicaldsr` VALUES (394,'S','','X-Ray Film 20x40cm',0,0,0,0,0,0,NULL,NULL,NULL,NULL,1);
INSERT INTO `medicaldsr` VALUES (395,'S','','X-Ray Film 24x30cm',0,0,0,0,0,0,NULL,NULL,NULL,NULL,1);
INSERT INTO `medicaldsr` VALUES (396,'S','','X-Ray Film 30x40cm',0,0,0,0,0,0,NULL,NULL,NULL,NULL,1);
INSERT INTO `medicaldsr` VALUES (397,'S','','X-Ray Film 35x35cm',0,0,0,0,0,0,NULL,NULL,NULL,NULL,1);
INSERT INTO `medicaldsr` VALUES (398,'S','','X-Ray Film 43x35cm',0,0,0,10,0,1,NULL,NULL,'admin','2021-03-15 14:36:53',1);
INSERT INTO `medicaldsr` VALUES (399,'S','','X-Ray Film Cassette  18x24cm with screen',0,0,0,0,0,0,NULL,NULL,NULL,NULL,1);
INSERT INTO `medicaldsr` VALUES (400,'S','','X-Ray Film Cassette  24x30cm with screen',0,0,0,0,0,0,NULL,NULL,NULL,NULL,1);
INSERT INTO `medicaldsr` VALUES (401,'S','','X-Ray Film Cassette  30x40cm with screen',0,0,0,0,0,0,NULL,NULL,NULL,NULL,1);
INSERT INTO `medicaldsr` VALUES (402,'S','','X-Ray Film Cassette  35x35cm with screen',0,0,0,0,0,0,NULL,NULL,NULL,NULL,1);
INSERT INTO `medicaldsr` VALUES (403,'S','','X-Ray Film Cassette  35x43cm with screen',0,0,0,0,0,0,NULL,NULL,NULL,NULL,1);
INSERT INTO `medicaldsr` VALUES (404,'S','','X-Ray Fixer 3.3kg for 22.5 Ltr',0,0,0,10,10,0,NULL,NULL,NULL,NULL,1);
INSERT INTO `medicaldsr` VALUES (405,'S','','Barium Sulphate for X-Ray 1kg',0,0,0,0,0,0,NULL,NULL,NULL,NULL,1);
INSERT INTO `medicaldsr` VALUES (406,'S','','Diatrizoate Meglumin Sod 76% 20ml Amp',0,0,0,0,0,0,NULL,NULL,NULL,NULL,1);
INSERT INTO `medicaldsr` VALUES (407,'K','','Anti Serum B 10ml',0,0,0,0,0,0,NULL,NULL,NULL,NULL,1);
INSERT INTO `medicaldsr` VALUES (408,'K','','Anti Serum AB 10ml',0,0,0,0,0,0,NULL,NULL,NULL,NULL,1);
INSERT INTO `medicaldsr` VALUES (409,'K','','Anti Serum D 10ml',0,0,0,0,0,0,NULL,NULL,NULL,NULL,1);
INSERT INTO `medicaldsr` VALUES (410,'K','','Creatinine 200ml (Calorimetric)',0,0,0,0,0,0,NULL,NULL,NULL,NULL,1);
INSERT INTO `medicaldsr` VALUES (411,'K','','Glucose GOD PAD  6 x 100ml (Colorimetric)',0,0,0,0,0,0,NULL,NULL,NULL,NULL,1);
INSERT INTO `medicaldsr` VALUES (412,'K','','Glucose Test Strips (Hyloguard)',0,0,0,0,0,0,NULL,NULL,NULL,NULL,1);
INSERT INTO `medicaldsr` VALUES (414,'D','','Aciclovir cream',2,0,0,320,0,0,NULL,NULL,NULL,NULL,1);
INSERT INTO `medicaldsr` VALUES (415,'D','','Paracetamol 500 MG',18000,0,0,70510,1200,1,NULL,NULL,NULL,NULL,1);
INSERT INTO `medicaldsr` VALUES (416,'D','','Artemether+Lumefantrine 25-35kg',0,0,0,252,0,0,NULL,NULL,NULL,NULL,1);
INSERT INTO `medicaldsr` VALUES (417,'D','','Coartem 15-25kg',0,0,0,379,0,0,NULL,NULL,NULL,NULL,1);
INSERT INTO `medicaldsr` VALUES (418,'D','','Coartem 5-15kg',0,0,0,493,0,0,NULL,NULL,NULL,NULL,1);
/*!40000 ALTER TABLE `medicaldsr` ENABLE KEYS */;
UNLOCK TABLES;

--
-- Table structure for table `medicaldsrlot`
--

DROP TABLE IF EXISTS `medicaldsrlot`;
/*!40101 SET @saved_cs_client     = @@character_set_client */;
/*!40101 SET character_set_client = utf8 */;
CREATE TABLE `medicaldsrlot` (
  `LT_ID_A` varchar(50) NOT NULL,
  `LT_MDSR_ID` int(11) NOT NULL,
  `LT_PREP_DATE` datetime NOT NULL,
  `LT_DUE_DATE` datetime NOT NULL,
  `LT_COST` double DEFAULT NULL,
  `LT_LOCK` int(11) NOT NULL DEFAULT 0,
  `LT_CREATED_BY` varchar(50) DEFAULT NULL,
  `LT_CREATED_DATE` datetime DEFAULT NULL,
  `LT_LAST_MODIFIED_BY` varchar(50) DEFAULT NULL,
  `LT_LAST_MODIFIED_DATE` datetime DEFAULT NULL,
  `LT_ACTIVE` tinyint(1) NOT NULL DEFAULT 1,
  PRIMARY KEY (`LT_ID_A`),
  KEY `FK_MEDICALDSRLOT_MEDICALDSR_idx` (`LT_MDSR_ID`),
  CONSTRAINT `FK_MEDICALDSRLOT_MEDICALDSR` FOREIGN KEY (`LT_MDSR_ID`) REFERENCES `medicaldsr` (`MDSR_ID`) ON DELETE NO ACTION ON UPDATE NO ACTION
) ENGINE=InnoDB DEFAULT CHARSET=utf8;
/*!40101 SET character_set_client = @saved_cs_client */;

--
-- Dumping data for table `medicaldsrlot`
--

LOCK TABLES `medicaldsrlot` WRITE;
/*!40000 ALTER TABLE `medicaldsrlot` DISABLE KEYS */;
INSERT INTO `medicaldsrlot` VALUES ('-1554622624438837880',103,'2019-08-01 00:00:00','2022-08-30 00:00:00',NULL,0,NULL,NULL,NULL,NULL,1);
INSERT INTO `medicaldsrlot` VALUES ('-1769145966120870973',104,'2019-10-01 00:00:00','2025-09-30 00:00:00',NULL,0,NULL,NULL,NULL,NULL,1);
INSERT INTO `medicaldsrlot` VALUES ('-1815940974768681924',103,'2019-08-01 00:00:00','2022-08-31 00:00:00',NULL,0,NULL,NULL,NULL,NULL,1);
INSERT INTO `medicaldsrlot` VALUES ('-4111916415666582009',415,'2019-04-01 00:00:00','2025-03-30 00:00:00',NULL,0,NULL,NULL,NULL,NULL,1);
INSERT INTO `medicaldsrlot` VALUES ('-5845759742362476819',43,'2019-01-01 00:00:00','2025-01-30 00:00:00',NULL,0,NULL,NULL,NULL,NULL,1);
INSERT INTO `medicaldsrlot` VALUES ('-6109574716038492275',226,'2010-01-01 00:00:00','2028-06-30 00:00:00',NULL,0,NULL,NULL,NULL,NULL,1);
INSERT INTO `medicaldsrlot` VALUES ('-6730757007553028234',105,'2015-05-01 00:00:00','2027-04-30 00:00:00',NULL,0,NULL,NULL,NULL,NULL,1);
INSERT INTO `medicaldsrlot` VALUES ('-6960883012965428324',44,'2015-10-01 00:00:00','2022-07-30 00:00:00',NULL,0,NULL,NULL,NULL,NULL,1);
INSERT INTO `medicaldsrlot` VALUES ('-7516567952419863028',208,'2010-08-01 00:00:00','2028-07-30 00:00:00',NULL,0,NULL,NULL,NULL,NULL,1);
INSERT INTO `medicaldsrlot` VALUES ('-7660511420907688190',414,'2010-08-01 00:00:00','2029-07-31 00:00:00',NULL,0,NULL,NULL,NULL,NULL,1);
INSERT INTO `medicaldsrlot` VALUES ('-7718978867967166817',40,'2012-04-03 00:00:00','2025-07-01 00:00:00',NULL,0,NULL,NULL,NULL,NULL,1);
INSERT INTO `medicaldsrlot` VALUES ('-8122995274739094851',101,'2010-04-01 00:00:00','2029-03-30 00:00:00',NULL,0,NULL,NULL,NULL,NULL,1);
INSERT INTO `medicaldsrlot` VALUES ('-8771079640543120715',99,'2015-09-01 00:00:00','2029-08-31 00:00:00',NULL,0,NULL,NULL,NULL,NULL,1);
INSERT INTO `medicaldsrlot` VALUES ('1190755742914533090',314,'2021-03-15 14:37:28','2021-03-15 14:37:28',0.15,0,'admin','2021-03-15 14:37:57','admin','2021-03-15 14:37:57',1);
INSERT INTO `medicaldsrlot` VALUES ('1352158066768470913',368,'2021-03-15 01:21:17','2024-03-15 01:21:17',30,0,'admin','2021-03-15 01:21:46','admin','2021-03-15 01:21:46',1);
INSERT INTO `medicaldsrlot` VALUES ('1397761246807649990',151,'2021-03-15 01:20:06','2024-03-15 01:20:06',15,0,'admin','2021-03-15 01:20:30','admin','2021-03-15 01:20:30',1);
INSERT INTO `medicaldsrlot` VALUES ('2422709406193164023',41,'2014-04-01 00:00:00','2029-05-30 00:00:00',NULL,0,NULL,NULL,NULL,NULL,1);
INSERT INTO `medicaldsrlot` VALUES ('2525258796098032045',177,'2021-03-15 01:22:08','2021-03-15 01:22:08',2,0,'admin','2021-03-15 01:22:26','admin','2021-03-15 01:22:26',1);
INSERT INTO `medicaldsrlot` VALUES ('255823000817531744',191,'2021-03-15 01:23:30','2021-03-15 01:23:30',0.5,0,'admin','2021-03-15 01:23:55','admin','2021-03-15 01:23:55',1);
INSERT INTO `medicaldsrlot` VALUES ('3670580768670707684',273,'2021-03-15 01:22:54','2021-03-15 01:22:54',2,0,'admin','2021-03-15 01:23:09','admin','2021-03-15 01:23:09',1);
INSERT INTO `medicaldsrlot` VALUES ('5453401403025577763',109,'2015-05-01 00:00:00','2028-04-30 00:00:00',NULL,0,NULL,NULL,NULL,NULL,1);
INSERT INTO `medicaldsrlot` VALUES ('5830690725884682660',418,'2012-08-01 00:00:00','2027-08-30 00:00:00',NULL,0,NULL,NULL,NULL,NULL,1);
INSERT INTO `medicaldsrlot` VALUES ('5937536366132568535',398,'2021-03-15 14:36:38','2021-03-15 14:36:38',10,0,'admin','2021-03-15 14:36:53','admin','2021-03-15 14:36:53',1);
INSERT INTO `medicaldsrlot` VALUES ('677685091133639642',98,'2020-09-30 00:00:00','2027-09-30 00:00:00',NULL,0,NULL,NULL,NULL,NULL,1);
INSERT INTO `medicaldsrlot` VALUES ('6814074013396911291',417,'2020-09-01 00:00:00','2027-09-30 00:00:00',NULL,0,NULL,NULL,NULL,NULL,1);
INSERT INTO `medicaldsrlot` VALUES ('7144453288242750524',275,'2021-03-15 22:13:05','2021-03-15 22:13:05',2,0,'admin','2021-03-15 22:13:19','admin','2021-03-15 22:13:19',1);
INSERT INTO `medicaldsrlot` VALUES ('7309896240057246824',224,'2021-03-15 22:12:20','2021-03-15 22:12:20',8,0,'admin','2021-03-15 22:12:41','admin','2021-03-15 22:12:41',1);
INSERT INTO `medicaldsrlot` VALUES ('7460012206646986840',50,'2021-03-15 14:38:25','2021-03-15 14:38:25',2,0,'admin','2021-03-15 14:38:46','admin','2021-03-15 14:38:46',1);
INSERT INTO `medicaldsrlot` VALUES ('7846903226866365678',108,'2015-07-01 00:00:00','2028-07-01 00:00:00',NULL,0,NULL,NULL,NULL,NULL,1);
INSERT INTO `medicaldsrlot` VALUES ('7951533530148276440',404,'2020-09-18 00:00:00','2027-09-18 00:00:00',NULL,0,NULL,NULL,NULL,NULL,1);
INSERT INTO `medicaldsrlot` VALUES ('8151139553159369735',414,'2020-08-01 00:00:00','2029-07-01 00:00:00',NULL,0,NULL,NULL,NULL,NULL,1);
INSERT INTO `medicaldsrlot` VALUES ('8626874521922561779',98,'2020-09-30 00:00:00','2027-09-30 00:00:00',NULL,0,NULL,NULL,NULL,NULL,1);
INSERT INTO `medicaldsrlot` VALUES ('9112042438595920595',416,'2002-11-01 00:00:00','2027-11-30 00:00:00',NULL,0,NULL,NULL,NULL,NULL,1);
INSERT INTO `medicaldsrlot` VALUES ('AUTO_C_103',103,'2020-11-12 00:00:00','2025-11-12 00:00:00',NULL,0,NULL,NULL,NULL,NULL,1);
INSERT INTO `medicaldsrlot` VALUES ('AUTO_F_105',105,'2020-11-12 00:00:00','2025-11-12 00:00:00',NULL,0,NULL,NULL,NULL,NULL,1);
INSERT INTO `medicaldsrlot` VALUES ('AUTO_F_404',404,'2020-11-12 00:00:00','2025-11-12 00:00:00',NULL,0,NULL,NULL,NULL,NULL,1);
INSERT INTO `medicaldsrlot` VALUES ('AUTO_F_415',415,'2020-11-12 00:00:00','2025-11-12 00:00:00',NULL,0,NULL,NULL,NULL,NULL,1);
INSERT INTO `medicaldsrlot` VALUES ('AUTO_F_99',99,'2020-11-12 00:00:00','2025-11-12 00:00:00',NULL,0,NULL,NULL,NULL,NULL,1);
INSERT INTO `medicaldsrlot` VALUES ('AUTO_I_108',108,'2020-11-12 00:00:00','2025-11-12 00:00:00',NULL,0,NULL,NULL,NULL,NULL,1);
INSERT INTO `medicaldsrlot` VALUES ('AUTO_I_40',40,'2020-11-12 00:00:00','2025-11-12 00:00:00',NULL,0,NULL,NULL,NULL,NULL,1);
INSERT INTO `medicaldsrlot` VALUES ('AUTO_I_415',415,'2020-11-12 00:00:00','2025-11-12 00:00:00',NULL,0,NULL,NULL,NULL,NULL,1);
INSERT INTO `medicaldsrlot` VALUES ('AUTO_I_98',98,'2020-11-12 00:00:00','2025-11-12 00:00:00',NULL,0,NULL,NULL,NULL,NULL,1);
INSERT INTO `medicaldsrlot` VALUES ('AUTO_M_98',98,'2020-11-12 00:00:00','2025-11-12 00:00:00',NULL,0,NULL,NULL,NULL,NULL,1);
/*!40000 ALTER TABLE `medicaldsrlot` ENABLE KEYS */;
UNLOCK TABLES;

--
-- Table structure for table `medicaldsrstockmov`
--

DROP TABLE IF EXISTS `medicaldsrstockmov`;
/*!40101 SET @saved_cs_client     = @@character_set_client */;
/*!40101 SET character_set_client = utf8 */;
CREATE TABLE `medicaldsrstockmov` (
  `MMV_ID` int(11) NOT NULL AUTO_INCREMENT,
  `MMV_MDSR_ID` int(11) NOT NULL,
  `MMV_WRD_ID_A` char(1) DEFAULT NULL,
  `MMV_MMVT_ID_A` varchar(10) NOT NULL,
  `MMV_LT_ID_A` varchar(50) DEFAULT NULL,
  `MMV_DATE` datetime NOT NULL,
  `MMV_QTY` float NOT NULL DEFAULT 0,
  `MMV_FROM` int(11) DEFAULT NULL,
  `MMV_LOCK` int(11) NOT NULL DEFAULT 0,
  `MMV_REFNO` varchar(50) NOT NULL DEFAULT '',
  `MMV_CREATED_BY` varchar(50) DEFAULT NULL,
  `MMV_CREATED_DATE` datetime DEFAULT NULL,
  `MMV_LAST_MODIFIED_BY` varchar(50) DEFAULT NULL,
  `MMV_LAST_MODIFIED_DATE` datetime DEFAULT NULL,
  `MMV_ACTIVE` tinyint(1) NOT NULL DEFAULT 1,
  PRIMARY KEY (`MMV_ID`),
  KEY `FK_MEDICALDSRSTOCKMOV_MEDICALDSR` (`MMV_MDSR_ID`),
  KEY `FK_MEDICALDSRSTOCKMOV_MEDICALDSRSTOCKMOVTYPE` (`MMV_MMVT_ID_A`),
  KEY `FK_MEDICALDSRSTOCKMOV_WARD` (`MMV_WRD_ID_A`),
  CONSTRAINT `FK_MEDICALDSRSTOCKMOV_MEDICALDSR` FOREIGN KEY (`MMV_MDSR_ID`) REFERENCES `medicaldsr` (`MDSR_ID`) ON DELETE NO ACTION ON UPDATE NO ACTION,
  CONSTRAINT `FK_MEDICALDSRSTOCKMOV_MEDICALDSRSTOCKMOVTYPE` FOREIGN KEY (`MMV_MMVT_ID_A`) REFERENCES `medicaldsrstockmovtype` (`MMVT_ID_A`) ON DELETE NO ACTION ON UPDATE NO ACTION,
  CONSTRAINT `FK_MEDICALDSRSTOCKMOV_WARD` FOREIGN KEY (`MMV_WRD_ID_A`) REFERENCES `ward` (`WRD_ID_A`) ON DELETE NO ACTION ON UPDATE NO ACTION
) ENGINE=InnoDB AUTO_INCREMENT=50 DEFAULT CHARSET=utf8;
/*!40101 SET character_set_client = @saved_cs_client */;

--
-- Dumping data for table `medicaldsrstockmov`
--

LOCK TABLES `medicaldsrstockmov` WRITE;
/*!40000 ALTER TABLE `medicaldsrstockmov` DISABLE KEYS */;
INSERT INTO `medicaldsrstockmov` VALUES (1,98,NULL,'charge','8626874521922561779','2020-09-30 00:00:00',100,1,0,'Auto-Refno-charge',NULL,NULL,NULL,NULL,1);
INSERT INTO `medicaldsrstockmov` VALUES (2,98,NULL,'charge','677685091133639642','2020-09-30 00:00:00',100,1,0,'Auto-Refno-charge',NULL,NULL,NULL,NULL,1);
INSERT INTO `medicaldsrstockmov` VALUES (3,98,'M','discharge','8626874521922561779','2020-09-30 00:00:00',70,NULL,0,'Auto-Refno-discharge',NULL,NULL,NULL,NULL,1);
INSERT INTO `medicaldsrstockmov` VALUES (5,414,NULL,'charge','8151139553159369735','2020-10-16 00:00:00',120,1,0,'Auto-Refno-charge',NULL,NULL,NULL,NULL,1);
INSERT INTO `medicaldsrstockmov` VALUES (6,108,NULL,'charge','7846903226866365678','2020-10-16 00:00:00',4344,1,0,'Auto-Refno-charge',NULL,NULL,NULL,NULL,1);
INSERT INTO `medicaldsrstockmov` VALUES (7,40,NULL,'charge','-7718978867967166817','2020-10-16 00:00:00',100,1,0,'Auto-Refno-charge',NULL,NULL,NULL,NULL,1);
INSERT INTO `medicaldsrstockmov` VALUES (8,404,NULL,'charge','7951533530148276440','2020-10-18 00:00:00',10,1,0,'Auto-Refno-charge',NULL,NULL,NULL,NULL,1);
INSERT INTO `medicaldsrstockmov` VALUES (9,404,'F','discharge','7951533530148276440','2020-10-18 00:00:00',10,NULL,0,'Auto-Refno-discharge',NULL,NULL,NULL,NULL,1);
INSERT INTO `medicaldsrstockmov` VALUES (10,415,NULL,'charge','-4111916415666582009','2020-10-18 00:00:00',70510,1,0,'Auto-Refno-charge',NULL,NULL,NULL,NULL,1);
INSERT INTO `medicaldsrstockmov` VALUES (11,415,'I','discharge','-4111916415666582009','2020-10-18 00:00:00',1000,NULL,0,'Auto-Refno-discharge',NULL,NULL,NULL,NULL,1);
INSERT INTO `medicaldsrstockmov` VALUES (12,415,'F','discharge','-4111916415666582009','2020-10-18 00:00:00',200,NULL,0,'Auto-Refno-discharge',NULL,NULL,NULL,NULL,1);
INSERT INTO `medicaldsrstockmov` VALUES (13,40,'I','discharge','-7718978867967166817','2020-10-19 00:00:00',100,NULL,0,'Auto-Refno-discharge',NULL,NULL,NULL,NULL,1);
INSERT INTO `medicaldsrstockmov` VALUES (14,99,NULL,'charge','-8771079640543120715','2020-10-19 00:00:00',1310,1,0,'Auto-Refno-charge',NULL,NULL,NULL,NULL,1);
INSERT INTO `medicaldsrstockmov` VALUES (15,99,'F','discharge','-8771079640543120715','2020-10-19 00:00:00',100,NULL,0,'Auto-Refno-discharge',NULL,NULL,NULL,NULL,1);
INSERT INTO `medicaldsrstockmov` VALUES (16,103,NULL,'charge','-1815940974768681924','2020-10-19 00:00:00',18700,1,0,'Auto-Refno-charge',NULL,NULL,NULL,NULL,1);
INSERT INTO `medicaldsrstockmov` VALUES (17,103,'C','discharge','-1815940974768681924','2020-10-19 00:00:00',100,NULL,0,'Auto-Refno-discharge',NULL,NULL,NULL,NULL,1);
INSERT INTO `medicaldsrstockmov` VALUES (18,98,'I','discharge','677685091133639642','2020-10-19 00:00:00',100,NULL,0,'Auto-Refno-discharge',NULL,NULL,NULL,NULL,1);
INSERT INTO `medicaldsrstockmov` VALUES (19,98,'I','discharge','8626874521922561779','2020-10-19 00:00:00',30,NULL,0,'Auto-Refno-discharge',NULL,NULL,NULL,NULL,1);
INSERT INTO `medicaldsrstockmov` VALUES (21,414,NULL,'charge','-7660511420907688190','2020-10-26 00:00:00',200,1,0,'Auto-Refno-charge',NULL,NULL,NULL,NULL,1);
INSERT INTO `medicaldsrstockmov` VALUES (22,103,NULL,'charge','-1554622624438837880','2020-10-30 00:00:00',18600,1,0,'Auto-Refno-charge',NULL,NULL,NULL,NULL,1);
INSERT INTO `medicaldsrstockmov` VALUES (23,101,NULL,'charge','-8122995274739094851','2020-10-30 00:00:00',8981,1,0,'Auto-Refno-charge',NULL,NULL,NULL,NULL,1);
INSERT INTO `medicaldsrstockmov` VALUES (24,41,NULL,'charge','2422709406193164023','2020-10-30 00:00:00',190,1,0,'Auto-Refno-charge',NULL,NULL,NULL,NULL,1);
INSERT INTO `medicaldsrstockmov` VALUES (25,104,NULL,'charge','-1769145966120870973','2020-10-30 00:00:00',5600,1,0,'Auto-Refno-charge',NULL,NULL,NULL,NULL,1);
INSERT INTO `medicaldsrstockmov` VALUES (26,105,NULL,'charge','-6730757007553028234','2020-10-30 00:00:00',57080,1,0,'Auto-Refno-charge',NULL,NULL,NULL,NULL,1);
INSERT INTO `medicaldsrstockmov` VALUES (27,105,'F','discharge','-6730757007553028234','2020-10-30 00:00:00',1000,NULL,0,'Auto-Refno-discharge',NULL,NULL,NULL,NULL,1);
INSERT INTO `medicaldsrstockmov` VALUES (28,226,NULL,'charge','-6109574716038492275','2020-11-03 00:00:00',180,1,0,'Auto-Refno-charge',NULL,NULL,NULL,NULL,1);
INSERT INTO `medicaldsrstockmov` VALUES (29,43,NULL,'charge','-5845759742362476819','2020-11-03 00:00:00',650,1,0,'Auto-Refno-charge',NULL,NULL,NULL,NULL,1);
INSERT INTO `medicaldsrstockmov` VALUES (30,208,NULL,'charge','-7516567952419863028','2020-11-03 00:00:00',100,1,0,'Auto-Refno-charge',NULL,NULL,NULL,NULL,1);
INSERT INTO `medicaldsrstockmov` VALUES (31,108,'I','discharge','7846903226866365678','2020-11-03 00:00:00',1600,NULL,0,'Auto-Refno-discharge',NULL,NULL,NULL,NULL,1);
INSERT INTO `medicaldsrstockmov` VALUES (32,109,NULL,'charge','5453401403025577763','2020-11-03 00:00:00',5500,1,0,'Auto-Refno-charge',NULL,NULL,NULL,NULL,1);
INSERT INTO `medicaldsrstockmov` VALUES (33,44,NULL,'charge','-6960883012965428324','2020-11-03 00:00:00',673,1,0,'Auto-Refno-charge',NULL,NULL,NULL,NULL,1);
INSERT INTO `medicaldsrstockmov` VALUES (34,416,NULL,'charge','9112042438595920595','2020-11-03 00:00:00',252,1,0,'Auto-Refno-charge',NULL,NULL,NULL,NULL,1);
INSERT INTO `medicaldsrstockmov` VALUES (35,417,NULL,'charge','6814074013396911291','2020-11-03 00:00:00',379,1,0,'Auto-Refno-charge',NULL,NULL,NULL,NULL,1);
INSERT INTO `medicaldsrstockmov` VALUES (36,418,NULL,'charge','5830690725884682660','2020-11-03 00:00:00',493,1,0,'Auto-Refno-charge',NULL,NULL,NULL,NULL,1);
INSERT INTO `medicaldsrstockmov` VALUES (37,151,NULL,'charge','1397761246807649990','2021-03-13 01:19:29',100,1,0,'10','admin','2021-03-15 01:20:30','admin','2021-03-15 01:20:30',1);
INSERT INTO `medicaldsrstockmov` VALUES (38,368,NULL,'charge','1352158066768470913','2021-03-15 01:20:57',50,2,0,'11','admin','2021-03-15 01:21:46','admin','2021-03-15 01:21:46',1);
INSERT INTO `medicaldsrstockmov` VALUES (39,177,NULL,'charge','2525258796098032045','2021-03-15 01:21:48',300,1,0,'12','admin','2021-03-15 01:22:26','admin','2021-03-15 01:22:26',1);
INSERT INTO `medicaldsrstockmov` VALUES (40,273,NULL,'charge','3670580768670707684','2021-03-15 01:22:44',20,2,0,'13','admin','2021-03-15 01:23:09','admin','2021-03-15 01:23:09',1);
INSERT INTO `medicaldsrstockmov` VALUES (41,191,NULL,'charge','255823000817531744','2021-03-15 01:23:12',10,1,0,'14','admin','2021-03-15 01:23:55','admin','2021-03-15 01:23:55',1);
INSERT INTO `medicaldsrstockmov` VALUES (42,398,NULL,'charge','5937536366132568535','2021-03-15 14:36:18',10,1,0,'201','admin','2021-03-15 14:36:53','admin','2021-03-15 14:36:53',1);
INSERT INTO `medicaldsrstockmov` VALUES (43,314,NULL,'charge','1190755742914533090','2021-03-15 14:37:06',1000,1,0,'202','admin','2021-03-15 14:37:57','admin','2021-03-15 14:37:57',1);
INSERT INTO `medicaldsrstockmov` VALUES (44,50,NULL,'charge','7460012206646986840','2021-03-15 14:38:12',100,1,0,'203','admin','2021-03-15 14:38:46','admin','2021-03-15 14:38:46',1);
INSERT INTO `medicaldsrstockmov` VALUES (45,50,'I','discharge','7460012206646986840','2021-03-15 14:38:47',40,NULL,0,'204','admin','2021-03-15 14:39:20','admin','2021-03-15 14:39:20',1);
INSERT INTO `medicaldsrstockmov` VALUES (46,368,'F','discharge','1352158066768470913','2021-03-15 14:39:23',20,NULL,0,'205','admin','2021-03-15 14:39:58','admin','2021-03-15 14:39:58',1);
INSERT INTO `medicaldsrstockmov` VALUES (47,224,NULL,'charge','7309896240057246824','2021-03-15 22:12:07',20,2,0,'300','admin','2021-03-15 22:12:41','admin','2021-03-15 22:12:41',1);
INSERT INTO `medicaldsrstockmov` VALUES (48,275,NULL,'charge','7144453288242750524','2021-03-15 22:12:52',100,1,0,'301','admin','2021-03-15 22:13:19','admin','2021-03-15 22:13:19',1);
INSERT INTO `medicaldsrstockmov` VALUES (49,275,'C','discharge','7144453288242750524','2021-03-15 22:13:20',20,NULL,0,'302','admin','2021-03-15 22:14:06','admin','2021-03-15 22:14:06',1);
/*!40000 ALTER TABLE `medicaldsrstockmov` ENABLE KEYS */;
UNLOCK TABLES;

--
-- Table structure for table `medicaldsrstockmovtype`
--

DROP TABLE IF EXISTS `medicaldsrstockmovtype`;
/*!40101 SET @saved_cs_client     = @@character_set_client */;
/*!40101 SET character_set_client = utf8 */;
CREATE TABLE `medicaldsrstockmovtype` (
  `MMVT_ID_A` varchar(10) NOT NULL,
  `MMVT_DESC` varchar(50) NOT NULL,
  `MMVT_TYPE` char(2) NOT NULL,
  `MMVT_CREATED_BY` varchar(50) DEFAULT NULL,
  `MMVT_CREATED_DATE` datetime DEFAULT NULL,
  `MMVT_LAST_MODIFIED_BY` varchar(50) DEFAULT NULL,
  `MMVT_LAST_MODIFIED_DATE` datetime DEFAULT NULL,
  `MMVT_ACTIVE` tinyint(1) NOT NULL DEFAULT 1,
  PRIMARY KEY (`MMVT_ID_A`)
) ENGINE=InnoDB DEFAULT CHARSET=utf8;
/*!40101 SET character_set_client = @saved_cs_client */;

--
-- Dumping data for table `medicaldsrstockmovtype`
--

LOCK TABLES `medicaldsrstockmovtype` WRITE;
/*!40000 ALTER TABLE `medicaldsrstockmovtype` DISABLE KEYS */;
INSERT INTO `medicaldsrstockmovtype` VALUES ('charge','Charge','+',NULL,NULL,NULL,NULL,1);
INSERT INTO `medicaldsrstockmovtype` VALUES ('discharge','Discharge','-',NULL,NULL,NULL,NULL,1);
/*!40000 ALTER TABLE `medicaldsrstockmovtype` ENABLE KEYS */;
UNLOCK TABLES;

--
-- Table structure for table `medicaldsrstockmovward`
--

DROP TABLE IF EXISTS `medicaldsrstockmovward`;
/*!40101 SET @saved_cs_client     = @@character_set_client */;
/*!40101 SET character_set_client = utf8 */;
CREATE TABLE `medicaldsrstockmovward` (
  `MMVN_ID` int(10) NOT NULL AUTO_INCREMENT,
  `MMVN_WRD_ID_A` char(1) NOT NULL,
  `MMVN_DATE` datetime NOT NULL,
  `MMVN_IS_PATIENT` tinyint(1) NOT NULL,
  `MMVN_PAT_ID` int(11) DEFAULT NULL,
  `MMVN_PAT_AGE` smallint(6) DEFAULT NULL,
  `MMVN_PAT_WEIGHT` float DEFAULT NULL,
  `MMVN_DESC` varchar(100) NOT NULL,
  `MMVN_MDSR_ID` varchar(100) NOT NULL,
  `MMVN_MDSR_QTY` float NOT NULL,
  `MMVN_MDSR_UNITS` varchar(10) NOT NULL,
  `MMVN_CREATED_BY` varchar(50) DEFAULT NULL,
  `MMVN_WRD_ID_A_FROM` varchar(1) DEFAULT NULL,
  `MMVN_WRD_ID_A_TO` varchar(1) DEFAULT NULL,
  `MMVN_LT_ID` varchar(50) DEFAULT NULL,
  `MMVN_CREATED_DATE` datetime DEFAULT NULL,
  `MMVN_LAST_MODIFIED_BY` varchar(50) DEFAULT NULL,
  `MMVN_LAST_MODIFIED_DATE` datetime DEFAULT NULL,
  `MMVN_ACTIVE` tinyint(1) NOT NULL DEFAULT 1,
  PRIMARY KEY (`MMVN_ID`) USING BTREE,
  KEY `FK_MEDICALDSRSTOCKMOVWARD_WARD_idx` (`MMVN_WRD_ID_A`),
  KEY `FK_MEDICALDSRSTOCKMOVWARD_PATIENT_idx` (`MMVN_PAT_ID`),
  KEY `FK_MEDICALDSRSTOCKMOVWARD_LOT_idx` (`MMVN_LT_ID`),
  CONSTRAINT `FK_MEDICALDSRSTOCKMOVWARD_LOT` FOREIGN KEY (`MMVN_LT_ID`) REFERENCES `medicaldsrlot` (`LT_ID_A`) ON DELETE NO ACTION ON UPDATE NO ACTION,
  CONSTRAINT `FK_MEDICALDSRSTOCKMOVWARD_PATIENT` FOREIGN KEY (`MMVN_PAT_ID`) REFERENCES `patient` (`PAT_ID`) ON DELETE CASCADE ON UPDATE CASCADE,
  CONSTRAINT `FK_MEDICALDSRSTOCKMOVWARD_WARD` FOREIGN KEY (`MMVN_WRD_ID_A`) REFERENCES `ward` (`WRD_ID_A`) ON DELETE NO ACTION ON UPDATE NO ACTION
) ENGINE=InnoDB AUTO_INCREMENT=4 DEFAULT CHARSET=utf8;
/*!40101 SET character_set_client = @saved_cs_client */;

--
-- Dumping data for table `medicaldsrstockmovward`
--

LOCK TABLES `medicaldsrstockmovward` WRITE;
/*!40000 ALTER TABLE `medicaldsrstockmovward` DISABLE KEYS */;
INSERT INTO `medicaldsrstockmovward` VALUES (1,'C','2020-11-19 02:04:06',1,501,29,0,'Mario Rossi','103',1,'pieces','admin',NULL,NULL,'AUTO_C_103','2020-11-19 02:04:06','admin','2020-11-19 02:04:06',1);
INSERT INTO `medicaldsrstockmovward` VALUES (2,'I','2020-11-20 00:00:44',1,505,10,0,'Gina Curtney','98',10,'pieces','admin',NULL,NULL,'AUTO_I_98','2020-11-20 00:00:44','admin','2020-11-20 00:00:44',1);
INSERT INTO `medicaldsrstockmovward` VALUES (3,'C','2020-11-20 00:22:26',1,489,2,0,'Mellisa Morning','103',3,'pieces','admin',NULL,NULL,'AUTO_C_103','2020-11-20 00:22:26','admin','2020-11-20 00:22:26',1);
/*!40000 ALTER TABLE `medicaldsrstockmovward` ENABLE KEYS */;
UNLOCK TABLES;

--
-- Table structure for table `medicaldsrtype`
--

DROP TABLE IF EXISTS `medicaldsrtype`;
/*!40101 SET @saved_cs_client     = @@character_set_client */;
/*!40101 SET character_set_client = utf8 */;
CREATE TABLE `medicaldsrtype` (
  `MDSRT_ID_A` char(1) NOT NULL,
  `MDSRT_DESC` varchar(30) DEFAULT NULL,
  `MDSRT_CREATED_BY` varchar(50) DEFAULT NULL,
  `MDSRT_CREATED_DATE` datetime DEFAULT NULL,
  `MDSRT_LAST_MODIFIED_BY` varchar(50) DEFAULT NULL,
  `MDSRT_LAST_MODIFIED_DATE` datetime DEFAULT NULL,
  `MDSRT_ACTIVE` tinyint(1) NOT NULL DEFAULT 1,
  PRIMARY KEY (`MDSRT_ID_A`)
) ENGINE=InnoDB DEFAULT CHARSET=utf8;
/*!40101 SET character_set_client = @saved_cs_client */;

--
-- Dumping data for table `medicaldsrtype`
--

LOCK TABLES `medicaldsrtype` WRITE;
/*!40000 ALTER TABLE `medicaldsrtype` DISABLE KEYS */;
INSERT INTO `medicaldsrtype` VALUES ('D','Drugs',NULL,NULL,NULL,NULL,1);
INSERT INTO `medicaldsrtype` VALUES ('K','Chemical',NULL,NULL,NULL,NULL,1);
INSERT INTO `medicaldsrtype` VALUES ('L','Laboratory',NULL,NULL,NULL,NULL,1);
INSERT INTO `medicaldsrtype` VALUES ('S','Surgery',NULL,NULL,NULL,NULL,1);
/*!40000 ALTER TABLE `medicaldsrtype` ENABLE KEYS */;
UNLOCK TABLES;

--
-- Table structure for table `medicaldsrward`
--

DROP TABLE IF EXISTS `medicaldsrward`;
/*!40101 SET @saved_cs_client     = @@character_set_client */;
/*!40101 SET character_set_client = utf8 */;
CREATE TABLE `medicaldsrward` (
  `MDSRWRD_WRD_ID_A` char(1) NOT NULL,
  `MDSRWRD_MDSR_ID` int(11) NOT NULL,
  `MDSRWRD_IN_QTI` float DEFAULT 0,
  `MDSRWRD_OUT_QTI` float DEFAULT 0,
  `MDSRWRD_LT_ID_A` varchar(50) NOT NULL,
  `MDSRWRD_CREATED_BY` varchar(50) DEFAULT NULL,
  `MDSRWRD_CREATED_DATE` datetime DEFAULT NULL,
  `MDSRWRD_LAST_MODIFIED_BY` varchar(50) DEFAULT NULL,
  `MDSRWRD_LAST_MODIFIED_DATE` datetime DEFAULT NULL,
  `MDSRWRD_ACTIVE` tinyint(1) NOT NULL DEFAULT 1,
  PRIMARY KEY (`MDSRWRD_WRD_ID_A`,`MDSRWRD_MDSR_ID`,`MDSRWRD_LT_ID_A`),
  KEY `FK_MEDICALDSRWARD_WARD_idx` (`MDSRWRD_WRD_ID_A`),
  KEY `FK_MEDICALDSRWARD_MEDICALDSR_idx` (`MDSRWRD_MDSR_ID`),
  KEY `FK_MEDICALDSRWARD_MEDICALDSRLOT_idx` (`MDSRWRD_LT_ID_A`),
  CONSTRAINT `FK_MEDICALDSRWARD_MEDICALDSR` FOREIGN KEY (`MDSRWRD_MDSR_ID`) REFERENCES `medicaldsr` (`MDSR_ID`) ON DELETE NO ACTION ON UPDATE NO ACTION,
  CONSTRAINT `FK_MEDICALDSRWARD_MEDICALDSRLOT` FOREIGN KEY (`MDSRWRD_LT_ID_A`) REFERENCES `medicaldsrlot` (`LT_ID_A`) ON DELETE NO ACTION ON UPDATE NO ACTION,
  CONSTRAINT `FK_MEDICALDSRWARD_WARD` FOREIGN KEY (`MDSRWRD_WRD_ID_A`) REFERENCES `ward` (`WRD_ID_A`) ON DELETE NO ACTION ON UPDATE NO ACTION
) ENGINE=InnoDB DEFAULT CHARSET=utf8;
/*!40101 SET character_set_client = @saved_cs_client */;

--
-- Dumping data for table `medicaldsrward`
--

LOCK TABLES `medicaldsrward` WRITE;
/*!40000 ALTER TABLE `medicaldsrward` DISABLE KEYS */;
INSERT INTO `medicaldsrward` VALUES ('C',103,100,4,'AUTO_C_103',NULL,NULL,NULL,NULL,1);
INSERT INTO `medicaldsrward` VALUES ('C',275,20,0,'7144453288242750524',NULL,NULL,NULL,NULL,1);
INSERT INTO `medicaldsrward` VALUES ('F',99,100,0,'AUTO_F_99',NULL,NULL,NULL,NULL,1);
INSERT INTO `medicaldsrward` VALUES ('F',105,1000,0,'AUTO_F_105',NULL,NULL,NULL,NULL,1);
INSERT INTO `medicaldsrward` VALUES ('F',368,20,0,'1352158066768470913',NULL,NULL,NULL,NULL,1);
INSERT INTO `medicaldsrward` VALUES ('F',404,10,0,'AUTO_F_404',NULL,NULL,NULL,NULL,1);
INSERT INTO `medicaldsrward` VALUES ('F',415,200,0,'AUTO_F_415',NULL,NULL,NULL,NULL,1);
INSERT INTO `medicaldsrward` VALUES ('I',40,100,0,'AUTO_I_40',NULL,NULL,NULL,NULL,1);
INSERT INTO `medicaldsrward` VALUES ('I',50,40,0,'7460012206646986840',NULL,NULL,NULL,NULL,1);
INSERT INTO `medicaldsrward` VALUES ('I',98,130,10,'AUTO_I_98',NULL,NULL,NULL,NULL,1);
INSERT INTO `medicaldsrward` VALUES ('I',108,1600,0,'AUTO_I_108',NULL,NULL,NULL,NULL,1);
INSERT INTO `medicaldsrward` VALUES ('I',415,1000,0,'AUTO_I_415',NULL,NULL,NULL,NULL,1);
INSERT INTO `medicaldsrward` VALUES ('M',98,70,0,'AUTO_M_98',NULL,NULL,NULL,NULL,1);
/*!40000 ALTER TABLE `medicaldsrward` ENABLE KEYS */;
UNLOCK TABLES;

--
-- Table structure for table `menuitem`
--

DROP TABLE IF EXISTS `menuitem`;
/*!40101 SET @saved_cs_client     = @@character_set_client */;
/*!40101 SET character_set_client = utf8 */;
CREATE TABLE `menuitem` (
  `MNI_ID_A` varchar(50) NOT NULL DEFAULT '',
  `MNI_BTN_LABEL` varchar(50) NOT NULL DEFAULT '',
  `MNI_LABEL` varchar(50) NOT NULL DEFAULT '',
  `MNI_TOOLTIP` varchar(100) DEFAULT NULL,
  `MNI_SHORTCUT` char(1) DEFAULT NULL,
  `MNI_SUBMENU` varchar(50) NOT NULL DEFAULT '',
  `MNI_CLASS` varchar(100) NOT NULL DEFAULT '',
  `MNI_IS_SUBMENU` char(1) NOT NULL DEFAULT 'N',
  `MNI_POSITION` int(10) unsigned NOT NULL DEFAULT 0,
  PRIMARY KEY (`MNI_ID_A`)
) ENGINE=MyISAM DEFAULT CHARSET=utf8;
/*!40101 SET character_set_client = @saved_cs_client */;

--
-- Dumping data for table `menuitem`
--

LOCK TABLES `menuitem` WRITE;
/*!40000 ALTER TABLE `menuitem` DISABLE KEYS */;
INSERT INTO `menuitem` VALUES ('admission','angal.menu.btn.admission','angal.menu.admission','x','A','main','org.isf.admission.gui.AdmittedPatientBrowser','N',4);
INSERT INTO `menuitem` VALUES ('admtype','angal.menu.btn.admtype','angal.menu.admtype','x','A','types','org.isf.admtype.gui.AdmissionTypeBrowser','N',0);
INSERT INTO `menuitem` VALUES ('deliverytype','angal.menu.btn.deliverytype','angal.menu.deliverytype','x','L','types','org.isf.dlvrtype.gui.DeliveryTypeBrowser','N',3);
INSERT INTO `menuitem` VALUES ('delresulttype','angal.menu.btn.delresulttype','angal.menu.delresulttype','x','R','types','org.isf.dlvrrestype.gui.DeliveryResultTypeBrowser','N',2);
INSERT INTO `menuitem` VALUES ('disctype','angal.menu.btn.disctype','angal.menu.disctype','x','D','types','org.isf.disctype.gui.DischargeTypeBrowser','N',1);
INSERT INTO `menuitem` VALUES ('disease','angal.menu.btn.disease','angal.menu.disease','x','D','generaldata','org.isf.disease.gui.DiseaseBrowser','N',3);
INSERT INTO `menuitem` VALUES ('diseaselist','angal.menu.btn.diseaselist','angal.menu.diseaselist','x','D','printing','org.isf.stat.gui.DiseasesListLauncher','N',2);
INSERT INTO `menuitem` VALUES ('diseasetype','angal.menu.btn.diseasetype','angal.menu.diseasetype','x','D','types','org.isf.distype.gui.DiseaseTypeBrowser','N',4);
INSERT INTO `menuitem` VALUES ('examlist1','angal.menu.btn.examlist1','angal.menu.examlist1','x','E','printing','org.isf.stat.gui.ExamsList1Launcher','N',1);
INSERT INTO `menuitem` VALUES ('exams','angal.menu.btn.exams','angal.menu.exams','x','E','generaldata','org.isf.exa.gui.ExamBrowser','N',4);
INSERT INTO `menuitem` VALUES ('examtype','angal.menu.btn.examtype','angal.menu.examtype','x','E','types','org.isf.exatype.gui.ExamTypeBrowser','N',5);
INSERT INTO `menuitem` VALUES ('generaldata','angal.menu.btn.generaldata','angal.menu.generaldata','x','S','main','none','Y',11);
INSERT INTO `menuitem` VALUES ('groups','angal.menu.btn.groups','angal.menu.groups','x','G','users','org.isf.menu.gui.UserGroupBrowsing','N',1);
INSERT INTO `menuitem` VALUES ('help','angal.menu.btn.help','angal.menu.help','x','H','main','org.isf.help.HelpViewer','N',12);
INSERT INTO `menuitem` VALUES ('hospital','angal.menu.btn.hospital','angal.menu.hospital','x','H','generaldata','org.isf.hospital.gui.HospitalBrowser','N',1);
INSERT INTO `menuitem` VALUES ('laboratory','angal.menu.btn.laboratory','angal.menu.laboratory','x','L','main','org.isf.lab.gui.LabBrowser','N',4);
INSERT INTO `menuitem` VALUES ('medicals','angal.menu.btn.medicals','angal.menu.medicals','x','P','pharmacy','org.isf.medicals.gui.MedicalBrowser','N',0);
INSERT INTO `menuitem` VALUES ('medicalstock','angal.menu.btn.medicalstock','angal.menu.medicalstock','x','S','pharmacy','org.isf.medicalstock.gui.MovStockBrowser','N',1);
INSERT INTO `menuitem` VALUES ('medicalstype','angal.menu.btn.medicalstype','angal.menu.medicalstype','x','M','types','org.isf.medtype.gui.MedicalTypeBrowser','N',7);
INSERT INTO `menuitem` VALUES ('medstockmovtype','angal.menu.btn.medstockmovtype','angal.menu.medstockmovtype','x','S','types','org.isf.medstockmovtype.gui.MedicaldsrstockmovTypeBrowser','N',6);
INSERT INTO `menuitem` VALUES ('opd','angal.menu.btn.opd','angal.menu.opd','x','O','main','org.isf.opd.gui.OpdBrowser','N',1);
INSERT INTO `menuitem` VALUES ('operation','angal.menu.btn.operation','angal.menu.operation','x','O','generaldata','org.isf.operation.gui.OperationBrowser','N',5);
INSERT INTO `menuitem` VALUES ('operationtype','angal.menu.btn.operationtype','angal.menu.operationtype','x','O','types','org.isf.opetype.gui.OperationTypeBrowser','N',8);
INSERT INTO `menuitem` VALUES ('pharmacy','angal.menu.btn.pharmacy','angal.menu.pharmacy','x','P','main','none','Y',2);
INSERT INTO `menuitem` VALUES ('pretreatmenttype','angal.menu.btn.pretreatmenttype','angal.menu.pretreatmenttype','x','P','types','org.isf.pregtreattype.gui.PregnantTreatmentTypeBrowser','N',9);
INSERT INTO `menuitem` VALUES ('printing','angal.menu.btn.printing','angal.menu.printing','x','R','main','none','Y',9);
INSERT INTO `menuitem` VALUES ('statistics','angal.menu.btn.statistics','angal.menu.statistics','x','T','main','org.isf.stat.reportlauncher.gui.ReportLauncher','N',6);
INSERT INTO `menuitem` VALUES ('types','angal.menu.btn.types','angal.menu.types','x','T','generaldata','none','Y',0);
INSERT INTO `menuitem` VALUES ('users','angal.menu.btn.users','angal.menu.users','x','U','generaldata','none','Y',10);
INSERT INTO `menuitem` VALUES ('usersusers','angal.menu.btn.usersusers','angal.menu.usersusers','x','U','users','org.isf.menu.gui.UserBrowsing','N',0);
INSERT INTO `menuitem` VALUES ('vaccine','angal.menu.btn.vaccine','angal.menu.vaccine','x','V','generaldata','org.isf.vaccine.gui.VaccineBrowser','N',6);
INSERT INTO `menuitem` VALUES ('ward','angal.menu.btn.ward','angal.menu.ward','x','W','generaldata','org.isf.ward.gui.WardBrowser','N',2);
INSERT INTO `menuitem` VALUES ('medicalsward','angal.menu.btn.medicalsward','angal.menu.medicalsward','x','W','pharmacy','org.isf.medicalstockward.gui.WardPharmacy','N',2);
INSERT INTO `menuitem` VALUES ('agetype','angal.menu.btn.agetype','angal.menu.agetype','x','G','types','org.isf.agetype.gui.AgeTypeBrowser','N',11);
INSERT INTO `menuitem` VALUES ('priceslists','angal.menu.btn.priceslists','angal.menu.priceslists','x','P','generaldata','org.isf.priceslist.gui.PricesBrowser','N',7);
INSERT INTO `menuitem` VALUES ('otherprices','angal.menu.btn.otherprices','angal.menu.otherprices','x','H','types','org.isf.pricesothers.gui.PricesOthersBrowser','N',10);
INSERT INTO `menuitem` VALUES ('accounting','angal.menu.btn.accounting','angal.menu.accounting','x','C','main','none','Y',5);
INSERT INTO `menuitem` VALUES ('newbill','angal.menu.btn.newbill','angal.menu.newbill','x','N','accounting','org.isf.accounting.gui.PatientBillEdit','N',0);
INSERT INTO `menuitem` VALUES ('billsmanager','angal.menu.btn.billsmanager','angal.menu.billsmanager','x','M','accounting','org.isf.accounting.gui.BillBrowser','N',1);
INSERT INTO `menuitem` VALUES ('data','angal.admission.data','angal.admission.data','x','D','admission','none','N',3);
INSERT INTO `menuitem` VALUES ('btnadmnew','angal.admission.newpatient','angal.admission.newpatient','x','N','admission','none','N',0);
INSERT INTO `menuitem` VALUES ('btnadmedit','angal.admission.editpatient','angal.admission.editpatient','x','E','admission','none','N',1);
INSERT INTO `menuitem` VALUES ('btnadmopd','angal.admission.opd','angal.admission.admission','x','O','admission','none','N',5);
INSERT INTO `menuitem` VALUES ('btnadmadm','angal.admission.admission','angal.admission.admission','x','A','admission','none','N',4);
INSERT INTO `menuitem` VALUES ('btnadmdel','angal.admission.deletepatient','angal.admission.deletepatient','x','L','admission','none','N',2);
INSERT INTO `menuitem` VALUES ('btnadmmer','angal.admission.merge','angal.admission.merge','x','L','admission','none','N',2);
INSERT INTO `menuitem` VALUES ('btndataeditpat','angal.admission.editpatient','angal.admission.editpatient','x','P','data','none','N',0);
INSERT INTO `menuitem` VALUES ('btndatamalnut','angal.admission.malnutritioncontrol','angal.admission.malnutritioncontrol','x','M','data','none','N',3);
INSERT INTO `menuitem` VALUES ('btndatadel','angal.common.delete','angal.common.delete','x','D','data','none','N',2);
INSERT INTO `menuitem` VALUES ('btndataedit','angal.common.edit','angal.common.edit','x','E','data','none','N',1);
INSERT INTO `menuitem` VALUES ('btnopddel','angal.common.delete','angal.common.delete','x','D','opd','none','N',2);
INSERT INTO `menuitem` VALUES ('btnopdedit','angal.common.edit','angal.common.edit','x','E','opd','none','N',1);
INSERT INTO `menuitem` VALUES ('btnopdnew','angal.common.new.btn','angal.common.new.btn','x','N','opd','none','N',0);
INSERT INTO `menuitem` VALUES ('btnpharmaceuticaldel','angal.common.delete','angal.common.delete','x','D','medicals','none','N',2);
INSERT INTO `menuitem` VALUES ('btnpharmaceuticaledit','angal.common.edit','angal.common.edit','x','E','medicals','none','N',1);
INSERT INTO `menuitem` VALUES ('btnpharmaceuticalnew','angal.common.new.btn','angal.common.new.btn','x','N','medicals','none','N',0);
INSERT INTO `menuitem` VALUES ('btnlaboratorydel','angal.common.delete','angal.common.delete','x','D','laboratory','none','N',2);
INSERT INTO `menuitem` VALUES ('btnlaboratoryedit','angal.common.edit','angal.common.edit','x','E','laboratory','none','N',1);
INSERT INTO `menuitem` VALUES ('btnlaboratorynew','angal.common.new.btn','angal.common.new.btn','x','N','laboratory','none','N',0);
INSERT INTO `menuitem` VALUES ('btnadmtherapy','angal.admission.therapy','angal.admission.therapy','x','T','admission','none','N',6);
INSERT INTO `menuitem` VALUES ('btnbillnew','angal.billbrowser.newbill.btn','angal.billbrowser.newbill.btn','x','N','billsmanager','none','N',0);
INSERT INTO `menuitem` VALUES ('btnbilledit','angal.billbrowser.editbill.btn','angal.billbrowser.editbill.btn','x','N','billsmanager','none','N',1);
INSERT INTO `menuitem` VALUES ('btnbilldelete','angal.billbrowser.deletebill.btn','angal.billbrowser.deletebill.btn','x','N','billsmanager','none','N',2);
INSERT INTO `menuitem` VALUES ('btnbillreport','angal.billbrowser.report','angal.billbrowser.report','x','N','billsmanager','none','N',3);
INSERT INTO `menuitem` VALUES ('vaccinetype','angal.menu.btn.vaccinetype','angal.menu.vaccinetype','x','V','types','org.isf.vactype.gui.VaccineTypeBrowser','N',12);
INSERT INTO `menuitem` VALUES ('patientvaccine','angal.menu.btn.patientvaccine','angal.menu.patientvaccine','x','V','main','org.isf.patvac.gui.PatVacBrowser','N',7);
INSERT INTO `menuitem` VALUES ('btnpatientvaccinenew','angal.common.new.btn','angal.common.new.btn','x','N','patientvaccine','none','N',0);
INSERT INTO `menuitem` VALUES ('btnpatientvaccineedit','angal.common.edit','angal.common.edit','x','E','patientvaccine','none','N',1);
INSERT INTO `menuitem` VALUES ('btnpatientvaccinedel','angal.common.delete','angal.common.delete','x','D','patientvaccine','none','N',2);
INSERT INTO `menuitem` VALUES ('communication','angal.menu.btn.chat','angal.menu.chat','x','M','main','org.isf.xmpp.gui.CommunicationFrame','N',10);
INSERT INTO `menuitem` VALUES ('btnadmbill','angal.menu.btn.btnadmbill','angal.menu.btnadmbill','x','R','admission','none','N',4);
INSERT INTO `menuitem` VALUES ('btnbillreceipt','angal.menu.btn.btnbillreceipt','angal.menu.btnbillreceipt','x','R','billsmanager','none','N',4);
INSERT INTO `menuitem` VALUES ('btnadmpatientfolder','angal.admission.patientfolder','angal.admission.patientfolder','x','P','admission','none','Y',6);
INSERT INTO `menuitem` VALUES ('btnopdnewexamination','angal.opd.examination','angal.opd.examination','x','A','btnopdnew','none','N',1);
INSERT INTO `menuitem` VALUES ('btnopdeditexamination','angal.opd.examination','angal.opd.examination','x','A','btnopdedit','none','N',1);
INSERT INTO `menuitem` VALUES ('btnadmadmexamination','angal.admission.examination','angal.admission.examination','x','A','btnadmadm','none','N',1);
INSERT INTO `menuitem` VALUES ('btnadmexamination','angal.admission.examination','angal.admission.examination','x','A','admission','none','N',1);
INSERT INTO `menuitem` VALUES ('supplier','angal.menu.btn.supplier','angal.menu.supplier','x','S','generaldata','org.isf.supplier.gui.SupplierBrowser','N',8);
INSERT INTO `menuitem` VALUES ('btnpatfoldopdrpt','angal.menu.btn.opdchart','angal.menu.opdchart','x','O','btnadmpatientfolder','none','N',1);
INSERT INTO `menuitem` VALUES ('btnpatfoldadmrpt','angal.menu.btn.admchart','angal.menu.admchart','x','A','btnadmpatientfolder','none','N',2);
INSERT INTO `menuitem` VALUES ('btnpatfoldpatrpt','angal.menu.btn.patreport','angal.menu.patreport','x','R','btnadmpatientfolder','none','N',3);
INSERT INTO `menuitem` VALUES ('btnpatfolddicom','angal.menu.btn.dicom','angal.menu.dicom','x','D','btnadmpatientfolder','none','N',4);
INSERT INTO `menuitem` VALUES ('smsmanager','angal.menu.btn.smsmanager','angal.menu.smsmanager','x','M','generaldata','org.isf.sms.gui.SmsBrowser','N',9);
INSERT INTO `menuitem` VALUES ('btnpharmstockcharge','angal.menu.btn.btnpharmstockcharge','angal.menu.btnpharmstockcharge','x','C','medicalstock','none','N',1);
INSERT INTO `menuitem` VALUES ('btnpharmstockdischarge','angal.menu.btn.btnpharmstockdischarge','angal.menu.btnpharmstockdischarge','x','D','medicalstock','none','N',2);
INSERT INTO `menuitem` VALUES ('btnmedicalswardreport','angal.menu.btn.btnmedicalswardreport','angal.menu.btnmedicalswardreport','x','P','medicalsward','none','N',2);
INSERT INTO `menuitem` VALUES ('btnmedicalswardexcel','angal.menu.btn.btnmedicalswardexcel','angal.menu.btnmedicalswardexcel','x','E','medicalsward','none','N',3);
INSERT INTO `menuitem` VALUES ('btnmedicalswardrectify','angal.menu.btn.btnmedicalswardrectify','angal.menu.btnmedicalswardrectify','x','R','medicalsward','none','N',1);
INSERT INTO `menuitem` VALUES ('dicomtype','angal.menu.btn.dicomtype','angal.menu.dicomtype','x','X','types','org.isf.dicomtype.gui.DicomTypeBrowser','N',13);
INSERT INTO `menuitem` VALUES ('btnopdnewoperation','angal.opd.operation','angal.opd.operation','x','A','btnopdnew','none','N',2);
INSERT INTO `menuitem` VALUES ('btnopdeditoperation','angal.opd.operation','angal.opd.operation','x','A','btnopdedit','none','N',2);
INSERT INTO `menuitem` VALUES ('worksheet','angal.menu.btn.worksheet','angal.menu.worksheet','x','W','main','org.isf.visits.gui.VisitView','N',8);
/*!40000 ALTER TABLE `menuitem` ENABLE KEYS */;
UNLOCK TABLES;

--
-- Table structure for table `opd`
--

DROP TABLE IF EXISTS `opd`;
/*!40101 SET @saved_cs_client     = @@character_set_client */;
/*!40101 SET character_set_client = utf8 */;
CREATE TABLE `opd` (
  `OPD_ID` int(11) NOT NULL AUTO_INCREMENT,
  `OPD_DATE` datetime NOT NULL,
  `OPD_NEW_PAT` char(1) NOT NULL DEFAULT 'N',
  `OPD_DATE_VIS` date NOT NULL,
  `OPD_PROG_YEAR` int(11) NOT NULL,
  `OPD_SEX` char(1) NOT NULL,
  `OPD_AGE` int(11) NOT NULL DEFAULT 0,
  `OPD_DIS_ID_A` varchar(10) DEFAULT NULL,
  `OPD_DIS_ID_A_2` varchar(10) DEFAULT NULL,
  `OPD_DIS_ID_A_3` varchar(10) DEFAULT NULL,
  `OPD_REFERRAL_FROM` varchar(1) DEFAULT NULL,
  `OPD_REFERRAL_TO` varchar(1) DEFAULT NULL,
  `OPD_NOTE` text NOT NULL,
  `OPD_PAT_ID` int(11) DEFAULT NULL,
  `OPD_USR_ID_A` varchar(50) NOT NULL DEFAULT 'admin',
  `OPD_LOCK` int(11) NOT NULL DEFAULT 0,
  `OPD_CREATED_BY` varchar(50) DEFAULT NULL,
  `OPD_DATE_NEXT_VIS` datetime DEFAULT NULL,
  `OPD_CREATED_DATE` datetime DEFAULT NULL,
  `OPD_LAST_MODIFIED_BY` varchar(50) DEFAULT NULL,
  `OPD_LAST_MODIFIED_DATE` datetime DEFAULT NULL,
  `OPD_ACTIVE` tinyint(1) NOT NULL DEFAULT 1,
  PRIMARY KEY (`OPD_ID`),
  KEY `FK_OPD_DISEASE` (`OPD_DIS_ID_A`),
  KEY `FK_OPD_DISEASE_2` (`OPD_DIS_ID_A_2`),
  KEY `FK_OPD_DISEASE_3` (`OPD_DIS_ID_A_3`),
  KEY `FK_OPD_PATIENT` (`OPD_PAT_ID`),
  CONSTRAINT `FK_OPD_DISEASE` FOREIGN KEY (`OPD_DIS_ID_A`) REFERENCES `disease` (`DIS_ID_A`) ON DELETE NO ACTION ON UPDATE NO ACTION,
  CONSTRAINT `FK_OPD_DISEASE_2` FOREIGN KEY (`OPD_DIS_ID_A_2`) REFERENCES `disease` (`DIS_ID_A`) ON DELETE NO ACTION ON UPDATE NO ACTION,
  CONSTRAINT `FK_OPD_DISEASE_3` FOREIGN KEY (`OPD_DIS_ID_A_3`) REFERENCES `disease` (`DIS_ID_A`) ON DELETE NO ACTION ON UPDATE NO ACTION,
  CONSTRAINT `FK_OPD_PATIENT` FOREIGN KEY (`OPD_PAT_ID`) REFERENCES `patient` (`PAT_ID`) ON DELETE CASCADE ON UPDATE CASCADE
) ENGINE=InnoDB AUTO_INCREMENT=401 DEFAULT CHARSET=utf8;
/*!40101 SET character_set_client = @saved_cs_client */;

--
-- Dumping data for table `opd`
--

LOCK TABLES `opd` WRITE;
/*!40000 ALTER TABLE `opd` DISABLE KEYS */;
INSERT INTO `opd` VALUES (2,'2020-11-06 16:47:33','N','2020-11-02',1,'M',1,'39',NULL,NULL,NULL,NULL,'',50,'admin',0,NULL,NULL,NULL,NULL,NULL,1);
INSERT INTO `opd` VALUES (3,'2020-11-06 16:57:09','R','2020-11-02',2,'M',62,'68',NULL,NULL,NULL,NULL,'',51,'admin',0,NULL,NULL,NULL,NULL,NULL,1);
INSERT INTO `opd` VALUES (4,'2020-11-06 16:58:48','R','2020-11-02',3,'M',29,'30',NULL,NULL,NULL,'R','',55,'admin',0,NULL,NULL,NULL,NULL,NULL,1);
INSERT INTO `opd` VALUES (5,'2020-11-06 17:00:07','N','2020-11-02',4,'F',1,'12',NULL,NULL,'R',NULL,'',58,'admin',0,NULL,NULL,NULL,NULL,NULL,1);
INSERT INTO `opd` VALUES (6,'2020-11-06 17:08:25','R','2020-11-02',5,'M',40,'28',NULL,NULL,NULL,NULL,'',60,'admin',0,NULL,NULL,NULL,NULL,NULL,1);
INSERT INTO `opd` VALUES (7,'2020-11-06 17:10:09','R','2020-11-02',6,'F',26,'110',NULL,NULL,NULL,NULL,'',62,'admin',0,NULL,NULL,NULL,NULL,NULL,1);
INSERT INTO `opd` VALUES (8,'2020-11-06 17:11:28','N','2020-11-02',7,'F',57,'16',NULL,NULL,NULL,'R','',65,'admin',0,NULL,NULL,NULL,NULL,NULL,1);
INSERT INTO `opd` VALUES (9,'2020-11-06 17:17:02','N','2020-11-02',8,'M',64,'40',NULL,NULL,NULL,NULL,'',67,'admin',0,NULL,NULL,NULL,NULL,NULL,1);
INSERT INTO `opd` VALUES (10,'2020-11-06 17:18:56','R','2020-11-02',9,'M',13,'24',NULL,NULL,'R',NULL,'',68,'admin',0,NULL,NULL,NULL,NULL,NULL,1);
INSERT INTO `opd` VALUES (11,'2020-11-06 17:20:47','N','2020-11-02',10,'M',65,'16',NULL,NULL,NULL,NULL,'',69,'admin',0,NULL,NULL,NULL,NULL,NULL,1);
INSERT INTO `opd` VALUES (12,'2020-11-06 17:22:10','R','2020-11-02',11,'M',1,'42',NULL,NULL,NULL,'R','',71,'admin',0,NULL,NULL,NULL,NULL,NULL,1);
INSERT INTO `opd` VALUES (13,'2020-11-06 17:25:46','N','2020-11-02',12,'M',51,'49',NULL,NULL,NULL,NULL,'',72,'admin',0,NULL,NULL,NULL,NULL,NULL,1);
INSERT INTO `opd` VALUES (15,'2020-11-07 18:59:47','N','2020-11-02',13,'F',26,'39',NULL,NULL,'R',NULL,'',74,'admin',0,NULL,NULL,NULL,NULL,NULL,1);
INSERT INTO `opd` VALUES (16,'2020-11-07 19:02:59','R','2020-11-02',14,'M',14,'89',NULL,NULL,NULL,'R','',77,'admin',0,NULL,NULL,NULL,NULL,NULL,1);
INSERT INTO `opd` VALUES (17,'2020-11-07 19:04:36','N','2020-11-02',15,'M',1,'42',NULL,NULL,NULL,NULL,'',78,'admin',0,NULL,NULL,NULL,NULL,NULL,1);
INSERT INTO `opd` VALUES (18,'2020-11-07 19:06:19','N','2020-11-02',16,'F',56,'44',NULL,NULL,NULL,NULL,'',79,'admin',0,NULL,NULL,NULL,NULL,NULL,1);
INSERT INTO `opd` VALUES (19,'2020-11-07 19:10:42','N','2020-11-02',17,'F',14,'49',NULL,NULL,NULL,NULL,'',80,'admin',0,NULL,NULL,NULL,NULL,NULL,1);
INSERT INTO `opd` VALUES (20,'2020-11-07 19:12:19','R','2020-11-02',18,'F',72,'16',NULL,NULL,'R','R','',82,'admin',0,NULL,NULL,NULL,NULL,NULL,1);
INSERT INTO `opd` VALUES (21,'2020-11-07 19:13:27','N','2020-11-02',19,'M',34,'43',NULL,NULL,NULL,NULL,'',83,'admin',0,NULL,NULL,NULL,NULL,NULL,1);
INSERT INTO `opd` VALUES (22,'2020-11-07 19:14:41','R','2020-11-02',20,'F',31,'68',NULL,NULL,NULL,NULL,'',85,'admin',0,NULL,NULL,NULL,NULL,NULL,1);
INSERT INTO `opd` VALUES (23,'2020-11-07 19:15:42','N','2020-11-02',21,'M',19,'39',NULL,NULL,NULL,NULL,'',86,'admin',0,NULL,NULL,NULL,NULL,NULL,1);
INSERT INTO `opd` VALUES (24,'2020-11-07 19:16:34','R','2020-11-02',22,'F',32,'44',NULL,NULL,NULL,'R','',87,'admin',0,NULL,NULL,NULL,NULL,NULL,1);
INSERT INTO `opd` VALUES (25,'2020-11-07 19:19:33','N','2020-11-02',23,'M',54,'17',NULL,NULL,'R',NULL,'',89,'admin',0,NULL,NULL,NULL,NULL,NULL,1);
INSERT INTO `opd` VALUES (26,'2020-11-07 19:20:39','N','2020-11-02',24,'F',23,'15',NULL,NULL,NULL,NULL,'',90,'admin',0,NULL,NULL,NULL,NULL,NULL,1);
INSERT INTO `opd` VALUES (27,'2020-11-07 19:21:19','N','2020-11-02',25,'M',72,'15',NULL,NULL,NULL,NULL,'',92,'admin',0,NULL,NULL,NULL,NULL,NULL,1);
INSERT INTO `opd` VALUES (28,'2020-11-07 19:23:06','R','2020-11-02',26,'M',15,'37',NULL,NULL,NULL,'R','',93,'admin',0,NULL,NULL,NULL,NULL,NULL,1);
INSERT INTO `opd` VALUES (29,'2020-11-07 19:25:55','R','2020-11-02',27,'M',72,'48',NULL,NULL,NULL,NULL,'',94,'admin',0,NULL,NULL,NULL,NULL,NULL,1);
INSERT INTO `opd` VALUES (30,'2020-11-07 19:27:31','N','2020-11-02',28,'F',50,'15',NULL,NULL,'R',NULL,'',95,'admin',0,NULL,NULL,NULL,NULL,NULL,1);
INSERT INTO `opd` VALUES (31,'2020-11-07 19:31:13','N','2020-11-02',29,'F',41,'17',NULL,NULL,NULL,NULL,'',96,'admin',0,NULL,NULL,NULL,NULL,NULL,1);
INSERT INTO `opd` VALUES (32,'2020-11-07 19:32:47','N','2020-11-02',30,'F',62,'110',NULL,NULL,NULL,'R','',97,'admin',0,NULL,NULL,NULL,NULL,NULL,1);
INSERT INTO `opd` VALUES (34,'2020-11-07 19:38:33','N','2020-11-02',31,'F',25,'89',NULL,NULL,NULL,NULL,'',98,'admin',0,NULL,NULL,NULL,NULL,NULL,1);
INSERT INTO `opd` VALUES (35,'2020-11-07 19:39:25','N','2020-11-02',32,'F',1,'43',NULL,NULL,'R',NULL,'',99,'admin',0,NULL,NULL,NULL,NULL,NULL,1);
INSERT INTO `opd` VALUES (36,'2020-11-07 19:40:28','R','2020-11-02',33,'M',33,'15',NULL,NULL,NULL,'R','',100,'admin',0,NULL,NULL,NULL,NULL,NULL,1);
INSERT INTO `opd` VALUES (37,'2020-11-07 19:41:13','R','2020-11-02',34,'F',51,'44',NULL,NULL,NULL,NULL,'',101,'admin',0,NULL,NULL,NULL,NULL,NULL,1);
INSERT INTO `opd` VALUES (38,'2020-11-07 19:42:06','N','2020-11-02',35,'F',30,'39',NULL,NULL,NULL,NULL,'',103,'admin',0,NULL,NULL,NULL,NULL,NULL,1);
INSERT INTO `opd` VALUES (39,'2020-11-07 19:43:37','N','2020-11-02',36,'M',45,'15',NULL,NULL,NULL,NULL,'',104,'admin',0,NULL,NULL,NULL,NULL,NULL,1);
INSERT INTO `opd` VALUES (40,'2020-11-07 19:44:34','R','2020-11-02',37,'F',67,'16',NULL,NULL,'R','R','',106,'admin',0,NULL,NULL,NULL,NULL,NULL,1);
INSERT INTO `opd` VALUES (41,'2020-11-07 19:45:42','R','2020-11-02',38,'F',30,'68',NULL,NULL,NULL,NULL,'',108,'admin',0,NULL,NULL,NULL,NULL,NULL,1);
INSERT INTO `opd` VALUES (42,'2020-11-07 19:46:39','R','2020-11-02',39,'F',37,'44',NULL,NULL,NULL,NULL,'',109,'admin',0,NULL,NULL,NULL,NULL,NULL,1);
INSERT INTO `opd` VALUES (43,'2020-11-07 19:49:31','N','2020-11-02',40,'F',26,'40',NULL,NULL,NULL,NULL,'',110,'admin',0,NULL,NULL,NULL,NULL,NULL,1);
INSERT INTO `opd` VALUES (45,'2020-11-07 19:52:11','R','2020-11-02',41,'F',20,'29',NULL,NULL,'R',NULL,'',111,'admin',0,NULL,NULL,NULL,NULL,NULL,1);
INSERT INTO `opd` VALUES (46,'2020-11-07 19:52:55','N','2020-11-02',42,'F',6,'43',NULL,NULL,NULL,NULL,'',112,'admin',0,NULL,NULL,NULL,NULL,NULL,1);
INSERT INTO `opd` VALUES (47,'2020-11-07 19:53:35','R','2020-11-02',43,'F',6,'39',NULL,NULL,NULL,NULL,'',115,'admin',0,NULL,NULL,NULL,NULL,NULL,1);
INSERT INTO `opd` VALUES (48,'2020-11-07 19:57:39','N','2020-11-02',44,'F',51,'15',NULL,NULL,NULL,'R','',16,'admin',0,NULL,NULL,NULL,NULL,NULL,1);
INSERT INTO `opd` VALUES (49,'2020-11-07 19:58:24','N','2020-11-02',45,'F',3,'43',NULL,NULL,NULL,NULL,'',117,'admin',0,NULL,NULL,NULL,NULL,NULL,1);
INSERT INTO `opd` VALUES (50,'2020-11-07 19:58:57','N','2020-11-02',46,'M',1,'39',NULL,NULL,'R',NULL,'',119,'admin',0,NULL,NULL,NULL,NULL,NULL,1);
INSERT INTO `opd` VALUES (51,'2020-11-07 19:59:49','N','2020-11-02',47,'M',2,'39',NULL,NULL,NULL,NULL,'',120,'admin',0,NULL,NULL,NULL,NULL,NULL,1);
INSERT INTO `opd` VALUES (52,'2020-11-07 20:01:30','N','2020-11-02',48,'F',1,'25',NULL,NULL,NULL,'R','',121,'admin',0,NULL,NULL,NULL,NULL,NULL,1);
INSERT INTO `opd` VALUES (53,'2020-11-07 20:04:12','N','2020-11-02',49,'M',1,'40',NULL,NULL,NULL,NULL,'',121,'admin',0,NULL,NULL,NULL,NULL,NULL,1);
INSERT INTO `opd` VALUES (54,'2020-11-07 20:04:45','N','2020-11-02',50,'M',60,'39',NULL,NULL,NULL,NULL,'',123,'admin',0,NULL,NULL,NULL,NULL,NULL,1);
INSERT INTO `opd` VALUES (55,'2020-11-07 20:06:02','N','2020-11-02',51,'F',54,'89',NULL,NULL,'R',NULL,'',125,'admin',0,NULL,NULL,NULL,NULL,NULL,1);
INSERT INTO `opd` VALUES (56,'2020-11-07 20:07:26','N','2020-11-02',52,'M',39,'15',NULL,NULL,NULL,'R','',126,'admin',0,NULL,NULL,NULL,NULL,NULL,1);
INSERT INTO `opd` VALUES (58,'2020-11-07 20:10:01','R','2020-11-02',53,'F',60,'49',NULL,NULL,NULL,NULL,'',127,'admin',0,NULL,NULL,NULL,NULL,NULL,1);
INSERT INTO `opd` VALUES (59,'2020-11-07 20:10:45','N','2020-11-02',54,'M',61,'15',NULL,NULL,NULL,NULL,'',128,'admin',0,NULL,NULL,NULL,NULL,NULL,1);
INSERT INTO `opd` VALUES (60,'2020-11-07 20:12:02','N','2020-11-02',55,'M',1,'40',NULL,NULL,'R','R','',129,'admin',0,NULL,NULL,NULL,NULL,NULL,1);
INSERT INTO `opd` VALUES (61,'2020-11-07 20:13:11','N','2020-11-02',56,'M',1,'39',NULL,NULL,NULL,NULL,'',130,'admin',0,NULL,NULL,NULL,NULL,NULL,1);
INSERT INTO `opd` VALUES (62,'2020-11-07 20:13:33','N','2020-11-02',57,'M',1,'39',NULL,NULL,NULL,NULL,'',131,'admin',0,NULL,NULL,NULL,NULL,NULL,1);
INSERT INTO `opd` VALUES (63,'2020-11-07 20:14:15','N','2020-11-02',58,'M',5,'39',NULL,NULL,NULL,NULL,'',132,'admin',0,NULL,NULL,NULL,NULL,NULL,1);
INSERT INTO `opd` VALUES (64,'2020-11-07 20:15:01','N','2020-11-02',59,'M',25,'43',NULL,NULL,NULL,'R','',133,'admin',0,NULL,NULL,NULL,NULL,NULL,1);
INSERT INTO `opd` VALUES (65,'2020-11-07 20:16:49','N','2020-11-02',60,'M',25,'49',NULL,NULL,'R',NULL,'',134,'admin',0,NULL,NULL,NULL,NULL,NULL,1);
INSERT INTO `opd` VALUES (66,'2020-11-07 20:17:21','N','2020-11-02',61,'M',19,'49',NULL,NULL,NULL,NULL,'',135,'admin',0,NULL,NULL,NULL,NULL,NULL,1);
INSERT INTO `opd` VALUES (67,'2020-11-07 20:18:44','N','2020-11-02',62,'F',30,'47',NULL,NULL,NULL,NULL,'',136,'admin',0,NULL,NULL,NULL,NULL,NULL,1);
INSERT INTO `opd` VALUES (68,'2020-11-07 20:20:29','N','2020-11-02',63,'F',58,'43',NULL,NULL,NULL,'R','',137,'admin',0,NULL,NULL,NULL,NULL,NULL,1);
INSERT INTO `opd` VALUES (69,'2020-11-07 20:21:43','N','2020-11-02',64,'M',20,'37',NULL,NULL,NULL,NULL,'',138,'admin',0,NULL,NULL,NULL,NULL,NULL,1);
INSERT INTO `opd` VALUES (70,'2020-11-07 20:22:32','N','2020-11-02',65,'M',2,'15',NULL,NULL,'R',NULL,'',139,'admin',0,NULL,NULL,NULL,NULL,NULL,1);
INSERT INTO `opd` VALUES (71,'2020-11-07 20:22:59','N','2020-11-02',66,'F',1,'39',NULL,NULL,NULL,NULL,'',140,'admin',0,NULL,NULL,NULL,NULL,NULL,1);
INSERT INTO `opd` VALUES (72,'2020-11-07 20:23:24','N','2020-11-02',67,'F',2,'39',NULL,NULL,NULL,'R','',141,'admin',0,NULL,NULL,NULL,NULL,NULL,1);
INSERT INTO `opd` VALUES (73,'2020-11-07 20:23:55','N','2020-11-02',68,'M',1,'39',NULL,NULL,NULL,NULL,'',142,'admin',0,NULL,NULL,NULL,NULL,NULL,1);
INSERT INTO `opd` VALUES (74,'2020-11-07 20:24:41','R','2020-11-02',69,'M',0,'47',NULL,NULL,NULL,NULL,'',143,'admin',0,NULL,NULL,NULL,NULL,NULL,1);
INSERT INTO `opd` VALUES (75,'2020-11-07 20:25:32','R','2020-11-02',70,'M',1,'40',NULL,NULL,'R',NULL,'',144,'admin',0,NULL,NULL,NULL,NULL,NULL,1);
INSERT INTO `opd` VALUES (76,'2020-11-07 20:25:58','N','2020-11-02',71,'M',6,'39',NULL,NULL,NULL,'R','',145,'admin',0,NULL,NULL,NULL,NULL,NULL,1);
INSERT INTO `opd` VALUES (77,'2020-11-07 20:26:31','N','2020-11-02',72,'M',0,'39',NULL,NULL,NULL,NULL,'',146,'admin',0,NULL,NULL,NULL,NULL,NULL,1);
INSERT INTO `opd` VALUES (78,'2020-11-07 20:30:47','N','2020-11-02',73,'F',18,'20',NULL,NULL,NULL,NULL,'',147,'admin',0,NULL,NULL,NULL,NULL,NULL,1);
INSERT INTO `opd` VALUES (79,'2020-11-07 20:31:21','N','2020-11-02',74,'F',7,'39',NULL,NULL,NULL,NULL,'',148,'admin',0,NULL,NULL,NULL,NULL,NULL,1);
INSERT INTO `opd` VALUES (80,'2020-11-07 20:32:10','N','2020-11-02',75,'F',0,'15',NULL,NULL,'R','R','',149,'admin',0,NULL,NULL,NULL,NULL,NULL,1);
INSERT INTO `opd` VALUES (81,'2020-11-07 20:32:47','N','2020-11-02',76,'M',0,'40',NULL,NULL,NULL,NULL,'',150,'admin',0,NULL,NULL,NULL,NULL,NULL,1);
INSERT INTO `opd` VALUES (83,'2020-11-07 20:40:58','N','2020-11-02',77,'F',3,'39',NULL,NULL,NULL,NULL,'',151,'admin',0,NULL,NULL,NULL,NULL,NULL,1);
INSERT INTO `opd` VALUES (84,'2020-11-07 20:41:27','N','2020-11-02',78,'M',1,'39',NULL,NULL,NULL,'R','',152,'admin',0,NULL,NULL,NULL,NULL,NULL,1);
INSERT INTO `opd` VALUES (85,'2020-11-07 20:41:56','N','2020-11-02',79,'M',0,'39',NULL,NULL,'R',NULL,'',153,'admin',0,NULL,NULL,NULL,NULL,NULL,1);
INSERT INTO `opd` VALUES (86,'2020-11-07 20:42:31','N','2020-11-02',80,'M',3,'39',NULL,NULL,NULL,NULL,'',154,'admin',0,NULL,NULL,NULL,NULL,NULL,1);
INSERT INTO `opd` VALUES (87,'2020-11-07 20:43:32','N','2020-11-02',81,'F',0,'39',NULL,NULL,NULL,NULL,'',155,'admin',0,NULL,NULL,NULL,NULL,NULL,1);
INSERT INTO `opd` VALUES (88,'2020-11-07 20:44:02','N','2020-11-02',82,'M',0,'40',NULL,NULL,NULL,'R','',156,'admin',0,NULL,NULL,NULL,NULL,NULL,1);
INSERT INTO `opd` VALUES (89,'2020-11-07 20:44:31','N','2020-11-02',83,'M',0,'39',NULL,NULL,NULL,NULL,'',157,'admin',0,NULL,NULL,NULL,NULL,NULL,1);
INSERT INTO `opd` VALUES (90,'2020-11-07 20:45:09','N','2020-11-02',84,'F',33,'40',NULL,NULL,'R',NULL,'',158,'admin',0,NULL,NULL,NULL,NULL,NULL,1);
INSERT INTO `opd` VALUES (91,'2020-11-07 20:45:43','R','2020-11-02',85,'F',31,'29',NULL,NULL,NULL,NULL,'',159,'admin',0,NULL,NULL,NULL,NULL,NULL,1);
INSERT INTO `opd` VALUES (92,'2020-11-07 20:46:27','N','2020-11-02',86,'M',1,'39',NULL,NULL,NULL,'R','',160,'admin',0,NULL,NULL,NULL,NULL,NULL,1);
INSERT INTO `opd` VALUES (93,'2020-11-07 20:47:16','N','2020-11-02',87,'M',4,'37',NULL,NULL,NULL,NULL,'',161,'admin',0,NULL,NULL,NULL,NULL,NULL,1);
INSERT INTO `opd` VALUES (94,'2020-11-07 20:47:46','N','2020-11-02',88,'F',57,'39',NULL,NULL,NULL,NULL,'',162,'admin',0,NULL,NULL,NULL,NULL,NULL,1);
INSERT INTO `opd` VALUES (95,'2020-11-07 20:48:57','N','2020-11-02',89,'F',1,'40',NULL,NULL,'R',NULL,'',163,'admin',0,NULL,NULL,NULL,NULL,NULL,1);
INSERT INTO `opd` VALUES (96,'2020-11-07 20:49:22','N','2020-11-02',90,'F',3,'39',NULL,NULL,NULL,'R','',164,'admin',0,NULL,NULL,NULL,NULL,NULL,1);
INSERT INTO `opd` VALUES (97,'2020-11-07 20:50:57','R','2020-11-02',91,'M',75,'14',NULL,NULL,NULL,NULL,'',165,'admin',0,NULL,NULL,NULL,NULL,NULL,1);
INSERT INTO `opd` VALUES (98,'2020-11-07 20:51:40','R','2020-11-02',92,'F',59,'40',NULL,NULL,NULL,NULL,'',166,'admin',0,NULL,NULL,NULL,NULL,NULL,1);
INSERT INTO `opd` VALUES (99,'2020-11-07 20:52:54','R','2020-11-02',93,'F',29,'47',NULL,NULL,NULL,NULL,'',167,'admin',0,NULL,NULL,NULL,NULL,NULL,1);
INSERT INTO `opd` VALUES (100,'2020-11-07 20:54:27','R','2020-11-02',94,'F',35,'60',NULL,NULL,'R','R','',168,'admin',0,NULL,NULL,NULL,NULL,NULL,1);
INSERT INTO `opd` VALUES (101,'2020-11-07 20:55:32','N','2020-11-02',95,'F',48,'49',NULL,NULL,NULL,NULL,'',169,'admin',0,NULL,NULL,NULL,NULL,NULL,1);
INSERT INTO `opd` VALUES (102,'2020-11-07 20:56:23','R','2020-11-02',96,'M',0,'49',NULL,NULL,NULL,NULL,'',170,'admin',0,NULL,NULL,NULL,NULL,NULL,1);
INSERT INTO `opd` VALUES (103,'2020-11-07 20:57:23','N','2020-11-02',97,'F',60,'30',NULL,NULL,NULL,NULL,'',171,'admin',0,NULL,NULL,NULL,NULL,NULL,1);
INSERT INTO `opd` VALUES (104,'2020-11-07 20:58:35','N','2020-11-02',98,'M',33,'44',NULL,NULL,NULL,'R','',172,'admin',0,NULL,NULL,NULL,NULL,NULL,1);
INSERT INTO `opd` VALUES (105,'2020-11-07 21:00:44','N','2020-11-02',99,'F',22,'15',NULL,NULL,'R',NULL,'',173,'admin',0,NULL,NULL,NULL,NULL,NULL,1);
INSERT INTO `opd` VALUES (106,'2020-11-07 21:02:22','N','2020-11-02',100,'F',44,'39',NULL,NULL,NULL,NULL,'',174,'admin',0,NULL,NULL,NULL,NULL,NULL,1);
INSERT INTO `opd` VALUES (107,'2020-11-07 21:03:56','N','2020-11-02',101,'M',2,'23',NULL,NULL,NULL,NULL,'',175,'admin',0,NULL,NULL,NULL,NULL,NULL,1);
INSERT INTO `opd` VALUES (108,'2020-11-07 21:04:56','N','2020-11-02',102,'F',23,'26',NULL,NULL,NULL,'R','',176,'admin',0,NULL,NULL,NULL,NULL,NULL,1);
INSERT INTO `opd` VALUES (109,'2020-11-07 21:05:54','R','2020-11-02',103,'F',35,'15',NULL,NULL,NULL,NULL,'',177,'admin',0,NULL,NULL,NULL,NULL,NULL,1);
INSERT INTO `opd` VALUES (110,'2020-11-07 21:06:55','R','2020-11-02',104,'F',0,'39',NULL,NULL,'R',NULL,'',178,'admin',0,NULL,NULL,NULL,NULL,NULL,1);
INSERT INTO `opd` VALUES (111,'2020-11-07 21:07:20','R','2020-11-02',105,'F',45,'44',NULL,NULL,NULL,NULL,'',179,'admin',0,NULL,NULL,NULL,NULL,NULL,1);
INSERT INTO `opd` VALUES (112,'2020-11-07 21:08:05','R','2020-11-02',106,'F',83,'16',NULL,NULL,NULL,'R','',180,'admin',0,NULL,NULL,NULL,NULL,NULL,1);
INSERT INTO `opd` VALUES (113,'2020-11-07 21:08:44','N','2020-11-02',107,'M',71,'16',NULL,NULL,NULL,NULL,'',310,'admin',0,NULL,NULL,NULL,NULL,NULL,1);
INSERT INTO `opd` VALUES (115,'2020-11-07 21:11:10','N','2020-11-02',108,'F',38,'29',NULL,NULL,'R',NULL,'',311,'admin',0,NULL,NULL,NULL,NULL,NULL,1);
INSERT INTO `opd` VALUES (116,'2020-11-07 21:11:32','N','2020-11-02',109,'M',1,'39',NULL,NULL,NULL,'R','',313,'admin',0,NULL,NULL,NULL,NULL,NULL,1);
INSERT INTO `opd` VALUES (117,'2020-11-07 21:12:21','N','2020-11-02',110,'M',1,'42',NULL,NULL,NULL,NULL,'',315,'admin',0,NULL,NULL,NULL,NULL,NULL,1);
INSERT INTO `opd` VALUES (118,'2020-11-07 21:13:08','N','2020-11-02',111,'M',12,'39',NULL,NULL,NULL,NULL,'',316,'admin',0,NULL,NULL,NULL,NULL,NULL,1);
INSERT INTO `opd` VALUES (119,'2020-11-07 21:13:40','N','2020-11-02',112,'M',11,'30',NULL,NULL,NULL,NULL,'',318,'admin',0,NULL,NULL,NULL,NULL,NULL,1);
INSERT INTO `opd` VALUES (120,'2020-11-07 21:14:22','R','2020-11-02',113,'F',32,'110',NULL,NULL,'R','R','',319,'admin',0,NULL,NULL,NULL,NULL,NULL,1);
INSERT INTO `opd` VALUES (121,'2020-11-07 21:15:24','N','2020-11-02',114,'F',56,'15',NULL,NULL,NULL,NULL,'',321,'admin',0,NULL,NULL,NULL,NULL,NULL,1);
INSERT INTO `opd` VALUES (122,'2020-11-07 21:16:34','N','2020-11-02',115,'F',38,'15',NULL,NULL,NULL,NULL,'',320,'admin',0,NULL,NULL,NULL,NULL,NULL,1);
INSERT INTO `opd` VALUES (123,'2020-11-07 21:18:11','N','2020-11-02',116,'F',45,'110',NULL,NULL,NULL,NULL,'',327,'admin',0,NULL,NULL,NULL,NULL,NULL,1);
INSERT INTO `opd` VALUES (124,'2020-11-07 21:18:48','N','2020-11-02',117,'F',18,'26',NULL,NULL,NULL,'R','',328,'admin',0,NULL,NULL,NULL,NULL,NULL,1);
INSERT INTO `opd` VALUES (125,'2020-11-07 21:20:32','N','2020-11-02',118,'M',9,'15',NULL,NULL,'R',NULL,'',329,'admin',0,NULL,NULL,NULL,NULL,NULL,1);
INSERT INTO `opd` VALUES (126,'2020-11-07 21:21:09','N','2020-11-02',119,'F',0,'39',NULL,NULL,NULL,NULL,'',320,'admin',0,NULL,NULL,NULL,NULL,NULL,1);
INSERT INTO `opd` VALUES (127,'2020-11-07 21:22:16','N','2020-11-02',120,'M',6,'13',NULL,NULL,NULL,NULL,'',321,'admin',0,NULL,NULL,NULL,NULL,NULL,1);
INSERT INTO `opd` VALUES (128,'2020-11-07 21:23:48','N','2020-11-02',121,'F',19,'26',NULL,NULL,NULL,'R','',325,'admin',0,NULL,NULL,NULL,NULL,NULL,1);
INSERT INTO `opd` VALUES (129,'2020-11-07 21:24:29','R','2020-11-02',122,'M',0,'40',NULL,NULL,NULL,NULL,'',326,'admin',0,NULL,NULL,NULL,NULL,NULL,1);
INSERT INTO `opd` VALUES (130,'2020-11-07 21:25:11','N','2020-11-02',123,'F',8,'40',NULL,NULL,'R',NULL,'',327,'admin',0,NULL,NULL,NULL,NULL,NULL,1);
INSERT INTO `opd` VALUES (131,'2020-11-07 21:25:52','R','2020-11-02',124,'F',31,'39',NULL,NULL,NULL,NULL,'',328,'admin',0,NULL,NULL,NULL,NULL,NULL,1);
INSERT INTO `opd` VALUES (132,'2020-11-07 21:27:17','N','2020-11-02',125,'M',5,'89',NULL,NULL,NULL,'R','',329,'admin',0,NULL,NULL,NULL,NULL,NULL,1);
INSERT INTO `opd` VALUES (133,'2020-11-07 21:28:34','N','2020-11-02',126,'F',20,'22',NULL,NULL,NULL,NULL,'',330,'admin',0,NULL,NULL,NULL,NULL,NULL,1);
INSERT INTO `opd` VALUES (134,'2020-11-07 21:29:53','N','2020-11-02',127,'F',24,'15',NULL,NULL,NULL,NULL,'',331,'admin',0,NULL,NULL,NULL,NULL,NULL,1);
INSERT INTO `opd` VALUES (135,'2020-11-08 08:47:18','N','2020-11-02',128,'F',4,'39',NULL,NULL,'R',NULL,'',332,'admin',0,NULL,NULL,NULL,NULL,NULL,1);
INSERT INTO `opd` VALUES (136,'2020-11-08 08:48:15','R','2020-11-02',129,'M',37,'47',NULL,NULL,NULL,'R','',333,'admin',0,NULL,NULL,NULL,NULL,NULL,1);
INSERT INTO `opd` VALUES (137,'2020-11-08 08:49:47','N','2020-11-02',130,'F',46,'37',NULL,NULL,NULL,NULL,'',335,'admin',0,NULL,NULL,NULL,NULL,NULL,1);
INSERT INTO `opd` VALUES (138,'2020-11-08 08:51:35','N','2020-11-02',131,'M',1,'43',NULL,NULL,NULL,NULL,'',336,'admin',0,NULL,NULL,NULL,NULL,NULL,1);
INSERT INTO `opd` VALUES (139,'2020-11-08 08:52:38','N','2020-11-02',132,'F',0,'40',NULL,NULL,NULL,NULL,'',337,'admin',0,NULL,NULL,NULL,NULL,NULL,1);
INSERT INTO `opd` VALUES (140,'2020-11-08 08:53:52','N','2020-11-02',133,'F',40,'39',NULL,NULL,'R','R','',338,'admin',0,NULL,NULL,NULL,NULL,NULL,1);
INSERT INTO `opd` VALUES (141,'2020-11-08 08:55:28','N','2020-11-02',134,'F',1,'39',NULL,NULL,NULL,NULL,'',339,'admin',0,NULL,NULL,NULL,NULL,NULL,1);
INSERT INTO `opd` VALUES (142,'2020-11-08 08:57:31','R','2020-11-02',135,'F',24,'103',NULL,NULL,NULL,NULL,'',340,'admin',0,NULL,NULL,NULL,NULL,NULL,1);
INSERT INTO `opd` VALUES (143,'2020-11-08 08:58:21','N','2020-11-02',136,'F',0,'30',NULL,NULL,NULL,NULL,'',344,'admin',0,NULL,NULL,NULL,NULL,NULL,1);
INSERT INTO `opd` VALUES (144,'2020-11-08 09:00:37','N','2020-11-02',137,'F',23,'15',NULL,NULL,NULL,'R','',348,'admin',0,NULL,NULL,NULL,NULL,NULL,1);
INSERT INTO `opd` VALUES (145,'2020-11-08 09:01:29','N','2020-11-02',138,'F',62,'84',NULL,NULL,'R',NULL,'',350,'admin',0,NULL,NULL,NULL,NULL,NULL,1);
INSERT INTO `opd` VALUES (146,'2020-11-08 09:02:03','N','2020-11-02',139,'F',1,'39',NULL,NULL,NULL,NULL,'',351,'admin',0,NULL,NULL,NULL,NULL,NULL,1);
INSERT INTO `opd` VALUES (147,'2020-11-08 09:02:31','N','2020-11-02',140,'F',1,'39',NULL,NULL,NULL,NULL,'',352,'admin',0,NULL,NULL,NULL,NULL,NULL,1);
INSERT INTO `opd` VALUES (148,'2020-11-08 09:03:28','N','2020-11-02',141,'M',34,'24',NULL,NULL,NULL,'R','',353,'admin',0,NULL,NULL,NULL,NULL,NULL,1);
INSERT INTO `opd` VALUES (149,'2020-11-08 09:04:14','R','2020-11-02',142,'M',5,'89',NULL,NULL,NULL,NULL,'',355,'admin',0,NULL,NULL,NULL,NULL,NULL,1);
INSERT INTO `opd` VALUES (150,'2020-11-08 09:04:54','N','2020-11-02',143,'F',6,'40',NULL,NULL,'R',NULL,'',357,'admin',0,NULL,NULL,NULL,NULL,NULL,1);
INSERT INTO `opd` VALUES (151,'2020-11-08 09:06:29','N','2020-11-02',144,'M',0,'30',NULL,NULL,NULL,NULL,'',358,'admin',0,NULL,NULL,NULL,NULL,NULL,1);
INSERT INTO `opd` VALUES (152,'2020-11-08 09:07:07','R','2020-11-02',145,'M',1,'39',NULL,NULL,NULL,'R','',359,'admin',0,NULL,NULL,NULL,NULL,NULL,1);
INSERT INTO `opd` VALUES (153,'2020-11-08 09:07:56','N','2020-11-02',146,'F',35,'37',NULL,NULL,NULL,NULL,'',360,'admin',0,NULL,NULL,NULL,NULL,NULL,1);
INSERT INTO `opd` VALUES (154,'2020-11-08 09:08:45','N','2020-11-02',147,'F',30,'110',NULL,NULL,NULL,NULL,'',361,'admin',0,NULL,NULL,NULL,NULL,NULL,1);
INSERT INTO `opd` VALUES (155,'2020-11-08 09:11:38','R','2020-11-02',148,'M',29,'39',NULL,NULL,'R',NULL,'',362,'admin',0,NULL,NULL,NULL,NULL,NULL,1);
INSERT INTO `opd` VALUES (156,'2020-11-08 09:12:16','N','2020-11-02',149,'M',1,'43',NULL,NULL,NULL,'R','',363,'admin',0,NULL,NULL,NULL,NULL,NULL,1);
INSERT INTO `opd` VALUES (157,'2020-11-08 09:13:25','N','2020-11-02',150,'F',17,'18',NULL,NULL,NULL,NULL,'',364,'admin',0,NULL,NULL,NULL,NULL,NULL,1);
INSERT INTO `opd` VALUES (158,'2020-11-08 09:14:21','R','2020-11-02',151,'F',54,'68',NULL,NULL,NULL,NULL,'',365,'admin',0,NULL,NULL,NULL,NULL,NULL,1);
INSERT INTO `opd` VALUES (159,'2020-11-08 09:15:21','N','2020-11-02',152,'M',42,'14',NULL,NULL,NULL,NULL,'',366,'admin',0,NULL,NULL,NULL,NULL,NULL,1);
INSERT INTO `opd` VALUES (160,'2020-11-08 09:15:47','N','2020-11-03',153,'M',3,'39',NULL,NULL,'R','R','',367,'admin',0,NULL,NULL,NULL,NULL,NULL,1);
INSERT INTO `opd` VALUES (161,'2020-11-08 09:16:26','N','2020-11-03',154,'M',0,'40',NULL,NULL,NULL,NULL,'',368,'admin',0,NULL,NULL,NULL,NULL,NULL,1);
INSERT INTO `opd` VALUES (162,'2020-11-08 09:17:47','N','2020-11-03',155,'M',65,'47',NULL,NULL,NULL,NULL,'',369,'admin',0,NULL,NULL,NULL,NULL,NULL,1);
INSERT INTO `opd` VALUES (163,'2020-11-08 09:18:42','N','2020-11-03',156,'M',61,'15',NULL,NULL,NULL,NULL,'',370,'admin',0,NULL,NULL,NULL,NULL,NULL,1);
INSERT INTO `opd` VALUES (164,'2020-11-08 09:19:34','R','2020-11-03',157,'F',57,'16',NULL,NULL,NULL,'R','',371,'admin',0,NULL,NULL,NULL,NULL,NULL,1);
INSERT INTO `opd` VALUES (165,'2020-11-08 09:20:23','N','2020-11-03',158,'F',32,'89',NULL,NULL,'R',NULL,'',372,'admin',0,NULL,NULL,NULL,NULL,NULL,1);
INSERT INTO `opd` VALUES (166,'2020-11-08 09:21:43','N','2020-11-03',159,'F',30,'40',NULL,NULL,NULL,NULL,'',373,'admin',0,NULL,NULL,NULL,NULL,NULL,1);
INSERT INTO `opd` VALUES (167,'2020-11-08 09:22:25','R','2020-11-03',160,'F',63,'14',NULL,NULL,NULL,NULL,'',374,'admin',0,NULL,NULL,NULL,NULL,NULL,1);
INSERT INTO `opd` VALUES (168,'2020-11-08 09:24:40','N','2020-11-03',161,'M',25,'32',NULL,NULL,NULL,'R','',375,'admin',0,NULL,NULL,NULL,NULL,NULL,1);
INSERT INTO `opd` VALUES (169,'2020-11-08 09:26:00','R','2020-11-03',162,'F',44,'15',NULL,NULL,NULL,NULL,'',376,'admin',0,NULL,NULL,NULL,NULL,NULL,1);
INSERT INTO `opd` VALUES (170,'2020-11-08 09:26:30','N','2020-11-03',163,'F',1,'39',NULL,NULL,'R',NULL,'',377,'admin',0,NULL,NULL,NULL,NULL,NULL,1);
INSERT INTO `opd` VALUES (171,'2020-11-08 09:27:05','N','2020-11-03',164,'M',0,'39',NULL,NULL,NULL,NULL,'',378,'admin',0,NULL,NULL,NULL,NULL,NULL,1);
INSERT INTO `opd` VALUES (172,'2020-11-08 09:28:02','N','2020-11-03',165,'F',10,'43',NULL,NULL,NULL,'R','',379,'admin',0,NULL,NULL,NULL,NULL,NULL,1);
INSERT INTO `opd` VALUES (173,'2020-11-08 09:28:57','N','2020-11-03',166,'M',5,'40',NULL,NULL,NULL,NULL,'',380,'admin',0,NULL,NULL,NULL,NULL,NULL,1);
INSERT INTO `opd` VALUES (174,'2020-11-08 09:29:46','N','2020-11-03',167,'F',6,'89',NULL,NULL,NULL,NULL,'',381,'admin',0,NULL,NULL,NULL,NULL,NULL,1);
INSERT INTO `opd` VALUES (175,'2020-11-08 09:30:19','N','2020-11-03',168,'F',71,'89',NULL,NULL,'R',NULL,'',382,'admin',0,NULL,NULL,NULL,NULL,NULL,1);
INSERT INTO `opd` VALUES (176,'2020-11-08 09:31:29','N','2020-11-03',169,'F',59,'39',NULL,NULL,NULL,'R','',383,'admin',0,NULL,NULL,NULL,NULL,NULL,1);
INSERT INTO `opd` VALUES (177,'2020-11-08 09:31:52','N','2020-11-03',170,'F',2,'39',NULL,NULL,NULL,NULL,'',384,'admin',0,NULL,NULL,NULL,NULL,NULL,1);
INSERT INTO `opd` VALUES (178,'2020-11-08 09:34:38','N','2020-11-03',171,'F',40,'19',NULL,NULL,NULL,NULL,'',385,'admin',0,NULL,NULL,NULL,NULL,NULL,1);
INSERT INTO `opd` VALUES (179,'2020-11-08 09:35:31','R','2020-11-03',172,'F',28,'84',NULL,NULL,NULL,NULL,'',386,'admin',0,NULL,NULL,NULL,NULL,NULL,1);
INSERT INTO `opd` VALUES (180,'2020-11-08 09:36:46','R','2020-11-03',173,'M',41,'14',NULL,NULL,'R','R','',387,'admin',0,NULL,NULL,NULL,NULL,NULL,1);
INSERT INTO `opd` VALUES (181,'2020-11-08 09:37:25','R','2020-11-03',174,'M',35,'14',NULL,NULL,NULL,NULL,'',388,'admin',0,NULL,NULL,NULL,NULL,NULL,1);
INSERT INTO `opd` VALUES (182,'2020-11-08 09:38:18','N','2020-11-03',175,'F',4,'39',NULL,NULL,NULL,NULL,'',389,'admin',0,NULL,NULL,NULL,NULL,NULL,1);
INSERT INTO `opd` VALUES (183,'2020-11-08 15:46:30','N','2020-11-03',176,'F',47,'15',NULL,NULL,NULL,NULL,'',390,'admin',0,NULL,NULL,NULL,NULL,NULL,1);
INSERT INTO `opd` VALUES (184,'2020-11-08 15:47:09','N','2020-11-03',177,'F',1,'39',NULL,NULL,NULL,'R','',391,'admin',0,NULL,NULL,NULL,NULL,NULL,1);
INSERT INTO `opd` VALUES (185,'2020-11-08 15:48:56','N','2020-11-03',178,'F',25,'49',NULL,NULL,'R',NULL,'',392,'admin',0,NULL,NULL,NULL,NULL,NULL,1);
INSERT INTO `opd` VALUES (186,'2020-11-08 15:49:32','N','2020-11-03',179,'F',1,'39',NULL,NULL,NULL,NULL,'',393,'admin',0,NULL,NULL,NULL,NULL,NULL,1);
INSERT INTO `opd` VALUES (187,'2020-11-08 15:50:03','N','2020-11-03',180,'M',1,'39',NULL,NULL,NULL,NULL,'',394,'admin',0,NULL,NULL,NULL,NULL,NULL,1);
INSERT INTO `opd` VALUES (188,'2020-11-08 15:50:54','N','2020-11-03',181,'F',18,'39',NULL,NULL,NULL,'R','',395,'admin',0,NULL,NULL,NULL,NULL,NULL,1);
INSERT INTO `opd` VALUES (189,'2020-11-08 15:51:28','N','2020-11-03',182,'M',0,'39',NULL,NULL,NULL,NULL,'',396,'admin',0,NULL,NULL,NULL,NULL,NULL,1);
INSERT INTO `opd` VALUES (190,'2020-11-08 15:53:14','R','2020-11-03',183,'F',27,'17',NULL,NULL,'R',NULL,'',397,'admin',0,NULL,NULL,NULL,NULL,NULL,1);
INSERT INTO `opd` VALUES (191,'2020-11-08 15:56:14','N','2020-11-03',184,'F',14,'48',NULL,NULL,NULL,NULL,'',398,'admin',0,NULL,NULL,NULL,NULL,NULL,1);
INSERT INTO `opd` VALUES (192,'2020-11-08 15:57:12','N','2020-11-03',185,'F',41,'22',NULL,NULL,NULL,'R','',399,'admin',0,NULL,NULL,NULL,NULL,NULL,1);
INSERT INTO `opd` VALUES (193,'2020-11-08 15:57:57','N','2020-11-03',186,'M',2,'39',NULL,NULL,NULL,NULL,'',181,'admin',0,NULL,NULL,NULL,NULL,NULL,1);
INSERT INTO `opd` VALUES (194,'2020-11-08 15:59:01','N','2020-11-03',187,'F',1,'39',NULL,NULL,NULL,NULL,'',182,'admin',0,NULL,NULL,NULL,NULL,NULL,1);
INSERT INTO `opd` VALUES (195,'2020-11-08 15:59:37','N','2020-11-03',188,'F',1,'39',NULL,NULL,'R',NULL,'',183,'admin',0,NULL,NULL,NULL,NULL,NULL,1);
INSERT INTO `opd` VALUES (196,'2020-11-08 16:00:14','N','2020-11-03',189,'F',2,'39',NULL,NULL,NULL,'R','',484,'admin',0,NULL,NULL,NULL,NULL,NULL,1);
INSERT INTO `opd` VALUES (197,'2020-11-08 16:00:45','N','2020-11-03',190,'M',16,'39',NULL,NULL,NULL,NULL,'',485,'admin',0,NULL,NULL,NULL,NULL,NULL,1);
INSERT INTO `opd` VALUES (198,'2020-11-08 16:01:18','N','2020-11-03',191,'F',0,'39',NULL,NULL,NULL,NULL,'',486,'admin',0,NULL,NULL,NULL,NULL,NULL,1);
INSERT INTO `opd` VALUES (199,'2020-11-08 16:02:17','R','2020-11-03',192,'M',52,'84',NULL,NULL,NULL,NULL,'',487,'admin',0,NULL,NULL,NULL,NULL,NULL,1);
INSERT INTO `opd` VALUES (200,'2020-11-08 16:03:35','N','2020-11-03',193,'M',1,'39',NULL,NULL,'R','R','',488,'admin',0,NULL,NULL,NULL,NULL,NULL,1);
INSERT INTO `opd` VALUES (201,'2020-11-08 16:04:26','R','2020-11-03',194,'M',48,'14',NULL,NULL,NULL,NULL,'',489,'admin',0,NULL,NULL,NULL,NULL,NULL,1);
INSERT INTO `opd` VALUES (202,'2020-11-08 16:04:58','N','2020-11-03',195,'M',3,'39',NULL,NULL,NULL,NULL,'',190,'admin',0,NULL,NULL,NULL,NULL,NULL,1);
INSERT INTO `opd` VALUES (203,'2020-11-08 16:06:10','R','2020-11-03',196,'F',24,'26',NULL,NULL,NULL,NULL,'',191,'admin',0,NULL,NULL,NULL,NULL,NULL,1);
INSERT INTO `opd` VALUES (204,'2020-11-08 16:07:06','N','2020-11-03',197,'M',0,'39',NULL,NULL,NULL,'R','',192,'admin',0,NULL,NULL,NULL,NULL,NULL,1);
INSERT INTO `opd` VALUES (206,'2020-11-08 16:08:32','N','2020-11-03',199,'M',2,'39',NULL,NULL,NULL,NULL,'',193,'admin',0,NULL,NULL,NULL,NULL,NULL,1);
INSERT INTO `opd` VALUES (207,'2020-11-08 16:09:54','N','2020-11-03',200,'F',32,'26',NULL,NULL,NULL,NULL,'',194,'admin',0,NULL,NULL,NULL,NULL,NULL,1);
INSERT INTO `opd` VALUES (208,'2020-11-08 16:11:13','N','2020-11-03',201,'F',1,'39',NULL,NULL,NULL,'R','',195,'admin',0,NULL,NULL,NULL,NULL,NULL,1);
INSERT INTO `opd` VALUES (210,'2020-11-08 16:13:18','R','2020-11-03',203,'F',56,'44',NULL,NULL,'R',NULL,'',196,'admin',0,NULL,NULL,NULL,NULL,NULL,1);
INSERT INTO `opd` VALUES (211,'2020-11-08 16:13:51','N','2020-11-03',204,'M',0,'39',NULL,NULL,NULL,NULL,'',197,'admin',0,NULL,NULL,NULL,NULL,NULL,1);
INSERT INTO `opd` VALUES (212,'2020-11-08 16:15:18','N','2020-11-03',205,'F',27,'15',NULL,NULL,NULL,'R','',198,'admin',0,NULL,NULL,NULL,NULL,NULL,1);
INSERT INTO `opd` VALUES (213,'2020-11-08 16:16:03','N','2020-11-03',206,'M',2,'39',NULL,NULL,NULL,NULL,'',199,'admin',0,NULL,NULL,NULL,NULL,NULL,1);
INSERT INTO `opd` VALUES (214,'2020-11-08 16:16:51','N','2020-11-03',207,'F',0,'39',NULL,NULL,NULL,NULL,'',200,'admin',0,NULL,NULL,NULL,NULL,NULL,1);
INSERT INTO `opd` VALUES (215,'2020-11-08 16:18:28','N','2020-11-03',208,'F',35,'12',NULL,NULL,'R',NULL,'',201,'admin',0,NULL,NULL,NULL,NULL,NULL,1);
INSERT INTO `opd` VALUES (216,'2020-11-08 16:19:19','N','2020-11-03',209,'F',1,'39',NULL,NULL,NULL,'R','',202,'admin',0,NULL,NULL,NULL,NULL,NULL,1);
INSERT INTO `opd` VALUES (217,'2020-11-08 16:20:37','N','2020-11-03',210,'F',60,'89',NULL,NULL,NULL,NULL,'',203,'admin',0,NULL,NULL,NULL,NULL,NULL,1);
INSERT INTO `opd` VALUES (218,'2020-11-08 16:21:17','N','2020-11-03',211,'F',0,'39',NULL,NULL,NULL,NULL,'',204,'admin',0,NULL,NULL,NULL,NULL,NULL,1);
INSERT INTO `opd` VALUES (219,'2020-11-08 16:21:48','N','2020-11-03',212,'M',1,'39',NULL,NULL,NULL,NULL,'',205,'admin',0,NULL,NULL,NULL,NULL,NULL,1);
INSERT INTO `opd` VALUES (220,'2020-11-08 16:23:42','N','2020-11-03',213,'F',34,'47',NULL,NULL,'R','R','',206,'admin',0,NULL,NULL,NULL,NULL,NULL,1);
INSERT INTO `opd` VALUES (221,'2020-11-08 16:24:23','R','2020-11-03',214,'M',39,'14',NULL,NULL,NULL,NULL,'',407,'admin',0,NULL,NULL,NULL,NULL,NULL,1);
INSERT INTO `opd` VALUES (222,'2020-11-08 16:27:17','N','2020-11-03',215,'M',22,'89',NULL,NULL,NULL,NULL,'',408,'admin',0,NULL,NULL,NULL,NULL,NULL,1);
INSERT INTO `opd` VALUES (223,'2020-11-08 16:28:37','N','2020-11-03',216,'M',30,'33',NULL,NULL,NULL,NULL,'',409,'admin',0,NULL,NULL,NULL,NULL,NULL,1);
INSERT INTO `opd` VALUES (224,'2020-11-08 16:29:29','R','2020-11-03',217,'F',45,'47',NULL,NULL,NULL,'R','',410,'admin',0,NULL,NULL,NULL,NULL,NULL,1);
INSERT INTO `opd` VALUES (225,'2020-11-08 16:29:53','R','2020-11-03',218,'F',1,'39',NULL,NULL,'R',NULL,'',411,'admin',0,NULL,NULL,NULL,NULL,NULL,1);
INSERT INTO `opd` VALUES (226,'2020-11-08 16:31:01','R','2020-11-03',219,'F',76,'16',NULL,NULL,NULL,NULL,'',412,'admin',0,NULL,NULL,NULL,NULL,NULL,1);
INSERT INTO `opd` VALUES (227,'2020-11-08 16:31:31','R','2020-11-03',220,'F',40,'110',NULL,NULL,NULL,NULL,'',413,'admin',0,NULL,NULL,NULL,NULL,NULL,1);
INSERT INTO `opd` VALUES (228,'2020-11-08 16:33:09','N','2020-11-03',221,'F',50,'37',NULL,NULL,NULL,'R','',414,'admin',0,NULL,NULL,NULL,NULL,NULL,1);
INSERT INTO `opd` VALUES (229,'2020-11-08 16:33:30','N','2020-11-03',222,'F',0,'39',NULL,NULL,NULL,NULL,'',415,'admin',0,NULL,NULL,NULL,NULL,NULL,1);
INSERT INTO `opd` VALUES (230,'2020-11-08 16:33:48','R','2020-11-03',223,'M',1,'39',NULL,NULL,'R',NULL,'',417,'admin',0,NULL,NULL,NULL,NULL,NULL,1);
INSERT INTO `opd` VALUES (231,'2020-11-08 16:34:18','N','2020-11-03',224,'F',0,'39',NULL,NULL,NULL,NULL,'',418,'admin',0,NULL,NULL,NULL,NULL,NULL,1);
INSERT INTO `opd` VALUES (232,'2020-11-08 16:34:57','N','2020-11-03',225,'F',47,'89',NULL,NULL,NULL,'R','',419,'admin',0,NULL,NULL,NULL,NULL,NULL,1);
INSERT INTO `opd` VALUES (233,'2020-11-08 16:35:33','N','2020-11-03',226,'M',10,'32',NULL,NULL,NULL,NULL,'',420,'admin',0,NULL,NULL,NULL,NULL,NULL,1);
INSERT INTO `opd` VALUES (234,'2020-11-08 16:36:01','N','2020-11-03',227,'F',1,'39',NULL,NULL,NULL,NULL,'',221,'admin',0,NULL,NULL,NULL,NULL,NULL,1);
INSERT INTO `opd` VALUES (235,'2020-11-08 16:36:48','N','2020-11-03',228,'M',12,'37',NULL,NULL,'R',NULL,'',222,'admin',0,NULL,NULL,NULL,NULL,NULL,1);
INSERT INTO `opd` VALUES (236,'2020-11-08 16:37:18','R','2020-11-03',229,'M',60,'14',NULL,NULL,NULL,'R','',224,'admin',0,NULL,NULL,NULL,NULL,NULL,1);
INSERT INTO `opd` VALUES (237,'2020-11-08 16:37:51','N','2020-11-03',230,'M',34,'44',NULL,NULL,NULL,NULL,'',225,'admin',0,NULL,NULL,NULL,NULL,NULL,1);
INSERT INTO `opd` VALUES (238,'2020-11-08 16:38:38','R','2020-11-03',231,'F',50,'16',NULL,NULL,NULL,NULL,'',226,'admin',0,NULL,NULL,NULL,NULL,NULL,1);
INSERT INTO `opd` VALUES (239,'2020-11-08 16:39:06','N','2020-11-03',232,'F',1,'39',NULL,NULL,NULL,NULL,'',227,'admin',0,NULL,NULL,NULL,NULL,NULL,1);
INSERT INTO `opd` VALUES (240,'2020-11-08 16:39:37','R','2020-11-03',233,'M',52,'84',NULL,NULL,'R','R','',228,'admin',0,NULL,NULL,NULL,NULL,NULL,1);
INSERT INTO `opd` VALUES (241,'2020-11-08 16:40:20','R','2020-11-03',234,'F',28,'44',NULL,NULL,NULL,NULL,'',229,'admin',0,NULL,NULL,NULL,NULL,NULL,1);
INSERT INTO `opd` VALUES (242,'2020-11-08 16:41:42','N','2020-11-03',235,'F',47,'69',NULL,NULL,NULL,NULL,'',230,'admin',0,NULL,NULL,NULL,NULL,NULL,1);
INSERT INTO `opd` VALUES (243,'2020-11-08 16:41:59','N','2020-11-03',236,'M',1,'39',NULL,NULL,NULL,NULL,'',231,'admin',0,NULL,NULL,NULL,NULL,NULL,1);
INSERT INTO `opd` VALUES (244,'2020-11-08 16:43:14','R','2020-11-03',237,'F',62,'39',NULL,NULL,NULL,'R','',232,'admin',0,NULL,NULL,NULL,NULL,NULL,1);
INSERT INTO `opd` VALUES (245,'2020-11-08 16:44:15','N','2020-11-03',238,'M',40,'15',NULL,NULL,'R',NULL,'',233,'admin',0,NULL,NULL,NULL,NULL,NULL,1);
INSERT INTO `opd` VALUES (246,'2020-11-08 16:44:35','N','2020-11-03',239,'M',5,'39',NULL,NULL,NULL,NULL,'',234,'admin',0,NULL,NULL,NULL,NULL,NULL,1);
INSERT INTO `opd` VALUES (247,'2020-11-08 16:45:17','N','2020-11-03',240,'F',23,'26',NULL,NULL,NULL,NULL,'',235,'admin',0,NULL,NULL,NULL,NULL,NULL,1);
INSERT INTO `opd` VALUES (248,'2020-11-08 16:45:36','N','2020-11-03',241,'M',0,'39',NULL,NULL,NULL,'R','',236,'admin',0,NULL,NULL,NULL,NULL,NULL,1);
INSERT INTO `opd` VALUES (249,'2020-11-08 16:46:08','N','2020-11-03',242,'M',1,'39',NULL,NULL,NULL,NULL,'',237,'admin',0,NULL,NULL,NULL,NULL,NULL,1);
INSERT INTO `opd` VALUES (250,'2020-11-08 16:46:41','N','2020-11-03',243,'F',1,'40',NULL,NULL,'R',NULL,'',238,'admin',0,NULL,NULL,NULL,NULL,NULL,1);
INSERT INTO `opd` VALUES (251,'2020-11-08 16:47:01','N','2020-11-03',244,'F',0,'39',NULL,NULL,NULL,NULL,'',239,'admin',0,NULL,NULL,NULL,NULL,NULL,1);
INSERT INTO `opd` VALUES (252,'2020-11-08 16:47:35','R','2020-11-03',245,'F',1,'15',NULL,NULL,NULL,'R','',240,'admin',0,NULL,NULL,NULL,NULL,NULL,1);
INSERT INTO `opd` VALUES (253,'2020-11-08 16:48:22','N','2020-11-03',246,'F',1,'39',NULL,NULL,NULL,NULL,'',241,'admin',0,NULL,NULL,NULL,NULL,NULL,1);
INSERT INTO `opd` VALUES (254,'2020-11-08 16:49:15','R','2020-11-03',247,'F',56,'44',NULL,NULL,NULL,NULL,'',242,'admin',0,NULL,NULL,NULL,NULL,NULL,1);
INSERT INTO `opd` VALUES (255,'2020-11-08 16:49:47','N','2020-11-03',248,'M',35,'15',NULL,NULL,'R',NULL,'',243,'admin',0,NULL,NULL,NULL,NULL,NULL,1);
INSERT INTO `opd` VALUES (256,'2020-11-08 16:50:20','R','2020-11-03',249,'M',32,'39',NULL,NULL,NULL,'R','',245,'admin',0,NULL,NULL,NULL,NULL,NULL,1);
INSERT INTO `opd` VALUES (257,'2020-11-08 16:51:14','N','2020-11-03',250,'M',4,'68',NULL,NULL,NULL,NULL,'',246,'admin',0,NULL,NULL,NULL,NULL,NULL,1);
INSERT INTO `opd` VALUES (258,'2020-11-08 16:52:26','N','2020-11-03',251,'F',24,'37',NULL,NULL,NULL,NULL,'',247,'admin',0,NULL,NULL,NULL,NULL,NULL,1);
INSERT INTO `opd` VALUES (259,'2020-11-08 16:54:05','R','2020-11-03',252,'M',68,'47',NULL,NULL,NULL,NULL,'',249,'admin',0,NULL,NULL,NULL,NULL,NULL,1);
INSERT INTO `opd` VALUES (260,'2020-11-08 16:54:28','N','2020-11-03',253,'M',1,'39',NULL,NULL,'R','R','',250,'admin',0,NULL,NULL,NULL,NULL,NULL,1);
INSERT INTO `opd` VALUES (261,'2020-11-08 16:54:56','N','2020-11-03',254,'M',34,'47',NULL,NULL,NULL,NULL,'',251,'admin',0,NULL,NULL,NULL,NULL,NULL,1);
INSERT INTO `opd` VALUES (262,'2020-11-08 16:55:33','N','2020-11-03',255,'M',66,'15',NULL,NULL,NULL,NULL,'',252,'admin',0,NULL,NULL,NULL,NULL,NULL,1);
INSERT INTO `opd` VALUES (263,'2020-11-08 16:56:26','R','2020-11-03',256,'F',30,'69',NULL,NULL,NULL,NULL,'',253,'admin',0,NULL,NULL,NULL,NULL,NULL,1);
INSERT INTO `opd` VALUES (264,'2020-11-08 16:57:21','N','2020-11-03',257,'F',67,'89',NULL,NULL,NULL,'R','',254,'admin',0,NULL,NULL,NULL,NULL,NULL,1);
INSERT INTO `opd` VALUES (265,'2020-11-08 16:57:42','N','2020-11-03',258,'M',0,'39',NULL,NULL,'R',NULL,'',255,'admin',0,NULL,NULL,NULL,NULL,NULL,1);
INSERT INTO `opd` VALUES (266,'2020-11-08 16:58:14','N','2020-11-03',259,'F',2,'40',NULL,NULL,NULL,NULL,'',256,'admin',0,NULL,NULL,NULL,NULL,NULL,1);
INSERT INTO `opd` VALUES (267,'2020-11-08 16:58:33','N','2020-11-03',260,'M',0,'39',NULL,NULL,NULL,NULL,'',257,'admin',0,NULL,NULL,NULL,NULL,NULL,1);
INSERT INTO `opd` VALUES (268,'2020-11-08 16:59:11','N','2020-11-03',261,'M',56,'15',NULL,NULL,NULL,'R','',258,'admin',0,NULL,NULL,NULL,NULL,NULL,1);
INSERT INTO `opd` VALUES (269,'2020-11-08 16:59:43','R','2020-11-03',262,'M',67,'14',NULL,NULL,NULL,NULL,'',259,'admin',0,NULL,NULL,NULL,NULL,NULL,1);
INSERT INTO `opd` VALUES (270,'2020-11-08 17:00:24','N','2020-11-03',263,'F',1,'39',NULL,NULL,'R',NULL,'',260,'admin',0,NULL,NULL,NULL,NULL,NULL,1);
INSERT INTO `opd` VALUES (271,'2020-11-08 17:00:47','N','2020-11-03',264,'M',1,'39',NULL,NULL,NULL,NULL,'',261,'admin',0,NULL,NULL,NULL,NULL,NULL,1);
INSERT INTO `opd` VALUES (272,'2020-11-08 17:01:20','N','2020-11-03',265,'F',3,'15',NULL,NULL,NULL,'R','',262,'admin',0,NULL,NULL,NULL,NULL,NULL,1);
INSERT INTO `opd` VALUES (273,'2020-11-08 17:02:04','N','2020-11-03',266,'F',0,'39',NULL,NULL,NULL,NULL,'',263,'admin',0,NULL,NULL,NULL,NULL,NULL,1);
INSERT INTO `opd` VALUES (274,'2020-11-08 17:02:39','R','2020-11-03',267,'F',32,'39',NULL,NULL,NULL,NULL,'',264,'admin',0,NULL,NULL,NULL,NULL,NULL,1);
INSERT INTO `opd` VALUES (275,'2020-11-08 17:03:42','R','2020-11-03',268,'F',40,'87',NULL,NULL,'R',NULL,'',265,'admin',0,NULL,NULL,NULL,NULL,NULL,1);
INSERT INTO `opd` VALUES (276,'2020-11-08 17:04:42','R','2020-11-03',269,'F',35,'44',NULL,NULL,NULL,'R','',266,'admin',0,NULL,NULL,NULL,NULL,NULL,1);
INSERT INTO `opd` VALUES (277,'2020-11-08 17:05:08','N','2020-11-03',270,'F',23,'110',NULL,NULL,NULL,NULL,'',267,'admin',0,NULL,NULL,NULL,NULL,NULL,1);
INSERT INTO `opd` VALUES (278,'2020-11-08 17:06:02','N','2020-11-03',271,'M',26,'59',NULL,NULL,NULL,NULL,'',268,'admin',0,NULL,NULL,NULL,NULL,NULL,1);
INSERT INTO `opd` VALUES (279,'2020-11-08 17:06:53','R','2020-11-03',272,'M',70,'57',NULL,NULL,NULL,NULL,'',269,'admin',0,NULL,NULL,NULL,NULL,NULL,1);
INSERT INTO `opd` VALUES (280,'2020-11-08 17:07:20','N','2020-11-03',273,'M',28,'39',NULL,NULL,'R','R','',270,'admin',0,NULL,NULL,NULL,NULL,NULL,1);
INSERT INTO `opd` VALUES (281,'2020-11-08 17:07:43','N','2020-11-03',274,'F',19,'39',NULL,NULL,NULL,NULL,'',261,'admin',0,NULL,NULL,NULL,NULL,NULL,1);
INSERT INTO `opd` VALUES (282,'2020-11-08 17:08:19','R','2020-11-03',275,'F',67,'87',NULL,NULL,NULL,NULL,'',272,'admin',0,NULL,NULL,NULL,NULL,NULL,1);
INSERT INTO `opd` VALUES (283,'2020-11-08 17:09:00','R','2020-11-03',276,'M',80,'47',NULL,NULL,NULL,NULL,'',273,'admin',0,NULL,NULL,NULL,NULL,NULL,1);
INSERT INTO `opd` VALUES (284,'2020-11-08 17:09:22','R','2020-11-03',277,'F',14,'39',NULL,NULL,NULL,'R','',274,'admin',0,NULL,NULL,NULL,NULL,NULL,1);
INSERT INTO `opd` VALUES (285,'2020-11-08 17:10:03','N','2020-11-03',278,'F',31,'43',NULL,NULL,'R',NULL,'',275,'admin',0,NULL,NULL,NULL,NULL,NULL,1);
INSERT INTO `opd` VALUES (286,'2020-11-08 17:10:30','R','2020-11-03',279,'F',69,'16',NULL,NULL,NULL,NULL,'',276,'admin',0,NULL,NULL,NULL,NULL,NULL,1);
INSERT INTO `opd` VALUES (287,'2020-11-08 17:10:45','N','2020-11-03',280,'F',0,'39',NULL,NULL,NULL,NULL,'',277,'admin',0,NULL,NULL,NULL,NULL,NULL,1);
INSERT INTO `opd` VALUES (288,'2020-11-08 17:11:26','R','2020-11-03',281,'F',10,'46',NULL,NULL,NULL,'R','',278,'admin',0,NULL,NULL,NULL,NULL,NULL,1);
INSERT INTO `opd` VALUES (289,'2020-11-08 17:12:00','R','2020-11-03',282,'F',40,'16',NULL,NULL,NULL,NULL,'',279,'admin',0,NULL,NULL,NULL,NULL,NULL,1);
INSERT INTO `opd` VALUES (290,'2020-11-08 17:12:34','N','2020-11-03',283,'M',30,'12',NULL,NULL,'R',NULL,'',280,'admin',0,NULL,NULL,NULL,NULL,NULL,1);
INSERT INTO `opd` VALUES (291,'2020-11-08 17:13:13','N','2020-11-03',284,'F',25,'15',NULL,NULL,NULL,NULL,'',281,'admin',0,NULL,NULL,NULL,NULL,NULL,1);
INSERT INTO `opd` VALUES (292,'2020-11-08 17:13:42','N','2020-11-03',285,'F',4,'43',NULL,NULL,NULL,'R','',282,'admin',0,NULL,NULL,NULL,NULL,NULL,1);
INSERT INTO `opd` VALUES (293,'2020-11-08 17:14:05','R','2020-11-03',286,'F',2,'39',NULL,NULL,NULL,NULL,'',283,'admin',0,NULL,NULL,NULL,NULL,NULL,1);
INSERT INTO `opd` VALUES (294,'2020-11-08 17:14:37','R','2020-11-03',287,'F',3,'39',NULL,NULL,NULL,NULL,'',284,'admin',0,NULL,NULL,NULL,NULL,NULL,1);
INSERT INTO `opd` VALUES (295,'2020-11-08 17:15:10','N','2020-11-03',288,'M',0,'39',NULL,NULL,'R',NULL,'',285,'admin',0,NULL,NULL,NULL,NULL,NULL,1);
INSERT INTO `opd` VALUES (296,'2020-11-08 17:16:14','N','2020-11-03',289,'F',2,'40',NULL,NULL,NULL,'R','',286,'admin',0,NULL,NULL,NULL,NULL,NULL,1);
INSERT INTO `opd` VALUES (298,'2020-11-08 17:17:34','N','2020-11-03',291,'M',3,'37',NULL,NULL,NULL,NULL,'',287,'admin',0,NULL,NULL,NULL,NULL,NULL,1);
INSERT INTO `opd` VALUES (299,'2020-11-08 17:18:06','N','2020-11-03',292,'F',0,'40',NULL,NULL,NULL,NULL,'',288,'admin',0,NULL,NULL,NULL,NULL,NULL,1);
INSERT INTO `opd` VALUES (300,'2020-11-08 17:18:43','R','2020-11-03',293,'F',7,'69',NULL,NULL,'R','R','',289,'admin',0,NULL,NULL,NULL,NULL,NULL,1);
INSERT INTO `opd` VALUES (301,'2020-11-08 17:19:22','N','2020-11-03',294,'F',15,'15',NULL,NULL,NULL,NULL,'',290,'admin',0,NULL,NULL,NULL,NULL,NULL,1);
INSERT INTO `opd` VALUES (302,'2020-11-08 17:20:24','R','2020-11-03',295,'M',20,'44',NULL,NULL,NULL,NULL,'',291,'admin',0,NULL,NULL,NULL,NULL,NULL,1);
INSERT INTO `opd` VALUES (303,'2020-11-08 17:23:24','N','2020-11-03',296,'M',0,'39',NULL,NULL,NULL,NULL,'',292,'admin',0,NULL,NULL,NULL,NULL,NULL,1);
INSERT INTO `opd` VALUES (304,'2020-11-08 17:24:12','R','2020-11-03',297,'M',22,'29',NULL,NULL,NULL,'R','',293,'admin',0,NULL,NULL,NULL,NULL,NULL,1);
INSERT INTO `opd` VALUES (305,'2020-11-08 17:25:02','N','2020-11-03',298,'F',0,'39',NULL,NULL,'R',NULL,'',294,'admin',0,NULL,NULL,NULL,NULL,NULL,1);
INSERT INTO `opd` VALUES (306,'2020-11-08 17:25:45','R','2020-11-03',299,'M',0,'30',NULL,NULL,NULL,NULL,'',295,'admin',0,NULL,NULL,NULL,NULL,NULL,1);
INSERT INTO `opd` VALUES (308,'2020-11-08 17:30:50','R','2020-11-03',301,'M',36,'49',NULL,NULL,NULL,'R','',296,'admin',0,NULL,NULL,NULL,NULL,NULL,1);
INSERT INTO `opd` VALUES (309,'2020-11-08 17:32:16','R','2020-11-03',302,'M',29,'44',NULL,NULL,NULL,NULL,'',297,'admin',0,NULL,NULL,NULL,NULL,NULL,1);
INSERT INTO `opd` VALUES (310,'2020-11-08 17:33:41','N','2020-11-03',303,'M',29,'15',NULL,NULL,'R',NULL,'',298,'admin',0,NULL,NULL,NULL,NULL,NULL,1);
INSERT INTO `opd` VALUES (311,'2020-11-08 17:35:30','N','2020-11-03',304,'M',35,'43',NULL,NULL,NULL,NULL,'',299,'admin',0,NULL,NULL,NULL,NULL,NULL,1);
INSERT INTO `opd` VALUES (312,'2020-11-08 17:36:53','N','2020-11-03',305,'F',36,'26',NULL,NULL,NULL,'R','',302,'admin',0,NULL,NULL,NULL,NULL,NULL,1);
INSERT INTO `opd` VALUES (313,'2020-11-08 17:38:38','R','2020-11-03',306,'F',42,'44',NULL,NULL,NULL,NULL,'',439,'admin',0,NULL,NULL,NULL,NULL,NULL,1);
INSERT INTO `opd` VALUES (314,'2020-11-08 17:40:02','N','2020-11-03',307,'F',76,'40',NULL,NULL,NULL,NULL,'',457,'admin',0,NULL,NULL,NULL,NULL,NULL,1);
INSERT INTO `opd` VALUES (315,'2020-11-08 17:41:34','N','2020-11-03',308,'M',2,'39',NULL,NULL,'R',NULL,'',104,'admin',0,NULL,NULL,NULL,NULL,NULL,1);
INSERT INTO `opd` VALUES (316,'2020-11-08 17:42:25','N','2020-11-03',309,'M',13,'40',NULL,NULL,NULL,'R','',149,'admin',0,NULL,NULL,NULL,NULL,NULL,1);
INSERT INTO `opd` VALUES (317,'2020-11-08 17:43:00','N','2020-11-03',310,'M',63,'39',NULL,NULL,NULL,NULL,'',88,'admin',0,NULL,NULL,NULL,NULL,NULL,1);
INSERT INTO `opd` VALUES (318,'2020-11-08 17:43:50','N','2020-11-03',311,'F',46,'16',NULL,NULL,NULL,NULL,'',473,'admin',0,NULL,NULL,NULL,NULL,NULL,1);
INSERT INTO `opd` VALUES (319,'2020-11-08 17:44:27','N','2020-11-03',312,'F',24,'40',NULL,NULL,NULL,NULL,'',109,'admin',0,NULL,NULL,NULL,NULL,NULL,1);
INSERT INTO `opd` VALUES (320,'2020-11-08 17:45:06','N','2020-11-03',313,'M',1,'40',NULL,NULL,'R','R','',401,'admin',0,NULL,NULL,NULL,NULL,NULL,1);
INSERT INTO `opd` VALUES (321,'2020-11-08 17:45:49','N','2020-11-03',314,'F',0,'39',NULL,NULL,NULL,NULL,'',512,'admin',0,NULL,NULL,NULL,NULL,NULL,1);
INSERT INTO `opd` VALUES (322,'2020-11-08 17:46:43','R','2020-11-03',315,'M',54,'44',NULL,NULL,NULL,NULL,'',467,'admin',0,NULL,NULL,NULL,NULL,NULL,1);
INSERT INTO `opd` VALUES (323,'2020-11-08 17:47:53','R','2020-11-03',316,'M',70,'17',NULL,NULL,NULL,NULL,'',461,'admin',0,NULL,NULL,NULL,NULL,NULL,1);
INSERT INTO `opd` VALUES (324,'2020-11-08 17:48:59','N','2020-11-03',317,'F',1,'39',NULL,NULL,NULL,'R','',390,'admin',0,NULL,NULL,NULL,NULL,NULL,1);
INSERT INTO `opd` VALUES (325,'2020-11-08 17:49:44','N','2020-11-03',318,'F',1,'39',NULL,NULL,'R',NULL,'',503,'admin',0,NULL,NULL,NULL,NULL,NULL,1);
INSERT INTO `opd` VALUES (326,'2020-11-08 17:50:13','N','2020-11-03',319,'M',2,'39',NULL,NULL,NULL,NULL,'',400,'admin',0,NULL,NULL,NULL,NULL,NULL,1);
INSERT INTO `opd` VALUES (327,'2020-11-08 17:53:19','N','2020-11-03',320,'F',1,'39',NULL,NULL,NULL,NULL,'',99,'admin',0,NULL,NULL,NULL,NULL,NULL,1);
INSERT INTO `opd` VALUES (328,'2020-11-08 17:53:56','N','2020-11-03',321,'F',26,'15',NULL,NULL,NULL,'R','',494,'admin',0,NULL,NULL,NULL,NULL,NULL,1);
INSERT INTO `opd` VALUES (329,'2020-11-08 17:54:41','N','2020-11-03',322,'F',0,'39',NULL,NULL,NULL,NULL,'',471,'admin',0,NULL,NULL,NULL,NULL,NULL,1);
INSERT INTO `opd` VALUES (330,'2020-11-08 17:55:22','N','2020-11-03',323,'F',6,'39','3',NULL,'R','','',422,'admin',1,NULL,NULL,NULL,'admin','2020-11-20 22:11:48',1);
INSERT INTO `opd` VALUES (331,'2020-11-08 17:56:30','N','2020-11-03',324,'F',1,'39',NULL,NULL,NULL,NULL,'',449,'admin',0,NULL,NULL,NULL,NULL,NULL,1);
INSERT INTO `opd` VALUES (332,'2020-11-08 17:57:06','R','2020-11-03',325,'F',50,'16',NULL,NULL,NULL,'R','',484,'admin',0,NULL,NULL,NULL,NULL,NULL,1);
INSERT INTO `opd` VALUES (333,'2020-11-08 17:57:28','N','2020-11-03',326,'M',2,'39',NULL,NULL,NULL,NULL,'',451,'admin',0,NULL,NULL,NULL,NULL,NULL,1);
INSERT INTO `opd` VALUES (334,'2020-11-08 17:57:53','N','2020-11-03',327,'F',45,'16',NULL,NULL,NULL,NULL,'',482,'admin',0,NULL,NULL,NULL,NULL,NULL,1);
INSERT INTO `opd` VALUES (336,'2020-11-08 17:59:30','N','2020-11-03',328,'F',25,'23',NULL,NULL,NULL,'R','',444,'admin',0,NULL,NULL,NULL,NULL,NULL,1);
INSERT INTO `opd` VALUES (337,'2020-11-08 17:59:51','N','2020-11-03',329,'M',1,'39',NULL,NULL,NULL,NULL,'',507,'admin',0,NULL,NULL,NULL,NULL,NULL,1);
INSERT INTO `opd` VALUES (338,'2020-11-08 18:03:19','R','2020-11-03',330,'F',48,'37',NULL,NULL,NULL,NULL,'',502,'admin',0,NULL,NULL,NULL,NULL,NULL,1);
INSERT INTO `opd` VALUES (339,'2020-11-08 18:04:39','R','2020-11-03',331,'F',38,'44',NULL,NULL,NULL,NULL,'',479,'admin',0,NULL,NULL,NULL,NULL,NULL,1);
INSERT INTO `opd` VALUES (340,'2020-11-08 18:06:00','N','2020-11-03',332,'F',47,'15',NULL,NULL,'R','R','',91,'admin',0,NULL,NULL,NULL,NULL,NULL,1);
INSERT INTO `opd` VALUES (341,'2020-11-08 18:06:50','N','2020-11-03',333,'F',43,'29',NULL,NULL,NULL,NULL,'',44,'admin',0,NULL,NULL,NULL,NULL,NULL,1);
INSERT INTO `opd` VALUES (342,'2020-11-08 18:07:26','N','2020-11-03',334,'M',9,'40',NULL,NULL,NULL,NULL,'',451,'admin',0,NULL,NULL,NULL,NULL,NULL,1);
INSERT INTO `opd` VALUES (343,'2020-11-08 18:08:46','N','2020-11-03',335,'M',21,'103',NULL,NULL,NULL,NULL,'',455,'admin',1,NULL,NULL,NULL,NULL,NULL,1);
INSERT INTO `opd` VALUES (344,'2020-11-08 18:10:34','N','2020-11-03',336,'F',45,'89',NULL,NULL,NULL,'R','',421,'admin',0,NULL,NULL,NULL,NULL,NULL,1);
INSERT INTO `opd` VALUES (345,'2020-11-08 18:11:35','N','2020-11-03',337,'F',22,'26',NULL,NULL,'R',NULL,'',414,'admin',0,NULL,NULL,NULL,NULL,NULL,1);
INSERT INTO `opd` VALUES (346,'2020-11-08 18:12:22','N','2020-11-03',338,'M',16,'39',NULL,NULL,NULL,NULL,'',491,'admin',0,NULL,NULL,NULL,NULL,NULL,1);
INSERT INTO `opd` VALUES (347,'2020-11-08 18:13:15','N','2020-11-03',339,'M',16,'89',NULL,NULL,NULL,NULL,'',498,'admin',0,NULL,NULL,NULL,NULL,NULL,1);
INSERT INTO `opd` VALUES (348,'2020-11-08 18:15:23','N','2020-11-03',340,'F',31,'32',NULL,NULL,NULL,'R','',443,'admin',0,NULL,NULL,NULL,NULL,NULL,1);
INSERT INTO `opd` VALUES (349,'2020-11-08 18:16:00','N','2020-11-03',341,'M',29,'39',NULL,NULL,NULL,NULL,'',423,'admin',0,NULL,NULL,NULL,NULL,NULL,1);
INSERT INTO `opd` VALUES (350,'2020-11-08 18:16:34','R','2020-11-03',342,'M',40,'29',NULL,NULL,'R',NULL,'',412,'admin',0,NULL,NULL,NULL,NULL,NULL,1);
INSERT INTO `opd` VALUES (351,'2020-11-08 18:17:21','N','2020-11-03',343,'F',36,'89',NULL,NULL,NULL,NULL,'',91,'admin',0,NULL,NULL,NULL,NULL,NULL,1);
INSERT INTO `opd` VALUES (352,'2020-11-08 18:18:39','R','2020-11-03',344,'M',28,'25',NULL,NULL,NULL,'R','',89,'admin',0,NULL,NULL,NULL,NULL,NULL,1);
INSERT INTO `opd` VALUES (353,'2020-11-08 18:19:45','N','2020-11-03',345,'F',60,'87',NULL,NULL,NULL,NULL,'',497,'admin',0,NULL,NULL,NULL,NULL,NULL,1);
INSERT INTO `opd` VALUES (354,'2020-11-08 18:20:34','R','2020-11-03',346,'M',24,'14',NULL,NULL,NULL,NULL,'',468,'admin',1,NULL,NULL,NULL,NULL,NULL,1);
INSERT INTO `opd` VALUES (355,'2020-11-08 18:21:14','R','2020-11-03',347,'M',66,'84',NULL,NULL,'R',NULL,'',456,'admin',0,NULL,NULL,NULL,NULL,NULL,1);
INSERT INTO `opd` VALUES (356,'2020-11-08 18:23:42','N','2020-11-03',348,'F',29,'26',NULL,NULL,NULL,'R','',448,'admin',0,NULL,NULL,NULL,NULL,NULL,1);
INSERT INTO `opd` VALUES (357,'2020-11-08 18:24:31','N','2020-11-03',349,'M',34,'89',NULL,NULL,NULL,NULL,'',423,'admin',0,NULL,NULL,NULL,NULL,NULL,1);
INSERT INTO `opd` VALUES (358,'2020-11-08 18:25:43','N','2020-11-03',350,'M',17,'89',NULL,NULL,NULL,NULL,'',2,'admin',0,NULL,NULL,NULL,NULL,NULL,1);
INSERT INTO `opd` VALUES (359,'2020-11-09 08:17:14','N','2020-11-03',351,'M',17,'89',NULL,NULL,NULL,NULL,'',499,'admin',2,NULL,NULL,NULL,NULL,NULL,1);
INSERT INTO `opd` VALUES (360,'2020-11-09 08:17:56','N','2020-11-03',352,'M',0,'39',NULL,NULL,'R','R','',202,'admin',3,NULL,NULL,NULL,NULL,NULL,1);
INSERT INTO `opd` VALUES (361,'2020-11-20 02:23:41','N','2020-11-20',353,'F',10,'12','84',NULL,'','','',232,'admin',0,'admin',NULL,'2020-11-20 02:23:57','admin','2020-11-20 02:23:57',1);
INSERT INTO `opd` VALUES (362,'2020-11-20 02:26:17','N','2020-11-20',354,'M',26,'56',NULL,NULL,'','','',513,'admin',0,'admin',NULL,'2020-11-20 02:26:17','admin','2020-11-20 02:26:17',1);
INSERT INTO `opd` VALUES (363,'2020-11-20 02:33:29','N','2020-11-20',355,'M',10,'82',NULL,NULL,'R','','',467,'admin',0,'admin',NULL,'2020-11-20 02:33:53','admin','2020-11-20 02:33:53',1);
INSERT INTO `opd` VALUES (364,'2020-11-20 20:11:03','N','2020-11-20',356,'M',50,'44',NULL,NULL,'','','',46,'admin',0,'admin',NULL,'2020-11-20 20:11:14','admin','2020-11-20 20:11:14',1);
INSERT INTO `opd` VALUES (365,'2020-11-20 23:28:58','N','2020-11-20',357,'M',36,'27','75',NULL,'','','',151,'admin',0,'admin',NULL,'2020-11-20 23:28:58','admin','2020-11-20 23:28:58',1);
INSERT INTO `opd` VALUES (366,'2020-11-20 23:29:11','N','2020-11-20',358,'M',49,'82',NULL,NULL,'','','',135,'admin',0,'admin',NULL,'2020-11-20 23:29:11','admin','2020-11-20 23:29:11',1);
INSERT INTO `opd` VALUES (367,'2020-11-20 23:29:50','N','2020-11-20',359,'M',53,'19',NULL,NULL,'','','',42,'admin',0,'admin',NULL,'2020-11-20 23:29:50','admin','2020-11-20 23:29:50',1);
INSERT INTO `opd` VALUES (368,'2020-11-20 23:30:10','N','2020-11-20',360,'M',11,'42',NULL,NULL,'','','',307,'admin',0,'admin','2020-11-28 23:30:08','2020-11-20 23:30:10','admin','2020-11-20 23:30:10',1);
INSERT INTO `opd` VALUES (369,'2020-11-20 23:36:07','N','2020-11-20',361,'M',11,'17',NULL,NULL,'','','',465,'admin',0,'admin',NULL,'2020-11-20 23:36:07','admin','2020-11-20 23:36:07',1);
INSERT INTO `opd` VALUES (370,'2020-11-21 00:00:08','N','2020-11-20',362,'M',0,'72','30',NULL,'','','',447,'admin',0,'admin',NULL,'2020-11-21 00:00:08','admin','2020-11-21 00:00:08',1);
INSERT INTO `opd` VALUES (371,'2020-11-21 00:00:15','N','2020-11-20',363,'F',1,'41',NULL,NULL,'','','',228,'admin',0,'admin',NULL,'2020-11-21 00:00:22','admin','2020-11-21 00:00:22',1);
INSERT INTO `opd` VALUES (372,'2020-11-21 00:00:24','N','2020-11-20',364,'M',35,'86',NULL,NULL,'','','',43,'admin',0,'admin',NULL,'2020-11-21 00:01:17','admin','2020-11-21 00:01:17',1);
INSERT INTO `opd` VALUES (373,'2020-11-21 00:33:27','N','2020-11-20',365,'M',7,'57',NULL,NULL,'','','',229,'admin',0,'admin',NULL,'2020-11-21 00:33:27','admin','2020-11-21 00:33:27',1);
INSERT INTO `opd` VALUES (374,'2020-11-21 01:48:22','N','2020-11-21',366,'M',38,'14',NULL,NULL,'','','',199,'admin',0,'admin',NULL,'2020-11-21 01:48:22','admin','2020-11-21 01:48:22',1);
INSERT INTO `opd` VALUES (375,'2020-11-21 01:48:39','N','2020-11-21',367,'F',22,'57',NULL,NULL,'','','',94,'admin',0,'admin',NULL,'2020-11-21 01:48:39','admin','2020-11-21 01:48:39',1);
INSERT INTO `opd` VALUES (376,'2020-11-21 01:49:05','N','2020-11-21',368,'M',52,'18',NULL,NULL,'','','',144,'admin',0,'admin',NULL,'2020-11-21 01:49:05','admin','2020-11-21 01:49:05',1);
INSERT INTO `opd` VALUES (377,'2020-11-21 02:02:49','N','2020-11-21',369,'M',0,'12',NULL,NULL,'','','',506,'admin',0,'admin',NULL,'2020-11-21 02:02:49','admin','2020-11-21 02:02:49',1);
INSERT INTO `opd` VALUES (378,'2020-11-21 02:02:57','N','2020-11-21',370,'F',2,'57',NULL,NULL,'','','',500,'admin',0,'admin',NULL,'2020-11-21 02:02:57','admin','2020-11-21 02:02:57',1);
INSERT INTO `opd` VALUES (379,'2020-11-21 02:03:12','N','2020-11-21',371,'M',3,'30',NULL,NULL,'','','',491,'admin',0,'admin',NULL,'2020-11-21 02:03:12','admin','2020-11-21 02:03:12',1);
INSERT INTO `opd` VALUES (380,'2020-11-21 02:03:33','N','2020-11-21',372,'F',10,'14','3',NULL,'','','',187,'admin',0,'admin',NULL,'2020-11-21 02:03:33','admin','2020-11-21 02:03:33',1);
INSERT INTO `opd` VALUES (381,'2020-11-21 02:06:08','N','2020-11-21',373,'M',25,'2','30',NULL,'','','',157,'admin',0,'admin',NULL,'2020-11-21 02:06:08','admin','2020-11-21 02:06:08',1);
INSERT INTO `opd` VALUES (382,'2020-11-21 02:20:59','N','2020-11-21',374,'F',45,'73',NULL,NULL,'','','',516,'admin',0,'admin',NULL,'2020-11-21 02:20:59','admin','2020-11-21 02:20:59',1);
INSERT INTO `opd` VALUES (383,'2020-11-21 02:24:08','N','2020-11-21',375,'M',25,'58',NULL,NULL,'','','',196,'admin',0,'admin',NULL,'2020-11-21 02:24:08','admin','2020-11-21 02:24:08',1);
INSERT INTO `opd` VALUES (384,'2020-11-21 02:24:29','N','2020-11-21',376,'M',49,'88',NULL,NULL,'','','',137,'admin',0,'admin',NULL,'2020-11-21 02:24:29','admin','2020-11-21 02:24:29',1);
INSERT INTO `opd` VALUES (385,'2020-11-21 03:30:02','N','2020-11-21',377,'F',19,'28',NULL,NULL,'','','',517,'admin',0,'admin',NULL,'2020-11-21 03:30:02','admin','2020-11-21 03:30:02',1);
INSERT INTO `opd` VALUES (386,'2020-11-21 03:32:16','N','2020-11-21',378,'M',52,'105',NULL,NULL,'','','',214,'admin',0,'admin',NULL,'2020-11-21 03:32:16','admin','2020-11-21 03:32:16',1);
INSERT INTO `opd` VALUES (387,'2020-11-21 03:33:22','N','2020-11-21',379,'M',39,'58','43',NULL,'','','',301,'admin',0,'admin',NULL,'2020-11-21 03:33:22','admin','2020-11-21 03:33:22',1);
INSERT INTO `opd` VALUES (388,'2020-11-21 03:37:03','N','2020-11-21',380,'M',76,'102','18',NULL,'','','',219,'admin',0,'admin',NULL,'2020-11-21 03:37:03','admin','2020-11-21 03:37:03',1);
INSERT INTO `opd` VALUES (389,'2020-11-21 21:57:29','N','2020-11-21',381,'M',57,'81',NULL,NULL,'','','',518,'admin',0,'admin',NULL,'2020-11-21 21:57:29','admin','2020-11-21 21:57:29',1);
INSERT INTO `opd` VALUES (390,'2020-11-21 21:59:04','N','2020-11-21',382,'F',3,'87',NULL,NULL,'','','',519,'admin',0,'admin',NULL,'2020-11-21 21:59:04','admin','2020-11-21 21:59:04',1);
INSERT INTO `opd` VALUES (391,'2020-11-21 22:43:25','N','2020-11-21',383,'M',12,'82','68',NULL,'','','',217,'admin',0,'admin',NULL,'2020-11-21 22:43:25','admin','2020-11-21 22:43:25',1);
INSERT INTO `opd` VALUES (392,'2020-11-21 23:10:38','N','2020-11-21',384,'F',40,'101','84',NULL,'','','',271,'admin',0,'admin',NULL,'2020-11-21 23:10:38','admin','2020-11-21 23:10:38',1);
INSERT INTO `opd` VALUES (393,'2020-11-22 02:35:47','N','2020-11-22',385,'M',0,'13','12',NULL,'','','',520,'admin',0,'admin',NULL,'2020-11-22 02:35:47','admin','2020-11-22 02:35:47',1);
INSERT INTO `opd` VALUES (394,'2020-11-22 02:37:09','N','2020-11-22',386,'F',10,'88',NULL,NULL,'','','',521,'admin',0,'admin',NULL,'2020-11-22 02:37:09','admin','2020-11-22 02:37:09',1);
INSERT INTO `opd` VALUES (395,'2020-11-22 17:58:09','N','2020-11-22',387,'M',61,'33','58',NULL,'','','',522,'admin',0,'admin',NULL,'2020-11-22 17:58:09','admin','2020-11-22 17:58:09',1);
INSERT INTO `opd` VALUES (396,'2020-11-23 15:58:35','N','2020-11-23',388,'M',6,'31','3',NULL,'','','',523,'admin',0,'admin',NULL,'2020-11-23 15:58:35','admin','2020-11-23 15:58:35',1);
INSERT INTO `opd` VALUES (397,'2020-11-23 15:59:02','N','2020-11-23',389,'F',60,'101',NULL,NULL,'','','',113,'admin',0,'admin',NULL,'2020-11-23 15:59:02','admin','2020-11-23 15:59:02',1);
INSERT INTO `opd` VALUES (398,'2020-11-23 15:59:23','N','2020-11-23',390,'M',0,'90',NULL,NULL,'','','',483,'admin',0,'admin',NULL,'2020-11-23 15:59:23','admin','2020-11-23 15:59:23',1);
INSERT INTO `opd` VALUES (399,'2020-11-23 15:59:54','N','2020-11-23',391,'F',0,'12',NULL,NULL,'','','',493,'admin',0,'admin',NULL,'2020-11-23 15:59:54','admin','2020-11-23 15:59:54',1);
INSERT INTO `opd` VALUES (400,'2020-11-23 16:00:23','N','2020-11-23',392,'M',44,'68','84',NULL,'','','',470,'admin',0,'admin',NULL,'2020-11-23 16:00:23','admin','2020-11-23 16:00:23',1);
/*!40000 ALTER TABLE `opd` ENABLE KEYS */;
UNLOCK TABLES;

--
-- Table structure for table `operation`
--

DROP TABLE IF EXISTS `operation`;
/*!40101 SET @saved_cs_client     = @@character_set_client */;
/*!40101 SET character_set_client = utf8 */;
CREATE TABLE `operation` (
  `OPE_ID_A` varchar(10) NOT NULL,
  `OPE_OCL_ID_A` char(2) NOT NULL,
  `OPE_DESC` varchar(50) NOT NULL,
  `OPE_STAT` int(11) NOT NULL DEFAULT 0,
  `OPE_FOR` char(1) DEFAULT '1' COMMENT '''1'' = OPD/IPD, ''2'' = IPD only, ''3'' = OPD only',
  `OPE_LOCK` int(11) NOT NULL DEFAULT 0,
  `OPE_CREATED_BY` varchar(50) DEFAULT NULL,
  `OPE_CREATED_DATE` datetime DEFAULT NULL,
  `OPE_LAST_MODIFIED_BY` varchar(50) DEFAULT NULL,
  `OPE_LAST_MODIFIED_DATE` datetime DEFAULT NULL,
  `OPE_ACTIVE` tinyint(1) NOT NULL DEFAULT 1,
  PRIMARY KEY (`OPE_ID_A`),
  KEY `FK_OPERATION_OPERATIONTYPE` (`OPE_OCL_ID_A`),
  CONSTRAINT `FK_OPERATION_OPERATIONTYPE` FOREIGN KEY (`OPE_OCL_ID_A`) REFERENCES `operationtype` (`OCL_ID_A`) ON DELETE NO ACTION ON UPDATE CASCADE
) ENGINE=InnoDB DEFAULT CHARSET=utf8;
/*!40101 SET character_set_client = @saved_cs_client */;

--
-- Dumping data for table `operation`
--

LOCK TABLES `operation` WRITE;
/*!40000 ALTER TABLE `operation` DISABLE KEYS */;
INSERT INTO `operation` VALUES ('1','OB','Caesarian section',1,'1',0,NULL,NULL,NULL,NULL,1);
INSERT INTO `operation` VALUES ('10','OB','Septic abortion',1,'1',0,NULL,NULL,NULL,NULL,1);
INSERT INTO `operation` VALUES ('11','OB','Dilatation and curettage',1,'1',0,NULL,NULL,NULL,NULL,1);
INSERT INTO `operation` VALUES ('12','OB','Repair of vesico-vaginal fistula (vvf)',1,'1',0,NULL,NULL,NULL,NULL,1);
INSERT INTO `operation` VALUES ('13','GY','Acute abdomen',1,'1',0,NULL,NULL,NULL,NULL,1);
INSERT INTO `operation` VALUES ('14','GY','Ectopic pregnancy',1,'1',0,NULL,NULL,NULL,NULL,1);
INSERT INTO `operation` VALUES ('15','GY','Peritonitis',1,'1',0,NULL,NULL,NULL,NULL,1);
INSERT INTO `operation` VALUES ('16','GY','Pelvic abscess',1,'1',0,NULL,NULL,NULL,NULL,1);
INSERT INTO `operation` VALUES ('17','GY','Uterine fibroids',1,'1',0,NULL,NULL,NULL,NULL,1);
INSERT INTO `operation` VALUES ('18','GY','Ovarian tumours',1,'1',0,NULL,NULL,NULL,NULL,1);
INSERT INTO `operation` VALUES ('19','GY','Uterine prolapse',1,'1',0,NULL,NULL,NULL,NULL,1);
INSERT INTO `operation` VALUES ('2','OB','emergency',1,'1',0,NULL,NULL,NULL,NULL,1);
INSERT INTO `operation` VALUES ('20','GY','Cystorele',1,'1',0,NULL,NULL,NULL,NULL,1);
INSERT INTO `operation` VALUES ('21','MG','circumcision',1,'1',0,NULL,NULL,NULL,NULL,1);
INSERT INTO `operation` VALUES ('22','MG','phimosis',1,'1',0,NULL,NULL,NULL,NULL,1);
INSERT INTO `operation` VALUES ('23','MG','paraphimosis',1,'1',0,NULL,NULL,NULL,NULL,1);
INSERT INTO `operation` VALUES ('24','MG','dorsal slit-paraphimosis',1,'1',0,NULL,NULL,NULL,NULL,1);
INSERT INTO `operation` VALUES ('25','MG','uretheral stricture-bougienage',1,'1',0,NULL,NULL,NULL,NULL,1);
INSERT INTO `operation` VALUES ('26','MG','Hydroceletomy',1,'1',0,NULL,NULL,NULL,NULL,1);
INSERT INTO `operation` VALUES ('27','MG','Testicular tumours',1,'1',0,NULL,NULL,NULL,NULL,1);
INSERT INTO `operation` VALUES ('28','MG','Prostatectomy',1,'1',0,NULL,NULL,NULL,NULL,1);
INSERT INTO `operation` VALUES ('29','MG','Prostate biopsy',1,'1',0,NULL,NULL,NULL,NULL,1);
INSERT INTO `operation` VALUES ('3','OB','elective',1,'1',0,NULL,NULL,NULL,NULL,1);
INSERT INTO `operation` VALUES ('30','MG','Bladder biopsy',1,'1',0,NULL,NULL,NULL,NULL,1);
INSERT INTO `operation` VALUES ('31','AG','Hernia (inguinal & femoral)',1,'1',0,NULL,NULL,NULL,NULL,1);
INSERT INTO `operation` VALUES ('32','AG','Strangulated',1,'1',0,NULL,NULL,NULL,NULL,1);
INSERT INTO `operation` VALUES ('33','AG','Non strangulated',1,'1',0,NULL,NULL,NULL,NULL,1);
INSERT INTO `operation` VALUES ('34','AG','Epigastrical Hernia',1,'1',0,NULL,NULL,NULL,NULL,1);
INSERT INTO `operation` VALUES ('37','AG','Intestinal obstruction',1,'1',0,NULL,NULL,NULL,NULL,1);
INSERT INTO `operation` VALUES ('38','AG','Mechanical',1,'1',0,NULL,NULL,NULL,NULL,1);
INSERT INTO `operation` VALUES ('39','AG','Volvulus',1,'1',0,NULL,NULL,NULL,NULL,1);
INSERT INTO `operation` VALUES ('4','OB','Hysterectomy',1,'1',0,NULL,NULL,NULL,NULL,1);
INSERT INTO `operation` VALUES ('40','AG','Laparatomy',1,'1',0,NULL,NULL,NULL,NULL,1);
INSERT INTO `operation` VALUES ('41','AG','Penetrating abdominal injuries',1,'1',0,NULL,NULL,NULL,NULL,1);
INSERT INTO `operation` VALUES ('42','AG','Peritonitis',1,'1',0,NULL,NULL,NULL,NULL,1);
INSERT INTO `operation` VALUES ('43','AG','Appendicitis',1,'1',0,NULL,NULL,NULL,NULL,1);
INSERT INTO `operation` VALUES ('44','AG','Cholecystitis',1,'1',0,NULL,NULL,NULL,NULL,1);
INSERT INTO `operation` VALUES ('45','AG','Abdominal Tumours',1,'1',0,NULL,NULL,NULL,NULL,1);
INSERT INTO `operation` VALUES ('46','OR','Reduction of fractures',1,'1',0,NULL,NULL,NULL,NULL,1);
INSERT INTO `operation` VALUES ('47','OR','Upper limb',1,'1',0,NULL,NULL,NULL,NULL,1);
INSERT INTO `operation` VALUES ('48','OR','Lower limb',1,'1',0,NULL,NULL,NULL,NULL,1);
INSERT INTO `operation` VALUES ('49','OR','Osteomyelitis - sequestrectomy',1,'1',0,NULL,NULL,NULL,NULL,1);
INSERT INTO `operation` VALUES ('5','OB','Ruptured uterus',1,'1',0,NULL,NULL,NULL,NULL,1);
INSERT INTO `operation` VALUES ('50','OS','Incission & drainage',1,'1',0,NULL,NULL,NULL,NULL,1);
INSERT INTO `operation` VALUES ('51','OS','Debridement',1,'1',0,NULL,NULL,NULL,NULL,1);
INSERT INTO `operation` VALUES ('52','OS','Mise -a- plat',1,'1',0,NULL,NULL,NULL,NULL,1);
INSERT INTO `operation` VALUES ('53','OS','Surgical toilet  & suture',1,'1',0,NULL,NULL,NULL,NULL,1);
INSERT INTO `operation` VALUES ('6','OB','Injured uterus',1,'1',0,NULL,NULL,NULL,NULL,1);
INSERT INTO `operation` VALUES ('7','OB','Hysterectomy',1,'1',0,NULL,NULL,NULL,NULL,1);
INSERT INTO `operation` VALUES ('8','OB','Evacuations',1,'1',0,NULL,NULL,NULL,NULL,1);
INSERT INTO `operation` VALUES ('9','OB','Incomplete abortion',1,'1',0,NULL,NULL,NULL,NULL,1);
/*!40000 ALTER TABLE `operation` ENABLE KEYS */;
UNLOCK TABLES;

--
-- Table structure for table `operationrow`
--

DROP TABLE IF EXISTS `operationrow`;
/*!40101 SET @saved_cs_client     = @@character_set_client */;
/*!40101 SET character_set_client = utf8 */;
CREATE TABLE `operationrow` (
  `OPER_ID_A` int(11) NOT NULL AUTO_INCREMENT,
  `OPER_ID` varchar(11) NOT NULL,
  `OPER_PRESCRIBER` varchar(150) NOT NULL,
  `OPER_RESULT` varchar(250) NOT NULL,
  `OPER_OPDATE` datetime NOT NULL,
  `OPER_REMARKS` varchar(250) NOT NULL,
  `OPER_ADMISSION_ID` int(11) DEFAULT 0,
  `OPER_OPD_ID` int(11) DEFAULT 0,
  `OPER_BILL_ID` int(11) DEFAULT 0,
  `OPER_TRANS_UNIT` float DEFAULT 0,
  `OPER_CREATED_BY` varchar(50) DEFAULT NULL,
  `OPER_CREATED_DATE` datetime DEFAULT NULL,
  `OPER_LAST_MODIFIED_BY` varchar(50) DEFAULT NULL,
  `OPER_LAST_MODIFIED_DATE` datetime DEFAULT NULL,
  `OPER_ACTIVE` tinyint(1) NOT NULL DEFAULT 1,
  PRIMARY KEY (`OPER_ID_A`)
) ENGINE=InnoDB DEFAULT CHARSET=utf8;
/*!40101 SET character_set_client = @saved_cs_client */;

--
-- Dumping data for table `operationrow`
--

LOCK TABLES `operationrow` WRITE;
/*!40000 ALTER TABLE `operationrow` DISABLE KEYS */;
/*!40000 ALTER TABLE `operationrow` ENABLE KEYS */;
UNLOCK TABLES;

--
-- Table structure for table `operationtype`
--

DROP TABLE IF EXISTS `operationtype`;
/*!40101 SET @saved_cs_client     = @@character_set_client */;
/*!40101 SET character_set_client = utf8 */;
CREATE TABLE `operationtype` (
  `OCL_ID_A` char(2) NOT NULL,
  `OCL_DESC` varchar(50) NOT NULL,
  `OCL_TYPE` varchar(20) NOT NULL DEFAULT 'MAJOR',
  `OCL_CREATED_BY` varchar(50) DEFAULT NULL,
  `OCL_CREATED_DATE` datetime DEFAULT NULL,
  `OCL_LAST_MODIFIED_BY` varchar(50) DEFAULT NULL,
  `OCL_LAST_MODIFIED_DATE` datetime DEFAULT NULL,
  `OCL_ACTIVE` tinyint(1) NOT NULL DEFAULT 1,
  PRIMARY KEY (`OCL_ID_A`)
) ENGINE=InnoDB DEFAULT CHARSET=utf8;
/*!40101 SET character_set_client = @saved_cs_client */;

--
-- Dumping data for table `operationtype`
--

LOCK TABLES `operationtype` WRITE;
/*!40000 ALTER TABLE `operationtype` DISABLE KEYS */;
INSERT INTO `operationtype` VALUES ('AG','ABDOMINAL GENERAL SURGERY','MAJOR',NULL,NULL,NULL,NULL,1);
INSERT INTO `operationtype` VALUES ('GY','GYNECOLOGICAL','MAJOR',NULL,NULL,NULL,NULL,1);
INSERT INTO `operationtype` VALUES ('MG','MALE GENITOR-URINARY SYSTEM','MAJOR',NULL,NULL,NULL,NULL,1);
INSERT INTO `operationtype` VALUES ('OB','OBSTETRICAL','MAJOR',NULL,NULL,NULL,NULL,1);
INSERT INTO `operationtype` VALUES ('OR','ORTHOPEDICAL','MAJOR',NULL,NULL,NULL,NULL,1);
INSERT INTO `operationtype` VALUES ('OS','OTHERS: SKIN AND SUBCUTANEOUS','MAJOR',NULL,NULL,NULL,NULL,1);
/*!40000 ALTER TABLE `operationtype` ENABLE KEYS */;
UNLOCK TABLES;

--
-- Table structure for table `patient`
--

DROP TABLE IF EXISTS `patient`;
/*!40101 SET @saved_cs_client     = @@character_set_client */;
/*!40101 SET character_set_client = utf8 */;
CREATE TABLE `patient` (
  `PAT_ID` int(11) NOT NULL AUTO_INCREMENT,
  `PAT_FNAME` varchar(50) NOT NULL,
  `PAT_SNAME` varchar(50) NOT NULL,
  `PAT_NAME` varchar(100) DEFAULT NULL,
  `PAT_BDATE` date DEFAULT NULL,
  `PAT_AGE` int(11) NOT NULL DEFAULT 0,
  `PAT_AGETYPE` varchar(50) NOT NULL DEFAULT '',
  `PAT_SEX` char(1) NOT NULL,
  `PAT_ADDR` varchar(50) DEFAULT NULL,
  `PAT_CITY` varchar(50) NOT NULL,
  `PAT_NEXT_KIN` varchar(50) DEFAULT NULL,
  `PAT_TELE` varchar(50) DEFAULT NULL,
  `PAT_MOTH_NAME` varchar(50) NOT NULL DEFAULT '',
  `PAT_MOTH` char(1) DEFAULT NULL,
  `PAT_FATH_NAME` varchar(50) NOT NULL DEFAULT '',
  `PAT_FATH` char(1) DEFAULT NULL,
  `PAT_LEDU` char(1) DEFAULT NULL,
  `PAT_ESTA` char(1) DEFAULT NULL,
  `PAT_PTOGE` char(1) DEFAULT NULL,
  `PAT_NOTE` text DEFAULT NULL,
  `PAT_DELETED` char(1) NOT NULL DEFAULT 'N',
  `PAT_LOCK` int(11) NOT NULL DEFAULT 0,
  `PAT_BTYPE` varchar(15) NOT NULL DEFAULT 'Unknown',
  `PAT_TAXCODE` varchar(30) DEFAULT '',
  `PAT_TIMESTAMP` timestamp NOT NULL DEFAULT current_timestamp(),
  `PAT_CREATED_BY` varchar(50) DEFAULT NULL,
  `PAT_CREATED_DATE` datetime DEFAULT NULL,
  `PAT_LAST_MODIFIED_BY` varchar(50) DEFAULT NULL,
  `PAT_LAST_MODIFIED_DATE` datetime DEFAULT NULL,
  `PAT_ACTIVE` tinyint(1) NOT NULL DEFAULT 1,
  `PAT_PROFESSION` varchar(50) NOT NULL DEFAULT 'unknown',
  `PAT_MAR_STAT` varchar(50) NOT NULL DEFAULT 'unknown',
  `PROFILE_PHOTO_ID` int(11) DEFAULT NULL,
  PRIMARY KEY (`PAT_ID`)
) ENGINE=InnoDB AUTO_INCREMENT=530 DEFAULT CHARSET=utf8;
/*!40101 SET character_set_client = @saved_cs_client */;

--
-- Dumping data for table `patient`
--

LOCK TABLES `patient` WRITE;
/*!40000 ALTER TABLE `patient` DISABLE KEYS */;
INSERT INTO `patient` VALUES (0,'Patient','Null','Null Patient',NULL,0,'-','U','-','-','-','-','-','U','-','U',NULL,'U','U','-','Y',0,'-','-','2020-11-12 16:40:55',NULL,NULL,NULL,NULL,1,'unknown','unknown',NULL);
INSERT INTO `patient` VALUES (2,'Otello','Gunther','Gunther Otello','1990-11-12',30,'','M','Carringson','Jewel Rd.','','','','\0','','\0','\0','\0','\0','','Y',1,'Unknown','','2020-11-12 16:40:55',NULL,NULL,NULL,NULL,1,'unknown','unknown',NULL);
INSERT INTO `patient` VALUES (4,'Stronach','Sharon','Sharon Stronach','1984-11-12',36,'','M','Brockton','Newington','','','','\0','','\0','\0','\0','\0','','Y',1,'Unknown','','2020-11-12 16:40:55',NULL,NULL,NULL,NULL,1,'unknown','unknown',NULL);
INSERT INTO `patient` VALUES (5,'Merrihew','Pamila','Merrihew Pamila','1986-11-12',34,'','M','Memorial Road','Road','','+120975757','','U','','U','\0','U','U','','N',2,'Unknown','','2020-11-12 16:40:55',NULL,NULL,'admin','2020-11-21 23:05:35',1,'unknown','unknown',NULL);
INSERT INTO `patient` VALUES (16,'Justin','Fred','Fred Justin','1955-10-06',65,'','M','Kernigan','Long Road - 58','','','','\0','','\0','\0','\0','\0','','N',1,'Unknown','','2020-11-12 16:40:55',NULL,NULL,NULL,NULL,1,'unknown','unknown',NULL);
INSERT INTO `patient` VALUES (42,'Anthon','Geremy','Geremy Anthon','1967-11-12',53,'','M','Winnipeg','Westerton Road','','','','\0','','\0','\0','\0','\0','','N',0,'Unknown','','2020-11-12 16:40:55',NULL,NULL,NULL,NULL,1,'unknown','unknown',NULL);
INSERT INTO `patient` VALUES (43,'Leavell','Fredericka','Fredericka Leavell','1985-11-12',35,'','M','Hartford','Norwalk','','','','\0','','\0','\0','\0','\0','','N',0,'Unknown','','2020-11-12 16:40:55',NULL,NULL,NULL,NULL,1,'unknown','unknown',NULL);
INSERT INTO `patient` VALUES (44,'Chick','Ossie','Chick Ossie','1962-11-12',58,'','M','Oak street 5','Norwalk','','+24521666','','U','','U','\0','U','U','','N',3,'A+','','2020-11-12 16:40:55',NULL,NULL,'admin','2021-03-15 12:16:09',1,'unknown','married',NULL);
INSERT INTO `patient` VALUES (45,'Pickford','Arden','Arden Pickford','1970-11-12',50,'','M','Parkhurst','Norwich','','','','\0','','\0','\0','\0','\0','','N',1,'Unknown','','2020-11-12 16:40:55',NULL,NULL,NULL,NULL,1,'unknown','unknown',NULL);
INSERT INTO `patient` VALUES (46,'Bardsley','Zenaida','Bardsley Zenaida','1970-11-12',50,'','M','Memorial Road 01','Ramonville','','','','U','','U','\0','U','U','','N',1,'Unknown','','2020-11-12 16:40:55',NULL,NULL,'admin','2020-11-21 23:05:03',1,'unknown','unknown',NULL);
INSERT INTO `patient` VALUES (47,'Graney','Almeda','Almeda Graney','1948-11-12',72,'','M','Brooksby','Putnam','','','','\0','','\0','\0','\0','\0','','N',0,'Unknown','','2020-11-12 16:40:55',NULL,NULL,NULL,NULL,1,'unknown','unknown',NULL);
INSERT INTO `patient` VALUES (48,'Ackman','Sammy','Sammy Ackman','1985-11-12',35,'','M','Fairhaven','Shelton','','','','\0','','\0','\0','\0','\0','','N',0,'Unknown','','2020-11-12 16:40:55',NULL,NULL,NULL,NULL,1,'unknown','unknown',NULL);
INSERT INTO `patient` VALUES (49,'Doepke','Jeanne','Jeanne Doepke','1988-11-12',32,'','M','William','Southington','','','','\0','','\0','\0','\0','\0','','N',0,'Unknown','','2020-11-12 16:40:55',NULL,NULL,NULL,NULL,1,'unknown','unknown',NULL);
INSERT INTO `patient` VALUES (50,'Delpino','Teena','Delpino Teena','1940-11-12',80,'','M','Worcester st. 11','Cutley city','','','','U','','U','\0','U','U','','N',3,'Unknown','','2020-11-12 16:40:55',NULL,NULL,'admin','2021-03-15 14:27:37',1,'unknown','unknown',NULL);
INSERT INTO `patient` VALUES (51,'Abramowitz','Olivia','Olivia Abramowitz','1950-11-12',70,'','M','Timpany','Torrington','','','','\0','','\0','\0','\0','\0','','N',0,'Unknown','','2020-11-12 16:40:55',NULL,NULL,NULL,NULL,1,'unknown','unknown',NULL);
INSERT INTO `patient` VALUES (52,'Hillman','Reagan','Hillman Reagan','1996-11-12',24,'','M','Russell road 4','Wellington','','','','U','','U','\0','U','U','','N',1,'Unknown','','2020-11-12 16:40:55',NULL,NULL,'admin','2021-03-15 14:27:18',1,'unknown','unknown',NULL);
INSERT INTO `patient` VALUES (53,'Navarro','Randee','Randee Navarro','1970-11-12',50,'','M','Plymouth','Waterbury','','','','\0','','\0','\0','\0','\0','','N',0,'Unknown','','2020-11-12 16:40:55',NULL,NULL,NULL,NULL,1,'unknown','unknown',NULL);
INSERT INTO `patient` VALUES (54,'Demaree','Laura','Demaree Laura','2009-11-12',11,'','M','Washington St. 11','Ramonville','','+4178844','','U','','U','\0','U','U','','N',1,'Unknown','','2020-11-12 16:40:55',NULL,NULL,'admin','2020-11-21 23:05:20',1,'unknown','unknown',NULL);
INSERT INTO `patient` VALUES (55,'Eslinger','Julietta','Julietta Eslinger','1991-11-12',29,'','M','Washington','West','','','','\0','','\0','\0','\0','\0','','N',0,'Unknown','','2020-11-12 16:40:55',NULL,NULL,NULL,NULL,1,'unknown','unknown',NULL);
INSERT INTO `patient` VALUES (56,'Pundt','Estell','Estell Pundt','1990-11-12',30,'','M','Soojian','Adamsville','','','','\0','','\0','\0','\0','\0','','N',0,'Unknown','','2020-11-12 16:40:55',NULL,NULL,NULL,NULL,1,'unknown','unknown',NULL);
INSERT INTO `patient` VALUES (57,'Demeter','Celsa','Demeter Celsa','1964-11-12',56,'','M','Jungle way 10','Pkwy','','','','U','','U','\0','U','U','','N',1,'Unknown','','2020-11-12 16:40:55',NULL,NULL,'admin','2021-03-15 14:27:03',1,'unknown','unknown',NULL);
INSERT INTO `patient` VALUES (58,'Nesmith','Ashlyn','Ashlyn Nesmith','1982-11-12',38,'','M','Massachusetts','West','','','','\0','','\0','\0','\0','\0','','N',0,'Unknown','','2020-11-12 16:40:55',NULL,NULL,NULL,NULL,1,'unknown','unknown',NULL);
INSERT INTO `patient` VALUES (59,'Winkel','Gertha','Gertha Winkel','2005-11-12',15,'','M','Lynnway','Andalusia','','','','\0','','\0','\0','\0','\0','','N',0,'Unknown','','2020-11-12 16:40:55',NULL,NULL,NULL,NULL,1,'unknown','unknown',NULL);
INSERT INTO `patient` VALUES (60,'Berlin','Tracie','Tracie Berlin','1980-11-12',40,'','M','Pleasant','Anniston','','','','\0','','\0','\0','\0','\0','','N',0,'Unknown','','2020-11-12 16:40:55',NULL,NULL,NULL,NULL,1,'unknown','unknown',NULL);
INSERT INTO `patient` VALUES (61,'Dresser','Hugh','Dresser Hugh','1975-11-12',45,'','M','Curran garden','Matu','','','','U','','U','\0','U','U','','N',1,'A+','','2020-11-12 16:40:55',NULL,NULL,'admin','2021-03-15 22:17:04',1,'unknown','married',NULL);
INSERT INTO `patient` VALUES (62,'Poch','Jonna','Jonna Poch','2010-11-12',10,'','M','General','House','','','','\0','','\0','\0','\0','\0','','N',0,'Unknown','','2020-11-12 16:40:55',NULL,NULL,NULL,NULL,1,'unknown','unknown',NULL);
INSERT INTO `patient` VALUES (63,'Kinnison','Geneva','Kinnison Geneva','1974-11-12',46,'','M','State road 66','Laskso','','','','U','','U','\0','U','U','','N',1,'Unknown','','2020-11-12 16:40:55',NULL,NULL,'admin','2021-03-15 12:15:44',1,'unknown','unknown',NULL);
INSERT INTO `patient` VALUES (64,'Niccum','Ezra','Niccum Ezra','2008-11-12',12,'','M','Main Street 9','Canary Island','','+6522333','','U','','U','\0','U','U','','N',1,'A-','','2020-11-12 16:40:55',NULL,NULL,'admin','2021-03-15 14:26:50',1,'unknown','unknown',NULL);
INSERT INTO `patient` VALUES (65,'Horwitz','Stuart','Horwitz Stuart','2008-11-12',12,'','M','Main Rd 03','Bay','','','','U','','U','\0','U','U','','N',1,'Unknown','','2020-11-12 16:40:55',NULL,NULL,'admin','2021-03-15 14:27:57',1,'unknown','unknown',NULL);
INSERT INTO `patient` VALUES (66,'Liller','Trudie','Trudie Liller','1975-11-12',45,'','M','Otis','Bessemer','','','','\0','','\0','\0','\0','\0','','N',0,'Unknown','','2020-11-12 16:40:55',NULL,NULL,NULL,NULL,1,'unknown','unknown',NULL);
INSERT INTO `patient` VALUES (67,'Dimaggio','Tobias','Dimaggio Tobias','1992-11-12',28,'','M','North Street 10','Birmingham','','+09765713','','U','','U','\0','U','U','','N',1,'Unknown','','2020-11-12 16:40:55',NULL,NULL,'admin','2020-11-21 23:04:47',1,'unknown','unknown',NULL);
INSERT INTO `patient` VALUES (68,'Cripe','Forrest','Forrest Cripe','1988-11-12',32,'','M','East','Birmingham','','','','\0','','\0','\0','\0','\0','','N',0,'Unknown','','2020-11-12 16:40:55',NULL,NULL,NULL,NULL,1,'unknown','unknown',NULL);
INSERT INTO `patient` VALUES (69,'Sherwood','Arica','Arica Sherwood','1985-11-12',35,'','M','Hubbard','Prospect','','','','\0','','\0','\0','\0','\0','','N',0,'Unknown','','2020-11-12 16:40:55',NULL,NULL,NULL,NULL,1,'unknown','unknown',NULL);
INSERT INTO `patient` VALUES (70,'Kenny','Anzany','Kenny Anzany','1995-11-12',25,'','M','Colony Place 67','Gold Town','','+5252332','','U','','U','\0','U','U','','N',1,'AB+','','2020-11-12 16:40:55',NULL,NULL,'admin','2021-03-15 14:26:23',1,'unknown','single',NULL);
INSERT INTO `patient` VALUES (71,'Lant','Lynell','Lynell Lant','1969-11-12',51,'','M','Falls','Boston','','','','\0','','\0','\0','\0','\0','','N',0,'Unknown','','2020-11-12 16:40:55',NULL,NULL,NULL,NULL,1,'unknown','unknown',NULL);
INSERT INTO `patient` VALUES (72,'Doak','Arminda','Arminda Doak','1994-11-12',26,'','M','Paramount','Dixwell','','','','\0','','\0','\0','\0','\0','','N',0,'Unknown','','2020-11-12 16:40:55',NULL,NULL,NULL,NULL,1,'unknown','unknown',NULL);
INSERT INTO `patient` VALUES (73,'Mcnaught','Elton','Elton Mcnaught','1992-11-12',28,'','M','Highland','Flatbush','','','','\0','','\0','\0','\0','\0','','N',0,'Unknown','','2020-11-12 16:40:55',NULL,NULL,NULL,NULL,1,'unknown','unknown',NULL);
INSERT INTO `patient` VALUES (74,'Stryker','Vivienne','Stryker Vivienne','1994-11-12',26,'','F','Fall','River','','+01848481','','U','','U','\0','U','U','','N',1,'Unknown','','2020-11-12 16:40:55',NULL,NULL,'admin','2020-11-21 23:05:49',1,'unknown','unknown',NULL);
INSERT INTO `patient` VALUES (75,'Crutcher','Elvera','Elvera Crutcher','1973-11-12',47,'','F','Boston','Buckland','','','','\0','','\0','\0','\0','\0','','N',0,'Unknown','','2020-11-12 16:40:55',NULL,NULL,NULL,NULL,1,'unknown','unknown',NULL);
INSERT INTO `patient` VALUES (76,'Messinger','Debby','Debby Messinger','1990-11-12',30,'','F','Charlton','Boston','','','','\0','','\0','\0','\0','\0','','N',0,'Unknown','','2020-11-12 16:40:55',NULL,NULL,NULL,NULL,1,'unknown','unknown',NULL);
INSERT INTO `patient` VALUES (77,'Hauer','Mana','Mana Hauer','1960-11-12',60,'','F','Swansea','New','','','','\0','','\0','\0','\0','\0','','N',0,'Unknown','','2020-11-12 16:40:55',NULL,NULL,NULL,NULL,1,'unknown','unknown',NULL);
INSERT INTO `patient` VALUES (78,'Swindler','Verla','Swindler Verla','1988-11-12',32,'','F','Main rd 88','Foxon','','','','U','','U','\0','U','U','','N',1,'Unknown','','2020-11-12 16:40:55',NULL,NULL,'admin','2021-03-15 14:27:46',1,'unknown','unknown',NULL);
INSERT INTO `patient` VALUES (79,'Veloz','Su','Su Veloz','1942-11-12',78,'','F','Providence','Danbury','','','','\0','','\0','\0','\0','\0','','N',0,'Unknown','','2020-11-12 16:40:55',NULL,NULL,NULL,NULL,1,'unknown','unknown',NULL);
INSERT INTO `patient` VALUES (80,'Dame','Joyce','Dame Joyce','1964-11-12',56,'','F','Palmer way 5','Berlin','','','','U','','U','\0','U','U','','N',1,'Unknown','','2020-11-12 16:40:55',NULL,NULL,'admin','2021-03-15 14:28:09',1,'unknown','unknown',NULL);
INSERT INTO `patient` VALUES (81,'Tolman','Terresa','Terresa Tolman','1962-11-12',58,'','F','Cranberry','Boston','','','','\0','','\0','\0','\0','\0','','N',0,'Unknown','','2020-11-12 16:40:55',NULL,NULL,NULL,NULL,1,'unknown','unknown',NULL);
INSERT INTO `patient` VALUES (82,'Outlaw','Kerry','Outlaw Kerry','1959-11-12',61,'','F','Furry Rt','Main','','+23123211','','U','','U','\0','U','U','','N',1,'Unknown','','2020-11-12 16:40:55',NULL,NULL,'admin','2020-11-20 14:47:59',1,'unknown','unknown',NULL);
INSERT INTO `patient` VALUES (83,'Ruley','Kacie','Kacie Ruley','1960-11-12',60,'','F','Washington','Connecticut','','','','\0','','\0','\0','\0','\0','','N',0,'Unknown','','2020-11-12 16:40:55',NULL,NULL,NULL,NULL,1,'unknown','unknown',NULL);
INSERT INTO `patient` VALUES (84,'Broeckel','Lynne','Lynne Broeckel','2006-11-12',14,'','F','Cranberry','Salem','','','','\0','','\0','\0','\0','\0','','N',0,'Unknown','','2020-11-12 16:40:55',NULL,NULL,NULL,NULL,1,'unknown','unknown',NULL);
INSERT INTO `patient` VALUES (85,'Threadgill','Mack','Mack Threadgill','1960-11-12',60,'','F','Clifton','Boston','','','','\0','','\0','\0','\0','\0','','N',0,'Unknown','','2020-11-12 16:40:55',NULL,NULL,NULL,NULL,1,'unknown','unknown',NULL);
INSERT INTO `patient` VALUES (86,'Fountaine','Veronique','Fountaine Veronique','1960-11-12',60,'','F','Old Avenue','Scholton','','','','U','','U','\0','U','U','','N',1,'B-','','2020-11-12 16:40:55',NULL,NULL,'admin','2021-03-15 22:16:28',1,'unknown','widowed',NULL);
INSERT INTO `patient` VALUES (87,'Cypher','Marica','Cypher Marica','1980-11-12',40,'','F','Grant Rd 1','Town','','','','U','','U','\0','U','U','','N',1,'Unknown','','2020-11-12 16:40:55',NULL,NULL,'admin','2021-03-15 22:16:45',1,'unknown','unknown',NULL);
INSERT INTO `patient` VALUES (88,'Pohlman','Margot','Margot Pohlman','1973-11-12',47,'','F','Veterans','Bridgeport','','','','\0','','\0','\0','\0','\0','','N',0,'Unknown','','2020-11-12 16:40:55',NULL,NULL,NULL,NULL,1,'unknown','unknown',NULL);
INSERT INTO `patient` VALUES (89,'Orbison','An','Orbison An','1972-11-12',48,'','F','Brockport St 11','Queen','','+67344441','','U','','U','\0','U','U','','N',1,'Unknown','','2020-11-12 16:40:55',NULL,NULL,'admin','2020-11-21 23:04:34',1,'unknown','unknown',NULL);
INSERT INTO `patient` VALUES (90,'Thomas','Shawn','Shawn Thomas','1960-11-12',60,'','F','West','Barnum','','','','\0','','\0','\0','\0','\0','','N',0,'Unknown','','2020-11-12 16:40:55',NULL,NULL,NULL,NULL,1,'unknown','unknown',NULL);
INSERT INTO `patient` VALUES (91,'Cofield','Brynn','Brynn Cofield','1987-11-12',33,'','F','County','Torringford','','','','\0','','\0','\0','\0','\0','','N',0,'Unknown','','2020-11-12 16:40:55',NULL,NULL,NULL,NULL,1,'unknown','unknown',NULL);
INSERT INTO `patient` VALUES (92,'Kendricks','Dewitt','Dewitt Kendricks','2004-11-12',16,'','F','Catskill','Kucwiny','','','','\0','','\0','\0','\0','\0','','N',0,'Unknown','','2020-11-12 16:40:55',NULL,NULL,NULL,NULL,1,'unknown','unknown',NULL);
INSERT INTO `patient` VALUES (93,'Call','Pearle','Pearle Call','2002-11-12',18,'','F','Centereach','NY','','','','\0','','\0','\0','\0','\0','','N',0,'Unknown','','2020-11-12 16:40:55',NULL,NULL,NULL,NULL,1,'unknown','unknown',NULL);
INSERT INTO `patient` VALUES (94,'Wiseman','Lynna','Wiseman Lynna','1998-11-12',22,'','F','East Way 1','Commack','','','','U','','U','\0','U','U','','N',1,'Unknown','','2020-11-12 16:40:55',NULL,NULL,'admin','2021-03-15 14:34:08',1,'unknown','unknown',NULL);
INSERT INTO `patient` VALUES (95,'Moad','Renee','Renee Moad','1992-11-12',28,'','F','Thruway','NY','','','','\0','','\0','\0','\0','\0','','N',0,'Unknown','','2020-11-12 16:40:55',NULL,NULL,NULL,NULL,1,'unknown','unknown',NULL);
INSERT INTO `patient` VALUES (96,'Holaday','Rodney','Rodney Holaday','2002-11-12',18,'','F','Brewerton','Greenbush','','','','\0','','\0','\0','\0','\0','','N',0,'Unknown','','2020-11-12 16:40:55',NULL,NULL,NULL,NULL,1,'unknown','unknown',NULL);
INSERT INTO `patient` VALUES (97,'Gudger','Fermin','Fermin Gudger','1958-11-12',62,'','F','Transit','Newburgh','','','','\0','','\0','\0','\0','\0','','N',0,'Unknown','','2020-11-12 16:40:55',NULL,NULL,NULL,NULL,1,'unknown','unknown',NULL);
INSERT INTO `patient` VALUES (98,'Grund','Claris','Claris Grund','1986-11-12',34,'','F','Newburgh','St','','','','\0','','\0','\0','\0','\0','','N',0,'Unknown','','2020-11-12 16:40:55',NULL,NULL,NULL,NULL,1,'unknown','unknown',NULL);
INSERT INTO `patient` VALUES (99,'Jezierski','Jarvis','Jezierski Jarvis','1976-11-12',44,'','F','Eeri Place rd 12','Branford','','+55350988','','U','','U','\0','U','U','','N',3,'Unknown','','2020-11-12 16:40:55',NULL,NULL,'admin','2020-11-21 23:04:21',1,'unknown','unknown',NULL);
INSERT INTO `patient` VALUES (100,'Christman','Carletta','Carletta Christman','1960-11-12',60,'','F','Branford','Bristol','','','','\0','','\0','\0','\0','\0','','N',0,'Unknown','','2020-11-12 16:40:55',NULL,NULL,NULL,NULL,1,'unknown','unknown',NULL);
INSERT INTO `patient` VALUES (101,'Lemmons','Criselda','Criselda Lemmons','1970-11-12',50,'','F','Bristol','Cromwell','','','','\0','','\0','\0','\0','\0','','N',0,'Unknown','','2020-11-12 16:40:55',NULL,NULL,NULL,NULL,1,'unknown','unknown',NULL);
INSERT INTO `patient` VALUES (102,'Doke','Joni','Joni Doke','2000-11-12',20,'','F','Cromwell','Danbury','','','','\0','','\0','\0','\0','\0','','N',0,'Unknown','','2020-11-12 16:40:55',NULL,NULL,NULL,NULL,1,'unknown','unknown',NULL);
INSERT INTO `patient` VALUES (103,'Burris','Ranae','Ranae Burris','1974-11-12',46,'','F','Danbury','Ave','','','','\0','','\0','\0','\0','\0','','N',0,'Unknown','','2020-11-12 16:40:55',NULL,NULL,NULL,NULL,1,'unknown','unknown',NULL);
INSERT INTO `patient` VALUES (104,'Linda','Tarah','Linda Tarah','1986-11-12',34,'','F','Avenue Wide Garden 4','Springfield','','+511131','','U','','U','\0','U','U','','N',1,'0-','','2020-11-12 16:40:55',NULL,NULL,'admin','2021-03-15 14:28:59',1,'unknown','married',NULL);
INSERT INTO `patient` VALUES (105,'Stano','Karolyn','Stano Karolyn','1964-11-12',56,'','F','Road Wy 7','Hwy Town','','','','U','','U','\0','U','U','','N',1,'Unknown','','2020-11-12 16:40:55',NULL,NULL,'admin','2021-03-15 14:29:13',1,'unknown','unknown',NULL);
INSERT INTO `patient` VALUES (106,'Singley','Lola','Singley Lola','1970-11-12',50,'','F','Highway Road','Junly','','','','U','','U','\0','U','U','','N',1,'Unknown','','2020-11-12 16:40:55',NULL,NULL,'admin','2021-03-15 14:29:34',1,'unknown','unknown',NULL);
INSERT INTO `patient` VALUES (107,'Rumfelt','Reanna','Reanna Rumfelt','1960-11-12',60,'','F','Road','Hamden','','','','\0','','\0','\0','\0','\0','','N',0,'Unknown','','2020-11-12 16:40:55',NULL,NULL,NULL,NULL,1,'unknown','unknown',NULL);
INSERT INTO `patient` VALUES (108,'Ivery','Hyman','Ivery Hyman','1980-11-12',40,'','F','Hamden Rd 89','Hartford','','+3451231\\234','','U','','U','\0','U','U','','N',1,'Unknown','','2020-11-12 16:40:55',NULL,NULL,'admin','2020-11-21 23:04:03',1,'unknown','unknown',NULL);
INSERT INTO `patient` VALUES (109,'Ingrassia','Malena','Malena Ingrassia','1990-11-12',30,'','F','Hartford','Lisbon','','','','\0','','\0','\0','\0','\0','','N',0,'Unknown','','2020-11-12 16:40:55',NULL,NULL,NULL,NULL,1,'unknown','unknown',NULL);
INSERT INTO `patient` VALUES (110,'Lena','Howard','Lena Howard','1960-11-12',60,'','F','Gardenia corner','Nebbi','','+2144112','','U','','U','\0','U','U','','N',2,'0-','','2020-11-12 16:40:55',NULL,NULL,'admin','2021-03-15 22:18:23',1,'unknown','divorced',NULL);
INSERT INTO `patient` VALUES (111,'Roberto','Torie','Torie Roberto','1980-11-12',40,'','F','Uerey','Nebbi','','','','\0','','\0','\0','\0','\0','','N',0,'Unknown','','2020-11-12 16:40:55',NULL,NULL,NULL,NULL,1,'unknown','unknown',NULL);
INSERT INTO `patient` VALUES (112,'Hale','Nichol','Hale Nichol','1960-11-12',60,'','F','New Road 1','koch','','','','U','','U','\0','U','U','','N',1,'Unknown','','2020-11-12 16:40:55',NULL,NULL,'admin','2021-03-15 12:15:28',1,'unknown','unknown',NULL);
INSERT INTO `patient` VALUES (113,'Monk','Nickolas','Monk Nickolas','1960-11-12',60,'','F','New Road 1','Laju','','+5234111','','U','','U','\0','U','U','','N',1,'A+','','2020-11-12 16:40:55',NULL,NULL,'admin','2021-03-15 14:29:56',1,'unknown','widowed',NULL);
INSERT INTO `patient` VALUES (114,'Hoagland','Madelaine','Hoagland Madelaine','1984-11-12',36,'','F','New Rd 67','Pabego','','','','U','','U','\0','U','U','','N',1,'Unknown','','2020-11-12 16:40:55',NULL,NULL,'admin','2021-03-15 14:30:03',1,'unknown','unknown',NULL);
INSERT INTO `patient` VALUES (115,'Tussey','Lida','Tussey Lida','1960-11-12',60,'','F','New Street 8','Koch Abira','','','','U','','U','\0','U','U','','N',1,'Unknown','','2020-11-12 16:40:55',NULL,NULL,'admin','2021-03-15 14:30:13',1,'unknown','unknown',NULL);
INSERT INTO `patient` VALUES (116,'Nieves','Julietta','Nieves Julietta','1944-11-12',76,'','F','Newington Road 44','Acwala','','+123144','','U','','U','\0','U','U','','N',1,'Unknown','','2020-11-12 16:40:55',NULL,NULL,'admin','2020-11-21 23:06:03',1,'unknown','unknown',NULL);
INSERT INTO `patient` VALUES (117,'Natera','Rickie','Natera Rickie','1996-11-12',24,'','F','Wide Road 55','Kigwela','','+212144412','','U','','U','\0','U','U','','N',1,'0-','','2020-11-12 16:40:55',NULL,NULL,'admin','2021-03-15 22:15:42',1,'unknown','single',NULL);
INSERT INTO `patient` VALUES (118,'Milstead','Elvie','Elvie Milstead','1985-11-12',35,'','F','Norwalk','Keramia','','','','\0','','\0','\0','\0','\0','','N',0,'Unknown','','2020-11-12 16:40:55',NULL,NULL,NULL,NULL,1,'unknown','unknown',NULL);
INSERT INTO `patient` VALUES (119,'Linehan','Jed','Jed Linehan','1971-11-12',49,'','F','Norwalk','Nebbi Town','','','','\0','','\0','\0','\0','\0','','N',0,'Unknown','','2020-11-12 16:40:55',NULL,NULL,NULL,NULL,1,'unknown','unknown',NULL);
INSERT INTO `patient` VALUES (120,'Jenkin','Gaynelle','Gaynelle Jenkin','2007-11-12',13,'','F','Norwich','Nyacara','','','','\0','','\0','\0','\0','\0','','N',0,'Unknown','','2020-11-12 16:40:55',NULL,NULL,NULL,NULL,1,'unknown','unknown',NULL);
INSERT INTO `patient` VALUES (121,'Rathke','Michiko','Rathke Michiko','1960-11-12',60,'','F','Rd garden n.1','Ocego','','+41241122','','U','','U','\0','U','U','','N',1,'AB-','','2020-11-12 16:40:55',NULL,NULL,'admin','2021-03-15 14:34:35',1,'unknown','widowed',NULL);
INSERT INTO `patient` VALUES (122,'Ellis','Johnathon','Johnathon Ellis','1984-11-12',36,'','F','Putnam','Pawong','','','','\0','','\0','\0','\0','\0','','N',0,'Unknown','','2020-11-12 16:40:55',NULL,NULL,NULL,NULL,1,'unknown','unknown',NULL);
INSERT INTO `patient` VALUES (123,'Jansson','Yahaira','Jansson Yahaira','1963-11-12',57,'','F','Main Rd 1','Akesi','','+0914411','','U','','U','\0','U','U','','N',1,'Unknown','','2020-11-12 16:40:55',NULL,NULL,'admin','2020-11-21 23:06:16',1,'unknown','unknown',NULL);
INSERT INTO `patient` VALUES (124,'Greenburg','Margery','Margery Greenburg','1975-11-12',45,'','F','Shelton','Akesi','','','','\0','','\0','\0','\0','\0','','N',0,'Unknown','','2020-11-12 16:40:55',NULL,NULL,NULL,NULL,1,'unknown','unknown',NULL);
INSERT INTO `patient` VALUES (125,'Muldoon','Kristie','Kristie Muldoon','1986-11-12',34,'','F','Southington','Patek','','','','\0','','\0','\0','\0','\0','','N',0,'Unknown','','2020-11-12 16:40:55',NULL,NULL,NULL,NULL,1,'unknown','unknown',NULL);
INSERT INTO `patient` VALUES (126,'Julia','Denice','Denice Julia','1987-11-12',33,'','F','Cutoff','Jupayanga','','','','\0','','\0','\0','\0','\0','','N',0,'Unknown','','2020-11-12 16:40:55',NULL,NULL,NULL,NULL,1,'unknown','unknown',NULL);
INSERT INTO `patient` VALUES (127,'Yother','Shana','Shana Yother','1988-11-12',32,'','F','Berlin','Juputhwol','','','','\0','','\0','\0','\0','\0','','N',0,'Unknown','','2020-11-12 16:40:55',NULL,NULL,NULL,NULL,1,'unknown','unknown',NULL);
INSERT INTO `patient` VALUES (128,'May','Elsy','Elsy May','1958-11-12',62,'','F','Boston','Nebbi boma','','','','\0','','\0','\0','\0','\0','','N',0,'Unknown','','2020-11-12 16:40:55',NULL,NULL,NULL,NULL,1,'unknown','unknown',NULL);
INSERT INTO `patient` VALUES (129,'Knupp','Eric','Knupp Eric','1952-11-12',68,'','F','Main Road 6','Nyacara','','+05478146','','U','','U','\0','U','U','','N',1,'Unknown','','2020-11-12 16:40:55',NULL,NULL,'admin','2020-11-21 23:03:52',1,'unknown','unknown',NULL);
INSERT INTO `patient` VALUES (130,'Duer','Otha','Otha Duer','1995-11-12',25,'','F','Connecticut','Anosi','','','','\0','','\0','\0','\0','\0','','N',0,'Unknown','','2020-11-12 16:40:55',NULL,NULL,NULL,NULL,1,'unknown','unknown',NULL);
INSERT INTO `patient` VALUES (131,'Shultz','Ardis','Shultz Ardis','1970-11-12',50,'','F','Salem street','Opano','','','','U','','U','\0','U','U','','N',1,'Unknown','','2020-11-12 16:40:55',NULL,NULL,'admin','2020-11-20 14:29:58',1,'unknown','unknown',NULL);
INSERT INTO `patient` VALUES (132,'Eckhart','Idalia','Eckhart Idalia','1980-11-12',40,'','M','Boston avenue','Singla','','','','U','','U','\0','U','U','','N',4,'Unknown','','2020-11-12 16:40:55',NULL,NULL,'admin','2020-11-20 14:29:48',1,'unknown','unknown',NULL);
INSERT INTO `patient` VALUES (133,'Eklund','Archie','Eklund Archie','1994-11-12',26,'','M','School Place 7','Aluka','','','','U','','U','\0','U','U','','N',1,'Unknown','','2020-11-12 16:40:55',NULL,NULL,'admin','2021-03-15 14:30:22',1,'unknown','unknown',NULL);
INSERT INTO `patient` VALUES (134,'Andersen','Tawnya','Tawnya Andersen','1952-11-12',68,'','M','Bridgeport','Nyapii','','','','\0','','\0','\0','\0','\0','','N',0,'Unknown','','2020-11-12 16:40:55',NULL,NULL,NULL,NULL,1,'unknown','unknown',NULL);
INSERT INTO `patient` VALUES (135,'Isreal','Jarred','Isreal Jarred','1971-11-12',49,'','M','Queen','Jupukidi','','+07843314','','U','','U','\0','U','U','','N',1,'Unknown','','2020-11-12 16:40:55',NULL,NULL,'admin','2020-11-21 23:06:23',1,'unknown','unknown',NULL);
INSERT INTO `patient` VALUES (136,'Christoper','Arriola','Christoper Arriola','1995-11-12',25,'','M','Barnum 51','Mbaro','','','','U','','U','\0','U','U','','N',1,'A-','','2020-11-12 16:40:55',NULL,NULL,'admin','2021-03-15 22:18:54',1,'medicine','single',NULL);
INSERT INTO `patient` VALUES (137,'Sharples','Lenny','Lenny Sharples','1971-11-12',49,'','M','Torringford','Mbaro','','','','\0','','\0','\0','\0','\0','','N',0,'Unknown','','2020-11-12 16:40:55',NULL,NULL,NULL,NULL,1,'unknown','unknown',NULL);
INSERT INTO `patient` VALUES (138,'Temme','Mona','Mona Temme','1975-11-12',45,'','M','No','Munduryema','','','','\0','','\0','\0','\0','\0','','N',0,'Unknown','','2020-11-12 16:40:55',NULL,NULL,NULL,NULL,1,'unknown','unknown',NULL);
INSERT INTO `patient` VALUES (139,'Jerabek','Delsie','Delsie Jerabek','1953-11-12',67,'','M','Wolcott','Angal Lei','','','','\0','','\0','\0','\0','\0','','N',0,'Unknown','','2020-11-12 16:40:55',NULL,NULL,NULL,NULL,1,'unknown','unknown',NULL);
INSERT INTO `patient` VALUES (140,'Courson','Curtis','Curtis Courson','1947-11-12',73,'','M','Waterford','Mbaro','','','','\0','','\0','\0','\0','\0','','N',0,'Unknown','','2020-11-12 16:40:55',NULL,NULL,NULL,NULL,1,'unknown','unknown',NULL);
INSERT INTO `patient` VALUES (141,'Lutz','Brandie','Lutz Brandie','1944-11-12',76,'','M','Sawmill Court 66','Alwala','','+21145444','','U','','U','\0','U','U','','N',3,'Unknown','','2020-11-12 16:40:55',NULL,NULL,'admin','2020-11-21 23:03:37',1,'unknown','unknown',NULL);
INSERT INTO `patient` VALUES (142,'Montford','Ashely','Ashely Montford','1976-11-12',44,'','M','Hackworth','Apolla','','','','\0','','\0','\0','\0','\0','','N',0,'Unknown','','2020-11-12 16:40:55',NULL,NULL,NULL,NULL,1,'unknown','unknown',NULL);
INSERT INTO `patient` VALUES (143,'Dedmon','Amee','Amee Dedmon','1973-11-12',47,'','M','Coonial','Ojwang','','','','\0','','\0','\0','\0','\0','','N',0,'Unknown','','2020-11-12 16:40:55',NULL,NULL,NULL,NULL,1,'unknown','unknown',NULL);
INSERT INTO `patient` VALUES (144,'Couey','Huey','Couey Huey','1968-11-12',52,'','M','Highway 23','Pamora','','','','U','','U','\0','U','U','','N',1,'Unknown','','2020-11-12 16:40:55',NULL,NULL,'admin','2020-11-20 14:29:21',1,'unknown','unknown',NULL);
INSERT INTO `patient` VALUES (145,'Brewer','Simona','Brewer Simona','1975-11-12',45,'','M','West road 45','Palei','','','','U','','U','\0','U','U','','N',1,'Unknown','','2020-11-12 16:40:55',NULL,NULL,'admin','2020-11-20 14:29:33',1,'unknown','unknown',NULL);
INSERT INTO `patient` VALUES (146,'Alex','Kala','Kala Alex','1983-11-12',37,'','M','Mcclellan','Pamora Ambere','','','','\0','','\0','\0','\0','\0','','N',0,'Unknown','','2020-11-12 16:40:55',NULL,NULL,NULL,NULL,1,'unknown','unknown',NULL);
INSERT INTO `patient` VALUES (147,'Audia','Norah','Norah Audia','1981-11-12',39,'','M','No','Awera Forest','','','','\0','','\0','\0','\0','\0','','N',0,'Unknown','','2020-11-12 16:40:55',NULL,NULL,NULL,NULL,1,'unknown','unknown',NULL);
INSERT INTO `patient` VALUES (148,'Heard','Elna','Heard Elna','1964-11-12',56,'','M','Welgo Street 789','Olyeko','','','','U','','U','\0','U','U','','N',1,'Unknown','','2020-11-12 16:40:55',NULL,NULL,'admin','2020-11-20 14:31:03',1,'unknown','unknown',NULL);
INSERT INTO `patient` VALUES (149,'Selley','Glenda','Selley Glenda','1970-11-12',50,'','M','Gilbert way 4','Kyera','','+424311','','U','','U','\0','U','U','','N',1,'Unknown','','2020-11-12 16:40:55',NULL,NULL,'admin','2021-03-15 22:26:04',1,'unknown','unknown',NULL);
INSERT INTO `patient` VALUES (150,'Keasler','Shakia','Keasler Shakia','1952-11-12',68,'','M','South','Paminya','','+14390955','','U','','U','\0','U','U','','N',1,'Unknown','','2020-11-12 16:40:55',NULL,NULL,'admin','2020-11-21 23:06:29',1,'unknown','unknown',NULL);
INSERT INTO `patient` VALUES (151,'Notter','Lien','Lien Notter','1984-11-12',36,'','M','Mcmeans','Kwio Owaro','','','','\0','','\0','\0','\0','\0','','N',0,'Unknown','','2020-11-12 16:40:55',NULL,NULL,NULL,NULL,1,'unknown','unknown',NULL);
INSERT INTO `patient` VALUES (152,'Eichner','Nikole','Nikole Eichner','1984-11-12',36,'','M','Academy','Mbaro Akanga','','','','\0','','\0','\0','\0','\0','','N',0,'Unknown','','2020-11-12 16:40:55',NULL,NULL,NULL,NULL,1,'unknown','unknown',NULL);
INSERT INTO `patient` VALUES (153,'Geissler','Carie','Carie Geissler','1980-11-12',40,'','M','Palisades','Gute','','','','\0','','\0','\0','\0','\0','','N',0,'Unknown','','2020-11-12 16:40:55',NULL,NULL,NULL,NULL,1,'unknown','unknown',NULL);
INSERT INTO `patient` VALUES (154,'Lamer','Warren','Warren Lamer','1963-11-12',57,'','M','Trussville','Pamora','','','','\0','','\0','\0','\0','\0','','N',0,'Unknown','','2020-11-12 16:40:55',NULL,NULL,NULL,NULL,1,'unknown','unknown',NULL);
INSERT INTO `patient` VALUES (155,'Nagata','Kory','Nagata Kory','2007-11-12',13,'','M','Adams 23','Harrington','','+043124114','','U','','U','\0','U','U','','N',2,'Unknown','','2020-11-12 16:40:55',NULL,NULL,'admin','2020-11-21 23:06:39',1,'unknown','unknown',NULL);
INSERT INTO `patient` VALUES (156,'Chain','Claudio','Chain Claudio','1984-11-12',36,'','M','St.','Homewood','','','','U','','U','\0','U','U','N','N',1,'Unknown','','2020-11-12 16:40:55',NULL,NULL,'admin','2020-11-20 14:30:21',1,'unknown','unknown',NULL);
INSERT INTO `patient` VALUES (157,'Fiala','Zack','Fiala Zack','1995-11-12',25,'','M','Garnet road','Umago','','','','U','','U','\0','U','U','','N',1,'Unknown','','2020-11-12 16:40:55',NULL,NULL,'admin','2020-11-20 14:31:18',1,'unknown','unknown',NULL);
INSERT INTO `patient` VALUES (158,'Waring','Kenneth','Waring Kenneth','1938-11-12',82,'','M','North st 6','Overlook','','','','U','','U','\0','U','U','','N',1,'Unknown','','2020-11-12 16:40:55',NULL,NULL,'admin','2021-03-15 22:19:05',1,'unknown','unknown',NULL);
INSERT INTO `patient` VALUES (159,'Koons','Domingo','Domingo Koons','1966-11-12',54,'','M','South','Sherman','','','','\0','','\0','\0','\0','\0','','N',0,'Unknown','','2020-11-12 16:40:55',NULL,NULL,NULL,NULL,1,'unknown','unknown',NULL);
INSERT INTO `patient` VALUES (160,'Capote','Parker','Capote Parker','1974-11-12',46,'','M','Marsh st. 94','Toryun','','','','U','','U','\0','U','U','','N',1,'Unknown','','2020-11-12 16:40:55',NULL,NULL,'admin','2020-11-21 02:01:20',1,'unknown','unknown',NULL);
INSERT INTO `patient` VALUES (161,'Zell','Lamar','Zell Lamar','1970-11-12',50,'','M','Green Street','Upper Hill','','+1412222','','U','','U','\0','U','U','','N',1,'0+','','2020-11-12 16:40:55',NULL,NULL,'admin','2021-03-15 14:35:00',1,'unknown','divorced',NULL);
INSERT INTO `patient` VALUES (162,'Karsten','Nickolas','Karsten Nickolas','2012-11-12',8,'','F','North way 8','Market','','','','U','','U','\0','U','U','','N',1,'Unknown','','2020-11-12 16:40:55',NULL,NULL,'admin','2021-03-15 14:30:31',1,'unknown','unknown',NULL);
INSERT INTO `patient` VALUES (163,'Dancy','Gerald','Gerald Dancy','1981-11-12',39,'','F','Trusel','Drive','','','','\0','','\0','\0','\0','\0','','N',0,'Unknown','','2020-11-12 16:40:55',NULL,NULL,NULL,NULL,1,'unknown','unknown',NULL);
INSERT INTO `patient` VALUES (164,'Parcell','Moises','Parcell Moises','1996-11-12',24,'','F','Saffron','Durham','','','','U','','U','\0','U','U','','N',1,'Unknown','','2020-11-12 16:40:55',NULL,NULL,'admin','2021-03-15 14:33:54',1,'unknown','unknown',NULL);
INSERT INTO `patient` VALUES (165,'Lockamy','Maxwell','Maxwell Lockamy','1993-11-12',27,'','F','Parker','Court','','','','\0','','\0','\0','\0','\0','','N',0,'Unknown','','2020-11-12 16:40:55',NULL,NULL,NULL,NULL,1,'unknown','unknown',NULL);
INSERT INTO `patient` VALUES (166,'Nalls','Santiago','Nalls Santiago','2000-11-12',20,'','M','West Road 11','Peninsula','','+54243342','','U','','U','\0','U','U','','N',2,'Unknown','','2020-11-12 16:40:55',NULL,NULL,'admin','2020-11-21 23:03:26',1,'unknown','unknown',NULL);
INSERT INTO `patient` VALUES (167,'Gauldin','Richard','Gauldin Richard','2003-11-12',17,'','F','Delta','St. Louis','','','','U','','U','\0','U','U','','N',1,'Unknown','','2020-11-12 16:40:55',NULL,NULL,'admin','2020-11-20 14:31:33',1,'unknown','unknown',NULL);
INSERT INTO `patient` VALUES (168,'Muldrow','Rod','Rod Muldrow','2001-11-12',19,'','F','East','Trenton','','','','\0','','\0','\0','\0','\0','','N',0,'Unknown','','2020-11-12 16:40:55',NULL,NULL,NULL,NULL,1,'unknown','unknown',NULL);
INSERT INTO `patient` VALUES (169,'Mondy','Darrell','Mondy Darrell','2000-11-12',20,'','F','Polverton street 91','House','','+13007844','','U','','U','\0','U','U','','N',1,'Unknown','','2020-11-12 16:40:55',NULL,NULL,'admin','2020-11-21 23:07:04',1,'unknown','unknown',NULL);
INSERT INTO `patient` VALUES (170,'Shell','Cary','Cary Shell','2002-11-12',18,'','F','Nicolls','Ave.','','','','\0','','\0','\0','\0','\0','','N',0,'Unknown','','2020-11-12 16:40:55',NULL,NULL,NULL,NULL,1,'unknown','unknown',NULL);
INSERT INTO `patient` VALUES (171,'Rott','Sterling','Sterling Rott','1994-11-12',26,'','F','Edgewood','Court','','','','\0','','\0','\0','\0','\0','','N',0,'Unknown','','2020-11-12 16:40:55',NULL,NULL,NULL,NULL,1,'unknown','unknown',NULL);
INSERT INTO `patient` VALUES (172,'Rambin','Eddy','Rambin Eddy','1998-11-12',22,'','F','Bath dr.','Durham','','','','U','','U','\0','U','U','','N',1,'Unknown','','2020-11-12 16:40:55',NULL,NULL,'admin','2021-03-15 14:33:48',1,'unknown','unknown',NULL);
INSERT INTO `patient` VALUES (173,'Dexter','Alexis','Dexter Alexis','2002-11-12',18,'','F','Philmont Rd 1','Roshy','','','','U','','U','\0','U','U','','N',1,'Unknown','','2020-11-12 16:40:55',NULL,NULL,'admin','2021-03-15 22:19:29',1,'unknown','unknown',NULL);
INSERT INTO `patient` VALUES (174,'Creviston','Maximo','Maximo Creviston','2004-11-12',16,'','F','Kingston','Street','','','','\0','','\0','\0','\0','\0','','N',0,'Unknown','','2020-11-12 16:40:55',NULL,NULL,NULL,NULL,1,'unknown','unknown',NULL);
INSERT INTO `patient` VALUES (175,'Simeone','Johnnie','Simeone Johnnie','1993-11-12',27,'','F','Lookout st.','St. Joseoh','','','','U','','U','\0','U','U','','N',1,'Unknown','','2020-11-12 16:40:55',NULL,NULL,'admin','2021-03-15 22:25:48',1,'unknown','unknown',NULL);
INSERT INTO `patient` VALUES (176,'Eyre','Branden','Branden Eyre','1996-11-12',24,'','F','Jersey','Queen','','','','\0','','\0','\0','\0','\0','','N',0,'Unknown','','2020-11-12 16:40:55',NULL,NULL,NULL,NULL,1,'unknown','unknown',NULL);
INSERT INTO `patient` VALUES (177,'Amidon','Brett','Amidon Brett','2000-11-12',20,'','F','Orchard','Ave.','','+45411241','','U','','U','\0','U','U','','N',1,'Unknown','','2020-11-12 16:40:55',NULL,NULL,'admin','2020-11-21 23:03:05',1,'unknown','unknown',NULL);
INSERT INTO `patient` VALUES (178,'Mustard','Brooks','Brooks Mustard','2017-11-12',3,'','F','Sierra','Avenue','','','','\0','','\0','\0','\0','\0','','N',0,'Unknown','','2020-11-12 16:40:55',NULL,NULL,NULL,NULL,1,'unknown','unknown',NULL);
INSERT INTO `patient` VALUES (179,'Jetter','Stanley','Jetter Stanley','1985-11-12',35,'','F','East','College','','+01912313123','','U','','U','\0','U','U','','N',1,'Unknown','','2020-11-12 16:40:55',NULL,NULL,'admin','2020-11-21 23:07:12',1,'unknown','unknown',NULL);
INSERT INTO `patient` VALUES (180,'Boyter','Brock','Brock Boyter','1985-11-12',35,'','F','West','Oakwood','','','','\0','','\0','\0','\0','\0','','N',0,'Unknown','','2020-11-12 16:40:55',NULL,NULL,NULL,NULL,1,'unknown','unknown',NULL);
INSERT INTO `patient` VALUES (181,'Batts','Stuart','Stuart Batts','1944-11-12',76,'','M','Mayfield','Drive','','','','\0','','\0','\0','\0','\0','','N',1,'Unknown','','2020-11-12 16:40:55',NULL,NULL,NULL,NULL,1,'unknown','unknown',NULL);
INSERT INTO `patient` VALUES (182,'Baldonado','Tod','Baldonado Tod','2007-11-12',13,'','M','Wayne','Dunston','','+141233','','U','','U','\0','U','U','','N',1,'A-','','2020-11-12 16:40:55',NULL,NULL,'admin','2021-03-15 14:30:49',1,'unknown','unknown',NULL);
INSERT INTO `patient` VALUES (183,'Strawder','Abraham','Strawder Abraham','1953-11-12',67,'','M','Duke 56','Lane','','+095484444','','U','','U','\0','U','U','','N',1,'Unknown','','2020-11-12 16:40:55',NULL,NULL,'admin','2020-11-21 23:03:17',1,'unknown','unknown',NULL);
INSERT INTO `patient` VALUES (187,'Bethel','Booker','Bethel Booker','2010-11-12',10,'','F','Ridge 77','York Wer','mary','','','U','','U','\0','U','U','','N',1,'Unknown','','2020-11-12 16:40:55',NULL,NULL,'admin','2020-11-21 02:01:05',1,'unknown','unknown',NULL);
INSERT INTO `patient` VALUES (188,'Socha','Marlon','Marlon Socha','1963-11-12',57,'','M','Prospect','Lane','','','','\0','','\0','\0','\0','\0','','N',0,'Unknown','','2020-11-12 16:40:55',NULL,NULL,NULL,NULL,1,'unknown','unknown',NULL);
INSERT INTO `patient` VALUES (189,'Jake','Tibbetts','Jake Tibbetts','1967-11-12',53,'','M','Revolution ave.','Arlington','','+4231414','','U','','U','\0','U','U','','N',1,'B+','','2020-11-12 16:40:55',NULL,NULL,'admin','2021-03-15 22:23:21',1,'unknown','married',NULL);
INSERT INTO `patient` VALUES (190,'Sylvester','Anwar','Sylvester Anwar','1986-11-12',34,'','M','Knight lane','Langley','','+2121244','','U','','U','\0','U','U','','N',1,'AB+','','2020-11-12 16:40:55',NULL,NULL,'admin','2021-03-15 22:24:22',1,'unknown','married',NULL);
INSERT INTO `patient` VALUES (191,'Badgett','Leonard','Leonard Badgett','1964-11-12',56,'','M','Foster','Windfall','','','','\0','','\0','\0','\0','\0','','N',0,'Unknown','','2020-11-12 16:40:55',NULL,NULL,NULL,NULL,1,'unknown','unknown',NULL);
INSERT INTO `patient` VALUES (192,'Mayhan','Man','Mayhan Man','1964-11-12',56,'','M','East','Marlborough','','+66513611','','U','','U','\0','U','U','','N',1,'Unknown','','2020-11-12 16:40:55',NULL,NULL,'admin','2020-11-21 23:02:58',1,'unknown','unknown',NULL);
INSERT INTO `patient` VALUES (193,'Juarez','Chong','Chong Juarez','1966-11-12',54,'','M','Congress','Avenue','','','','\0','','\0','\0','\0','\0','','N',0,'Unknown','','2020-11-12 16:40:55',NULL,NULL,NULL,NULL,1,'unknown','unknown',NULL);
INSERT INTO `patient` VALUES (194,'Scheff','Benjamin','Scheff Benjamin','2006-11-12',14,'','M','Alderwood rd. 45','Dalton','','','','U','','U','\0','U','U','','N',1,'Unknown','','2020-11-12 16:40:55',NULL,NULL,'admin','2020-11-20 14:32:00',1,'unknown','unknown',NULL);
INSERT INTO `patient` VALUES (195,'Lafon','Andre','Lafon Andre','1997-11-12',23,'','M','East Suburb 5','Cherry','','','','U','','U','\0','U','U','','N',1,'Unknown','','2020-11-12 16:40:55',NULL,NULL,'admin','2021-03-15 14:31:01',1,'unknown','unknown',NULL);
INSERT INTO `patient` VALUES (196,'Madere','Dana','Madere Dana','1995-11-12',25,'','M','Sussex st.','Edimburgh','','','','U','','U','\0','U','U','','N',1,'Unknown','','2020-11-12 16:40:55',NULL,NULL,'admin','2020-11-20 14:32:19',1,'unknown','unknown',NULL);
INSERT INTO `patient` VALUES (197,'Canino','Jacob','Jacob Canino','1955-11-12',65,'','M','Country','Club','','','','\0','','\0','\0','\0','\0','','N',0,'Unknown','','2020-11-12 16:40:55',NULL,NULL,NULL,NULL,1,'unknown','unknown',NULL);
INSERT INTO `patient` VALUES (198,'Basye','Noble','Noble Basye','1999-11-12',21,'','M','Lowland','Street','','','','\0','','\0','\0','\0','\0','','N',0,'Unknown','','2020-11-12 16:40:55',NULL,NULL,NULL,NULL,1,'unknown','unknown',NULL);
INSERT INTO `patient` VALUES (199,'Alexis','Newton','Alexis Newton','1982-11-12',38,'','M','Lake Road East 12','Court','','','','U','','U','\0','U','U','','N',1,'Unknown','','2020-11-12 16:40:55',NULL,NULL,'admin','2020-11-21 23:07:22',1,'unknown','unknown',NULL);
INSERT INTO `patient` VALUES (200,'Dahm','Son','Son Dahm','1942-11-12',78,'','M','Rawland','Colonial','','','','\0','','\0','\0','\0','\0','','N',0,'Unknown','','2020-11-12 16:40:55',NULL,NULL,NULL,NULL,1,'unknown','unknown',NULL);
INSERT INTO `patient` VALUES (201,'Varien','Kelly','Kelly Varien','1952-11-12',68,'','F','Vasing St.','Looksy','','','','\0','','\0','\0','\0','\0','','N',0,'Unknown','','2020-11-12 16:40:55',NULL,NULL,NULL,NULL,1,'unknown','unknown',NULL);
INSERT INTO `patient` VALUES (202,'Jimenez','Morton','Jimenez Morton','1967-11-12',53,'','F','East river 7','Moningbourough','','','','U','','U','\0','U','U','','N',2,'AB-','','2020-11-12 16:40:55',NULL,NULL,'admin','2021-03-15 22:19:44',1,'unknown','widowed',NULL);
INSERT INTO `patient` VALUES (203,'Nagel','Weldon','Weldon Nagel','1952-11-12',68,'','F','Howard','Avenue','','','','\0','','\0','\0','\0','\0','','N',0,'Unknown','','2020-11-12 16:40:55',NULL,NULL,NULL,NULL,1,'unknown','unknown',NULL);
INSERT INTO `patient` VALUES (204,'Nowak','Curt','Nowak Curt','1938-11-12',82,'','F','East Road 12','Parker','','+62542425','','U','','U','\0','U','U','','N',1,'Unknown','','2020-11-12 16:40:55',NULL,NULL,'admin','2020-11-21 23:02:36',1,'unknown','unknown',NULL);
INSERT INTO `patient` VALUES (205,'Stanislawski','Wilmer','Stanislawski Wilmer','1990-11-12',30,'','F','Cactus neighbrd','St.Peter','','','','U','','U','\0','U','U','','N',1,'Unknown','','2020-11-12 16:40:55',NULL,NULL,'admin','2021-03-15 14:31:24',1,'unknown','unknown',NULL);
INSERT INTO `patient` VALUES (206,'Marsden','Fredrick','Fredrick Marsden','1981-11-12',39,'','F','Underwood','Drive','','','','\0','','\0','\0','\0','\0','','N',0,'Unknown','','2020-11-12 16:40:55',NULL,NULL,NULL,NULL,1,'unknown','unknown',NULL);
INSERT INTO `patient` VALUES (208,'Wherry','Jewel','Wherry Jewel','1981-11-12',39,'','F','Broom ave.','Kulry','','','','U','','U','\0','U','U','','N',1,'Unknown','','2020-11-12 16:40:55',NULL,NULL,'admin','2021-03-15 22:24:43',1,'unknown','unknown',NULL);
INSERT INTO `patient` VALUES (213,'Catalan','Modesto','Modesto Catalan','1987-11-12',33,'','M','Edgemont','Drive','','','','\0','','\0','\0','\0','\0','','Y',0,'Unknown','','2020-11-12 16:40:55',NULL,NULL,NULL,NULL,1,'unknown','unknown',NULL);
INSERT INTO `patient` VALUES (214,'Wicker','Ken','Wicker Ken','1968-11-12',52,'','M','Fletcher St 6','St. Francis','','','','U','','U','\0','U','U','','N',1,'Unknown','','2020-11-12 16:40:55',NULL,NULL,'admin','2021-03-15 12:15:15',1,'unknown','unknown',NULL);
INSERT INTO `patient` VALUES (215,'Farquhar','Mickie','Farquhar Mickie','1981-11-12',39,'','M','Ember 41','Suryn','','','','U','','U','\0','U','U','','N',1,'Unknown','','2020-11-12 16:40:55',NULL,NULL,'admin','2020-11-21 02:00:45',1,'unknown','unknown',NULL);
INSERT INTO `patient` VALUES (216,'Jonny','Ellie','Jonny Ellie','1985-11-12',35,'','M','Ash rd. 4','Springville','','','','U','','U','\0','U','U','','N',3,'Unknown','','2020-11-12 16:40:55',NULL,NULL,'admin','2020-11-21 23:07:41',1,'unknown','unknown',NULL);
INSERT INTO `patient` VALUES (217,'Mcsherry','Mortimer','Mcsherry Mortimer','2008-11-12',12,'','M','Arch court 5','Courtney','','','','U','','U','\0','U','U','','N',2,'Unknown','','2020-11-12 16:40:55',NULL,NULL,'admin','2021-03-15 22:24:54',1,'unknown','unknown',NULL);
INSERT INTO `patient` VALUES (218,'Kinlaw','John','Kinlaw John','1976-11-12',44,'','M','Berkshire','Street','','','','U','','U','\0','U','U','','N',1,'Unknown','','2020-11-12 16:40:55',NULL,NULL,'admin','2020-11-21 01:55:48',1,'unknown','unknown',NULL);
INSERT INTO `patient` VALUES (219,'Meares','Jerrie','Jerrie Meares','1944-11-12',76,'','M','Huntersville','Hamilton','','','','\0','','\0','\0','\0','\0','','N',0,'Unknown','','2020-11-12 16:40:55',NULL,NULL,NULL,NULL,1,'unknown','unknown',NULL);
INSERT INTO `patient` VALUES (220,'Espitia','Milton','Milton Espitia','2001-11-12',19,'','M','Hartford','Drive','','','','\0','','\0','\0','\0','\0','','N',0,'Unknown','','2020-11-12 16:40:55',NULL,NULL,NULL,NULL,1,'unknown','unknown',NULL);
INSERT INTO `patient` VALUES (221,'Altom','Mervin','Mervin Altom','1987-11-12',33,'','M','Logan','Lane','','','','\0','','\0','\0','\0','\0','','N',0,'Unknown','','2020-11-12 16:40:55',NULL,NULL,NULL,NULL,1,'unknown','unknown',NULL);
INSERT INTO `patient` VALUES (222,'Judd','Hans','Judd Hans','1987-11-12',33,'','M','West st 11','Peace','','','','U','','U','\0','U','U','','N',1,'Unknown','','2020-11-12 16:40:55',NULL,NULL,'admin','2020-11-21 02:00:36',1,'unknown','unknown',NULL);
INSERT INTO `patient` VALUES (223,'Mcmakin','Syble','Syble Mcmakin','2011-11-12',9,'','M','Lowland','Street','','','','\0','','\0','\0','\0','\0','','N',0,'Unknown','','2020-11-12 16:40:55',NULL,NULL,NULL,NULL,1,'unknown','unknown',NULL);
INSERT INTO `patient` VALUES (224,'Mclendon','Daphon','Mclendon Daphon','1986-11-12',34,'','M','Lake Rd 5a','Court','','','','U','','U','\0','U','U','','N',2,'Unknown','','2020-11-12 16:40:55',NULL,NULL,'admin','2021-03-15 22:25:32',1,'unknown','unknown',NULL);
INSERT INTO `patient` VALUES (225,'Hayter','Leslee','Hayter Leslee','2019-11-12',1,'','F','Streamwood St. 12','Colonial','','+10545455','','U','','U','\0','U','U','','N',1,'Unknown','','2020-11-12 16:40:55',NULL,NULL,'admin','2020-11-21 23:02:52',1,'unknown','unknown',NULL);
INSERT INTO `patient` VALUES (226,'Hemsley','Chance','Hemsley Chance','2018-11-12',2,'','M','East Road 1','Moon','','+62431433','','U','','U','\0','U','U','','N',1,'AB+','','2020-11-12 16:40:55',NULL,NULL,'admin','2021-03-15 12:14:28',1,'unknown','unknown',NULL);
INSERT INTO `patient` VALUES (227,'Sargeant','Milda','Milda Sargeant','2019-11-12',1,'','M','Howard','Avenue','','','','\0','','\0','\0','\0','\0','','N',1,'Unknown','','2020-11-12 16:40:55',NULL,NULL,NULL,NULL,1,'unknown','unknown',NULL);
INSERT INTO `patient` VALUES (228,'Davila','Jaqueline','Davila Jaqueline','2019-11-12',1,'','F','East Street 55','Parker','','+3414313','','U','','U','\0','U','U','','N',1,'B+','','2020-11-12 16:40:55',NULL,NULL,'admin','2021-03-15 22:20:02',1,'unknown','unknown',NULL);
INSERT INTO `patient` VALUES (229,'Latson','Gisele','Latson Gisele','2013-11-12',7,'','M','Cactus','St.Andrews','','','','U','','U','\0','U','U','','N',1,'Unknown','','2020-11-12 16:40:55',NULL,NULL,'admin','2020-11-20 14:32:32',1,'unknown','unknown',NULL);
INSERT INTO `patient` VALUES (230,'Che','Janis','Janis Che','2017-11-12',3,'','M','Underwood','Drive','','','','\0','','\0','\0','\0','\0','','N',0,'Unknown','','2020-11-12 16:40:55',NULL,NULL,NULL,NULL,1,'unknown','unknown',NULL);
INSERT INTO `patient` VALUES (231,'Maddix','Delta','Maddix Delta','2019-11-12',1,'','F','Broom','Ave.','','','','U','','U','\0','U','U','','N',1,'Unknown','','2020-11-12 16:40:55',NULL,NULL,'admin','2020-11-21 23:02:07',1,'unknown','unknown',NULL);
INSERT INTO `patient` VALUES (232,'Jaeger','Laureen','Jaeger Laureen','2010-11-12',10,'','F','Edgemont','Drive','','+6562131','','U','','U','\0','U','U','','N',2,'Unknown','','2020-11-12 16:40:55',NULL,NULL,'admin','2020-11-21 23:02:01',1,'unknown','unknown',NULL);
INSERT INTO `patient` VALUES (233,'Jeffreys','Risa','Jeffreys Risa','2019-11-12',1,'','F','Ember','St. John','','','','U','','U','\0','U','U','','N',1,'Unknown','','2020-11-12 16:40:55',NULL,NULL,'admin','2021-03-15 12:14:40',1,'unknown','unknown',NULL);
INSERT INTO `patient` VALUES (234,'Days','Cristal','Days Cristal','2019-11-12',1,'','F','Ash St. 90','St. Cardinal','','+3432121','','U','','U','\0','U','U','','N',1,'Unknown','','2020-11-12 16:40:55',NULL,NULL,'admin','2020-11-21 23:02:26',1,'unknown','unknown',NULL);
INSERT INTO `patient` VALUES (235,'Lease','Royce','Lease Royce','2020-11-12',0,'','F','Arch 51','Court','','+13445111','','U','','U','\0','U','U','','N',1,'Unknown','','2020-11-12 16:40:55',NULL,NULL,'admin','2020-11-21 23:01:52',1,'unknown','unknown',NULL);
INSERT INTO `patient` VALUES (236,'Devilbiss','Andra','Andra Devilbiss','2019-11-12',1,'','M','Berkshire','Street','','','','\0','','\0','\0','\0','\0','','N',0,'Unknown','','2020-11-12 16:40:55',NULL,NULL,NULL,NULL,1,'unknown','unknown',NULL);
INSERT INTO `patient` VALUES (237,'Ritenour','Aurora','Aurora Ritenour','2019-11-12',1,'','M','Western','Hamilton','','','','\0','','\0','\0','\0','\0','','N',0,'Unknown','','2020-11-12 16:40:55',NULL,NULL,NULL,NULL,1,'unknown','unknown',NULL);
INSERT INTO `patient` VALUES (238,'Criswell','Blanche','Blanche Criswell','2012-11-12',8,'','F','Hartford','Drive','','','','\0','','\0','\0','\0','\0','','N',0,'Unknown','','2020-11-12 16:40:55',NULL,NULL,NULL,NULL,1,'unknown','unknown',NULL);
INSERT INTO `patient` VALUES (239,'Reynold','Marylyn','Reynold Marylyn','2011-11-12',9,'','M','Logan 23','Lane','','','','U','','U','\0','U','U','','N',1,'Unknown','','2020-11-12 16:40:55',NULL,NULL,'admin','2020-11-21 02:00:04',1,'unknown','unknown',NULL);
INSERT INTO `patient` VALUES (240,'Albers','Santo','Albers Santo','2017-11-12',3,'','M','West Lane 5','Peace','','','','U','','U','\0','U','U','','N',1,'Unknown','','2020-11-12 16:40:55',NULL,NULL,'admin','2021-03-15 14:31:35',1,'unknown','unknown',NULL);
INSERT INTO `patient` VALUES (241,'Aldrete','Valarie','Aldrete Valarie','2020-11-12',0,'','M','Victoria Avenue','Kolly','','','','U','','U','\0','U','U','','N',1,'A-','','2020-11-12 16:40:55',NULL,NULL,'admin','2021-03-15 14:32:01',1,'unknown','unknown',NULL);
INSERT INTO `patient` VALUES (242,'Bumpers','Ferdinand','Bumpers Ferdinand','2014-11-12',6,'','M','Fletcher','Ave.','','+4090138434','','U','','U','\0','U','U','','N',2,'Unknown','','2020-11-12 16:40:55',NULL,NULL,'admin','2020-11-21 23:07:51',1,'unknown','unknown',NULL);
INSERT INTO `patient` VALUES (243,'Moschella','Deangelo','Moschella Deangelo','2011-11-12',9,'','M','Estate drive','St.Louis','','','','U','','U','\0','U','U','','N',2,'Unknown','','2020-11-12 16:40:55',NULL,NULL,'admin','2021-03-15 22:22:42',1,'unknown','unknown',NULL);
INSERT INTO `patient` VALUES (244,'Schanz','Emmanuel','Schanz Emmanuel','2020-11-12',0,'','M','Piper lane 99','Sprins','','+31341341','','U','','U','\0','U','U','','N',1,'Unknown','','2020-11-12 16:40:55',NULL,NULL,'admin','2021-03-15 22:25:20',1,'unknown','unknown',NULL);
INSERT INTO `patient` VALUES (245,'Vanish','Katrina','Vanish Katrina','2019-11-12',1,'','M','Sierra st.','Wegion','','','','U','','U','\0','U','U','','N',1,'Unknown','','2020-11-12 16:40:55',NULL,NULL,'admin','2020-11-20 14:33:46',1,'unknown','unknown',NULL);
INSERT INTO `patient` VALUES (246,'Fredrickson','Denna','Fredrickson Denna','2009-11-12',11,'','M','Mayfield Ave.','Horford','','+5123141','','U','','U','\0','U','U','','N',1,'Unknown','','2020-11-12 16:40:55',NULL,NULL,'admin','2021-03-15 14:32:17',1,'unknown','unknown',NULL);
INSERT INTO `patient` VALUES (247,'Dacruz','Jestine','Dacruz Jestine','2019-11-12',1,'','F','Storm Ave.','Arlington','','+07346801015','','U','','U','\0','U','U','','N',2,'Unknown','','2020-11-12 16:40:55',NULL,NULL,'admin','2021-03-15 14:32:28',1,'unknown','unknown',NULL);
INSERT INTO `patient` VALUES (248,'Eddinger','Serafina','Eddinger Serafina','2012-11-12',8,'','F','Frost St.','Ramondksy','','','','U','','U','\0','U','U','','N',1,'Unknown','','2020-11-12 16:40:55',NULL,NULL,'admin','2020-11-20 14:33:29',1,'unknown','unknown',NULL);
INSERT INTO `patient` VALUES (249,'Konieczny','Renna','Renna Konieczny','2020-11-12',0,'','M','Virginia','Street','','','','\0','','\0','\0','\0','\0','','N',0,'Unknown','','2020-11-12 16:40:55',NULL,NULL,NULL,NULL,1,'unknown','unknown',NULL);
INSERT INTO `patient` VALUES (250,'Deville','Krystina','Krystina Deville','2020-11-12',0,'','M','Depot','Drive','','','','\0','','\0','\0','\0','\0','','N',2,'Unknown','','2020-11-12 16:40:55',NULL,NULL,NULL,NULL,1,'unknown','unknown',NULL);
INSERT INTO `patient` VALUES (251,'Jerome','Raguel','Jerome Raguel','2020-11-12',0,'','M','Hope Avenue 66','Saint town','','','','U','','U','\0','U','U','','N',3,'Unknown','','2020-11-12 16:40:55',NULL,NULL,'admin','2020-11-21 23:01:22',1,'unknown','unknown',NULL);
INSERT INTO `patient` VALUES (252,'Stefano','Laquita','Stefano Laquita','2019-11-12',1,'','M','Nova','Avenue','','+4332577764','','U','','U','\0','U','U','','N',1,'Unknown','','2020-11-12 16:40:55',NULL,NULL,'admin','2020-11-21 23:08:05',1,'unknown','unknown',NULL);
INSERT INTO `patient` VALUES (253,'Risk','Juliana','Juliana Risk','2020-11-12',0,'','F','Liberty','Court','','','','\0','','\0','\0','\0','\0','','N',0,'Unknown','','2020-11-12 16:40:55',NULL,NULL,NULL,NULL,1,'unknown','unknown',NULL);
INSERT INTO `patient` VALUES (254,'Kendall','Adrian','Kendall Adrian','2020-11-12',0,'','M','Arnold Ave.','Guildon','','','','U','','U','\0','U','U','','N',2,'Unknown','','2020-11-12 16:40:55',NULL,NULL,'admin','2020-11-20 14:33:09',1,'unknown','unknown',NULL);
INSERT INTO `patient` VALUES (255,'Reder','Otilia','Reder Otilia','1994-11-12',26,'','F','Penrose Ave.','Martinsoon','','','','U','','U','\0','U','U','','N',1,'Unknown','','2020-11-12 16:40:55',NULL,NULL,'admin','2020-11-20 14:32:55',1,'unknown','unknown',NULL);
INSERT INTO `patient` VALUES (256,'Lightfoot','Carlton','Carlton Lightfoot','2014-11-12',6,'','M','South','Westminster','','','','\0','','\0','\0','\0','\0','','N',0,'Unknown','','2020-11-12 16:40:55',NULL,NULL,NULL,NULL,1,'unknown','unknown',NULL);
INSERT INTO `patient` VALUES (257,'Jollif','Edra','Jollif Edra','2010-11-12',10,'','F','Meadow','Court','','+013435432','','U','','U','\0','U','U','','N',1,'Unknown','','2020-11-12 16:40:55',NULL,NULL,'admin','2020-11-21 23:07:58',1,'unknown','unknown',NULL);
INSERT INTO `patient` VALUES (258,'Rauch','Carmelina','Carmelina Rauch','2015-11-12',5,'','M','Locust','Rd.','','','','\0','','\0','\0','\0','\0','','N',0,'Unknown','','2020-11-12 16:40:55',NULL,NULL,NULL,NULL,1,'unknown','unknown',NULL);
INSERT INTO `patient` VALUES (259,'Ascencio','Breann','Ascencio Breann','2019-11-12',1,'','F','W.Ghuil 67','Trenton','','','','U','','U','\0','U','U','','N',1,'Unknown','','2020-11-12 16:40:55',NULL,NULL,'admin','2020-11-20 19:35:20',1,'unknown','unknown',NULL);
INSERT INTO `patient` VALUES (260,'Osgood','Elicia','Elicia Osgood','1996-11-12',24,'','F','Lexington','Street','','','','\0','','\0','\0','\0','\0','','N',0,'Unknown','','2020-11-12 16:40:55',NULL,NULL,NULL,NULL,1,'unknown','unknown',NULL);
INSERT INTO `patient` VALUES (261,'Echols','Maryetta','Echols Maryetta','2020-11-12',0,'','F','North','Anchor','','','','U','','U','\0','U','U','','N',1,'Unknown','','2020-11-12 16:40:55',NULL,NULL,'admin','2020-11-20 14:27:25',1,'unknown','unknown',NULL);
INSERT INTO `patient` VALUES (262,'Criger','Dean','Criger Dean','2017-11-12',3,'','M','Columbia st.','Galvon','','','','U','','U','\0','U','U','','N',2,'Unknown','','2020-11-12 16:40:55',NULL,NULL,'admin','2021-03-15 22:20:54',1,'unknown','unknown',NULL);
INSERT INTO `patient` VALUES (263,'Beebe','Artie','Beebe Artie','2012-11-12',8,'','M','Long Avenue 6','Hambrog','','','','U','','U','\0','U','U','','N',1,'Unknown','','2020-11-12 16:40:55',NULL,NULL,'admin','2021-03-15 22:20:24',1,'unknown','unknown',NULL);
INSERT INTO `patient` VALUES (264,'Every','Raquel','Every Raquel','1990-11-12',30,'','F','Beech St.','Springfield','','','','U','','U','\0','U','U','','N',1,'Unknown','','2020-11-12 16:40:55',NULL,NULL,'admin','2021-03-15 14:32:39',1,'unknown','unknown',NULL);
INSERT INTO `patient` VALUES (265,'Keefe','Mable','Keefe Mable','2018-11-12',2,'','F','Penrose','Street','','','','U','','U','\0','U','U','','N',2,'Unknown','','2020-11-12 16:40:55',NULL,NULL,'admin','2020-11-21 23:00:37',1,'unknown','unknown',NULL);
INSERT INTO `patient` VALUES (266,'Mcnair','Cleo','Mcnair Cleo','2020-11-12',0,'','M','Talbot lane 3','Lanuour','','','','U','','U','\0','U','U','','N',1,'A-','','2020-11-12 16:40:55',NULL,NULL,'admin','2021-03-15 22:20:42',1,'unknown','unknown',NULL);
INSERT INTO `patient` VALUES (267,'Duclos','Deon','Duclos Deon','2020-11-12',0,'','M','Roosevelt St.','Fulham','','+12111','','U','','U','\0','U','U','','N',1,'A-','','2020-11-12 16:40:55',NULL,NULL,'admin','2021-03-15 14:33:02',1,'unknown','unknown',NULL);
INSERT INTO `patient` VALUES (268,'Rinke','Alexis','Rinke Alexis','2020-11-12',0,'','F','Plaza  12','Santa Barbara','','+3415555','','U','','U','\0','U','U','','N',3,'Unknown','','2020-11-12 16:40:55',NULL,NULL,'admin','2020-11-21 23:00:31',1,'unknown','unknown',NULL);
INSERT INTO `patient` VALUES (269,'Mincks','Madaline','Madaline Mincks','1970-11-12',50,'','F','Courtland','St.','','','','\0','','\0','\0','\0','\0','','N',0,'Unknown','','2020-11-12 16:40:55',NULL,NULL,NULL,NULL,1,'unknown','unknown',NULL);
INSERT INTO `patient` VALUES (270,'Cerny','Belle','Cerny Belle','2020-11-12',0,'','M','Ave. Providence','Aveber','','','','U','','U','\0','U','U','','N',1,'Unknown','','2020-11-12 16:40:55',NULL,NULL,'admin','2020-11-21 22:59:51',1,'unknown','unknown',NULL);
INSERT INTO `patient` VALUES (271,'Diego','Roni','Diego Roni','1980-11-12',40,'','F','Sutor st.','Kiron','','','','U','','U','\0','U','U','','N',1,'Unknown','','2020-11-12 16:40:55',NULL,NULL,'admin','2020-11-20 14:34:32',1,'unknown','unknown',NULL);
INSERT INTO `patient` VALUES (272,'Duby','Agustina','Agustina Duby','2016-11-12',4,'','F','Courtland','Road','','','','\0','','\0','\0','\0','\0','','N',0,'Unknown','','2020-11-12 16:40:55',NULL,NULL,NULL,NULL,1,'unknown','unknown',NULL);
INSERT INTO `patient` VALUES (273,'Auzenne','Lashunda','Auzenne Lashunda','1953-11-12',67,'','F','Surrey st.','Georgetown','','','','U','','U','\0','U','U','','N',1,'Unknown','','2020-11-12 16:40:55',NULL,NULL,'admin','2020-11-20 14:34:42',1,'unknown','unknown',NULL);
INSERT INTO `patient` VALUES (274,'Mingo','Denise','Denise Mingo','1961-11-12',59,'','F','Old','Corporation','','','','\0','','\0','\0','\0','\0','','N',0,'Unknown','','2020-11-12 16:40:55',NULL,NULL,NULL,NULL,1,'unknown','unknown',NULL);
INSERT INTO `patient` VALUES (275,'Burrell','Zane','Zane Burrell','2020-11-12',0,'','M','North','Squaw','','','','\0','','\0','\0','\0','\0','','N',1,'Unknown','','2020-11-12 16:40:55',NULL,NULL,NULL,NULL,1,'unknown','unknown',NULL);
INSERT INTO `patient` VALUES (276,'Rankins','Frank','Rankins Frank','2018-11-12',2,'','F','Auburn st.','Northampton','','','','U','','U','\0','U','U','','N',1,'Unknown','','2020-11-12 16:40:55',NULL,NULL,'admin','2020-11-20 14:34:04',1,'unknown','unknown',NULL);
INSERT INTO `patient` VALUES (277,'Ackerman','Elouise','Ackerman Elouise','2019-11-12',1,'','F','Polygon Drive','Calumet City','','','','U','','U','\0','U','U','','N',2,'Unknown','','2020-11-12 16:40:55',NULL,NULL,'admin','2020-11-20 14:34:24',1,'unknown','unknown',NULL);
INSERT INTO `patient` VALUES (278,'Louque','Eliana','Louque Eliana','2020-11-12',0,'','M','Wellness','Dr. South Town','','+34234324314','','U','','U','\0','U','U','','N',1,'Unknown','','2020-11-12 16:40:55',NULL,NULL,'admin','2020-11-21 22:58:42',1,'unknown','unknown',NULL);
INSERT INTO `patient` VALUES (279,'Delnero','Vernell','Delnero Vernell','2020-11-12',0,'','F','West county 91','San Jos','','+412521434','','U','','U','\0','U','U','','N',2,'Unknown','','2020-11-12 16:40:55',NULL,NULL,'admin','2021-03-15 12:03:24',1,'unknown','unknown',NULL);
INSERT INTO `patient` VALUES (280,'Zdenek','Alejandra','Zdenek Alejandra','2020-11-12',0,'','M','Orchard','Street','','','','U','','U','\0','U','U','','N',1,'Unknown','','2020-11-12 16:40:55',NULL,NULL,'admin','2020-11-21 22:58:47',1,'unknown','unknown',NULL);
INSERT INTO `patient` VALUES (281,'Feehan','Tiana','Feehan Tiana','2020-11-12',0,'','F','Parker','Drive town','','','','U','','U','\0','U','U','','N',1,'Unknown','','2020-11-12 16:40:55',NULL,NULL,'admin','2020-11-21 22:58:56',1,'unknown','unknown',NULL);
INSERT INTO `patient` VALUES (282,'Eckler','Sadye','Eckler Sadye','2020-11-12',0,'','M','Addison','Avenue','','+41446621','','U','','U','\0','U','U','','N',3,'Unknown','','2020-11-12 16:40:55',NULL,NULL,'admin','2020-11-21 22:59:30',1,'unknown','unknown',NULL);
INSERT INTO `patient` VALUES (283,'Eckler','Eli','Eckler Eli','2020-11-12',0,'','F','Autumn','Street','','+14525235','','U','','U','\0','U','U','','N',1,'Unknown','','2020-11-12 16:40:55',NULL,NULL,'admin','2020-11-21 22:59:12',1,'unknown','unknown',NULL);
INSERT INTO `patient` VALUES (284,'Allard','Denita','Allard Denita','2020-11-12',0,'','M','Belmont','Street','','+4225555','','U','','U','\0','U','U','','N',1,'Unknown','','2020-11-12 16:40:55',NULL,NULL,'admin','2020-11-21 22:59:05',1,'unknown','unknown',NULL);
INSERT INTO `patient` VALUES (285,'Tuft','Jeffie','Tuft Jeffie','1975-11-12',45,'','M','Theatre St.','Covington','','','','U','','U','\0','U','U','','N',1,'Unknown','','2020-11-12 16:40:55',NULL,NULL,'admin','2021-03-15 12:03:46',1,'unknown','unknown',NULL);
INSERT INTO `patient` VALUES (286,'Silvernail','Brenna','Silvernail Brenna','2020-11-12',0,'','F','Bath Dr.','Willygh','','','','U','','U','\0','U','U','','N',1,'Unknown','','2020-11-12 16:40:55',NULL,NULL,'admin','2021-03-15 12:08:17',1,'unknown','unknown',NULL);
INSERT INTO `patient` VALUES (287,'Ellenburg','Gina','Ellenburg Gina','1960-11-12',60,'','M','North 55','Wehry','','','','U','','U','\0','U','U','','N',1,'Unknown','','2020-11-12 16:40:55',NULL,NULL,'admin','2020-11-21 01:59:02',1,'unknown','unknown',NULL);
INSERT INTO `patient` VALUES (288,'Sowers','Yevette','Sowers Yevette','1947-11-12',73,'','F','Primrose St.','Sulley','','','','U','','U','\0','U','U','','N',2,'Unknown','','2020-11-12 16:40:55',NULL,NULL,'admin','2021-03-15 14:33:11',1,'unknown','unknown',NULL);
INSERT INTO `patient` VALUES (289,'Dewall','Karen','Dewall Karen','1950-11-12',70,'','M','South Avenue 1b','Earl','','+2331541','','U','','U','\0','U','U','','N',1,'Unknown','','2020-11-12 16:40:55',NULL,NULL,'admin','2020-11-21 01:59:36',1,'unknown','unknown',NULL);
INSERT INTO `patient` VALUES (290,'Joesph','Kenna','Joesph Kenna','1959-11-12',61,'','M','53rd Street','COuntu west evans','','','','U','','U','\0','U','U','','N',1,'Unknown','','2020-11-12 16:40:55',NULL,NULL,'admin','2020-11-21 02:00:24',1,'unknown','unknown',NULL);
INSERT INTO `patient` VALUES (291,'Benard','Cynthia','Benard Cynthia','1987-11-12',33,'','F','Marine ave.','Glossington','','','','U','','U','\0','U','U','','N',3,'Unknown','','2020-11-12 16:40:55',NULL,NULL,'admin','2021-03-15 12:02:53',1,'unknown','unknown',2);
INSERT INTO `patient` VALUES (292,'Gelman','Demetrice','Gelman Demetrice','1950-11-12',70,'','M','Glen ridge','Springfield','','','','U','','U','\0','U','U','','N',1,'B+','','2020-11-12 16:40:55',NULL,NULL,'admin','2021-03-15 12:14:11',1,'unknown','widowed',NULL);
INSERT INTO `patient` VALUES (293,'Yanni','Charlena','Yanni Charlena','1960-11-12',60,'','M','W. seyn 2','Galvin','','','','U','','U','\0','U','U','','N',1,'Unknown','','2020-11-12 16:40:55',NULL,NULL,'admin','2020-11-21 01:59:15',1,'unknown','unknown',NULL);
INSERT INTO `patient` VALUES (294,'Keltner','Josefina','Keltner Josefina','1990-11-12',30,'','F','Luna ave.','Springfield','','','','U','','U','\0','U','U','','N',2,'B+','','2020-11-12 16:40:55',NULL,NULL,'admin','2021-03-15 12:09:04',1,'unknown','married',NULL);
INSERT INTO `patient` VALUES (295,'Kirby','Ai','Kirby Ai','1973-11-12',47,'','M','Lafayette 5','Durban','','+34343\\35','','U','','U','\0','U','U','','N',2,'Unknown','','2020-11-12 16:40:55',NULL,NULL,'admin','2020-11-21 01:59:56',1,'unknown','unknown',NULL);
INSERT INTO `patient` VALUES (296,'Cousineau','Keesha','Cousineau Keesha','2011-11-12',9,'','M','Mammoth ave.','Springfield','','','','U','','U','\0','U','U','','N',1,'Unknown','','2020-11-12 16:40:55',NULL,NULL,'admin','2021-03-15 12:09:29',1,'unknown','unknown',NULL);
INSERT INTO `patient` VALUES (297,'Drake','Synthia','Drake Synthia','2001-11-12',19,'','M','Gorny boul. 21','Wellington','','+542241','','U','','U','\0','U','U','','N',1,'0-','','2020-11-12 16:40:55',NULL,NULL,'admin','2021-03-15 22:21:35',1,'unknown','single',NULL);
INSERT INTO `patient` VALUES (298,'Crystal','Venessa','Crystal Venessa','1961-11-12',59,'','F','Court','Alexandria','','','','U','','U','\0','U','U','','N',1,'Unknown','','2020-11-12 16:40:55',NULL,NULL,'admin','2020-11-20 02:18:54',1,'unknown','unknown',NULL);
INSERT INTO `patient` VALUES (299,'Junior','Annie','Annie Junior','1985-11-12',35,'','M','South','Windsor','','','','\0','','\0','\0','\0','\0','','N',0,'Unknown','','2020-11-12 16:40:55',NULL,NULL,NULL,NULL,1,'unknown','unknown',NULL);
INSERT INTO `patient` VALUES (300,'Andrepont','Golden','Andrepont Golden','2005-11-12',15,'','M','Drive way 62','Maryville','','+343245555','','U','','U','\0','U','U','','N',1,'Unknown','','2020-11-12 16:40:55',NULL,NULL,'admin','2020-11-21 22:58:27',1,'unknown','unknown',NULL);
INSERT INTO `patient` VALUES (301,'Kruse','Noe','Noe Kruse','1981-11-12',39,'','M','Virginia','Beach','','','','\0','','\0','\0','\0','\0','','N',0,'Unknown','','2020-11-12 16:40:55',NULL,NULL,NULL,NULL,1,'unknown','unknown',NULL);
INSERT INTO `patient` VALUES (302,'Scheffer','Terina','Scheffer Terina','1988-11-12',32,'','F','Road New 14','Lewiston','','+34235112','','U','','U','\0','U','U','','N',2,'Unknown','','2020-11-12 16:40:55',NULL,NULL,'admin','2021-03-15 22:22:10',1,'unknown','unknown',NULL);
INSERT INTO `patient` VALUES (303,'Vanover','Tuyet','Vanover Tuyet','1981-11-12',39,'','M','Drive road 151','Mount','','','','U','','U','\0','U','U','','N',1,'Unknown','','2020-11-12 16:40:55',NULL,NULL,'admin','2021-03-15 14:33:32',1,'unknown','unknown',NULL);
INSERT INTO `patient` VALUES (304,'Amo','Natalia','Natalia Amo','1949-11-12',71,'','M','Saint','Charles','','','','\0','','\0','\0','\0','\0','','N',0,'Unknown','','2020-11-12 16:40:55',NULL,NULL,NULL,NULL,1,'unknown','unknown',NULL);
INSERT INTO `patient` VALUES (305,'Grose','Rosalba','Grose Rosalba','1963-11-12',57,'','F','Lendor St.','Lenoir','','','','U','','U','\0','U','U','','N',2,'Unknown','','2020-11-12 16:40:55',NULL,NULL,'admin','2021-03-15 14:33:23',1,'unknown','unknown',NULL);
INSERT INTO `patient` VALUES (306,'Nantz','Ahmad','Ahmad Nantz','1992-11-12',28,'','M','Pickerington','OH','','','','\0','','\0','\0','\0','\0','','N',0,'Unknown','','2020-11-12 16:40:55',NULL,NULL,NULL,NULL,1,'unknown','unknown',NULL);
INSERT INTO `patient` VALUES (307,'Terranova','Quinn','Terranova Quinn','2009-11-12',11,'','M','Drive Road 35','Old','','','','U','','U','\0','U','U','','N',1,'Unknown','','2020-11-12 16:40:55',NULL,NULL,'admin','2020-11-21 22:58:15',1,'unknown','unknown',NULL);
INSERT INTO `patient` VALUES (308,'Trantham','Donte','Donte Trantham','1995-11-12',25,'','M','Rd.','Roslindale','','','','\0','','\0','\0','\0','\0','','N',0,'Unknown','','2020-11-12 16:40:55',NULL,NULL,NULL,NULL,1,'unknown','unknown',NULL);
INSERT INTO `patient` VALUES (309,'Necessary','Deangelo','Deangelo Necessary','1973-11-12',47,'','M','Elmhurst','NY','','','','\0','','\0','\0','\0','\0','','N',0,'Unknown','','2020-11-12 16:40:55',NULL,NULL,NULL,NULL,1,'unknown','unknown',NULL);
INSERT INTO `patient` VALUES (310,'Raymo','Kieth','Raymo Kieth','1984-11-12',36,'','M','Wayne Road main','Stillwater','','+034321311','','U','','U','\0','U','U','','N',1,'Unknown','','2020-11-12 16:40:55',NULL,NULL,'admin','2020-11-21 23:08:23',1,'unknown','unknown',NULL);
INSERT INTO `patient` VALUES (311,'Arata','Vincent','Arata Vincent','1938-11-12',82,'','M','Fort Rd.','Fort','','','','U','','U','\0','U','U','','N',1,'Unknown','','2020-11-12 16:40:55',NULL,NULL,'admin','2021-03-15 12:09:48',1,'unknown','unknown',NULL);
INSERT INTO `patient` VALUES (312,'Quiroga','Isreal','Isreal Quiroga','1978-11-12',42,'','M','Teaneck','NJ','','','','\0','','\0','\0','\0','\0','','N',0,'Unknown','','2020-11-12 16:40:55',NULL,NULL,NULL,NULL,1,'unknown','unknown',NULL);
INSERT INTO `patient` VALUES (313,'Depuy','Darrell','Depuy Darrell','1969-11-12',51,'','M','Large Street 731','Beloit','','','','U','','U','\0','U','U','','N',1,'Unknown','','2020-11-12 16:40:55',NULL,NULL,'admin','2021-03-15 12:10:00',1,'unknown','unknown',NULL);
INSERT INTO `patient` VALUES (314,'Dark','Shon','Dark Shon','1979-11-12',41,'','M','Avery Lane 123','Savage','','','','U','','U','\0','U','U','','N',1,'Unknown','','2020-11-12 16:40:55',NULL,NULL,'admin','2021-03-15 12:10:12',1,'unknown','unknown',NULL);
INSERT INTO `patient` VALUES (315,'Kittelson','Hobert','Kittelson Hobert','1972-11-12',48,'','M','Kent','OH','','+542252111','','U','','U','\0','U','U','','N',1,'Unknown','','2020-11-12 16:40:55',NULL,NULL,'admin','2020-11-21 22:58:07',1,'unknown','unknown',NULL);
INSERT INTO `patient` VALUES (316,'Vitela','Jerrod','Jerrod Vitela','1945-11-12',75,'','M','South','Windsor','','','','\0','','\0','\0','\0','\0','','N',0,'Unknown','','2020-11-12 16:40:55',NULL,NULL,NULL,NULL,1,'unknown','unknown',NULL);
INSERT INTO `patient` VALUES (317,'Isabelle','Isaiah','Isaiah Isabelle','1948-11-12',72,'','M','Cartersville','GA','','','','\0','','\0','\0','\0','\0','','N',0,'Unknown','','2020-11-12 16:40:55',NULL,NULL,NULL,NULL,1,'unknown','unknown',NULL);
INSERT INTO `patient` VALUES (318,'Durrah','Stanton','Durrah Stanton','1978-11-12',42,'','M','Dover Pl. 823','North Hover','','','','U','','U','\0','U','U','','N',1,'Unknown','','2020-11-12 16:40:55',NULL,NULL,'admin','2020-11-21 01:58:49',1,'unknown','unknown',NULL);
INSERT INTO `patient` VALUES (319,'Stackpole','Solomon','Solomon Stackpole','2003-11-12',17,'','M','Bayside','NY','','','','\0','','\0','\0','\0','\0','','N',0,'Unknown','','2020-11-12 16:40:55',NULL,NULL,NULL,NULL,1,'unknown','unknown',NULL);
INSERT INTO `patient` VALUES (320,'Hauger','Stacy','Hauger Stacy','1972-11-12',48,'','F','Warminster','PA','','','','U','','U','\0','U','U','','N',1,'Unknown','','2020-11-12 16:40:55',NULL,NULL,'admin','2020-11-20 02:19:18',1,'unknown','unknown',NULL);
INSERT INTO `patient` VALUES (321,'Jemison','Roscoe','Roscoe Jemison','1954-11-12',66,'','M','Drive','Cottage','','','','\0','','\0','\0','\0','\0','','N',0,'Unknown','','2020-11-12 16:40:55',NULL,NULL,NULL,NULL,1,'unknown','unknown',NULL);
INSERT INTO `patient` VALUES (322,'Iraheta','Jerome','Jerome Iraheta','1981-11-12',39,'','M','Street','Aberdeen','','','','\0','','\0','\0','\0','\0','','N',0,'Unknown','','2020-11-12 16:40:55',NULL,NULL,NULL,NULL,1,'unknown','unknown',NULL);
INSERT INTO `patient` VALUES (323,'Skiba','Millard','Millard Skiba','1971-11-12',49,'','M','Lane','Meadville','','','','\0','','\0','\0','\0','\0','','N',0,'Unknown','','2020-11-12 16:40:55',NULL,NULL,NULL,NULL,1,'unknown','unknown',NULL);
INSERT INTO `patient` VALUES (324,'Salmeron','Tony','Salmeron Tony','1952-11-12',68,'','M','Sun street 1/b','Sun City','','','','U','','U','\0','U','U','','N',2,'Unknown','','2020-11-12 16:40:55',NULL,NULL,'admin','2021-03-15 22:21:53',1,'unknown','unknown',NULL);
INSERT INTO `patient` VALUES (325,'Saltz','Ramon','Ramon Saltz','1974-11-12',46,'','M','Maplewood','NJ','','','','\0','','\0','\0','\0','\0','','N',0,'Unknown','','2020-11-12 16:40:55',NULL,NULL,NULL,NULL,1,'unknown','unknown',NULL);
INSERT INTO `patient` VALUES (326,'Raborn','Nathanael','Raborn Nathanael','1984-11-12',36,'','M','Red St.','North','','+4512512455','','U','','U','\0','U','U','','N',1,'Unknown','','2020-11-12 16:40:55',NULL,NULL,'admin','2020-11-21 22:58:00',1,'unknown','unknown',NULL);
INSERT INTO `patient` VALUES (327,'Montealegre','Cesar','Montealegre Cesar','1983-11-12',37,'','M','Dalton 1','Gat Husnt','','','','U','','U','\0','U','U','','N',1,'Unknown','','2020-11-12 16:40:55',NULL,NULL,'admin','2020-11-21 02:01:40',1,'unknown','unknown',NULL);
INSERT INTO `patient` VALUES (328,'Teller','King','King Teller','1992-11-12',28,'','M','Ashtabula','OH','','','','\0','','\0','\0','\0','\0','','N',0,'Unknown','','2020-11-12 16:40:55',NULL,NULL,NULL,NULL,1,'unknown','unknown',NULL);
INSERT INTO `patient` VALUES (329,'Rausch','Santo','Santo Rausch','1975-11-12',45,'','M','St.','Canonsburg','','','','\0','','\0','\0','\0','\0','','N',0,'Unknown','','2020-11-12 16:40:55',NULL,NULL,NULL,NULL,1,'unknown','unknown',NULL);
INSERT INTO `patient` VALUES (330,'Noblitt','Kenton','Noblitt Kenton','1992-11-12',28,'','M','Washington','PA','','+18484841','','U','','U','\0','U','U','','N',1,'Unknown','','2020-11-12 16:40:55',NULL,NULL,'admin','2020-11-21 23:08:31',1,'unknown','unknown',NULL);
INSERT INTO `patient` VALUES (331,'Raven','Philip','Raven Philip','1993-11-12',27,'','M','Beverly st. 1','Margy','','','','U','','U','\0','U','U','','N',1,'Unknown','','2020-11-12 16:40:55',NULL,NULL,'admin','2021-03-15 12:10:41',1,'unknown','unknown',NULL);
INSERT INTO `patient` VALUES (332,'Cullen','Minh','Minh Cullen','1989-11-12',31,'','M','Henderson','KY','','','','\0','','\0','\0','\0','\0','','N',3,'Unknown','','2020-11-12 16:40:55',NULL,NULL,NULL,NULL,1,'unknown','unknown',NULL);
INSERT INTO `patient` VALUES (333,'Kimpel','Erik','Erik Kimpel','1998-11-12',22,'','M','Bonita','Springs','','','','\0','','\0','\0','\0','\0','','N',0,'Unknown','','2020-11-12 16:40:55',NULL,NULL,NULL,NULL,1,'unknown','unknown',NULL);
INSERT INTO `patient` VALUES (334,'Starns','Kristopher','Starns Kristopher','2006-11-12',14,'','M','Lowell st 5','Mass Cambrisge','','','','U','','U','\0','U','U','','N',1,'Unknown','','2020-11-12 16:40:55',NULL,NULL,'admin','2020-11-21 02:01:58',1,'unknown','unknown',NULL);
INSERT INTO `patient` VALUES (335,'Provenzano','Branden','Provenzano Branden','1945-11-12',75,'','M','Leland st. 56','Wartingon','','','','U','','U','\0','U','U','','N',1,'Unknown','','2020-11-12 16:40:55',NULL,NULL,'admin','2020-11-21 01:58:35',1,'unknown','unknown',NULL);
INSERT INTO `patient` VALUES (336,'Moreles','Emery','Moreles Emery','1984-11-12',36,'','M','Drive st 66','Des Moines','','','','U','','U','\0','U','U','','N',1,'Unknown','','2020-11-12 16:40:55',NULL,NULL,'admin','2020-11-21 22:57:37',1,'unknown','unknown',NULL);
INSERT INTO `patient` VALUES (337,'Emberton','John','John Emberton','1981-11-12',39,'','M','Ormond','Beach','','','','\0','','\0','\0','\0','\0','','N',0,'Unknown','','2020-11-12 16:40:55',NULL,NULL,NULL,NULL,1,'unknown','unknown',NULL);
INSERT INTO `patient` VALUES (338,'Koski','Raul','Raul Koski','1987-11-12',33,'','M','Bismarck','ND','','','','\0','','\0','\0','\0','\0','','N',0,'Unknown','','2020-11-12 16:40:55',NULL,NULL,NULL,NULL,1,'unknown','unknown',NULL);
INSERT INTO `patient` VALUES (339,'Jack','Lupe','Jack Lupe','1978-11-12',42,'','M','Fall road','River town','','','','U','','U','\0','U','U','','N',1,'Unknown','','2020-11-12 16:40:55',NULL,NULL,'admin','2021-03-15 12:02:32',1,'unknown','unknown',NULL);
INSERT INTO `patient` VALUES (340,'Lindon','Everart','Everart Lindon','2000-11-12',20,'','M','Opal new','Lurewon','','','','\0','','\0','\0','\0','\0','','N',0,'Unknown','','2020-11-12 16:40:55',NULL,NULL,NULL,NULL,1,'unknown','unknown',NULL);
INSERT INTO `patient` VALUES (341,'Bryden','Keneth','Bryden Keneth','2020-11-12',0,'','M','North Drive 23','Desplains','','','','U','','U','\0','U','U','','N',2,'Unknown','','2020-11-12 16:40:55',NULL,NULL,'admin','2021-03-15 12:02:22',1,'unknown','unknown',NULL);
INSERT INTO `patient` VALUES (342,'Ellard','Hyman','Ellard Hyman','2019-11-12',1,'','M','Leesburg','VA','','','','U','','U','\0','U','U','','N',1,'Unknown','','2020-11-12 16:40:55',NULL,NULL,'admin','2020-11-21 22:57:48',1,'unknown','unknown',NULL);
INSERT INTO `patient` VALUES (343,'Jenks','Modesto','Jenks Modesto','2020-11-12',0,'','F','Waynesboro','PA','','','','U','','U','\0','U','U','','N',1,'Unknown','','2020-11-12 16:40:55',NULL,NULL,'admin','2020-11-21 22:57:43',1,'unknown','unknown',NULL);
INSERT INTO `patient` VALUES (344,'Rowse','Manual','Manual Rowse','1977-11-12',43,'','M','Menasha','WI','','','','\0','','\0','\0','\0','\0','','N',0,'Unknown','','2020-11-12 16:40:55',NULL,NULL,NULL,NULL,1,'unknown','unknown',NULL);
INSERT INTO `patient` VALUES (345,'Lamore','Dylan','Lamore Dylan','2001-11-12',19,'','F','Salem County West','Wyring','','+31431341','','U','','U','\0','U','U','','N',1,'Unknown','','2020-11-12 16:40:55',NULL,NULL,'admin','2020-11-21 02:02:26',1,'unknown','unknown',NULL);
INSERT INTO `patient` VALUES (346,'Kirton','Winford','Kirton Winford','1983-11-12',37,'','F','Dr. 56','Parkville','','','','U','','U','\0','U','U','','N',1,'Unknown','','2020-11-12 16:40:55',NULL,NULL,'admin','2021-03-15 12:13:40',1,'unknown','unknown',NULL);
INSERT INTO `patient` VALUES (347,'Hutcheson','Jere','Jere Hutcheson','1980-11-12',40,'','F','Fairport','NY','','','','\0','','\0','\0','\0','\0','','N',0,'Unknown','','2020-11-12 16:40:55',NULL,NULL,NULL,NULL,1,'unknown','unknown',NULL);
INSERT INTO `patient` VALUES (348,'Meche','Carlo','Carlo Meche','1980-11-12',40,'','F','Lane','Fredericksburg','','','','\0','','\0','\0','\0','\0','','N',0,'Unknown','','2020-11-12 16:40:55',NULL,NULL,NULL,NULL,1,'unknown','unknown',NULL);
INSERT INTO `patient` VALUES (349,'Mcguirk','Bennett','Mcguirk Bennett','1980-11-12',40,'','F','Elizabeth','NJ','','+5242421412','','U','','U','\0','U','U','','N',1,'Unknown','','2020-11-12 16:40:55',NULL,NULL,'admin','2020-11-21 22:57:25',1,'unknown','unknown',NULL);
INSERT INTO `patient` VALUES (350,'Deforge','Martin','Martin Deforge','2002-11-12',18,'','F','Niagara','Falls','','','','\0','','\0','\0','\0','\0','','N',0,'Unknown','','2020-11-12 16:40:55',NULL,NULL,NULL,NULL,1,'unknown','unknown',NULL);
INSERT INTO `patient` VALUES (351,'Westbrook','Connie','Connie Westbrook','1992-11-12',28,'','F','Ave.','Mount','','','','\0','','\0','\0','\0','\0','','N',1,'Unknown','','2020-11-12 16:40:55',NULL,NULL,NULL,NULL,1,'unknown','unknown',NULL);
INSERT INTO `patient` VALUES (352,'Jarvis','Dean','Dean Jarvis','1981-11-12',39,'','F','Royal','Oak','','','','\0','','\0','\0','\0','\0','','N',0,'Unknown','','2020-11-12 16:40:55',NULL,NULL,NULL,NULL,1,'unknown','unknown',NULL);
INSERT INTO `patient` VALUES (353,'Ciancio','Michale','Ciancio Michale','1992-11-12',28,'','F','Harvey Pl. 4','Ilvers','','+141434','','U','','U','\0','U','U','','N',1,'Unknown','','2020-11-12 16:40:55',NULL,NULL,'admin','2021-03-15 12:11:41',1,'unknown','unknown',NULL);
INSERT INTO `patient` VALUES (354,'Beckmann','Kurt','Beckmann Kurt','1982-11-12',38,'','F','Rollen Dr. 134','Orchard','','+0754524245','','U','','U','\0','U','U','','N',1,'Unknown','','2020-11-12 16:40:55',NULL,NULL,'admin','2020-11-21 22:57:18',1,'unknown','unknown',NULL);
INSERT INTO `patient` VALUES (355,'Mallery','Stephan','Stephan Mallery','1994-11-12',26,'','F','Tallahassee','FL','','','','\0','','\0','\0','\0','\0','','N',0,'Unknown','','2020-11-12 16:40:55',NULL,NULL,NULL,NULL,1,'unknown','unknown',NULL);
INSERT INTO `patient` VALUES (356,'Chiesa','Tiana','Tiana Chiesa','1996-11-12',24,'','F','Ridgecrest','CA','','','','\0','','\0','\0','\0','\0','','N',0,'Unknown','','2020-11-12 16:40:55',NULL,NULL,NULL,NULL,1,'unknown','unknown',NULL);
INSERT INTO `patient` VALUES (357,'Debus','Nakesha','Debus Nakesha','1997-11-12',23,'','F','Deland','Fullerton','','','','U','','U','\0','U','U','','N',1,'Unknown','','2020-11-12 16:40:55',NULL,NULL,'admin','2020-11-21 01:58:11',1,'unknown','unknown',NULL);
INSERT INTO `patient` VALUES (358,'Maxton','Tania','Maxton Tania','2004-11-12',16,'','F','Fuller St.3','Arlington','','+312434314','','U','','U','\0','U','U','','N',1,'Unknown','','2020-11-12 16:40:55',NULL,NULL,'admin','2021-03-15 12:10:58',1,'unknown','unknown',NULL);
INSERT INTO `patient` VALUES (359,'Kruse','Twanda','Kruse Twanda','1993-11-12',27,'','F','Dublin','Gerinia','','','','U','','U','\0','U','U','','N',1,'Unknown','','2020-11-12 16:40:55',NULL,NULL,'admin','2020-11-21 01:58:20',1,'unknown','unknown',NULL);
INSERT INTO `patient` VALUES (360,'Silvester','Riley','Riley Silvester','1990-11-12',30,'','F','Glen','Allen','','','','\0','','\0','\0','\0','\0','','N',0,'Unknown','','2020-11-12 16:40:55',NULL,NULL,NULL,NULL,1,'unknown','unknown',NULL);
INSERT INTO `patient` VALUES (361,'Temblador','Lee','Lee Temblador','1987-11-12',33,'','F','Cartersville','GA','','','','\0','','\0','\0','\0','\0','','N',0,'Unknown','','2020-11-12 16:40:55',NULL,NULL,NULL,NULL,1,'unknown','unknown',NULL);
INSERT INTO `patient` VALUES (362,'Nuckolls','Adina','Adina Nuckolls','1996-11-12',24,'','F','Lane','Amsterdam','','','','\0','','\0','\0','\0','\0','','N',0,'Unknown','','2020-11-12 16:40:55',NULL,NULL,NULL,NULL,1,'unknown','unknown',NULL);
INSERT INTO `patient` VALUES (363,'Tichenor','Alita','Tichenor Alita','1988-11-12',32,'','F','Savage','MN','','+4311333','','U','','U','\0','U','U','','N',1,'Unknown','','2020-11-12 16:40:55',NULL,NULL,'admin','2020-11-21 23:08:43',1,'unknown','unknown',NULL);
INSERT INTO `patient` VALUES (364,'Tsuji','Georgette','Georgette Tsuji','2002-11-12',18,'','F','Ave.','Trussville','','','','\0','','\0','\0','\0','\0','','N',0,'Unknown','','2020-11-12 16:40:55',NULL,NULL,NULL,NULL,1,'unknown','unknown',NULL);
INSERT INTO `patient` VALUES (365,'Reardon','Mora','Reardon Mora','1997-11-12',23,'','F','East Rugh 66','Lansing','','','','U','','U','\0','U','U','','N',1,'Unknown','','2020-11-12 16:40:55',NULL,NULL,'admin','2020-11-21 02:02:37',1,'unknown','unknown',NULL);
INSERT INTO `patient` VALUES (366,'Lipton','Luba','Lipton Luba','2001-11-12',19,'','F','North Street 1','Green Town','','','','U','','U','\0','U','U','','N',5,'AB+','','2020-11-12 16:40:55',NULL,NULL,'admin','2021-03-15 14:47:02',1,'unknown','single',NULL);
INSERT INTO `patient` VALUES (367,'Alderson','Katrice','Alderson Katrice','2003-11-12',17,'','F','Key Road 62','West','','','','U','','U','\0','U','U','','N',1,'Unknown','','2020-11-12 16:40:55',NULL,NULL,'admin','2020-11-21 22:57:01',1,'unknown','unknown',NULL);
INSERT INTO `patient` VALUES (368,'Axtell','Alleen','Alleen Axtell','1985-11-12',35,'','F','Avenue','Morgantown','','','','\0','','\0','\0','\0','\0','','N',0,'Unknown','','2020-11-12 16:40:55',NULL,NULL,NULL,NULL,1,'unknown','unknown',NULL);
INSERT INTO `patient` VALUES (369,'Gwyn','Jazmine','Gwyn Jazmine','1984-11-12',36,'','F','Amityville','NY','','','','U','','U','\0','U','U','','N',1,'Unknown','','2020-11-12 16:40:55',NULL,NULL,'admin','2021-03-15 12:13:33',1,'unknown','unknown',NULL);
INSERT INTO `patient` VALUES (370,'Micek','Nia','Nia Micek','1996-11-12',24,'','F','Park','Ridge','','','','\0','','\0','\0','\0','\0','','N',0,'Unknown','','2020-11-12 16:40:55',NULL,NULL,NULL,NULL,1,'unknown','unknown',NULL);
INSERT INTO `patient` VALUES (371,'Lara','Terrilyn','Lara Terrilyn','1990-11-12',30,'','F','Street','Springfield','','+34009831','','U','','U','\0','U','U','','N',1,'Unknown','','2020-11-12 16:40:55',NULL,NULL,'admin','2020-11-21 23:08:50',1,'unknown','unknown',NULL);
INSERT INTO `patient` VALUES (372,'Kissane','Lakeesha','Kissane Lakeesha','1968-11-12',52,'','M','Garner road','NC','','','','U','','U','\0','U','U','','N',1,'Unknown','','2020-11-12 16:40:55',NULL,NULL,'admin','2021-03-15 12:11:49',1,'unknown','unknown',NULL);
INSERT INTO `patient` VALUES (373,'Albrecht','Eleanora','Eleanora Albrecht','1980-11-12',40,'','F','Tewksbury','MA','','','','\0','','\0','\0','\0','\0','','N',0,'Unknown','','2020-11-12 16:40:55',NULL,NULL,NULL,NULL,1,'unknown','unknown',NULL);
INSERT INTO `patient` VALUES (374,'Janusz','Lavera','Janusz Lavera','1950-11-12',70,'','F','Whitestone','Evanrod','','','','U','','U','\0','U','U','','N',1,'Unknown','','2020-11-12 16:40:55',NULL,NULL,'admin','2020-11-21 01:57:28',1,'unknown','unknown',NULL);
INSERT INTO `patient` VALUES (375,'Nicolai','Adan','Adan Nicolai','1944-11-12',76,'','M','Prattville','AL','','','','\0','','\0','\0','\0','\0','','N',0,'Unknown','','2020-11-12 16:40:55',NULL,NULL,NULL,NULL,1,'unknown','unknown',NULL);
INSERT INTO `patient` VALUES (376,'Tomas','Lelia','Lelia Tomas','1973-11-12',47,'','F','Moncks','Corner','','','','\0','','\0','\0','\0','\0','','N',0,'Unknown','','2020-11-12 16:40:55',NULL,NULL,NULL,NULL,1,'unknown','unknown',NULL);
INSERT INTO `patient` VALUES (377,'Levinson','Serena','Serena Levinson','1973-11-12',47,'','F','Gainesville','VA','','','','\0','','\0','\0','\0','\0','','N',0,'Unknown','','2020-11-12 16:40:55',NULL,NULL,NULL,NULL,1,'unknown','unknown',NULL);
INSERT INTO `patient` VALUES (378,'Estep','Jayson','Estep Jayson','1991-11-12',29,'','M','Hendersonville','New Carnen','','','','U','','U','\0','U','U','','N',1,'Unknown','','2020-11-12 16:40:55',NULL,NULL,'admin','2020-11-21 01:58:02',1,'unknown','unknown',NULL);
INSERT INTO `patient` VALUES (379,'Locicero','Kristy','Kristy Locicero','1989-11-12',31,'','F','Mahwah','NJ','','','','\0','','\0','\0','\0','\0','','N',0,'Unknown','','2020-11-12 16:40:55',NULL,NULL,NULL,NULL,1,'unknown','unknown',NULL);
INSERT INTO `patient` VALUES (380,'Amos','Lady','Amos Lady','2019-11-12',1,'','F','Roy place 66','UT Foster','','+45256562','','U','','U','\0','U','U','','N',1,'Unknown','','2020-11-12 16:40:55',NULL,NULL,'admin','2020-11-21 22:56:50',1,'unknown','unknown',NULL);
INSERT INTO `patient` VALUES (381,'Linwood','Marna','Marna Linwood','1998-11-12',22,'','M','Elk','River','','','','\0','','\0','\0','\0','\0','','N',0,'Unknown','','2020-11-12 16:40:55',NULL,NULL,NULL,NULL,1,'unknown','unknown',NULL);
INSERT INTO `patient` VALUES (382,'Spiller','Dann','Dann Spiller','2019-11-12',1,'','M','Margarets','Street','','','','\0','','\0','\0','\0','\0','','N',2,'Unknown','','2020-11-12 16:40:55',NULL,NULL,NULL,NULL,1,'unknown','unknown',NULL);
INSERT INTO `patient` VALUES (383,'Jacks','Meg','Meg Jacks','1960-11-12',60,'','M','Saint','Cloud','','','','\0','','\0','\0','\0','\0','','N',0,'Unknown','','2020-11-12 16:40:55',NULL,NULL,NULL,NULL,1,'unknown','unknown',NULL);
INSERT INTO `patient` VALUES (384,'Kreiger','Astrid','Kreiger Astrid','2001-11-12',19,'','F','Cape District 67','Coral','','','','U','','U','\0','U','U','','N',1,'Unknown','','2020-11-12 16:40:55',NULL,NULL,'admin','2021-03-15 12:02:01',1,'unknown','unknown',NULL);
INSERT INTO `patient` VALUES (385,'Lauderdale','Judie','Judie Lauderdale','2010-11-12',10,'','M','Charlotte','NC','','','','\0','','\0','\0','\0','\0','','N',0,'Unknown','','2020-11-12 16:40:55',NULL,NULL,NULL,NULL,1,'unknown','unknown',NULL);
INSERT INTO `patient` VALUES (386,'Marmo','Garth','Garth Marmo','2017-11-12',3,'','F','Clinton','Township','','','','\0','','\0','\0','\0','\0','','N',0,'Unknown','','2020-11-12 16:40:55',NULL,NULL,NULL,NULL,1,'unknown','unknown',NULL);
INSERT INTO `patient` VALUES (387,'Denmon','Valeri','Denmon Valeri','1959-11-12',61,'','F','Foyr Lane 1','Palm','','','','U','','U','\0','U','U','','N',3,'Unknown','','2020-11-12 16:40:55',NULL,NULL,'admin','2021-03-15 12:12:39',1,'unknown','unknown',NULL);
INSERT INTO `patient` VALUES (388,'Merkel','Suellen','Merkel Suellen','2020-11-12',0,'','F','Highland','IN','','+51245245','','U','','U','\0','U','U','','N',1,'Unknown','','2020-11-12 16:40:55',NULL,NULL,'admin','2020-11-21 22:56:21',1,'unknown','unknown',NULL);
INSERT INTO `patient` VALUES (389,'Ali','Norman','Norman Ali','1980-11-12',40,'','M','St.','Fairfield','','','','\0','','\0','\0','\0','\0','','N',0,'Unknown','','2020-11-12 16:40:55',NULL,NULL,NULL,NULL,1,'unknown','unknown',NULL);
INSERT INTO `patient` VALUES (390,'Jonas','August','Jonas August','2020-11-12',0,'','M','Athens','GA','','+653324324','','U','','U','\0','U','U','','N',2,'Unknown','','2020-11-12 16:40:55',NULL,NULL,'admin','2020-11-21 22:56:29',1,'unknown','unknown',NULL);
INSERT INTO `patient` VALUES (391,'Glanton','Malika','Glanton Malika','1995-11-12',25,'','F','Hialeah 1','Flock','','','','U','','U','\0','U','U','','N',2,'Unknown','','2020-11-12 16:40:55',NULL,NULL,'admin','2021-03-15 12:12:02',1,'unknown','unknown',NULL);
INSERT INTO `patient` VALUES (392,'Villanova','Blanca','Blanca Villanova','2018-11-12',2,'','M','Ave.','Miamisburg','','','','\0','','\0','\0','\0','\0','','N',0,'Unknown','','2020-11-12 16:40:55',NULL,NULL,NULL,NULL,1,'unknown','unknown',NULL);
INSERT INTO `patient` VALUES (393,'Saucedo','Hortense','Hortense Saucedo','1979-11-12',41,'','F','Hope','Mills','','','','\0','','\0','\0','\0','\0','','N',0,'Unknown','','2020-11-12 16:40:55',NULL,NULL,NULL,NULL,1,'unknown','unknown',NULL);
INSERT INTO `patient` VALUES (394,'Nazario','Dominic','Dominic Nazario','2004-11-12',16,'','M','Avenue','Ridgefield','','','','\0','','\0','\0','\0','\0','','N',0,'Unknown','','2020-11-12 16:40:55',NULL,NULL,NULL,NULL,1,'unknown','unknown',NULL);
INSERT INTO `patient` VALUES (395,'Mccutchan','Analisa','Mccutchan Analisa','2020-11-12',0,'','F','Avenue','Hummelstown','','+542145425','','U','','U','\0','U','U','','N',1,'Unknown','','2020-11-12 16:40:55',NULL,NULL,'admin','2020-11-21 22:56:13',1,'unknown','unknown',NULL);
INSERT INTO `patient` VALUES (396,'Batman','Camelia','Batman Camelia','2020-11-12',0,'','F','Sewell','New Kirt','','','','U','','U','\0','U','U','','N',1,'Unknown','','2020-11-12 16:40:55',NULL,NULL,'admin','2021-03-15 12:12:20',1,'unknown','unknown',NULL);
INSERT INTO `patient` VALUES (397,'Hassan','Ashlee','Ashlee Hassan','1944-11-12',76,'','F','Saddle','Lane','','','','\0','','\0','\0','\0','\0','','N',0,'Unknown','','2020-11-12 16:40:55',NULL,NULL,NULL,NULL,1,'unknown','unknown',NULL);
INSERT INTO `patient` VALUES (398,'Divito','Marhta','Marhta Divito','2008-11-12',12,'','M','Rd.','Wyandotte','','','','\0','','\0','\0','\0','\0','','N',0,'Unknown','','2020-11-12 16:40:55',NULL,NULL,NULL,NULL,1,'unknown','unknown',NULL);
INSERT INTO `patient` VALUES (399,'Matias','Shannan','Matias Shannan','1953-11-12',67,'','F','Beloit 14','Williamson','','','','U','','U','\0','U','U','','N',1,'Unknown','','2020-11-12 16:40:55',NULL,NULL,'admin','2020-11-21 22:55:57',1,'unknown','unknown',NULL);
INSERT INTO `patient` VALUES (400,'Allmond','Eura','Eura Allmond','2019-11-12',1,'','F','Anchorage','AK','','','','\0','','\0','\0','\0','\0','','N',0,'Unknown','','2020-11-12 16:40:55',NULL,NULL,NULL,NULL,1,'unknown','unknown',NULL);
INSERT INTO `patient` VALUES (401,'Coale','Anneliese','Coale Anneliese','1980-11-12',40,'','F','Glen drive','Ellyn','','','','U','','U','\0','U','U','','N',1,'Unknown','','2020-11-12 16:40:55',NULL,NULL,'admin','2020-11-20 14:41:49',1,'unknown','unknown',NULL);
INSERT INTO `patient` VALUES (402,'Arana','Trina','Arana Trina','2019-11-12',1,'','M','Oxnard','Caffrey','','+231213123','','U','','U','\0','U','U','','N',1,'Unknown','','2020-11-12 16:40:55',NULL,NULL,'admin','2020-11-20 14:42:18',1,'unknown','unknown',NULL);
INSERT INTO `patient` VALUES (403,'Moua','Faustino','Moua Faustino','1960-11-12',60,'','M','Fullteron Dr. 612','Dearborn','','','','U','','U','\0','U','U','','N',2,'Unknown','','2020-11-12 16:40:55',NULL,NULL,'admin','2020-11-20 14:42:01',1,'unknown','unknown',NULL);
INSERT INTO `patient` VALUES (404,'Stermer','Genevie','Stermer Genevie','2020-11-12',0,'','F','Indiana avenue 6','Pamaro','','','','U','','U','\0','U','U','','N',2,'Unknown','','2020-11-12 16:40:55',NULL,NULL,'admin','2021-03-15 12:13:00',1,'unknown','unknown',NULL);
INSERT INTO `patient` VALUES (405,'Eddings','Carmine','Eddings Carmine','2006-11-12',14,'','M','Ave. Gulk','Buffalo','','','','U','','U','\0','U','U','','N',1,'Unknown','','2020-11-12 16:40:55',NULL,NULL,'admin','2020-11-21 22:55:46',1,'unknown','unknown',NULL);
INSERT INTO `patient` VALUES (406,'Amundsen','Mac','Mac Amundsen','2005-11-12',15,'','F','Rolling','Meadows','','','','\0','','\0','\0','\0','\0','','N',0,'Unknown','','2020-11-12 16:40:55',NULL,NULL,NULL,NULL,1,'unknown','unknown',NULL);
INSERT INTO `patient` VALUES (407,'Tirrell','Stacy','Tirrell Stacy','2020-11-12',0,'','M','Oconomowo','WI','','','','U','','U','\0','U','U','','N',1,'Unknown','','2020-11-12 16:40:55',NULL,NULL,'admin','2020-11-21 22:56:04',1,'unknown','unknown',NULL);
INSERT INTO `patient` VALUES (408,'Fyock','Ashley','Fyock Ashley','1973-11-12',47,'','F','Poland Dr.534','Sterling','','+56-123124','','U','','U','\0','U','U','','N',1,'Unknown','','2020-11-12 16:40:55',NULL,NULL,'admin','2020-11-20 14:47:22',1,'unknown','unknown',NULL);
INSERT INTO `patient` VALUES (409,'Gillon','Anibal','Anibal Gillon','1952-11-12',68,'','M','Highland','IN','','','','\0','','\0','\0','\0','\0','','N',0,'Unknown','','2020-11-12 16:40:55',NULL,NULL,NULL,NULL,1,'unknown','unknown',NULL);
INSERT INTO `patient` VALUES (410,'Cutts','Yong','Cutts Yong','2019-11-12',1,'','M','Willoughby','OH','','','','U','','U','\0','U','U','','N',1,'Unknown','','2020-11-12 16:40:55',NULL,NULL,'admin','2020-11-21 22:55:33',1,'unknown','unknown',NULL);
INSERT INTO `patient` VALUES (411,'Mcnickle','Darren','Darren Mcnickle','1960-11-12',60,'','F','Santa','Monica','','','','\0','','\0','\0','\0','\0','','N',0,'Unknown','','2020-11-12 16:40:55',NULL,NULL,NULL,NULL,1,'unknown','unknown',NULL);
INSERT INTO `patient` VALUES (412,'Shannon','Jonah','Shannon Jonah','2020-11-12',0,'','F','Rome Road 52','NY','','','','U','','U','\0','U','U','','N',1,'Unknown','','2020-11-12 16:40:55',NULL,NULL,'admin','2020-11-21 22:55:15',1,'unknown','unknown',NULL);
INSERT INTO `patient` VALUES (413,'Abdul','Burton','Abdul Burton','1988-11-12',32,'','M','Hill Road 923','Road Town','','','','U','','U','\0','U','U','','N',1,'Unknown','','2020-11-12 16:40:55',NULL,NULL,'admin','2020-11-21 22:55:27',1,'unknown','unknown',NULL);
INSERT INTO `patient` VALUES (414,'Aucoin','Bertram','Bertram Aucoin','1946-11-12',74,'','M','Cranston','RI','','','','\0','','\0','\0','\0','\0','','N',0,'Unknown','','2020-11-12 16:40:55',NULL,NULL,NULL,NULL,1,'unknown','unknown',NULL);
INSERT INTO `patient` VALUES (415,'Yonts','Dee','Yonts Dee','2014-11-12',6,'','F','Gurgy Street 11','Oak','','+34-143143','','U','','U','\0','U','U','','N',1,'Unknown','','2020-11-12 16:40:55',NULL,NULL,'admin','2020-11-20 14:47:36',1,'unknown','unknown',NULL);
INSERT INTO `patient` VALUES (416,'Das','Lloyd','Das Lloyd','1988-11-12',32,'','M','Anaheim st 5','Calverton','','','','U','','U','\0','U','U','','N',1,'Unknown','','2020-11-12 16:40:55',NULL,NULL,'admin','2021-03-15 14:46:45',1,'unknown','unknown',NULL);
INSERT INTO `patient` VALUES (417,'Jose','Stephan','Jose Stephan','2020-11-12',0,'','M','Braintree','MA','','','','U','','U','\0','U','U','','N',1,'Unknown','','2020-11-12 16:40:55',NULL,NULL,'admin','2020-11-20 14:25:43',1,'unknown','unknown',NULL);
INSERT INTO `patient` VALUES (418,'Berta','Basil','Berta Basil','2019-11-12',1,'','F','Huntsville','AL','','+366542235','','U','','U','\0','U','U','','N',1,'Unknown','','2020-11-12 16:40:55',NULL,NULL,'admin','2020-11-21 22:55:05',1,'unknown','unknown',NULL);
INSERT INTO `patient` VALUES (419,'Destefano','Tuan','Tuan Destefano','1956-11-12',64,'','M','East','Northport','','','','\0','','\0','\0','\0','\0','','N',0,'Unknown','','2020-11-12 16:40:55',NULL,NULL,NULL,NULL,1,'unknown','unknown',NULL);
INSERT INTO `patient` VALUES (420,'Lampert','Lacy','Lampert Lacy','2014-11-12',6,'','F','Street','Jeffersonville','','','','U','','U','\0','U','U','','N',1,'Unknown','','2020-11-12 16:40:55',NULL,NULL,'admin','2020-11-20 14:25:35',1,'unknown','unknown',NULL);
INSERT INTO `patient` VALUES (421,'Strain','Kurt','Kurt Strain','2019-11-12',1,'','M','Winter','Garden','','','','\0','','\0','\0','\0','\0','','N',0,'Unknown','','2020-11-12 16:40:55',NULL,NULL,NULL,NULL,1,'unknown','unknown',NULL);
INSERT INTO `patient` VALUES (422,'Etherton','Hong','Etherton Hong','2000-11-12',20,'','M','North Drive 22','Fort','','','','U','','U','\0','U','U','','N',1,'Unknown','','2020-11-12 16:40:55',NULL,NULL,'admin','2020-11-20 14:41:22',1,'unknown','unknown',NULL);
INSERT INTO `patient` VALUES (423,'Bergdoll','Rafael','Bergdoll Rafael','1992-11-12',28,'','M','Carlington Ave. 11','Sioux','','','','U','','U','\0','U','U','','N',1,'Unknown','','2020-11-12 16:40:55',NULL,NULL,'admin','2020-11-20 14:40:22',1,'unknown','unknown',NULL);
INSERT INTO `patient` VALUES (424,'Tiedemann','Hayden','Hayden Tiedemann','1998-11-12',22,'','M','Saint','Albans','','','','\0','','\0','\0','\0','\0','','N',0,'Unknown','','2020-11-12 16:40:55',NULL,NULL,NULL,NULL,1,'unknown','unknown',NULL);
INSERT INTO `patient` VALUES (426,'Lemmer','Chance','Lemmer Chance','2018-11-12',2,'','M','Felden Dr.','Galloway','','+2-1233642','','U','','U','\0','U','U','','N',1,'Unknown','','2020-11-12 16:40:55',NULL,NULL,'admin','2020-11-20 14:40:33',1,'unknown','unknown',NULL);
INSERT INTO `patient` VALUES (427,'Knoblock','Winston','Knoblock Winston','2018-11-12',2,'','M','Northbrook street','Evanston','','+62-343411','','U','','U','\0','U','U','','N',2,'Unknown','','2020-11-12 16:40:55',NULL,NULL,'admin','2020-11-20 14:41:38',1,'unknown','unknown',NULL);
INSERT INTO `patient` VALUES (428,'Holtzman','Dorian','Dorian Holtzman','2015-11-12',5,'','F','Street','Bismarck','','','','\0','','\0','\0','\0','\0','','N',0,'Unknown','','2020-11-12 16:40:55',NULL,NULL,NULL,NULL,1,'unknown','unknown',NULL);
INSERT INTO `patient` VALUES (429,'Russom','Emmitt','Russom Emmitt','2020-11-12',0,'','F','Kingston','West Bromwich','','','','U','','U','\0','U','U','','N',2,'Unknown','','2020-11-12 16:40:55',NULL,NULL,'admin','2020-11-21 22:54:49',1,'unknown','unknown',NULL);
INSERT INTO `patient` VALUES (430,'Hemsley','Mohammad','Hemsley Mohammad','2019-11-12',1,'','M','Hephzibah','GA','','','','U','','U','\0','U','U','','N',1,'Unknown','','2020-11-12 16:40:55',NULL,NULL,'admin','2020-11-20 14:25:28',1,'unknown','unknown',NULL);
INSERT INTO `patient` VALUES (431,'Croy','Max','Croy Max','2020-11-12',0,'','M','Killy Dr.','Blackwood','','','','U','','U','\0','U','U','','N',1,'Unknown','','2020-11-12 16:40:55',NULL,NULL,'admin','2020-11-20 14:40:44',1,'unknown','unknown',NULL);
INSERT INTO `patient` VALUES (432,'Watters','Hai','Watters Hai','2019-11-12',1,'','F','Genson St. 72','Rockville','','','','U','','U','\0','U','U','','N',1,'Unknown','','2020-11-12 16:40:55',NULL,NULL,'admin','2020-11-20 14:40:54',1,'unknown','unknown',NULL);
INSERT INTO `patient` VALUES (433,'Duby','Jewel','Duby Jewel','2020-11-12',0,'','F','Cranberry','Two port','','','','U','','U','\0','U','U','','N',1,'Unknown','','2020-11-12 16:40:55',NULL,NULL,'admin','2020-11-21 22:54:28',1,'unknown','unknown',NULL);
INSERT INTO `patient` VALUES (434,'Erdmann','Dustin','Erdmann Dustin','2019-11-12',1,'','F','Clifton','Parkville','','+1031133','','U','','U','\0','U','U','','N',2,'Unknown','','2020-11-12 16:40:55',NULL,NULL,'admin','2020-11-21 23:09:02',1,'unknown','unknown',NULL);
INSERT INTO `patient` VALUES (435,'Mastro','Domenic','Mastro Domenic','2018-11-12',2,'','M','Avenue','Flint','','','','U','','U','\0','U','U','','N',1,'Unknown','','2020-11-12 16:40:55',NULL,NULL,'admin','2020-11-21 22:54:12',1,'unknown','unknown',NULL);
INSERT INTO `patient` VALUES (436,'Murphey','Leana','Murphey Leana','2019-11-12',1,'','M','Forest','Hills','','+5124352','','U','','U','\0','U','U','','N',1,'Unknown','','2020-11-12 16:40:55',NULL,NULL,'admin','2020-11-21 22:54:19',1,'unknown','unknown',NULL);
INSERT INTO `patient` VALUES (437,'Hagwood','Velma','Hagwood Velma','2013-11-12',7,'','F','Qualis St. 11','Stone','','','','U','','U','\0','U','U','','N',1,'Unknown','','2020-11-12 16:40:55',NULL,NULL,'admin','2020-11-20 14:41:09',1,'unknown','unknown',NULL);
INSERT INTO `patient` VALUES (438,'Juarbe','Dong','Dong Juarbe','2020-11-12',0,'','F','Ave.','Mchenry','','','','\0','','\0','\0','\0','\0','','N',1,'Unknown','','2020-11-12 16:40:55',NULL,NULL,NULL,NULL,1,'unknown','unknown',NULL);
INSERT INTO `patient` VALUES (439,'Denver','Aleta','Denver Aleta','2019-11-12',1,'','M','Huntsville 66','Albreight','','','','U','','U','\0','U','U','','N',1,'Unknown','','2020-11-12 16:40:55',NULL,NULL,'admin','2020-11-21 22:53:38',1,'unknown','unknown',NULL);
INSERT INTO `patient` VALUES (440,'Deschamp','Shonda','Shonda Deschamp','2016-11-12',4,'','F','Lane','Aberdeen','','','','\0','','\0','\0','\0','\0','','N',0,'Unknown','','2020-11-12 16:40:55',NULL,NULL,NULL,NULL,1,'unknown','unknown',NULL);
INSERT INTO `patient` VALUES (441,'Loveland','Shirley','Loveland Shirley','2020-11-12',0,'','F','Minot 2','New Doppel','','','','U','','U','\0','U','U','','N',2,'Unknown','','2020-11-12 16:40:55',NULL,NULL,'admin','2020-11-21 22:53:15',1,'unknown','unknown',NULL);
INSERT INTO `patient` VALUES (442,'Valderas','Kenneth','Valderas Kenneth','2016-11-12',4,'','F','Court Ave. 12','Minneapolis','','','','U','','U','\0','U','U','','N',1,'Unknown','','2020-11-12 16:40:55',NULL,NULL,'admin','2021-03-15 12:01:41',1,'unknown','unknown',NULL);
INSERT INTO `patient` VALUES (443,'Abboud','Jeanene','Abboud Jeanene','2020-11-12',0,'','F','Deer','Park','','+3053424125','','U','','U','\0','U','U','','N',2,'Unknown','','2020-11-12 16:40:55',NULL,NULL,'admin','2020-11-21 22:54:03',1,'unknown','unknown',NULL);
INSERT INTO `patient` VALUES (444,'Slape','Kathrine','Slape Kathrine','2020-11-12',0,'','F','Ave. One 11','Boca','','','','U','','U','\0','U','U','','N',2,'Unknown','','2020-11-12 16:40:55',NULL,NULL,'admin','2020-11-21 22:53:23',1,'unknown','unknown',NULL);
INSERT INTO `patient` VALUES (445,'Scoggins','Rodolfo','Scoggins Rodolfo','2017-11-12',3,'','M','Bowling','Green','','+23254545','','U','','U','\0','U','U','','N',1,'Unknown','','2020-11-12 16:40:55',NULL,NULL,'admin','2020-11-21 22:53:47',1,'unknown','unknown',NULL);
INSERT INTO `patient` VALUES (446,'Kasper','Agripina','Kasper Agripina','2020-11-12',0,'','F','Racine St.','WIchita','','','','U','','U','\0','U','U','','N',2,'Unknown','','2020-11-12 16:40:55',NULL,NULL,'admin','2020-11-21 22:50:00',1,'unknown','unknown',NULL);
INSERT INTO `patient` VALUES (447,'Crooks','Amos','Crooks Amos','2020-11-12',0,'','M','Forney rd','Texy block','','','','U','','U','\0','U','U','','N',1,'Unknown','','2020-11-12 16:40:55',NULL,NULL,'admin','2020-11-21 22:50:19',1,'unknown','unknown',NULL);
INSERT INTO `patient` VALUES (448,'Jurgensen','Fritz','Jurgensen Fritz','2018-11-12',2,'','M','Staunton','VA Virginia','','','','U','','U','\0','U','U','','N',1,'Unknown','','2020-11-12 16:40:55',NULL,NULL,'admin','2020-11-21 22:53:01',1,'unknown','unknown',NULL);
INSERT INTO `patient` VALUES (449,'Kondo','Hoyt','Kondo Hoyt','2018-11-12',2,'','F','St. West 112','Farmington','','','','U','','U','\0','U','U','','N',2,'Unknown','','2020-11-12 16:40:55',NULL,NULL,'admin','2020-11-21 22:52:42',1,'unknown','unknown',NULL);
INSERT INTO `patient` VALUES (450,'Reigle','Marquita','Marquita Reigle','2018-11-12',2,'','M','Niles','MI','','','','\0','','\0','\0','\0','\0','','N',0,'Unknown','','2020-11-12 16:40:55',NULL,NULL,NULL,NULL,1,'unknown','unknown',NULL);
INSERT INTO `patient` VALUES (451,'Adelman','Kandace','Adelman Kandace','2018-11-12',2,'','F','Bear road 61','Derivy','','','','U','','U','\0','U','U','','N',3,'Unknown','','2020-11-12 16:40:55',NULL,NULL,'admin','2020-11-21 01:54:11',1,'unknown','unknown',NULL);
INSERT INTO `patient` VALUES (452,'Agosto','Aja','Agosto Aja','2020-11-12',0,'','F','Huntersville','Nort caol','','','','U','','U','\0','U','U','','N',3,'Unknown','','2020-11-12 16:40:55',NULL,NULL,'admin','2020-11-21 22:50:31',1,'unknown','unknown',NULL);
INSERT INTO `patient` VALUES (453,'Flagg','Apryl','Flagg Apryl','2020-11-12',0,'','F','Streamwood 51','IL','','','','U','','U','\0','U','U','','N',3,'Unknown','','2020-11-12 16:40:55',NULL,NULL,'admin','2020-11-21 22:52:49',1,'unknown','unknown',NULL);
INSERT INTO `patient` VALUES (454,'Hebron','Leoma','Hebron Leoma','2020-11-12',0,'','M','Brick','NJ town','','','','U','','U','\0','U','U','','N',1,'Unknown','','2020-11-12 16:40:55',NULL,NULL,'admin','2020-11-21 22:52:35',1,'unknown','unknown',NULL);
INSERT INTO `patient` VALUES (455,'Melone','Ara','Melone Ara','2020-11-12',0,'','F','Olive Strett','Branch','','','','U','','U','\0','U','U','','N',2,'Unknown','','2020-11-12 16:40:55',NULL,NULL,'admin','2020-11-21 22:50:41',1,'unknown','unknown',NULL);
INSERT INTO `patient` VALUES (456,'Kari','Janessa','Kari Janessa','2020-11-12',0,'','F','Reidsville','NC','','','','U','','U','\0','U','U','','N',2,'Unknown','','2020-11-12 16:40:55',NULL,NULL,'admin','2020-11-21 22:52:15',1,'unknown','unknown',NULL);
INSERT INTO `patient` VALUES (457,'Antunez','Christel','Antunez Christel','2019-11-12',1,'','F','Perrysburg','Open Town','','+1231345325','','U','','U','\0','U','U','','N',1,'Unknown','','2020-11-12 16:40:55',NULL,NULL,'admin','2020-11-21 22:52:10',1,'unknown','unknown',NULL);
INSERT INTO `patient` VALUES (458,'Asberry','Jenny','Asberry Jenny','2020-11-12',0,'','F','Buckeye south','AZ Way','','','','U','','U','\0','U','U','','N',1,'Unknown','','2020-11-12 16:40:55',NULL,NULL,'admin','2020-11-21 22:50:54',1,'unknown','unknown',NULL);
INSERT INTO `patient` VALUES (459,'Lounsbury','Valda','Lounsbury Valda','2016-11-12',4,'','F','St.Loque','Bloomfield','','','','U','','U','\0','U','U','','N',2,'Unknown','','2020-11-12 16:40:55',NULL,NULL,'admin','2020-11-21 22:51:53',1,'unknown','unknown',NULL);
INSERT INTO `patient` VALUES (460,'Abramowitz','Heath','Abramowitz Heath','2013-11-12',7,'','M','Vassil Dr.','Navarre','','+34-4-54235','','U','','U','\0','U','U','','N',1,'Unknown','','2020-11-12 16:40:55',NULL,NULL,'admin','2020-11-20 14:39:57',1,'unknown','unknown',NULL);
INSERT INTO `patient` VALUES (461,'Jerabek','Emile','Jerabek Emile','2020-11-12',0,'','M','Lake Road west','Charles','','','','U','','U','\0','U','U','','N',1,'Unknown','','2020-11-12 16:40:55',NULL,NULL,'admin','2020-11-21 22:51:05',1,'unknown','unknown',NULL);
INSERT INTO `patient` VALUES (462,'Coe','Florinda','Coe Florinda','1990-11-12',30,'','F','Jonesborough','Springville','','+12001010','','U','','U','\0','U','U','','N',1,'Unknown','','2020-11-12 16:40:55',NULL,NULL,'admin','2020-11-21 23:09:18',1,'unknown','unknown',NULL);
INSERT INTO `patient` VALUES (463,'Jorgensen','Anissa','Jorgensen Anissa','1973-11-12',47,'','F','West St. 5','Manchester','','','','U','','U','\0','U','U','','N',1,'Unknown','','2020-11-12 16:40:55',NULL,NULL,'admin','2021-03-15 14:46:31',1,'unknown','unknown',NULL);
INSERT INTO `patient` VALUES (464,'Vossler','Quintin','Vossler Quintin','1960-11-12',60,'','F','Edison 51','New Jeskey','','','','U','','U','\0','U','U','','N',1,'Unknown','','2020-11-12 16:40:55',NULL,NULL,'admin','2020-11-21 22:51:28',1,'unknown','unknown',NULL);
INSERT INTO `patient` VALUES (465,'Harrell','Lucy','Harrell Lucy','2009-11-12',11,'','F','Palmetto','Florida town','','','','U','','U','\0','U','U','','N',2,'Unknown','','2020-11-12 16:40:55',NULL,NULL,'admin','2020-11-21 22:51:39',1,'unknown','unknown',NULL);
INSERT INTO `patient` VALUES (466,'Enders','Tammi','Enders Tammi','2019-11-12',1,'','F','Tyo Street 77','Council','','','','U','','U','\0','U','U','','N',1,'Unknown','','2020-11-12 16:40:55',NULL,NULL,'admin','2021-03-15 12:13:22',1,'unknown','unknown',NULL);
INSERT INTO `patient` VALUES (467,'Falkner','Ruthison','Falkner Ruthison','2010-11-12',10,'','M','Second street 82','Mishawaka','','','','U','','U','\0','U','U','','N',3,'Unknown','','2020-11-12 16:40:55',NULL,NULL,'admin','2020-11-21 01:55:03',1,'unknown','unknown',NULL);
INSERT INTO `patient` VALUES (468,'Albus','Tyree','Albus Tyree','2013-11-12',7,'','M','Halethorpe 45','Medidon','','','','U','','U','\0','U','U','','N',1,'Unknown','','2020-11-12 16:40:55',NULL,NULL,'admin','2020-11-20 14:35:29',1,'unknown','unknown',NULL);
INSERT INTO `patient` VALUES (469,'Quinley','Arden','Quinley Arden','1974-11-12',46,'','M','Stockbridge 678','Galverson','','','','U','','U','\0','U','U','','N',1,'Unknown','','2020-11-12 16:40:55',NULL,NULL,'admin','2020-11-20 14:35:41',1,'unknown','unknown',NULL);
INSERT INTO `patient` VALUES (470,'Leddy','Everette','Leddy Everette','1976-11-12',44,'','M','Elizabeth','City of Werthomn','','','','U','','U','\0','U','U','','N',1,'Unknown','','2020-11-12 16:40:55',NULL,NULL,'admin','2020-11-20 14:35:07',1,'unknown','unknown',NULL);
INSERT INTO `patient` VALUES (471,'Teixeira','Levi','Teixeira Levi','2020-11-12',0,'','F','Tallahassee Rd.','Florin','','','','U','','U','\0','U','U','.','N',1,'Unknown','','2020-11-12 16:40:55',NULL,NULL,'admin','2020-11-20 14:35:19',1,'unknown','unknown',NULL);
INSERT INTO `patient` VALUES (472,'Rodrigues','Tod','Tod Rodrigues','2019-11-12',1,'','F','Ave.','Mechanicsville','','','','\0','','\0','\0','\0','\0','','N',0,'Unknown','','2020-11-12 16:40:55',NULL,NULL,NULL,NULL,1,'unknown','unknown',NULL);
INSERT INTO `patient` VALUES (473,'Taplin','Roxane','Taplin Roxane','2018-11-12',2,'','M','St. Strett 62','New Gutty','','','','U','','U','\0','U','U','','N',2,'Unknown','','2020-11-12 16:40:55',NULL,NULL,'admin','2020-11-21 22:49:12',1,'unknown','unknown',NULL);
INSERT INTO `patient` VALUES (474,'Alverson','Stacy','Alverson Stacy','2020-11-12',0,'','F','Road','Chatsworth','','','','U','','U','\0','U','U','Malaria.','N',2,'Unknown','','2020-11-12 16:40:55',NULL,NULL,'admin','2020-11-21 22:48:54',1,'unknown','unknown',NULL);
INSERT INTO `patient` VALUES (475,'Edmonds','Evan','Edmonds Evan','2015-11-12',5,'','M','Quory Dr.','Woonsocket','','','','U','','U','\0','U','U','','N',1,'Unknown','','2020-11-12 16:40:55',NULL,NULL,'admin','2020-11-20 14:36:12',1,'unknown','unknown',NULL);
INSERT INTO `patient` VALUES (476,'Linhart','Fausto','Fausto Linhart','2020-11-12',0,'','F','Kearny','NJ','','','','\0','','\0','\0','\0','\0','','N',0,'Unknown','','2020-11-12 16:40:55',NULL,NULL,NULL,NULL,1,'unknown','unknown',NULL);
INSERT INTO `patient` VALUES (477,'Tullius','Eloise','Tullius Eloise','2019-11-12',1,'','F','Minneapolis','MN','','','','U','','U','\0','U','U','','N',2,'Unknown','','2020-11-12 16:40:55',NULL,NULL,'admin','2020-11-21 22:48:44',1,'unknown','unknown',NULL);
INSERT INTO `patient` VALUES (479,'Rozier','Lydia','Rozier Lydia','2020-11-12',0,'','M','Eugene way 61','Orange county','','','','U','','U','\0','U','U','','N',2,'Unknown','','2020-11-12 16:40:55',NULL,NULL,'admin','2020-11-21 22:49:24',1,'unknown','unknown',NULL);
INSERT INTO `patient` VALUES (480,'Swicegood','See','Swicegood See','2014-11-12',6,'','M','Saint etienne 56','Albans','','','','U','','U','\0','U','U','','N',1,'Unknown','','2020-11-12 16:40:55',NULL,NULL,'admin','2020-11-20 14:35:49',1,'unknown','unknown',NULL);
INSERT INTO `patient` VALUES (482,'Efird','Arlen','Efird Arlen','2020-11-12',0,'','F','Atwater','CA','','+194413431','','U','','U','\0','U','U','','N',1,'Unknown','','2020-11-12 16:40:55',NULL,NULL,'admin','2020-11-21 23:09:38',1,'unknown','unknown',NULL);
INSERT INTO `patient` VALUES (483,'Eddins','Queenie','Eddins Queenie','2020-11-12',0,'','M','Hampton','VA','','+1212311','','U','','U','\0','U','U','','N',1,'Unknown','','2020-11-12 16:40:55',NULL,NULL,'admin','2020-11-21 23:09:29',1,'unknown','unknown',NULL);
INSERT INTO `patient` VALUES (484,'Lajeunesse','Chanell','Lajeunesse Chanell','2012-11-12',8,'','M','Ocean springs Rd 542','Palm','','','','U','','U','\0','U','U','','N',1,'Unknown','','2020-11-12 16:40:55',NULL,NULL,'admin','2020-11-20 14:39:15',1,'unknown','unknown',NULL);
INSERT INTO `patient` VALUES (485,'Aguillard','Cortes','Aguillard Cortes','2019-11-12',1,'','M','Ave.','Cornelius','','','','U','','U','\0','U','U','','N',1,'Unknown','','2020-11-12 16:40:55',NULL,NULL,'admin','2020-11-21 22:45:54',1,'unknown','unknown',NULL);
INSERT INTO `patient` VALUES (486,'Belverin','Anthony','Belverin Anthony','2020-11-12',0,'','F','Lindenhurst st. 12','NY Fully','','','','U','','U','\0','U','U','','N',2,'Unknown','','2020-11-12 16:40:55',NULL,NULL,'admin','2020-11-21 22:49:37',1,'unknown','unknown',NULL);
INSERT INTO `patient` VALUES (487,'Johanson','Tamie','Johanson Tamie','2019-11-12',1,'','F','Gulcon St.','Butte','','','','U','','U','\0','U','U','','N',1,'Unknown','','2020-11-12 16:40:55',NULL,NULL,'admin','2020-11-20 14:36:00',1,'unknown','unknown',NULL);
INSERT INTO `patient` VALUES (488,'Isabelle','Glennis','Glennis Isabelle','2014-11-12',6,'','F','Downers','Grove','','','','\0','','\0','\0','\0','\0','','N',0,'Unknown','','2020-11-12 16:40:55',NULL,NULL,NULL,NULL,1,'unknown','unknown',NULL);
INSERT INTO `patient` VALUES (489,'Morning','Mellisa','Morning Mellisa','2018-11-12',2,'','M','Ave.','Waxhaw','','','','U','','U','\0','U','U','','N',1,'Unknown','','2020-11-12 16:40:55',NULL,NULL,'admin','2020-11-21 22:45:38',1,'unknown','unknown',NULL);
INSERT INTO `patient` VALUES (490,'Cairo','Tawnya','Cairo Tawnya','2018-11-12',2,'','F','Patchogue 12','NY Westerton','','','','U','','U','\0','U','U','','N',1,'Unknown','','2020-11-12 16:40:55',NULL,NULL,'admin','2020-11-21 22:48:23',1,'unknown','unknown',NULL);
INSERT INTO `patient` VALUES (491,'Holter','Josette','Holter Josette','2017-11-12',3,'','M','Drive road 55','Villa','','','','U','','U','\0','U','U','','N',1,'Unknown','','2020-11-12 16:40:55',NULL,NULL,'admin','2020-11-21 22:49:47',1,'unknown','unknown',NULL);
INSERT INTO `patient` VALUES (492,'Ballantine','Lashawna','Ballantine Lashawna','2020-11-12',0,'','F','Lekan Ave.','Upland Town','','','','U','','U','\0','U','U','','N',2,'Unknown','','2020-11-12 16:40:55',NULL,NULL,'admin','2021-03-15 12:01:20',1,'unknown','unknown',NULL);
INSERT INTO `patient` VALUES (493,'Musso','Kina','Musso Kina','2020-11-12',0,'','F','South Street 91','Jamison','','+4111112','','U','','U','\0','U','U','','N',1,'Unknown','','2020-11-12 16:40:55',NULL,NULL,'admin','2020-11-21 23:09:57',1,'unknown','unknown',NULL);
INSERT INTO `patient` VALUES (494,'James','Veronica','James Veronica','2020-11-12',0,'','F','South street 11','Warady','','','','U','','U','\0','U','U','','N',1,'Unknown','','2020-11-12 16:40:55',NULL,NULL,'admin','2020-11-21 22:46:15',1,'unknown','unknown',NULL);
INSERT INTO `patient` VALUES (495,'Rodriguez','Oscar','Rodriguez Oscar','2020-11-12',0,'','M','East road','Green land','','','','U','','U','\0','U','U','','N',1,'Unknown','','2020-11-12 16:40:55',NULL,NULL,'admin','2020-11-21 22:46:28',1,'unknown','unknown',NULL);
INSERT INTO `patient` VALUES (496,'Angelo','Jaime','Angelo Jaime','2020-11-12',0,'','M','South Street 11','Rangon 545','','+22113123','','U','','U','\0','U','U','','N',1,'Unknown','','2020-11-12 16:40:55',NULL,NULL,'admin','2020-11-21 22:48:11',1,'unknown','unknown',NULL);
INSERT INTO `patient` VALUES (497,'Vernon','Reklin','Vernon Reklin','2020-11-12',0,'','F','West corridor 1','Stonybrook','','','','U','','U','\0','U','U','','N',1,'Unknown','','2020-11-12 16:40:55',NULL,NULL,'admin','2020-11-21 22:46:40',1,'unknown','unknown',NULL);
INSERT INTO `patient` VALUES (498,'Falky','Mady','Falky Mady','2020-11-12',0,'','F','Suburb  55','Lonesdale','','+123142114','','U','','U','\0','U','U','','N',2,'Unknown','','2020-11-12 16:40:55',NULL,NULL,'admin','2020-11-21 22:46:56',1,'unknown','unknown',NULL);
INSERT INTO `patient` VALUES (499,'Vessin','Jordan','Vessin Jordan','2020-11-12',0,'','M','West street','Figueroa','','+3443113413','','U','','U','\0','U','U','','N',1,'Unknown','','2020-11-12 16:40:55',NULL,NULL,'admin','2020-11-21 22:46:06',1,'unknown','unknown',NULL);
INSERT INTO `patient` VALUES (500,'Matthews','Ruth','Matthews Ruth','2018-11-12',2,'','F','East Road','Wesfield','','','','U','','U','\0','U','U','','N',1,'Unknown','','2020-11-12 16:40:55',NULL,NULL,'admin','2020-11-20 14:34:50',1,'unknown','unknown',NULL);
INSERT INTO `patient` VALUES (501,'Mario','Rossi','Mario Rossi','1991-11-03',29,'','M','Via Verdi','Roma','','+390611111','','U','','U',NULL,'Y','U','','Y',0,'A+','','2020-11-19 00:19:42','admin','2020-11-19 01:19:42','admin','2020-11-19 01:19:42',1,'engineering','married',1);
INSERT INTO `patient` VALUES (502,'Furlong','Merryman','Furlong Merryman','2005-11-10',15,'','M','West Road 131','Field','','+2-12-43341','','U','','U',NULL,'U','U','','N',1,'Unknown','','2020-11-19 22:51:47','admin','2020-11-19 23:51:47','admin','2020-11-20 14:38:55',1,'unknown','unknown',NULL);
INSERT INTO `patient` VALUES (503,'Sturgeon','Charlie','Sturgeon Charlie','1990-11-12',30,'','M','Gronky Plaza','Benidorm','','','','U','','U','\0','U','U','','N',2,'Unknown','','2020-11-12 16:40:55',NULL,NULL,'admin','2020-11-21 22:45:28',1,'unknown','unknown',NULL);
INSERT INTO `patient` VALUES (504,'Froue','Jane','Froue Jane','2000-11-12',20,'','F','South road 16','Rangon','','','','U','','U','\0','U','U','','N',2,'Unknown','','2020-11-12 16:40:55',NULL,NULL,'admin','2020-11-21 22:45:02',1,'unknown','unknown',NULL);
INSERT INTO `patient` VALUES (505,'Curtney','Gina','Curtney Gina','2010-11-12',10,'','F','North Way 11','Rangon','','','','U','','U','\0','U','U','','N',2,'Unknown','','2020-11-12 16:40:55',NULL,NULL,'admin','2020-11-21 22:47:44',1,'unknown','unknown',NULL);
INSERT INTO `patient` VALUES (506,'Zabel','John','Zabel John','2020-11-12',0,'','M','South suburb','Illman','','','','U','','U','\0','U','U','','N',2,'Unknown','','2020-11-12 16:40:55',NULL,NULL,'admin','2020-11-21 22:44:25',1,'unknown','unknown',NULL);
INSERT INTO `patient` VALUES (507,'Westermann','Fred','Westermann Fred','1999-11-12',21,'','M','Avenida johanes 84','Bilbao','','','','U','','U','\0','U','U','','N',2,'Unknown','','2020-11-12 16:40:55',NULL,NULL,'admin','2020-11-21 22:44:20',1,'unknown','unknown',NULL);
INSERT INTO `patient` VALUES (508,'De Koenig','Melissa','De Koenig Melissa','1970-11-12',50,'','F','Merriam plaza','Furklo','','','','U','','U','\0','U','U','','N',1,'Unknown','','2020-11-12 16:40:55',NULL,NULL,'admin','2020-11-21 22:45:17',1,'unknown','unknown',NULL);
INSERT INTO `patient` VALUES (509,'Ventier','Asia','Ventier Asia','1988-11-12',32,'','F','Flamingo 45','Roadinsy','','','','U','','U','\0','U','U','','N',2,'Unknown','','2020-11-12 16:40:55',NULL,NULL,'admin','2020-11-21 22:44:55',1,'unknown','unknown',NULL);
INSERT INTO `patient` VALUES (510,'Racuba','Scottie','Racuba Scottie','1978-11-12',42,'','F','Montgomery road 11','Valley south','','+12-43541\\54','','U','','U','\0','U','U','','N',2,'Unknown','','2020-11-12 16:40:55',NULL,NULL,'admin','2020-11-21 22:47:19',1,'unknown','married',NULL);
INSERT INTO `patient` VALUES (511,'Henderson','Alba','Henderson Alba','1967-11-12',53,'','F','South Ilford','Street','','','','U','','U','\0','U','U','','N',2,'Unknown','','2020-11-12 16:40:55',NULL,NULL,'admin','2020-11-21 22:44:07',1,'unknown','unknown',NULL);
INSERT INTO `patient` VALUES (512,'Millman','Enriquetta','Millman Enriquetta','1940-11-12',80,'','F','Hartney St. 55','Crossing','','','','U','','U','\0','U','U','','N',2,'Unknown','','2020-11-12 16:40:55',NULL,NULL,'admin','2020-11-21 22:47:34',1,'unknown','unknown',NULL);
INSERT INTO `patient` VALUES (513,'Makenzie','Everton','Makenzie Everton','1993-11-23',26,'','M','Wayland 21','Albrington','','+3924534314','','U','','U',NULL,'U','U','','N',1,'B-','','2020-11-20 01:26:06','admin','2020-11-20 02:26:06','admin','2020-11-20 14:38:00',1,'foodhospitality','single',NULL);
INSERT INTO `patient` VALUES (514,'Mario','Rossi','Mario Rossi','1992-11-18',28,'','M','Via Verdi','Roma','','+397653431','','U','','U',NULL,'U','U','','N',1,'A-','','2020-11-20 01:40:05','admin','2020-11-20 02:40:05','admin','2020-11-20 14:38:32',1,'mechanic','married',3);
INSERT INTO `patient` VALUES (515,'Alvaro','Robertson','Alvaro Robertson','2009-07-22',11,'','M','Courtney ST. 27','Guarinton','','+39','','U','','U',NULL,'U','U','','N',1,'0-','','2020-11-21 00:53:16','admin','2020-11-21 01:53:16','admin','2020-11-21 01:53:36',1,'unknown','unknown',NULL);
INSERT INTO `patient` VALUES (516,'Genna','Susterlind','Genna Susterlind','1975-06-17',45,'','F','Genev Road 77','Rudkenny','','+3813144111','','U','','U',NULL,'U','U','','N',0,'Unknown','','2020-11-21 01:20:48','admin','2020-11-21 02:20:48','admin','2020-11-21 02:20:48',1,'unknown','unknown',NULL);
INSERT INTO `patient` VALUES (517,'Maria','Njoko','Maria Njoko','2001-03-19',19,'','F','Mongi Road 56','West Kurtika','','+2434\\334','','U','','U',NULL,'U','U','','N',0,'AB+','','2020-11-21 02:29:57','admin','2020-11-21 03:29:57','admin','2020-11-21 03:29:57',1,'unknown','married',NULL);
INSERT INTO `patient` VALUES (518,'Jeremy','Lindon','Jeremy Lindon','1963-06-20',57,'','M','Stenton Plaza 151','Misurel','','+394252422','','U','','U',NULL,'U','U','','N',0,'B-','','2020-11-21 20:56:24','admin','2020-11-21 21:56:24','admin','2020-11-21 21:56:24',1,'unknown','married',NULL);
INSERT INTO `patient` VALUES (519,'Jeanna','Rickember','Jeanna Rickember','2017-10-30',3,'','F','Lavon Road 62','Justin','','+2243143213','','U','','U',NULL,'U','U','','N',0,'B+','','2020-11-21 20:58:52','admin','2020-11-21 21:58:52','admin','2020-11-21 21:58:52',1,'unknown','unknown',NULL);
INSERT INTO `patient` VALUES (520,'Rochester','Lenny','Rochester Lenny','2020-11-01',0,'','M','Letterman St. 512','Warengton','','+005199944','','U','','U',NULL,'U','U','','N',0,'A-','','2020-11-22 01:34:49','admin','2020-11-22 02:34:49','admin','2020-11-22 02:34:49',1,'unknown','single',NULL);
INSERT INTO `patient` VALUES (521,'Betta','Jamison','Betta Jamison','2010-11-03',10,'','F','Kinney Rd. 43','Kensington','','+39','','U','','U',NULL,'U','U','','N',0,'Unknown','','2020-11-22 01:36:53','admin','2020-11-22 02:36:53','admin','2020-11-22 02:36:53',1,'unknown','unknown',NULL);
INSERT INTO `patient` VALUES (522,'Harry','Colterson','Harry Colterson','1959-02-14',61,'','M','Westeman St. 12','Ottey','','+912314411','','U','','U',NULL,'U','U','','N',0,'A-','','2020-11-22 16:57:57','admin','2020-11-22 17:57:57','admin','2020-11-22 17:57:57',1,'unknown','divorced',NULL);
INSERT INTO `patient` VALUES (523,'Quinlan','Coors','Quinlan Coors','2014-11-02',6,'','M','Franlkin St 12','Derbyshire','','+416824999','','U','','U',NULL,'U','U','','N',0,'B-','','2020-11-23 14:58:01','admin','2020-11-23 15:58:01','admin','2020-11-23 15:58:01',1,'unknown','unknown',NULL);
INSERT INTO `patient` VALUES (524,'Geremia','Dickinson','Geremia Dickinson','1954-01-01',67,'','M','Springfiled','Kellog','','+39','','U','','U',NULL,'U','U','','N',0,'AB+','','2021-03-13 21:42:59','admin','2021-03-13 22:42:59','admin','2021-03-13 22:42:59',1,'construction','married',NULL);
INSERT INTO `patient` VALUES (525,'Mary','Garrington','Mary Garrington','2021-02-04',0,'','F','Ganston','Kendring','','+39','','U','','U',NULL,'U','U','','N',0,'0+','','2021-03-14 23:45:47','admin','2021-03-15 00:45:47','admin','2021-03-15 00:45:47',1,'unknown','unknown',NULL);
INSERT INTO `patient` VALUES (526,'Genina','Justterin','Genina Justterin','1985-03-22',35,'','F','Ghoulam Rd 231','Uribe','','+393452432','','U','','U',NULL,'U','U','','N',0,'B-','','2021-03-14 23:57:26','admin','2021-03-15 00:57:26','admin','2021-03-15 00:57:26',1,'farming','widowed',NULL);
INSERT INTO `patient` VALUES (527,'Marcus','Kellop','Marcus Kellop','1968-11-25',52,'','M','Fullister Pl. 45/b','Mirly','','+396153134','','U','','U',NULL,'U','U','','N',0,'0-','','2021-03-15 00:04:03','admin','2021-03-15 01:04:03','admin','2021-03-15 01:04:03',1,'unknown','married',NULL);
INSERT INTO `patient` VALUES (528,'Kenty','Willis','Kenty Willis','2007-03-01',14,'','F','Furja Street 81','Jikney','','+3914413','','U','','U',NULL,'U','U','','N',0,'B-','','2021-03-15 00:15:05','admin','2021-03-15 01:15:05','admin','2021-03-15 01:15:05',1,'unknown','single',NULL);
INSERT INTO `patient` VALUES (529,'Sara','Hucklington','Sara Hucklington','2020-12-15',0,'','F','Long Road 1','Kulele','','+39','','U','','U',NULL,'U','U','','N',0,'B+','','2021-03-15 11:19:27','admin','2021-03-15 12:19:27','admin','2021-03-15 12:19:27',1,'unknown','unknown',NULL);
/*!40000 ALTER TABLE `patient` ENABLE KEYS */;
UNLOCK TABLES;

--
-- Table structure for table `patient_profile_photo`
--

DROP TABLE IF EXISTS `patient_profile_photo`;
/*!40101 SET @saved_cs_client     = @@character_set_client */;
/*!40101 SET character_set_client = utf8 */;
CREATE TABLE `patient_profile_photo` (
  `PAT_PROFILE_PHOTO_ID` int(11) NOT NULL AUTO_INCREMENT,
  `PAT_PHOTO` blob DEFAULT NULL,
  PRIMARY KEY (`PAT_PROFILE_PHOTO_ID`)
) ENGINE=MyISAM AUTO_INCREMENT=4 DEFAULT CHARSET=utf8;
/*!40101 SET character_set_client = @saved_cs_client */;

--
-- Dumping data for table `patient_profile_photo`
--

LOCK TABLES `patient_profile_photo` WRITE;
/*!40000 ALTER TABLE `patient_profile_photo` DISABLE KEYS */;
INSERT INTO `patient_profile_photo` VALUES (1,'\0JFIF\0\0\0\0\0\0\0C\0		\n\r\Z\Z $.\' \",#(7),01444\'9=82<.342\0C			\r\r2!!22222222222222222222222222222222222222222222222222\0\0\0\0\0\0\0\0\0\0\0\0\0\0\0\0	\n\0\0\0\0}\0!1AQa\"q2#BR$3br	\n\Z%&\'()*456789:CDEFGHIJSTUVWXYZcdefghijstuvwxyz\0\0\0\0\0\0\0\0	\n\0\0\0w\0!1AQaq\"2B	#3Rbr\n$4%\Z&\'()*56789:CDEFGHIJSTUVWXYZcdefghijstuvwxyz\0\0\0\0?\0>\n(\0\n(\0Kv_AqC;gxcuj*4{23wJz @ca&xTGC :r~Z/_{[;BcjMp]T5EQ`R{-\Z^a+h#(bP\ZTP0\0\0On>\0(\0),j0\"mla[F`<1\\$*92<Gjn{$Fa~]*R	8=W8w\';>n<mNvS~(:u_Rc`u;WGxt2i503v:u$IW=Ay\0Q@\0Q@\0Q@\0U3IL6Y\nSNB5+_oSaR#]O)+@py=0=\'DOY\\tou}.#OK_#67zkSi\0qN[\'*|h\0(\0(\0(\0(X]TAq{U\01rHN{_?5LgCFI2V;@FA\0>M{IXr5v>fp9sV\0~<\n\"xdq3J&\0Q@\0Q@lh\ZR$7(QW\0NjEst$<#Pr{\Z~mZj\0\05,9a{esD\0iqiepA\Zv F\n{ R;M\n(\0P\n	b\0I_yQl4f~(I_y;D7~?Z>Fh3%\0Ue+us{\0OdMO\0jj=}[Q{M\0B~8sK1xZj+\'9>\rKMJ6lu;Q;m\0my_\n(\0ma@%N18,kgKO	]H;Xpz\r@D9\0?>*\Zzei/j[;mtG `2;H\0*M	i<4T!:P\'3bmbLL\"(2y\0@zY\0\'\08q`a[t>Kif\n(\ZB\0\0\'RvPHK1$42YR^Y*\"b{XWwrV>5cc%SzV SjQE\0PE\0PGr+ONgq\'X$u$.~OAvtPE\0WQ@U%N:,~\\g]S?[l|C\\i+$#.Jh]9\ZM[LHl9V{\Z8N*+Ih\03>one\0	!FA<H\0+/\rM`\0I\r!>Gaz<$>5Ko(\0COxa gQ5W+:c8;\Z(\0\n[\'rU\r+~-N7g?QI8$Vki+ZGTE,pk7Yv{sJ	7n{zs?^0Owgll<m&:2\01EW?InuV^U$P&8\0{\n5vy0S_yv\rS A{?>kQi9a\'E8j=9]o3BY!RTqgu1p9<\0(<YkiL(70?O\nx9TaG5\0KW7|&D7hI\nXdGlX.Nye3v,3\r$ovQ{+X,/wE=#5f@l\'lS,urg|=kk#h\0(QU\r|f\0Zh4kW	1??\ZV{qK\0tEY5i+\0?O>@4)1Fz\nToqB*)h	!J 8IJ.!xe@e=5~\'Ag91&=\0RU:<CShg%zZUz\0Q@\0Q@ywtiAns\"7~^TGZ7m Y(:y!>|6ZN~9iJZByau\0ll\rdz\n;(\0\n(\0OZO`ew@ U2}}\n3F\'iO,<7\0P>:Nibf(lwn2juJ\0F]3G\0f8lwc?5A^\n(\0\n(\0\nohh\\t3#\0.j]~$~ht?\"?Zfm4Yvn^GYcl>8k3h\0mw\0(\0X}=G=_5p{]oop\04?q{>!~=q[AHU(\0`\0*d{Z>)vIQG)1qFQ@U\0>(\0\n(\0W}uoZ\'9.}A{$e~kPr\ZtlE-zv1>D&A8MsZ/\0\Z )e9\nxOri$`9t8)sc&%n<7,ktr9+9=i\\,_:w}\0dl)eDgQ&yt8+#JguEaGw1KPwe}&1<Yg^*\0|/2);\0#CP\0q5PE\0PL%	\"uHaA1T}<1\\$*92<Gj}#qPE\0PE\0Qc~UOvnRGNE>ETN\r\0F\r\0T1\n\08=H(sc\'$\nv`$}z+ib1\"S(`94IQN.9P\\4 2A\0/{\0Z[Sw=C=FfQ@\0Q@\0Q@\0Q@\0Q@z<I-/\\L/42@PE\0PE\0PE\0\0Ap!_$!3&Rk6}65stvwQ@\0Q@\0Q@\0Q@\0Q@kfZxY\0dS[|y%Z\'q^Z&lQ@\0Q@\0Q@\0Vnt,H?<Ve[>>\n(\0\n(\0\n(\0\n(\0\n(\0$\"\nS][I#G]BNhCw~L%LF2h*)7f6Ve{k9V3u7=u+kWqV09ukN/\'Uk@c=]r\0c[NnbRT.@L5h\'&&o|q_OT7w.R{EZ(\0\n(\0\n(\0C*rWPA%gc-ooF{C4W0G<6dGH}\0Q@\0Q@mxo\\m\Z\0/k.;z0,D4	9PXe*r\\[5PA=-\0h\0+\']alCHx<)7c	ymupp?u\\I<ZIs\ZAB*1$(\0(\0)JA$U$\0)][Q^O<1)y$($\0w/#OS]O sR]O_\0|#?>o96R| q5TQ@\0Q@\0Q@nh>%`f\'&2y_u^v,[<y=+,o-#uiJ%xV4R\0rq@qIUC,?ILdS/*?JF.d.@=+6}*PX\"1vjh\0(\0(\0_Cz\Zy;b|;M}(\\;x;T\'8	jucb^5^?GZ?Nt/3gg>YI@zWGMQ@\0Q@\0Q@Koo-(^G8\0LE[\0<Wv5\n?\n\'99>JG*&	-H-ax5ti!mQ?&zx\n,lk=J(\0\n(\0\n(\0\n:D0f5o?kk+}j^3_(:OqS0r$|k<S>\'N}\0S$#2Lo<>7Go8\0|d2w\"6jMPW|6oTQ@\0S\'%[4$jBga|\0OS-}9eQt9\rK\'nOA^K\r h._wpMo	)+\nmjmu/hPm	U?*D)-nAM?F\Z{hw\Za(nYXP>y2Vy\Zhdq>;#[q#5*(SZwOV~W/|}?W\'A{RUbiM2=+Mn.F{	,QDO h@\0VuiFfF28\0kOGcy!h?z[G$<y\'Q\\? *9*>`>\0*^Ie)97i-WUEh]4,	c=T ^jq!>>.:g]a0{i#FAh2UNgZd?\\cyu\\\0\Za: sfj^4>*FOON9?jJI\'$@mxk[mQ6e_OF+ZS~G;\nY3:^}{j5et2 Ev*N%d#\0U w/2}%[W<{{zr2=lia~ Nz7ND$CJZ|sW/zdxv\r\',\0s};a^Oqq-3mYFQRC$9wcQR,MdG2TM\r7]4wM}SSScZjw\ZWby`;<I^4_#\\`#t*MP}.nPp3AZF7g&?%.w{.}w\\q3Kc 4B.Hp+u]Nm[PnpBgNs\':z>Mc)kn!X1A=zO$J&\r\0Q@lwhW\04Q\0P=b]*hT]5\0ZnuX/l2iMcOFG^c5KM^nm%WR%3y>t,u<\\/\Zu_;><r\"HXdVghPE\0P]|F1,sr\r<nft*Qj]__nGL\\7QjlMu?n/nD~njyy!8F6i \0<C>E,H{Sk<*W7\\*\Ze,P-=sdga@\0Q@fzyPXg&rqC?l/\\j3yVml0V8 z_[[!\0/Z\"YOK8|ql@DM<|pXAN=#3\n(\0\n(\0\r#Z.IdnUj\")KsO4*U7VGSA-T{\0?jKX}8G.|gYIY}`w1p@9$+s,QHaE\0vGWBC)#&VcH&Ir#VA\rQ_j	p*1Uc>dmqNoG\r%f$\0{N=l1i8aQRehO1-r=X(\0\n)+gD#Fv\ZLU\' !rO\0`@\"Wu^A+$r\0_\rNR\ZrPa#A__!YE\0PE\0PE\0PE\0h;G3u<J2_wO_3fQ]&:\0FrNi;/9mOSzW~\Z3rTH stQO#\0qks[SO!rRTQ\nN\\dg5I\'thvRvBdG,#gbK19$Rm$$h36\0Qoc\n44X8Puf8wQaI`CZP~:2ah?yt6	H>35qgzun:D)F;6#[Yih6F.8eLuSOsE\0PE\0P_');
INSERT INTO `patient_profile_photo` VALUES (2,'\0JFIF\0\0\0\0\0\0\0C\0		\n\r\Z\Z $.\' \",#(7),01444\'9=82<.342\0C			\r\r2!!22222222222222222222222222222222222222222222222222\0\0\0\"\0\0\0\0\0\0\0\0\0\0\0\0	\n\0\0\0\0}\0!1AQa\"q2#BR$3br	\n\Z%&\'()*456789:CDEFGHIJSTUVWXYZcdefghijstuvwxyz\0\0\0\0\0\0\0\0	\n\0\0\0w\0!1AQaq\"2B	#3Rbr\n$4%\Z&\'()*56789:CDEFGHIJSTUVWXYZcdefghijstuvwxyz\0\0\0?\0o4HrA4V\n9\"ZY;qHgO;Bu0vHP04q<Tcm?jE$\r1A^e_99I,4cMU?^XULqRcSM*]mF)>NA\Zly4uyiBASm$eY%n\Z1NjyQW58DR\"ne~xM6\r9X\ZI4r$^GQM$+imh})p0\r&^M885gh=hM=M|qOIhvJw<zT\0t4^\rT8S$iZZJU/UqF3z owaqQY]I3q*=5<\ZKq4&:V!3iZ\'<B6qE4@XupHH:SKSW9ml7rC&~Z6dv45%k R=)6GSwp)q\0z,X@envOACKK[`\nB(c\0Sw\0iYqY7C)P\Zi,$zbT,74w4Ri&Iz:py8=4{R>@j^{ MN4(oY\0d.2AX^Eb]4J+L2GzTnSy\"GV	@vSACi	$53]apI4sMbni)Eh&yrG=(+G}t\0n\r&A $${i3sjPJ|d@knzM}1HMd8/uZ,)`U/WY+jq	 v$\0w(X\0%*ki\ndUF6zfNx9H7JcXiA sMGP\nW#h;b16PdM8sS$+VN;d)i\0+g!-`8sy5tfsC(^qr0sQ$\r!Ja\\qlp)H5I[G[	zQ=0zv{)0\ny8^\Z-7*Rrih\"YMbw&^i:H,lBr`ez\\sHSp^.3&34 \'=iJKmH0qFOA~ZC RVhDai~( RA@\"$\'}x>!9\n)w`+1S\"Moiof)@O5\\,L+\\MNigO42sZ+F\'sX&2&U~V.]zTyS59R+qDSl48mcuWR?iyVp4cx5ipKR<SZz\0`z6U8J}+YE4!fk_Mb\"X@gIGQ&pR$a<S:JTM9=(R-.\nyK?Ji\\sGNJZ`=x^WDs2F3BWBhV :e65_RS]-=c3KsJFNVc7>!c)i<\n.)+qB04<RzF?\')Z7I.F<Jr)z)Ely!<RdIuX(bNi*Dh8OFf*7_[8fN8-+aiN-r)zO\nB-V\\h4w{QxzM8w_Pix\'0)8Z`+MJ3LOkj\0e DqB;(L1x>');
INSERT INTO `patient_profile_photo` VALUES (3,'\0JFIF\0\0\0\0\0\0\0C\0		\n\r\Z\Z $.\' \",#(7),01444\'9=82<.342\0C			\r\r2!!22222222222222222222222222222222222222222222222222\0\0\0\"\0\0\0\0\0\0\0\0\0\0\0\0	\n\0\0\0\0}\0!1AQa\"q2#BR$3br	\n\Z%&\'()*456789:CDEFGHIJSTUVWXYZcdefghijstuvwxyz\0\0\0\0\0\0\0\0	\n\0\0\0w\0!1AQaq\"2B	#3Rbr\n$4%\Z&\'()*56789:CDEFGHIJSTUVWXYZcdefghijstuvwxyz\0\0\0?\0I	4pM_\n1SJ)<WSr{8dNc\"4k.r(5N9\"2EjB\0:\0RWIVFkG&qQg(6cRW\'rIy)n[m[ZS8]!:U.\n(KAYDMHZ84)~J;8`	M_Q7+@)0D7^\rFx849*:P_=NV\0sj@s&]t+:ch$	*SwNFM5N*@x7\085rm;0LUunIL\03TTT+cUQ#.sJawP6@yY@24MM97\'msCdHIf\nSP^&zO:R|N{[Ubrz\n\ZzbHQ1mMH\n)y95I9u+aWpNh)j9?p|n~>\'QiFLU\rD\"X\'#2h{P8<))\n;SqI2\r_#oF&*IQ-3Z6=\\:1_@&3E.G4+i.;nw\Z7+SD2:NZj%fJZ Vlh\nJ	XV Q3SrNml\nwSsQrEsSfj[+uwa%`(O&>h\\J;RJM$40\r\\O,\n/[s\04qI{U\'-{\n0zr?\ZW&L88`\\tSV!0@ta8=)Po9&j`qi26j<n4 (8}M#GZ8ip)1:TjF\"\"Ne\"\Z_A6L3sMjPiC$wecgiQ50-1}cjWB-J8!.mDT)\\$c\0Yssr`0HK\03C.@^	8Qi3PFOJ\ZQl9LWORV\0s\Z6CNONi)9ARC\Zjmry%j2h Lv\ZWLp3FF9J7aV;AGJB\'Jp1)j	}Hy21FI4nCcY;\0\"x#S$\Zvc`MwoRO<9*ST\ZvNH=4A=O<ZI&q?!2OZcB	\\Qs>RO&g\'q%&f_02E\\Ad\'8!jnpyg\r+9 \Zz7	<.6SFWO-\nK_\"=\0y\n\nwh<by;QJ]17q J8})&i:nest\0d})&rS>jY]]p(qV\"@r8\rrq#9dJr\nirb`_#kdBCOu-.[F*y4#jZ-@MNiF=Y\\7LF!G4SZ\r$9iiKB)Yr4i=3TP$4sGAM)nR}RHhi7\'oi~)czn8at~8,8jS\0c,vi=8v+/6ba7yA%#9R}iG-W\Z60i:SLvw\'8u89&+D iD5(g-g8A\0 xVZ	]');
/*!40000 ALTER TABLE `patient_profile_photo` ENABLE KEYS */;
UNLOCK TABLES;

--
-- Table structure for table `patientexamination`
--

DROP TABLE IF EXISTS `patientexamination`;
/*!40101 SET @saved_cs_client     = @@character_set_client */;
/*!40101 SET character_set_client = utf8 */;
CREATE TABLE `patientexamination` (
  `PEX_ID` int(11) NOT NULL AUTO_INCREMENT,
  `PEX_DATE` datetime NOT NULL,
  `PEX_PAT_ID` int(11) NOT NULL,
  `PEX_HEIGHT` int(11) DEFAULT NULL COMMENT 'Height in cm',
  `PEX_WEIGHT` double DEFAULT NULL COMMENT 'Weight in Kg',
  `PEX_AP_MIN` int(11) DEFAULT NULL COMMENT 'Blood Pressure MIN in mmHg',
  `PEX_AP_MAX` int(11) DEFAULT NULL COMMENT 'Blood Pressure MAX in mmHg',
  `PEX_HR` int(11) DEFAULT NULL COMMENT 'Heart Rate in APm',
  `PEX_TEMP` double DEFAULT NULL COMMENT 'Temperature in C',
  `PEX_SAT` double DEFAULT NULL COMMENT 'Saturation in %',
  `PEX_HGT` int(3) DEFAULT NULL COMMENT 'Hemo Glucose Test',
  `PEX_DIURESIS` int(11) DEFAULT NULL COMMENT 'Daily Urine Volume in ml',
  `PEX_DIURESIS_DESC` varchar(45) DEFAULT NULL COMMENT 'Diuresis: physiological, oliguria, anuria, fequent, nocturia, stranguria, hematuria, pyuria',
  `PEX_BOWEL_DESC` varchar(45) DEFAULT NULL COMMENT 'Bowel Function: regular, irregular, constipation, diarrheal',
  `PEX_RR` int(11) DEFAULT NULL COMMENT 'Respiratory rate in bpm',
  `PEX_AUSC` varchar(50) DEFAULT NULL COMMENT 'Auscultation: normal, wheezes, rhonchi, crackles, stridor, bronchial',
  `PEX_NOTE` varchar(300) DEFAULT NULL,
  `PEX_CREATED_BY` varchar(50) DEFAULT NULL,
  `PEX_CREATED_DATE` datetime DEFAULT NULL,
  `PEX_LAST_MODIFIED_BY` varchar(50) DEFAULT NULL,
  `PEX_LAST_MODIFIED_DATE` datetime DEFAULT NULL,
  `PEX_ACTIVE` tinyint(1) NOT NULL DEFAULT 1,
  PRIMARY KEY (`PEX_ID`),
  KEY `PEX_PAT_ID` (`PEX_PAT_ID`),
  CONSTRAINT `FK_PATIENTEXAMINATION_PATIENT` FOREIGN KEY (`PEX_PAT_ID`) REFERENCES `patient` (`PAT_ID`) ON DELETE CASCADE ON UPDATE CASCADE
) ENGINE=InnoDB AUTO_INCREMENT=27 DEFAULT CHARSET=utf8;
/*!40101 SET character_set_client = @saved_cs_client */;

--
-- Dumping data for table `patientexamination`
--

LOCK TABLES `patientexamination` WRITE;
/*!40000 ALTER TABLE `patientexamination` DISABLE KEYS */;
INSERT INTO `patientexamination` VALUES (1,'2020-11-19 01:21:06',501,180,75,80,120,60,36,98,80,100,'physiological','regular',20,'normal','',NULL,NULL,NULL,NULL,1);
INSERT INTO `patientexamination` VALUES (2,'2020-11-20 02:33:07',467,167,72,NULL,NULL,60,NULL,98,80,100,NULL,NULL,20,NULL,'',NULL,NULL,NULL,NULL,1);
INSERT INTO `patientexamination` VALUES (3,'2020-11-20 02:40:08',514,185,87.1,80,120,60,36,98,80,100,'physiological','regular',20,'normal','',NULL,NULL,NULL,NULL,1);
INSERT INTO `patientexamination` VALUES (4,'2020-11-20 14:28:05',161,155,55,80,120,60,36,98,80,100,'physiological','regular',20,'normal','',NULL,NULL,NULL,NULL,1);
INSERT INTO `patientexamination` VALUES (5,'2020-11-20 23:29:27',42,171,74.2,80,120,60,36,98,80,100,'hematuria','regular',20,'bronchial','',NULL,NULL,NULL,NULL,1);
INSERT INTO `patientexamination` VALUES (6,'2020-11-20 23:59:52',447,160,72,80,120,60,36,98,NULL,NULL,NULL,NULL,NULL,NULL,'',NULL,NULL,NULL,NULL,1);
INSERT INTO `patientexamination` VALUES (7,'2020-11-21 00:00:39',43,191,86,90,130,60,NULL,NULL,80,100,'physiological','regular',NULL,'normal','',NULL,NULL,NULL,NULL,1);
INSERT INTO `patientexamination` VALUES (8,'2020-11-21 00:33:06',229,0,0,NULL,NULL,NULL,NULL,NULL,NULL,100,'physiological',NULL,20,NULL,'',NULL,NULL,NULL,NULL,1);
INSERT INTO `patientexamination` VALUES (9,'2020-11-21 01:48:56',144,0,0,NULL,NULL,60,36,98,80,100,NULL,'regular',NULL,'normal','',NULL,NULL,NULL,NULL,1);
INSERT INTO `patientexamination` VALUES (10,'2020-11-21 02:23:50',196,0,0,NULL,NULL,60,36,98,80,NULL,NULL,NULL,20,NULL,'',NULL,NULL,NULL,NULL,1);
INSERT INTO `patientexamination` VALUES (12,'2020-11-21 03:32:56',301,0,0,NULL,NULL,60,36,98,NULL,NULL,'hematuria','regular',20,'normal','',NULL,NULL,NULL,NULL,1);
INSERT INTO `patientexamination` VALUES (13,'2020-11-21 03:33:07',301,172,71,NULL,NULL,NULL,NULL,NULL,NULL,NULL,NULL,NULL,NULL,NULL,'',NULL,NULL,NULL,NULL,1);
INSERT INTO `patientexamination` VALUES (14,'2020-11-21 03:36:31',219,167,46.2,50,80,60,36,98,80,100,'physiological',NULL,20,NULL,'',NULL,NULL,NULL,NULL,1);
INSERT INTO `patientexamination` VALUES (15,'2020-11-21 21:56:53',518,173,83.9,80,120,85,NULL,97.9,80,100,'physiological','irregular',20,'bronchial','',NULL,NULL,NULL,NULL,1);
INSERT INTO `patientexamination` VALUES (16,'2020-11-21 22:42:51',217,180,75.3,NULL,NULL,63,36.1,97.6,83,100,'physiological','constipation',23,'wheezes','',NULL,NULL,NULL,NULL,1);
INSERT INTO `patientexamination` VALUES (17,'2020-11-22 02:35:05',520,171,69.9,80,120,60,36,98,80,100,'oliguria','diarrheal',NULL,'crackles','',NULL,NULL,NULL,NULL,1);
INSERT INTO `patientexamination` VALUES (18,'2020-11-23 15:58:17',523,120,40,NULL,NULL,60,36,98,80,100,'physiological','regular',20,'normal','',NULL,NULL,NULL,NULL,1);
INSERT INTO `patientexamination` VALUES (19,'2020-11-23 15:59:45',493,0,0,NULL,NULL,NULL,36,NULL,80,100,'physiological',NULL,20,NULL,'',NULL,NULL,NULL,NULL,1);
INSERT INTO `patientexamination` VALUES (20,'2021-03-13 22:43:23',524,180,88.2,80,120,61,NULL,95.2,NULL,100,'physiological',NULL,20,NULL,'',NULL,NULL,NULL,NULL,1);
INSERT INTO `patientexamination` VALUES (21,'2021-03-13 22:45:18',409,164,66.7,80,120,60,36,98,80,100,NULL,NULL,20,NULL,'',NULL,NULL,NULL,NULL,1);
INSERT INTO `patientexamination` VALUES (22,'2021-03-15 00:45:54',525,52,7.5,80,120,60,36,98,80,100,'physiological',NULL,20,NULL,'',NULL,NULL,NULL,NULL,1);
INSERT INTO `patientexamination` VALUES (23,'2021-03-15 01:01:56',526,153,61.3,80,120,71,36.7,96,80,100,'physiological','regular',25,'normal','',NULL,NULL,NULL,NULL,1);
INSERT INTO `patientexamination` VALUES (24,'2021-03-15 01:04:04',527,184,87.1,80,120,86,38.2,95.4,80,100,'anuria','regular',30,'bronchial','',NULL,NULL,NULL,NULL,1);
INSERT INTO `patientexamination` VALUES (25,'2021-03-15 01:16:05',528,145,48.4,80,120,60,36,98,80,NULL,'physiological','irregular',20,'stridor','',NULL,NULL,NULL,NULL,1);
INSERT INTO `patientexamination` VALUES (26,'2021-03-15 12:19:42',529,50,8,80,120,60,36,95.4,80,100,'anuria','diarrheal',40,'stridor','',NULL,NULL,NULL,NULL,1);
/*!40000 ALTER TABLE `patientexamination` ENABLE KEYS */;
UNLOCK TABLES;

--
-- Table structure for table `patientvaccine`
--

DROP TABLE IF EXISTS `patientvaccine`;
/*!40101 SET @saved_cs_client     = @@character_set_client */;
/*!40101 SET character_set_client = utf8 */;
CREATE TABLE `patientvaccine` (
  `PAV_ID` int(11) NOT NULL AUTO_INCREMENT,
  `PAV_YPROG` int(11) NOT NULL,
  `PAV_DATE` datetime NOT NULL,
  `PAV_PAT_ID` int(11) NOT NULL,
  `PAV_VAC_ID_A` varchar(10) NOT NULL,
  `PAV_LOCK` int(11) NOT NULL DEFAULT 0,
  `PAV_CREATED_BY` varchar(50) DEFAULT NULL,
  `PAV_CREATED_DATE` datetime DEFAULT NULL,
  `PAV_LAST_MODIFIED_BY` varchar(50) DEFAULT NULL,
  `PAV_LAST_MODIFIED_DATE` datetime DEFAULT NULL,
  `PAV_ACTIVE` tinyint(1) NOT NULL DEFAULT 1,
  PRIMARY KEY (`PAV_ID`),
  KEY `FK_PATIENTVACCINE_PATIENT` (`PAV_PAT_ID`),
  KEY `FK_PATIENTVACCINE_VACCINE` (`PAV_VAC_ID_A`),
  CONSTRAINT `FK_PATIENTVACCINE_PATIENT` FOREIGN KEY (`PAV_PAT_ID`) REFERENCES `patient` (`PAT_ID`) ON DELETE CASCADE ON UPDATE CASCADE,
  CONSTRAINT `FK_PATIENTVACCINE_VACCINE` FOREIGN KEY (`PAV_VAC_ID_A`) REFERENCES `vaccine` (`VAC_ID_A`) ON DELETE NO ACTION ON UPDATE NO ACTION
) ENGINE=InnoDB AUTO_INCREMENT=27 DEFAULT CHARSET=utf8;
/*!40101 SET character_set_client = @saved_cs_client */;

--
-- Dumping data for table `patientvaccine`
--

LOCK TABLES `patientvaccine` WRITE;
/*!40000 ALTER TABLE `patientvaccine` DISABLE KEYS */;
INSERT INTO `patientvaccine` VALUES (1,1,'2020-11-19 00:00:00',501,'16',0,'admin','2020-11-19 01:35:10','admin','2020-11-19 01:35:10',1);
INSERT INTO `patientvaccine` VALUES (2,2,'2020-11-20 00:18:05',5,'5',0,'admin','2020-11-20 00:18:15','admin','2020-11-20 00:18:15',1);
INSERT INTO `patientvaccine` VALUES (3,3,'2020-11-20 00:18:19',217,'1',0,'admin','2020-11-20 00:18:57','admin','2020-11-20 00:18:57',1);
INSERT INTO `patientvaccine` VALUES (4,4,'2020-11-20 00:18:59',413,'13',0,'admin','2020-11-20 00:19:07','admin','2020-11-20 00:19:07',1);
INSERT INTO `patientvaccine` VALUES (5,5,'2020-11-20 00:19:08',79,'18',0,'admin','2020-11-20 00:19:20','admin','2020-11-20 00:19:20',1);
INSERT INTO `patientvaccine` VALUES (6,6,'2020-11-20 00:19:22',300,'1',0,'admin','2020-11-20 00:19:29','admin','2020-11-20 00:19:29',1);
INSERT INTO `patientvaccine` VALUES (7,7,'2020-11-20 00:19:31',440,'9',0,'admin','2020-11-20 00:19:40','admin','2020-11-20 00:19:40',1);
INSERT INTO `patientvaccine` VALUES (8,8,'2020-11-20 00:19:41',393,'11',0,'admin','2020-11-20 00:19:48','admin','2020-11-20 00:19:48',1);
INSERT INTO `patientvaccine` VALUES (9,9,'2020-11-20 00:19:51',349,'8',0,'admin','2020-11-20 00:20:13','admin','2020-11-20 00:20:13',1);
INSERT INTO `patientvaccine` VALUES (10,10,'2020-11-20 00:20:15',279,'7',0,'admin','2020-11-20 00:20:25','admin','2020-11-20 00:20:25',1);
INSERT INTO `patientvaccine` VALUES (11,11,'2020-11-20 00:20:28',434,'3',0,'admin','2020-11-20 00:20:37','admin','2020-11-20 00:20:37',1);
INSERT INTO `patientvaccine` VALUES (12,12,'2020-11-20 02:07:35',389,'8',0,'admin','2020-11-20 02:07:48','admin','2020-11-20 02:07:48',1);
INSERT INTO `patientvaccine` VALUES (13,13,'2020-11-20 23:38:00',396,'7',0,'admin','2020-11-20 23:38:08','admin','2020-11-20 23:38:08',1);
INSERT INTO `patientvaccine` VALUES (14,14,'2020-11-20 23:38:09',353,'11',0,'admin','2020-11-20 23:38:22','admin','2020-11-20 23:38:22',1);
INSERT INTO `patientvaccine` VALUES (15,15,'2020-11-21 02:05:03',269,'12',0,'admin','2020-11-21 02:05:11','admin','2020-11-21 02:05:11',1);
INSERT INTO `patientvaccine` VALUES (16,16,'2020-11-21 02:05:11',131,'4',0,'admin','2020-11-21 02:05:21','admin','2020-11-21 02:05:21',1);
INSERT INTO `patientvaccine` VALUES (17,17,'2020-11-21 02:05:23',227,'9',0,'admin','2020-11-21 02:05:46','admin','2020-11-21 02:05:46',1);
INSERT INTO `patientvaccine` VALUES (18,18,'2020-11-21 03:30:08',459,'3',0,'admin','2020-11-21 03:30:19','admin','2020-11-21 03:30:19',1);
INSERT INTO `patientvaccine` VALUES (19,19,'2020-11-22 17:59:23',520,'5',0,'admin','2020-11-22 17:59:32','admin','2020-11-22 17:59:32',1);
INSERT INTO `patientvaccine` VALUES (20,20,'2020-11-23 16:00:39',65,'9',0,'admin','2020-11-23 16:00:47','admin','2020-11-23 16:00:47',1);
INSERT INTO `patientvaccine` VALUES (21,21,'2020-11-23 16:00:48',89,'11',0,'admin','2020-11-23 16:00:58','admin','2020-11-23 16:00:58',1);
INSERT INTO `patientvaccine` VALUES (22,22,'2020-11-23 16:00:59',148,'5',0,'admin','2020-11-23 16:01:05','admin','2020-11-23 16:01:05',1);
INSERT INTO `patientvaccine` VALUES (23,23,'2021-03-15 01:24:07',527,'13',0,'admin','2021-03-15 01:24:23','admin','2021-03-15 01:24:23',1);
INSERT INTO `patientvaccine` VALUES (24,24,'2021-03-15 01:24:31',42,'12',0,'admin','2021-03-15 01:24:44','admin','2021-03-15 01:24:44',1);
INSERT INTO `patientvaccine` VALUES (25,25,'2021-03-15 01:24:45',526,'11',0,'admin','2021-03-15 01:24:59','admin','2021-03-15 01:24:59',1);
INSERT INTO `patientvaccine` VALUES (26,26,'2021-03-15 14:54:31',499,'3',0,'admin','2021-03-15 14:54:50','admin','2021-03-15 14:54:50',1);
/*!40000 ALTER TABLE `patientvaccine` ENABLE KEYS */;
UNLOCK TABLES;

--
-- Table structure for table `pregnanttreatmenttype`
--

DROP TABLE IF EXISTS `pregnanttreatmenttype`;
/*!40101 SET @saved_cs_client     = @@character_set_client */;
/*!40101 SET character_set_client = utf8 */;
CREATE TABLE `pregnanttreatmenttype` (
  `PTT_ID_A` varchar(10) NOT NULL,
  `PTT_DESC` varchar(50) NOT NULL,
  `PTT_CREATED_BY` varchar(50) DEFAULT NULL,
  `PTT_CREATED_DATE` datetime DEFAULT NULL,
  `PTT_LAST_MODIFIED_BY` varchar(50) DEFAULT NULL,
  `PTT_LAST_MODIFIED_DATE` datetime DEFAULT NULL,
  `PTT_ACTIVE` tinyint(1) NOT NULL DEFAULT 1,
  PRIMARY KEY (`PTT_ID_A`)
) ENGINE=InnoDB DEFAULT CHARSET=utf8;
/*!40101 SET character_set_client = @saved_cs_client */;

--
-- Dumping data for table `pregnanttreatmenttype`
--

LOCK TABLES `pregnanttreatmenttype` WRITE;
/*!40000 ALTER TABLE `pregnanttreatmenttype` DISABLE KEYS */;
INSERT INTO `pregnanttreatmenttype` VALUES ('A','ANC RE-ATTENDANCE',NULL,NULL,NULL,NULL,1);
INSERT INTO `pregnanttreatmenttype` VALUES ('I1','IMMUNISATION 1',NULL,NULL,NULL,NULL,1);
INSERT INTO `pregnanttreatmenttype` VALUES ('I2','IMMUNISATION 2',NULL,NULL,NULL,NULL,1);
INSERT INTO `pregnanttreatmenttype` VALUES ('I3','IMMUNISATION 3',NULL,NULL,NULL,NULL,1);
INSERT INTO `pregnanttreatmenttype` VALUES ('N','NEW ANC ATTENDANCE',NULL,NULL,NULL,NULL,1);
INSERT INTO `pregnanttreatmenttype` VALUES ('S1','FIRST DOSE WITH SP',NULL,NULL,NULL,NULL,1);
INSERT INTO `pregnanttreatmenttype` VALUES ('S2','SECOND DOSE WITH SP',NULL,NULL,NULL,NULL,1);
/*!40000 ALTER TABLE `pregnanttreatmenttype` ENABLE KEYS */;
UNLOCK TABLES;

--
-- Table structure for table `pricelists`
--

DROP TABLE IF EXISTS `pricelists`;
/*!40101 SET @saved_cs_client     = @@character_set_client */;
/*!40101 SET character_set_client = utf8 */;
CREATE TABLE `pricelists` (
  `LST_ID` int(11) NOT NULL AUTO_INCREMENT,
  `LST_CODE` varchar(7) NOT NULL,
  `LST_NAME` varchar(50) NOT NULL,
  `LST_DESC` varchar(100) NOT NULL,
  `LST_CURRENCY` varchar(10) NOT NULL,
  `LST_CREATED_BY` varchar(50) DEFAULT NULL,
  `LST_CREATED_DATE` datetime DEFAULT NULL,
  `LST_LAST_MODIFIED_BY` varchar(50) DEFAULT NULL,
  `LST_LAST_MODIFIED_DATE` datetime DEFAULT NULL,
  `LST_ACTIVE` tinyint(1) NOT NULL DEFAULT 1,
  PRIMARY KEY (`LST_ID`)
) ENGINE=InnoDB AUTO_INCREMENT=2 DEFAULT CHARSET=utf8;
/*!40101 SET character_set_client = @saved_cs_client */;

--
-- Dumping data for table `pricelists`
--

LOCK TABLES `pricelists` WRITE;
/*!40000 ALTER TABLE `pricelists` DISABLE KEYS */;
INSERT INTO `pricelists` VALUES (1,'LIST001','Basic','Basic price list','',NULL,NULL,NULL,NULL,1);
/*!40000 ALTER TABLE `pricelists` ENABLE KEYS */;
UNLOCK TABLES;

--
-- Table structure for table `prices`
--

DROP TABLE IF EXISTS `prices`;
/*!40101 SET @saved_cs_client     = @@character_set_client */;
/*!40101 SET character_set_client = utf8 */;
CREATE TABLE `prices` (
  `PRC_ID` int(11) NOT NULL AUTO_INCREMENT,
  `PRC_LST_ID` int(11) NOT NULL,
  `PRC_GRP` char(3) NOT NULL,
  `PRC_ITEM` varchar(10) NOT NULL,
  `PRC_DESC` varchar(100) NOT NULL,
  `PRC_PRICE` double NOT NULL,
  `PRC_CREATED_BY` varchar(50) DEFAULT NULL,
  `PRC_CREATED_DATE` datetime DEFAULT NULL,
  `PRC_LAST_MODIFIED_BY` varchar(50) DEFAULT NULL,
  `PRC_LAST_MODIFIED_DATE` datetime DEFAULT NULL,
  `PRC_ACTIVE` tinyint(1) NOT NULL DEFAULT 1,
  PRIMARY KEY (`PRC_ID`),
  KEY `FK_PRICES_PRICELISTS` (`PRC_LST_ID`),
  CONSTRAINT `FK_PRICES_PRICELISTS` FOREIGN KEY (`PRC_LST_ID`) REFERENCES `pricelists` (`LST_ID`) ON DELETE CASCADE ON UPDATE CASCADE
) ENGINE=InnoDB AUTO_INCREMENT=17545 DEFAULT CHARSET=utf8;
/*!40101 SET character_set_client = @saved_cs_client */;

--
-- Dumping data for table `prices`
--

LOCK TABLES `prices` WRITE;
/*!40000 ALTER TABLE `prices` DISABLE KEYS */;
INSERT INTO `prices` VALUES (17029,1,'EXA','01.01','1.1 HB',10,'admin','2020-11-23 19:43:15','admin','2020-11-23 19:43:15',1);
INSERT INTO `prices` VALUES (17030,1,'EXA','01.02','1.2 WBC Count',10,'admin','2020-11-23 19:43:15','admin','2020-11-23 19:43:15',1);
INSERT INTO `prices` VALUES (17031,1,'EXA','01.03','1.3 Differential ',12,'admin','2020-11-23 19:43:15','admin','2020-11-23 19:43:15',1);
INSERT INTO `prices` VALUES (17032,1,'EXA','01.04','1.4 Film Comment',8,'admin','2020-11-23 19:43:15','admin','2020-11-23 19:43:15',1);
INSERT INTO `prices` VALUES (17033,1,'EXA','01.05','1.5 ESR',14,'admin','2020-11-23 19:43:15','admin','2020-11-23 19:43:15',1);
INSERT INTO `prices` VALUES (17034,1,'EXA','01.06','1.6 Sickling Test',14,'admin','2020-11-23 19:43:15','admin','2020-11-23 19:43:15',1);
INSERT INTO `prices` VALUES (17035,1,'EXA','02.01','2.1 Grouping',10,'admin','2020-11-23 19:43:15','admin','2020-11-23 19:43:15',1);
INSERT INTO `prices` VALUES (17036,1,'EXA','02.02','2.2 Comb\'s Test',0,'admin','2020-11-23 19:43:15','admin','2020-11-23 19:43:15',1);
INSERT INTO `prices` VALUES (17037,1,'EXA','03.01','3.1 Blood Slide (Malaria)',10,'admin','2020-11-23 19:43:15','admin','2020-11-23 19:43:15',1);
INSERT INTO `prices` VALUES (17038,1,'EXA','03.02','3.2 Blood Slide (OTHERS, E.G. TRIUPHANOSOMIAS, MICRIFILARIA, LEISHMANIA, BORRELIA)',12,'admin','2020-11-23 19:43:15','admin','2020-11-23 19:43:15',1);
INSERT INTO `prices` VALUES (17039,1,'EXA','03.021','3.21 Trypanosomiasis',15,'admin','2020-11-23 19:43:15','admin','2020-11-23 19:43:15',1);
INSERT INTO `prices` VALUES (17040,1,'EXA','03.022','3.22 MICROFILARIA',12,'admin','2020-11-23 19:43:15','admin','2020-11-23 19:43:15',1);
INSERT INTO `prices` VALUES (17041,1,'EXA','03.023','3.23 LEISHMANIA',12,'admin','2020-11-23 19:43:15','admin','2020-11-23 19:43:15',1);
INSERT INTO `prices` VALUES (17042,1,'EXA','03.024','3.24 BORRELIA',12,'admin','2020-11-23 19:43:15','admin','2020-11-23 19:43:15',1);
INSERT INTO `prices` VALUES (17043,1,'EXA','03.03','3.3 STOOL MICROSCOPY',16,'admin','2020-11-23 19:43:15','admin','2020-11-23 19:43:15',1);
INSERT INTO `prices` VALUES (17044,1,'EXA','03.04','3.4 URINE MICROSCOPY',16,'admin','2020-11-23 19:43:15','admin','2020-11-23 19:43:15',1);
INSERT INTO `prices` VALUES (17045,1,'EXA','03.05','3.5 TISSUE MICROSCOPY',16,'admin','2020-11-23 19:43:15','admin','2020-11-23 19:43:15',1);
INSERT INTO `prices` VALUES (17046,1,'EXA','03.06','3.6 CSF WET PREP',8,'admin','2020-11-23 19:43:15','admin','2020-11-23 19:43:15',1);
INSERT INTO `prices` VALUES (17047,1,'EXA','04.01','4.1 CULTURE AND SENSITIVITY (C&S) FOR HAEMOPHILUS INFUENZA TYPE B',18,'admin','2020-11-23 19:43:15','admin','2020-11-23 19:43:15',1);
INSERT INTO `prices` VALUES (17048,1,'EXA','04.02','4.2 C&S FOR SALMONELA TYPHI',18,'admin','2020-11-23 19:43:15','admin','2020-11-23 19:43:15',1);
INSERT INTO `prices` VALUES (17049,1,'EXA','04.03','4.3 C&S FOR VIBRO CHOLERA',18,'admin','2020-11-23 19:43:15','admin','2020-11-23 19:43:15',1);
INSERT INTO `prices` VALUES (17050,1,'EXA','04.04','4.4 C&S FOR SHIGELLA DYSENTERIAE',18,'admin','2020-11-23 19:43:15','admin','2020-11-23 19:43:15',1);
INSERT INTO `prices` VALUES (17051,1,'EXA','04.05','4.5 C&S FOR NEISSERIA MENINGITIDES',18,'admin','2020-11-23 19:43:15','admin','2020-11-23 19:43:15',1);
INSERT INTO `prices` VALUES (17052,1,'EXA','04.06','4.6 OTHER C&S ',10,'admin','2020-11-23 19:43:15','admin','2020-11-23 19:43:15',1);
INSERT INTO `prices` VALUES (17053,1,'EXA','05.01','5.1 WET PREP',8,'admin','2020-11-23 19:43:15','admin','2020-11-23 19:43:15',1);
INSERT INTO `prices` VALUES (17054,1,'EXA','05.02','5.2 GRAM STAIN',14,'admin','2020-11-23 19:43:15','admin','2020-11-23 19:43:15',1);
INSERT INTO `prices` VALUES (17055,1,'EXA','05.03','5.3 INDIA INK',12,'admin','2020-11-23 19:43:15','admin','2020-11-23 19:43:15',1);
INSERT INTO `prices` VALUES (17056,1,'EXA','05.04','5.4 LEISMANIA',10,'admin','2020-11-23 19:43:15','admin','2020-11-23 19:43:15',1);
INSERT INTO `prices` VALUES (17057,1,'EXA','05.05','5.5 ZN',20,'admin','2020-11-23 19:43:15','admin','2020-11-23 19:43:15',1);
INSERT INTO `prices` VALUES (17058,1,'EXA','05.06','5.6 WAYSON',20,'admin','2020-11-23 19:43:15','admin','2020-11-23 19:43:15',1);
INSERT INTO `prices` VALUES (17059,1,'EXA','05.07','5.7 PAP SMEAR',18,'admin','2020-11-23 19:43:15','admin','2020-11-23 19:43:15',1);
INSERT INTO `prices` VALUES (17060,1,'EXA','06.01','6.1 VDRL/RPR',20,'admin','2020-11-23 19:43:15','admin','2020-11-23 19:43:15',1);
INSERT INTO `prices` VALUES (17061,1,'EXA','06.02','6.2 TPHA',18,'admin','2020-11-23 19:43:15','admin','2020-11-23 19:43:15',1);
INSERT INTO `prices` VALUES (17062,1,'EXA','06.03','6.3 HIV',15,'admin','2020-11-23 19:43:15','admin','2020-11-23 19:43:15',1);
INSERT INTO `prices` VALUES (17063,1,'EXA','06.04','6.4 HEPATITIS',12,'admin','2020-11-23 19:43:15','admin','2020-11-23 19:43:15',1);
INSERT INTO `prices` VALUES (17064,1,'EXA','06.05','6.5 OTHERS E.G BRUCELLA, RHEUMATOID FACTOR, WEIL FELIX',20,'admin','2020-11-23 19:43:15','admin','2020-11-23 19:43:15',1);
INSERT INTO `prices` VALUES (17065,1,'EXA','06.06','6.6 PREGNANCY TEST',10,'admin','2020-11-23 19:43:15','admin','2020-11-23 19:43:15',1);
INSERT INTO `prices` VALUES (17066,1,'EXA','07.01','7.1 PROTEIN',8,'admin','2020-11-23 19:43:15','admin','2020-11-23 19:43:15',1);
INSERT INTO `prices` VALUES (17067,1,'EXA','07.02','7.2 SUGAR',8,'admin','2020-11-23 19:43:15','admin','2020-11-23 19:43:15',1);
INSERT INTO `prices` VALUES (17068,1,'EXA','07.03','7.3 LFTS',8,'admin','2020-11-23 19:43:15','admin','2020-11-23 19:43:15',1);
INSERT INTO `prices` VALUES (17069,1,'EXA','07.03.1','7.3.1 BILIRUBIN TOTAL',8,'admin','2020-11-23 19:43:15','admin','2020-11-23 19:43:15',1);
INSERT INTO `prices` VALUES (17070,1,'EXA','07.03.2','7.3.2 BILIRUBIN DIRECT',8,'admin','2020-11-23 19:43:15','admin','2020-11-23 19:43:15',1);
INSERT INTO `prices` VALUES (17071,1,'EXA','07.03.3','7.3.3 GOT',10,'admin','2020-11-23 19:43:15','admin','2020-11-23 19:43:15',1);
INSERT INTO `prices` VALUES (17072,1,'EXA','07.03.4','7.3.4 ALT/GPT',10,'admin','2020-11-23 19:43:15','admin','2020-11-23 19:43:15',1);
INSERT INTO `prices` VALUES (17073,1,'EXA','07.04','7.4 RFTS',10,'admin','2020-11-23 19:43:15','admin','2020-11-23 19:43:15',1);
INSERT INTO `prices` VALUES (17074,1,'EXA','07.04.1','7.4.1 CREATININA',8,'admin','2020-11-23 19:43:15','admin','2020-11-23 19:43:15',1);
INSERT INTO `prices` VALUES (17075,1,'EXA','07.04.2','7.4.2 UREA',8,'admin','2020-11-23 19:43:15','admin','2020-11-23 19:43:15',1);
INSERT INTO `prices` VALUES (17076,1,'EXA','08.01','8.1 OCCULT BLOOD',12,'admin','2020-11-23 19:43:15','admin','2020-11-23 19:43:15',1);
INSERT INTO `prices` VALUES (17077,1,'EXA','URI','URINALYSIS',10,'admin','2020-11-23 19:43:15','admin','2020-11-23 19:43:15',1);
INSERT INTO `prices` VALUES (17078,1,'OPE','39','Volvulus',100,'admin','2020-11-23 19:43:15','admin','2020-11-23 19:43:15',1);
INSERT INTO `prices` VALUES (17079,1,'OPE','19','Uterine prolapse',120,'admin','2020-11-23 19:43:15','admin','2020-11-23 19:43:15',1);
INSERT INTO `prices` VALUES (17080,1,'OPE','17','Uterine fibroids',120,'admin','2020-11-23 19:43:15','admin','2020-11-23 19:43:15',1);
INSERT INTO `prices` VALUES (17081,1,'OPE','25','uretheral stricture-bougienage',130,'admin','2020-11-23 19:43:15','admin','2020-11-23 19:43:15',1);
INSERT INTO `prices` VALUES (17082,1,'OPE','47','Upper limb',200,'admin','2020-11-23 19:43:15','admin','2020-11-23 19:43:15',1);
INSERT INTO `prices` VALUES (17083,1,'OPE','27','Testicular tumours',200,'admin','2020-11-23 19:43:15','admin','2020-11-23 19:43:15',1);
INSERT INTO `prices` VALUES (17084,1,'OPE','53','Surgical toilet  & suture',50,'admin','2020-11-23 19:43:15','admin','2020-11-23 19:43:15',1);
INSERT INTO `prices` VALUES (17085,1,'OPE','32','Strangulated',60,'admin','2020-11-23 19:43:15','admin','2020-11-23 19:43:15',1);
INSERT INTO `prices` VALUES (17086,1,'OPE','10','Septic abortion',80,'admin','2020-11-23 19:43:15','admin','2020-11-23 19:43:15',1);
INSERT INTO `prices` VALUES (17087,1,'OPE','5','Ruptured uterus',120,'admin','2020-11-23 19:43:15','admin','2020-11-23 19:43:15',1);
INSERT INTO `prices` VALUES (17088,1,'OPE','12','Repair of vesico-vaginal fistula (vvf)',120,'admin','2020-11-23 19:43:15','admin','2020-11-23 19:43:15',1);
INSERT INTO `prices` VALUES (17089,1,'OPE','46','Reduction of fractures',100,'admin','2020-11-23 19:43:15','admin','2020-11-23 19:43:15',1);
INSERT INTO `prices` VALUES (17090,1,'OPE','28','Prostatectomy',120,'admin','2020-11-23 19:43:15','admin','2020-11-23 19:43:15',1);
INSERT INTO `prices` VALUES (17091,1,'OPE','29','Prostate biopsy',80,'admin','2020-11-23 19:43:15','admin','2020-11-23 19:43:15',1);
INSERT INTO `prices` VALUES (17092,1,'OPE','22','phimosis',0,'admin','2020-11-23 19:43:15','admin','2020-11-23 19:43:15',1);
INSERT INTO `prices` VALUES (17093,1,'OPE','42','Peritonitis',180,'admin','2020-11-23 19:43:15','admin','2020-11-23 19:43:15',1);
INSERT INTO `prices` VALUES (17094,1,'OPE','15','Peritonitis',180,'admin','2020-11-23 19:43:15','admin','2020-11-23 19:43:15',1);
INSERT INTO `prices` VALUES (17095,1,'OPE','41','Penetrating abdominal injuries',90,'admin','2020-11-23 19:43:15','admin','2020-11-23 19:43:15',1);
INSERT INTO `prices` VALUES (17096,1,'OPE','16','Pelvic abscess',200,'admin','2020-11-23 19:43:15','admin','2020-11-23 19:43:15',1);
INSERT INTO `prices` VALUES (17097,1,'OPE','23','paraphimosis',90,'admin','2020-11-23 19:43:15','admin','2020-11-23 19:43:15',1);
INSERT INTO `prices` VALUES (17098,1,'OPE','18','Ovarian tumours',200,'admin','2020-11-23 19:43:15','admin','2020-11-23 19:43:15',1);
INSERT INTO `prices` VALUES (17099,1,'OPE','49','Osteomyelitis - sequestrectomy',160,'admin','2020-11-23 19:43:15','admin','2020-11-23 19:43:15',1);
INSERT INTO `prices` VALUES (17100,1,'OPE','33','Non strangulated',75,'admin','2020-11-23 19:43:15','admin','2020-11-23 19:43:15',1);
INSERT INTO `prices` VALUES (17101,1,'OPE','52','Mise -a- plat',50,'admin','2020-11-23 19:43:15','admin','2020-11-23 19:43:15',1);
INSERT INTO `prices` VALUES (17102,1,'OPE','38','Mechanical',80,'admin','2020-11-23 19:43:15','admin','2020-11-23 19:43:15',1);
INSERT INTO `prices` VALUES (17103,1,'OPE','48','Lower limb',100,'admin','2020-11-23 19:43:15','admin','2020-11-23 19:43:15',1);
INSERT INTO `prices` VALUES (17104,1,'OPE','40','Laparatomy',200,'admin','2020-11-23 19:43:15','admin','2020-11-23 19:43:15',1);
INSERT INTO `prices` VALUES (17105,1,'OPE','37','Intestinal obstruction',85,'admin','2020-11-23 19:43:15','admin','2020-11-23 19:43:15',1);
INSERT INTO `prices` VALUES (17106,1,'OPE','6','Injured uterus',100,'admin','2020-11-23 19:43:15','admin','2020-11-23 19:43:15',1);
INSERT INTO `prices` VALUES (17107,1,'OPE','9','Incomplete abortion',180,'admin','2020-11-23 19:43:15','admin','2020-11-23 19:43:15',1);
INSERT INTO `prices` VALUES (17108,1,'OPE','50','Incission & drainage',140,'admin','2020-11-23 19:43:15','admin','2020-11-23 19:43:15',1);
INSERT INTO `prices` VALUES (17109,1,'OPE','7','Hysterectomy',200,'admin','2020-11-23 19:43:15','admin','2020-11-23 19:43:15',1);
INSERT INTO `prices` VALUES (17110,1,'OPE','4','Hysterectomy',200,'admin','2020-11-23 19:43:15','admin','2020-11-23 19:43:15',1);
INSERT INTO `prices` VALUES (17111,1,'OPE','26','Hydroceletomy',0,'admin','2020-11-23 19:43:15','admin','2020-11-23 19:43:15',1);
INSERT INTO `prices` VALUES (17112,1,'OPE','31','Hernia (inguinal & femoral)',140,'admin','2020-11-23 19:43:15','admin','2020-11-23 19:43:15',1);
INSERT INTO `prices` VALUES (17113,1,'OPE','8','Evacuations',60,'admin','2020-11-23 19:43:15','admin','2020-11-23 19:43:15',1);
INSERT INTO `prices` VALUES (17114,1,'OPE','34','Epigastrical Hernia',100,'admin','2020-11-23 19:43:15','admin','2020-11-23 19:43:15',1);
INSERT INTO `prices` VALUES (17115,1,'OPE','2','emergency',50,'admin','2020-11-23 19:43:15','admin','2020-11-23 19:43:15',1);
INSERT INTO `prices` VALUES (17116,1,'OPE','3','elective',0,'admin','2020-11-23 19:43:15','admin','2020-11-23 19:43:15',1);
INSERT INTO `prices` VALUES (17117,1,'OPE','14','Ectopic pregnancy',130,'admin','2020-11-23 19:43:15','admin','2020-11-23 19:43:15',1);
INSERT INTO `prices` VALUES (17118,1,'OPE','24','dorsal slit-paraphimosis',180,'admin','2020-11-23 19:43:15','admin','2020-11-23 19:43:15',1);
INSERT INTO `prices` VALUES (17119,1,'OPE','11','Dilatation and curettage',120,'admin','2020-11-23 19:43:15','admin','2020-11-23 19:43:15',1);
INSERT INTO `prices` VALUES (17120,1,'OPE','51','Debridement',160,'admin','2020-11-23 19:43:15','admin','2020-11-23 19:43:15',1);
INSERT INTO `prices` VALUES (17121,1,'OPE','20','Cystorele',60,'admin','2020-11-23 19:43:15','admin','2020-11-23 19:43:15',1);
INSERT INTO `prices` VALUES (17122,1,'OPE','21','circumcision',40,'admin','2020-11-23 19:43:15','admin','2020-11-23 19:43:15',1);
INSERT INTO `prices` VALUES (17123,1,'OPE','44','Cholecystitis',60,'admin','2020-11-23 19:43:15','admin','2020-11-23 19:43:15',1);
INSERT INTO `prices` VALUES (17124,1,'OPE','1','Caesarian section',80,'admin','2020-11-23 19:43:15','admin','2020-11-23 19:43:15',1);
INSERT INTO `prices` VALUES (17125,1,'OPE','30','Bladder biopsy',80,'admin','2020-11-23 19:43:15','admin','2020-11-23 19:43:15',1);
INSERT INTO `prices` VALUES (17126,1,'OPE','43','Appendicitis',80,'admin','2020-11-23 19:43:15','admin','2020-11-23 19:43:15',1);
INSERT INTO `prices` VALUES (17127,1,'OPE','13','Acute abdomen',120,'admin','2020-11-23 19:43:15','admin','2020-11-23 19:43:15',1);
INSERT INTO `prices` VALUES (17128,1,'OPE','45','Abdominal Tumours',120,'admin','2020-11-23 19:43:15','admin','2020-11-23 19:43:15',1);
INSERT INTO `prices` VALUES (17129,1,'MED','24','4 Dimethyl Aminobenzaldelyde',0,'admin','2020-11-23 19:43:15','admin','2020-11-23 19:43:15',1);
INSERT INTO `prices` VALUES (17130,1,'MED','98','Acetazolamide 250mg Tab',0,'admin','2020-11-23 19:43:15','admin','2020-11-23 19:43:15',1);
INSERT INTO `prices` VALUES (17131,1,'MED','2','Acetic Acid Glacial 1 ltr',18,'admin','2020-11-23 19:43:15','admin','2020-11-23 19:43:15',1);
INSERT INTO `prices` VALUES (17132,1,'MED','3','Aceton 99% 1ltr',0,'admin','2020-11-23 19:43:15','admin','2020-11-23 19:43:15',1);
INSERT INTO `prices` VALUES (17133,1,'MED','414','Aciclovir cream',0,'admin','2020-11-23 19:43:15','admin','2020-11-23 19:43:15',1);
INSERT INTO `prices` VALUES (17134,1,'MED','99','Acyclovir 200mg Tab',0,'admin','2020-11-23 19:43:15','admin','2020-11-23 19:43:15',1);
INSERT INTO `prices` VALUES (17135,1,'MED','273','Adhesive Tape 2.5cm x 5m',1,'admin','2020-11-23 19:43:15','admin','2020-11-23 19:43:15',1);
INSERT INTO `prices` VALUES (17136,1,'MED','274','Adhesive Tape 7.5cm x 5m',0,'admin','2020-11-23 19:43:15','admin','2020-11-23 19:43:15',1);
INSERT INTO `prices` VALUES (17137,1,'MED','40','Adrenaline 1mg/ml 1ml Amp',0,'admin','2020-11-23 19:43:15','admin','2020-11-23 19:43:15',1);
INSERT INTO `prices` VALUES (17138,1,'MED','326','Air ring set 43x15cm, rubber with pump',0,'admin','2020-11-23 19:43:15','admin','2020-11-23 19:43:15',1);
INSERT INTO `prices` VALUES (17139,1,'MED','268','Airway Guedel Size 0',0,'admin','2020-11-23 19:43:15','admin','2020-11-23 19:43:15',1);
INSERT INTO `prices` VALUES (17140,1,'MED','267','Airway Guedel Size 00',0,'admin','2020-11-23 19:43:15','admin','2020-11-23 19:43:15',1);
INSERT INTO `prices` VALUES (17141,1,'MED','269','Airway Guedel Size 1',0,'admin','2020-11-23 19:43:15','admin','2020-11-23 19:43:15',1);
INSERT INTO `prices` VALUES (17142,1,'MED','270','Airway Guedel Size 2',0,'admin','2020-11-23 19:43:15','admin','2020-11-23 19:43:15',1);
INSERT INTO `prices` VALUES (17143,1,'MED','271','Airway Guedel Size 3',25,'admin','2020-11-23 19:43:15','admin','2020-11-23 19:43:15',1);
INSERT INTO `prices` VALUES (17144,1,'MED','103','Albendazole 200mg Tab',0,'admin','2020-11-23 19:43:15','admin','2020-11-23 19:43:15',1);
INSERT INTO `prices` VALUES (17145,1,'MED','102','Albendazole 400mg Tab',0,'admin','2020-11-23 19:43:15','admin','2020-11-23 19:43:15',1);
INSERT INTO `prices` VALUES (17146,1,'MED','41','Aminophyline 25mg/ml,10ml Amp',0,'admin','2020-11-23 19:43:15','admin','2020-11-23 19:43:15',1);
INSERT INTO `prices` VALUES (17147,1,'MED','101','Aminophylline 100mg Tab',0,'admin','2020-11-23 19:43:15','admin','2020-11-23 19:43:15',1);
INSERT INTO `prices` VALUES (17148,1,'MED','104','Amitriptyline 25mg Tab',0,'admin','2020-11-23 19:43:15','admin','2020-11-23 19:43:15',1);
INSERT INTO `prices` VALUES (17149,1,'MED','23','Amonium Oxalate',0,'admin','2020-11-23 19:43:15','admin','2020-11-23 19:43:15',1);
INSERT INTO `prices` VALUES (17150,1,'MED','106','Amoxycillin /Clavulanate 375mg Tab',0,'admin','2020-11-23 19:43:15','admin','2020-11-23 19:43:15',1);
INSERT INTO `prices` VALUES (17151,1,'MED','226','Amoxycillin 125mg/5ml Powd. Susp 100ml',0,'admin','2020-11-23 19:43:15','admin','2020-11-23 19:43:15',1);
INSERT INTO `prices` VALUES (17152,1,'MED','105','Amoxycillin 250mg Caps',0,'admin','2020-11-23 19:43:15','admin','2020-11-23 19:43:15',1);
INSERT INTO `prices` VALUES (17153,1,'MED','42','Amphotericin B 50mg Vial',32,'admin','2020-11-23 19:43:15','admin','2020-11-23 19:43:15',1);
INSERT INTO `prices` VALUES (17154,1,'MED','43','Ampicillin 500mg Vial',0,'admin','2020-11-23 19:43:15','admin','2020-11-23 19:43:15',1);
INSERT INTO `prices` VALUES (17155,1,'MED','238','Anti Serum A 10ml',8,'admin','2020-11-23 19:43:15','admin','2020-11-23 19:43:15',1);
INSERT INTO `prices` VALUES (17156,1,'MED','408','Anti Serum AB 10ml',8,'admin','2020-11-23 19:43:15','admin','2020-11-23 19:43:15',1);
INSERT INTO `prices` VALUES (17157,1,'MED','407','Anti Serum B 10ml',8,'admin','2020-11-23 19:43:15','admin','2020-11-23 19:43:15',1);
INSERT INTO `prices` VALUES (17158,1,'MED','409','Anti Serum D 10ml',8,'admin','2020-11-23 19:43:15','admin','2020-11-23 19:43:15',1);
INSERT INTO `prices` VALUES (17159,1,'MED','208','Antihaemorrhoid suppositories',0,'admin','2020-11-23 19:43:15','admin','2020-11-23 19:43:15',1);
INSERT INTO `prices` VALUES (17160,1,'MED','348','Apron Plastic Re-usable',0,'admin','2020-11-23 19:43:15','admin','2020-11-23 19:43:15',1);
INSERT INTO `prices` VALUES (17161,1,'MED','349','Apron Plastic Re-usable local',0,'admin','2020-11-23 19:43:15','admin','2020-11-23 19:43:15',1);
INSERT INTO `prices` VALUES (17162,1,'MED','350','Apron Polythene Disp Non Sterile',0,'admin','2020-11-23 19:43:15','admin','2020-11-23 19:43:15',1);
INSERT INTO `prices` VALUES (17163,1,'MED','416','Artemether+Lumefantrine 25-35kg',0,'admin','2020-11-23 19:43:15','admin','2020-11-23 19:43:15',1);
INSERT INTO `prices` VALUES (17164,1,'MED','107','Ascorbic Acid 100mg tab',0,'admin','2020-11-23 19:43:15','admin','2020-11-23 19:43:15',1);
INSERT INTO `prices` VALUES (17165,1,'MED','108','Aspirin 300mg Tab',2,'admin','2020-11-23 19:43:15','admin','2020-11-23 19:43:15',1);
INSERT INTO `prices` VALUES (17166,1,'MED','110','Atenolol 100mg Tab',22,'admin','2020-11-23 19:43:15','admin','2020-11-23 19:43:15',1);
INSERT INTO `prices` VALUES (17167,1,'MED','109','Atenolol 50mg Tab',14,'admin','2020-11-23 19:43:15','admin','2020-11-23 19:43:15',1);
INSERT INTO `prices` VALUES (17168,1,'MED','44','Atropine 1mg/ml 1ml Amp',0,'admin','2020-11-23 19:43:15','admin','2020-11-23 19:43:15',1);
INSERT INTO `prices` VALUES (17169,1,'MED','405','Barium Sulphate for X-Ray 1kg',0,'admin','2020-11-23 19:43:15','admin','2020-11-23 19:43:15',1);
INSERT INTO `prices` VALUES (17170,1,'MED','201','Beclamethasone 50mcg Innhaler',0,'admin','2020-11-23 19:43:15','admin','2020-11-23 19:43:15',1);
INSERT INTO `prices` VALUES (17171,1,'MED','320','Bedpan Plastic Autoclavable',0,'admin','2020-11-23 19:43:15','admin','2020-11-23 19:43:15',1);
INSERT INTO `prices` VALUES (17172,1,'MED','321','Bedpan Stainless Steel',0,'admin','2020-11-23 19:43:15','admin','2020-11-23 19:43:15',1);
INSERT INTO `prices` VALUES (17173,1,'MED','111','Bendrofluazide 5mg Tab',12,'admin','2020-11-23 19:43:15','admin','2020-11-23 19:43:15',1);
INSERT INTO `prices` VALUES (17174,1,'MED','45','Benzathine Penicillin 2.4 MIU Vial',0,'admin','2020-11-23 19:43:15','admin','2020-11-23 19:43:15',1);
INSERT INTO `prices` VALUES (17175,1,'MED','112','Benzhexol 2mg Tab',0,'admin','2020-11-23 19:43:15','admin','2020-11-23 19:43:15',1);
INSERT INTO `prices` VALUES (17176,1,'MED','113','Benzhexol 5mg Tab',50,'admin','2020-11-23 19:43:15','admin','2020-11-23 19:43:15',1);
INSERT INTO `prices` VALUES (17177,1,'MED','211','Benzyl Benzoate 25% 100ml',8,'admin','2020-11-23 19:43:15','admin','2020-11-23 19:43:15',1);
INSERT INTO `prices` VALUES (17178,1,'MED','46','Benzyl Penicillin 1 MIU Vial',0,'admin','2020-11-23 19:43:15','admin','2020-11-23 19:43:15',1);
INSERT INTO `prices` VALUES (17179,1,'MED','47','Benzyl Penicillin 5 MIU Vial',0,'admin','2020-11-23 19:43:15','admin','2020-11-23 19:43:15',1);
INSERT INTO `prices` VALUES (17180,1,'MED','194','Betamethasone 0.1% eye/ear/nose drops',0,'admin','2020-11-23 19:43:15','admin','2020-11-23 19:43:15',1);
INSERT INTO `prices` VALUES (17181,1,'MED','195','Betamethasone 0.1% Neomycin 0.35 %eye drops 7.5ml',0,'admin','2020-11-23 19:43:15','admin','2020-11-23 19:43:15',1);
INSERT INTO `prices` VALUES (17182,1,'MED','114','Bisacodyl 5mg Tab',0,'admin','2020-11-23 19:43:15','admin','2020-11-23 19:43:15',1);
INSERT INTO `prices` VALUES (17183,1,'MED','239','Blood giving set Disposable',0,'admin','2020-11-23 19:43:15','admin','2020-11-23 19:43:15',1);
INSERT INTO `prices` VALUES (17184,1,'MED','240','Blood Transfer Bag 300ml',0,'admin','2020-11-23 19:43:15','admin','2020-11-23 19:43:15',1);
INSERT INTO `prices` VALUES (17185,1,'MED','322','Body Bag 70 x 215cm  (Adult)',0,'admin','2020-11-23 19:43:15','admin','2020-11-23 19:43:15',1);
INSERT INTO `prices` VALUES (17186,1,'MED','325','Bowl Without Lid 10 x 24cm stainless steel',0,'admin','2020-11-23 19:43:15','admin','2020-11-23 19:43:15',1);
INSERT INTO `prices` VALUES (17187,1,'MED','323','Bowl Without Lid 7 x 12cm stainless steel',0,'admin','2020-11-23 19:43:15','admin','2020-11-23 19:43:15',1);
INSERT INTO `prices` VALUES (17188,1,'MED','324','Bowl Without Lid 8 x 16cm stainless steel',0,'admin','2020-11-23 19:43:15','admin','2020-11-23 19:43:15',1);
INSERT INTO `prices` VALUES (17189,1,'MED','22','Brillians crystal blue',0,'admin','2020-11-23 19:43:15','admin','2020-11-23 19:43:15',1);
INSERT INTO `prices` VALUES (17190,1,'MED','213','Calamine Lotion 100ml',0,'admin','2020-11-23 19:43:15','admin','2020-11-23 19:43:15',1);
INSERT INTO `prices` VALUES (17191,1,'MED','212','Calamine Lotion 3Ltr',0,'admin','2020-11-23 19:43:15','admin','2020-11-23 19:43:15',1);
INSERT INTO `prices` VALUES (17192,1,'MED','115','Calcium Lactate 300mg Tab',0,'admin','2020-11-23 19:43:15','admin','2020-11-23 19:43:15',1);
INSERT INTO `prices` VALUES (17193,1,'MED','116','Carbamazepine 200mg Tab',20,'admin','2020-11-23 19:43:15','admin','2020-11-23 19:43:15',1);
INSERT INTO `prices` VALUES (17194,1,'MED','117','Carbimazole 5mg Tab',2,'admin','2020-11-23 19:43:15','admin','2020-11-23 19:43:15',1);
INSERT INTO `prices` VALUES (17195,1,'MED','288','Cathether Foley CH10 3 Way Ballon',26,'admin','2020-11-23 19:43:15','admin','2020-11-23 19:43:15',1);
INSERT INTO `prices` VALUES (17196,1,'MED','289','Cathether Foley CH12 3 Way Ballon',26,'admin','2020-11-23 19:43:15','admin','2020-11-23 19:43:15',1);
INSERT INTO `prices` VALUES (17197,1,'MED','290','Cathether Foley CH14 3 Way Ballon',26,'admin','2020-11-23 19:43:15','admin','2020-11-23 19:43:15',1);
INSERT INTO `prices` VALUES (17198,1,'MED','291','Cathether Foley CH16 3 Way Ballon',26,'admin','2020-11-23 19:43:15','admin','2020-11-23 19:43:15',1);
INSERT INTO `prices` VALUES (17199,1,'MED','292','Cathether Foley CH18 3 Way Ballon',26,'admin','2020-11-23 19:43:15','admin','2020-11-23 19:43:15',1);
INSERT INTO `prices` VALUES (17200,1,'MED','286','Cathether Foley CH20 3 Way Ballon',26,'admin','2020-11-23 19:43:15','admin','2020-11-23 19:43:15',1);
INSERT INTO `prices` VALUES (17201,1,'MED','287','Cathether Foley CH8 3 Way Ballon',26,'admin','2020-11-23 19:43:15','admin','2020-11-23 19:43:15',1);
INSERT INTO `prices` VALUES (17202,1,'MED','293','Cathether Stopper for All sizes',0,'admin','2020-11-23 19:43:15','admin','2020-11-23 19:43:15',1);
INSERT INTO `prices` VALUES (17203,1,'MED','118','Charcoal 250mg Tab',15,'admin','2020-11-23 19:43:15','admin','2020-11-23 19:43:15',1);
INSERT INTO `prices` VALUES (17204,1,'MED','196','Chloramphenicol 0.5% Eye Drops 10ml',0,'admin','2020-11-23 19:43:15','admin','2020-11-23 19:43:15',1);
INSERT INTO `prices` VALUES (17205,1,'MED','228','Chloramphenicol 125mg/5ml Susp 100ml',0,'admin','2020-11-23 19:43:15','admin','2020-11-23 19:43:15',1);
INSERT INTO `prices` VALUES (17206,1,'MED','227','Chloramphenicol 125mg/5ml Susp 3Ltr',0,'admin','2020-11-23 19:43:15','admin','2020-11-23 19:43:15',1);
INSERT INTO `prices` VALUES (17207,1,'MED','48','Chloramphenicol 1g Vial',0,'admin','2020-11-23 19:43:15','admin','2020-11-23 19:43:15',1);
INSERT INTO `prices` VALUES (17208,1,'MED','119','Chloramphenicol 250mg Caps',0,'admin','2020-11-23 19:43:15','admin','2020-11-23 19:43:15',1);
INSERT INTO `prices` VALUES (17209,1,'MED','183','Chlorhexidine/Centrimide 1.5/15% 1Ltr',0,'admin','2020-11-23 19:43:15','admin','2020-11-23 19:43:15',1);
INSERT INTO `prices` VALUES (17210,1,'MED','184','Chlorhexidine/Centrimide 1.5/15% 5Ltr',0,'admin','2020-11-23 19:43:15','admin','2020-11-23 19:43:15',1);
INSERT INTO `prices` VALUES (17211,1,'MED','49','Chloroquine 40mg Base/ml 5ml Amp',0,'admin','2020-11-23 19:43:15','admin','2020-11-23 19:43:15',1);
INSERT INTO `prices` VALUES (17212,1,'MED','121','Chloroquine Coated 150mg Tab',0,'admin','2020-11-23 19:43:15','admin','2020-11-23 19:43:15',1);
INSERT INTO `prices` VALUES (17213,1,'MED','120','Chloroquine Uncoated 150mg Tab',0,'admin','2020-11-23 19:43:15','admin','2020-11-23 19:43:15',1);
INSERT INTO `prices` VALUES (17214,1,'MED','123','Chlorphenimine 4mg Tab',0,'admin','2020-11-23 19:43:15','admin','2020-11-23 19:43:15',1);
INSERT INTO `prices` VALUES (17215,1,'MED','124','Chlorpromazine 100mg Tab',30,'admin','2020-11-23 19:43:15','admin','2020-11-23 19:43:15',1);
INSERT INTO `prices` VALUES (17216,1,'MED','125','Chlorpromazine 25mg Tab',12,'admin','2020-11-23 19:43:15','admin','2020-11-23 19:43:15',1);
INSERT INTO `prices` VALUES (17217,1,'MED','50','Chlorpromazine 25mg/ml/2ml Amp',0,'admin','2020-11-23 19:43:15','admin','2020-11-23 19:43:15',1);
INSERT INTO `prices` VALUES (17218,1,'MED','126','Cimetidine 200mg Tab',35,'admin','2020-11-23 19:43:15','admin','2020-11-23 19:43:15',1);
INSERT INTO `prices` VALUES (17219,1,'MED','127','Cimetidine 400mg Tab',60,'admin','2020-11-23 19:43:15','admin','2020-11-23 19:43:15',1);
INSERT INTO `prices` VALUES (17220,1,'MED','129','Ciprofloxacine 250mg Tab',0,'admin','2020-11-23 19:43:15','admin','2020-11-23 19:43:15',1);
INSERT INTO `prices` VALUES (17221,1,'MED','128','Ciprofloxacine 500mg Tab',0,'admin','2020-11-23 19:43:15','admin','2020-11-23 19:43:15',1);
INSERT INTO `prices` VALUES (17222,1,'MED','197','Cloramphenicol 1% Eye Ointment 3.5g',5,'admin','2020-11-23 19:43:15','admin','2020-11-23 19:43:15',1);
INSERT INTO `prices` VALUES (17223,1,'MED','215','Clotrimazole !% cream 15/20g',0,'admin','2020-11-23 19:43:15','admin','2020-11-23 19:43:15',1);
INSERT INTO `prices` VALUES (17224,1,'MED','214','Clotrimazole !% cream 200mg',0,'admin','2020-11-23 19:43:15','admin','2020-11-23 19:43:15',1);
INSERT INTO `prices` VALUES (17225,1,'MED','206','Clotrimazole 100mg Pessaries',0,'admin','2020-11-23 19:43:15','admin','2020-11-23 19:43:15',1);
INSERT INTO `prices` VALUES (17226,1,'MED','205','Clotrimazole 500mg Pessaries',0,'admin','2020-11-23 19:43:15','admin','2020-11-23 19:43:15',1);
INSERT INTO `prices` VALUES (17227,1,'MED','130','Cloxacillin 250mg Tab',0,'admin','2020-11-23 19:43:15','admin','2020-11-23 19:43:15',1);
INSERT INTO `prices` VALUES (17228,1,'MED','51','Cloxacillin 500mg Vial',0,'admin','2020-11-23 19:43:15','admin','2020-11-23 19:43:15',1);
INSERT INTO `prices` VALUES (17229,1,'MED','417','Coartem 15-25kg',0,'admin','2020-11-23 19:43:15','admin','2020-11-23 19:43:15',1);
INSERT INTO `prices` VALUES (17230,1,'MED','418','Coartem 5-15kg',0,'admin','2020-11-23 19:43:15','admin','2020-11-23 19:43:15',1);
INSERT INTO `prices` VALUES (17231,1,'MED','131','Codein Phosphate 30mg Tab',0,'admin','2020-11-23 19:43:15','admin','2020-11-23 19:43:15',1);
INSERT INTO `prices` VALUES (17232,1,'MED','327','Colostomy Bag closed 30mm size 2',0,'admin','2020-11-23 19:43:15','admin','2020-11-23 19:43:15',1);
INSERT INTO `prices` VALUES (17233,1,'MED','328','Colostomy Bag closed 30mm size 3',0,'admin','2020-11-23 19:43:15','admin','2020-11-23 19:43:15',1);
INSERT INTO `prices` VALUES (17234,1,'MED','329','Colostomy Bag open re-usable 35mm',0,'admin','2020-11-23 19:43:15','admin','2020-11-23 19:43:15',1);
INSERT INTO `prices` VALUES (17235,1,'MED','4','Copper 11 Sulphate 500g',21,'admin','2020-11-23 19:43:15','admin','2020-11-23 19:43:15',1);
INSERT INTO `prices` VALUES (17236,1,'MED','132','Cotrimoxazole 100/20mg Paed Tab',35,'admin','2020-11-23 19:43:15','admin','2020-11-23 19:43:15',1);
INSERT INTO `prices` VALUES (17237,1,'MED','230','Cotrimoxazole 200+40mg/5ml Susp 100ml',0,'admin','2020-11-23 19:43:15','admin','2020-11-23 19:43:15',1);
INSERT INTO `prices` VALUES (17238,1,'MED','229','Cotrimoxazole 200+40mg/5ml Susp 3Ltr',0,'admin','2020-11-23 19:43:15','admin','2020-11-23 19:43:15',1);
INSERT INTO `prices` VALUES (17239,1,'MED','133','Cotrimoxazole 400/80mg Tab',0,'admin','2020-11-23 19:43:15','admin','2020-11-23 19:43:15',1);
INSERT INTO `prices` VALUES (17240,1,'MED','276','Cotton Wool 200G',0,'admin','2020-11-23 19:43:15','admin','2020-11-23 19:43:15',1);
INSERT INTO `prices` VALUES (17241,1,'MED','275','cotton Wool 500G',0,'admin','2020-11-23 19:43:15','admin','2020-11-23 19:43:15',1);
INSERT INTO `prices` VALUES (17242,1,'MED','410','Creatinine 200ml (Calorimetric)',10,'admin','2020-11-23 19:43:15','admin','2020-11-23 19:43:15',1);
INSERT INTO `prices` VALUES (17243,1,'MED','29','Crystal Violet',0,'admin','2020-11-23 19:43:15','admin','2020-11-23 19:43:15',1);
INSERT INTO `prices` VALUES (17244,1,'MED','52','Cyclophosphamide 200mg Vial',0,'admin','2020-11-23 19:43:15','admin','2020-11-23 19:43:15',1);
INSERT INTO `prices` VALUES (17245,1,'MED','53','Cyclophosphamide 500mg Vial',0,'admin','2020-11-23 19:43:15','admin','2020-11-23 19:43:15',1);
INSERT INTO `prices` VALUES (17246,1,'MED','134','Darrows Half Strength 500ml',0,'admin','2020-11-23 19:43:15','admin','2020-11-23 19:43:15',1);
INSERT INTO `prices` VALUES (17247,1,'MED','140','DEXAMethasone 0.5mg Tab',0,'admin','2020-11-23 19:43:15','admin','2020-11-23 19:43:15',1);
INSERT INTO `prices` VALUES (17248,1,'MED','136','DEXAMethasone 4mg/ml 1ml Amp',0,'admin','2020-11-23 19:43:15','admin','2020-11-23 19:43:15',1);
INSERT INTO `prices` VALUES (17249,1,'MED','135','DEXAMethasone 4mg/ml 2ml Amp',0,'admin','2020-11-23 19:43:15','admin','2020-11-23 19:43:15',1);
INSERT INTO `prices` VALUES (17250,1,'MED','138','Dextrose 30% IV 100ml',0,'admin','2020-11-23 19:43:15','admin','2020-11-23 19:43:15',1);
INSERT INTO `prices` VALUES (17251,1,'MED','137','Dextrose 5% IV 500ml',0,'admin','2020-11-23 19:43:15','admin','2020-11-23 19:43:15',1);
INSERT INTO `prices` VALUES (17252,1,'MED','139','Dextrose 50% IV 100ml',0,'admin','2020-11-23 19:43:15','admin','2020-11-23 19:43:15',1);
INSERT INTO `prices` VALUES (17253,1,'MED','210','Dextrose Monohydrate Apyrogen 25Kg',0,'admin','2020-11-23 19:43:15','admin','2020-11-23 19:43:15',1);
INSERT INTO `prices` VALUES (17254,1,'MED','406','Diatrizoate Meglumin Sod 76% 20ml Amp',0,'admin','2020-11-23 19:43:15','admin','2020-11-23 19:43:15',1);
INSERT INTO `prices` VALUES (17255,1,'MED','207','Diazepam 2mg/ml 2.5ml Rectal Tube',0,'admin','2020-11-23 19:43:15','admin','2020-11-23 19:43:15',1);
INSERT INTO `prices` VALUES (17256,1,'MED','54','Diazepam 5mg / ml 2ml Amp',0,'admin','2020-11-23 19:43:15','admin','2020-11-23 19:43:15',1);
INSERT INTO `prices` VALUES (17257,1,'MED','141','Diazepam 5mg Tab',0,'admin','2020-11-23 19:43:15','admin','2020-11-23 19:43:15',1);
INSERT INTO `prices` VALUES (17258,1,'MED','55','Diclofenac 25mg/ml 3ml Amp',0,'admin','2020-11-23 19:43:15','admin','2020-11-23 19:43:15',1);
INSERT INTO `prices` VALUES (17259,1,'MED','142','Diclofenac 50mg Tab',0,'admin','2020-11-23 19:43:15','admin','2020-11-23 19:43:15',1);
INSERT INTO `prices` VALUES (17260,1,'MED','143','Diethylcarbamazine 50mg Tab',0,'admin','2020-11-23 19:43:15','admin','2020-11-23 19:43:15',1);
INSERT INTO `prices` VALUES (17261,1,'MED','144','Digoxin 0.25 mg Tab',0,'admin','2020-11-23 19:43:15','admin','2020-11-23 19:43:15',1);
INSERT INTO `prices` VALUES (17262,1,'MED','56','Digoxin 0.25 mg/ml 2ml Amp',0,'admin','2020-11-23 19:43:15','admin','2020-11-23 19:43:15',1);
INSERT INTO `prices` VALUES (17263,1,'MED','145','Doxycycline 100mg Tab',0,'admin','2020-11-23 19:43:15','admin','2020-11-23 19:43:15',1);
INSERT INTO `prices` VALUES (17264,1,'MED','330','Ear syringe rubber 60ml',0,'admin','2020-11-23 19:43:15','admin','2020-11-23 19:43:15',1);
INSERT INTO `prices` VALUES (17265,1,'MED','5','EDTA Di- sodium salt 100g',0,'admin','2020-11-23 19:43:15','admin','2020-11-23 19:43:15',1);
INSERT INTO `prices` VALUES (17266,1,'MED','277','Elastic Bandage 10cm x 4.5m',0,'admin','2020-11-23 19:43:15','admin','2020-11-23 19:43:15',1);
INSERT INTO `prices` VALUES (17267,1,'MED','278','Elastic Bandage 7.5cm x 4.5m',0,'admin','2020-11-23 19:43:15','admin','2020-11-23 19:43:15',1);
INSERT INTO `prices` VALUES (17268,1,'MED','236','Eosin Yelowish',0,'admin','2020-11-23 19:43:15','admin','2020-11-23 19:43:15',1);
INSERT INTO `prices` VALUES (17269,1,'MED','146','Ephedrine 30mg Tab',0,'admin','2020-11-23 19:43:15','admin','2020-11-23 19:43:15',1);
INSERT INTO `prices` VALUES (17270,1,'MED','147','Erythromycin 250mg Tab',0,'admin','2020-11-23 19:43:15','admin','2020-11-23 19:43:15',1);
INSERT INTO `prices` VALUES (17271,1,'MED','6','Ethanol Absolute 1ltr',0,'admin','2020-11-23 19:43:15','admin','2020-11-23 19:43:15',1);
INSERT INTO `prices` VALUES (17272,1,'MED','272','Eye Pad Sterile',0,'admin','2020-11-23 19:43:15','admin','2020-11-23 19:43:15',1);
INSERT INTO `prices` VALUES (17273,1,'MED','149','Fansider 500/25mg Tab',0,'admin','2020-11-23 19:43:15','admin','2020-11-23 19:43:15',1);
INSERT INTO `prices` VALUES (17274,1,'MED','148','Fansider 500/25mg Tab (50dosesx3)',0,'admin','2020-11-23 19:43:15','admin','2020-11-23 19:43:15',1);
INSERT INTO `prices` VALUES (17275,1,'MED','150','Ferrous Sulphate 200mg Tab',18,'admin','2020-11-23 19:43:15','admin','2020-11-23 19:43:15',1);
INSERT INTO `prices` VALUES (17276,1,'MED','233','Field stain A and B',0,'admin','2020-11-23 19:43:15','admin','2020-11-23 19:43:15',1);
INSERT INTO `prices` VALUES (17277,1,'MED','331','First Aid kit',0,'admin','2020-11-23 19:43:15','admin','2020-11-23 19:43:15',1);
INSERT INTO `prices` VALUES (17278,1,'MED','152','Fluconazole 100mg 24 Caps',0,'admin','2020-11-23 19:43:15','admin','2020-11-23 19:43:15',1);
INSERT INTO `prices` VALUES (17279,1,'MED','151','Fluconazole 100mg Tab',0,'admin','2020-11-23 19:43:15','admin','2020-11-23 19:43:15',1);
INSERT INTO `prices` VALUES (17280,1,'MED','156','Folic Acid 15mg Tab',0,'admin','2020-11-23 19:43:15','admin','2020-11-23 19:43:15',1);
INSERT INTO `prices` VALUES (17281,1,'MED','153','Folic Acid 1mg Tab',0,'admin','2020-11-23 19:43:15','admin','2020-11-23 19:43:15',1);
INSERT INTO `prices` VALUES (17282,1,'MED','154','Folic Acid 5mg Tab',0,'admin','2020-11-23 19:43:15','admin','2020-11-23 19:43:15',1);
INSERT INTO `prices` VALUES (17283,1,'MED','155','Folic Acid/Ferrous Sulp 0.5/200mg Tab',0,'admin','2020-11-23 19:43:15','admin','2020-11-23 19:43:15',1);
INSERT INTO `prices` VALUES (17284,1,'MED','7','Formaldelyde solution 35-38% 1ltr',0,'admin','2020-11-23 19:43:15','admin','2020-11-23 19:43:15',1);
INSERT INTO `prices` VALUES (17285,1,'MED','57','Frusemide 10mg/ml 2ml Amp',0,'admin','2020-11-23 19:43:15','admin','2020-11-23 19:43:15',1);
INSERT INTO `prices` VALUES (17286,1,'MED','157','Frusemide 40mg Tab',0,'admin','2020-11-23 19:43:15','admin','2020-11-23 19:43:15',1);
INSERT INTO `prices` VALUES (17287,1,'MED','333','Gallipot stainless steel 200ml/10cm',0,'admin','2020-11-23 19:43:15','admin','2020-11-23 19:43:15',1);
INSERT INTO `prices` VALUES (17288,1,'MED','332','Gallipot stainless steel 300ml/15cm',0,'admin','2020-11-23 19:43:15','admin','2020-11-23 19:43:15',1);
INSERT INTO `prices` VALUES (17289,1,'MED','280','Gauze Bandage 10cm x 4m',0,'admin','2020-11-23 19:43:15','admin','2020-11-23 19:43:15',1);
INSERT INTO `prices` VALUES (17290,1,'MED','279','Gauze Bandage 7.5cm x 3.65-4m',0,'admin','2020-11-23 19:43:15','admin','2020-11-23 19:43:15',1);
INSERT INTO `prices` VALUES (17291,1,'MED','283','Gauze Hydrophylic 90cm x 91cm',0,'admin','2020-11-23 19:43:15','admin','2020-11-23 19:43:15',1);
INSERT INTO `prices` VALUES (17292,1,'MED','282','Gauze Pads  Sterile 10cm x 10cm',0,'admin','2020-11-23 19:43:15','admin','2020-11-23 19:43:15',1);
INSERT INTO `prices` VALUES (17293,1,'MED','281','Gauze Pads Non Sterile 10cm x 10cm',0,'admin','2020-11-23 19:43:15','admin','2020-11-23 19:43:15',1);
INSERT INTO `prices` VALUES (17294,1,'MED','234','Genitian Violet',0,'admin','2020-11-23 19:43:15','admin','2020-11-23 19:43:15',1);
INSERT INTO `prices` VALUES (17295,1,'MED','198','Gentamicin 0.3% eye/ear drops 10ml',0,'admin','2020-11-23 19:43:15','admin','2020-11-23 19:43:15',1);
INSERT INTO `prices` VALUES (17296,1,'MED','58','Gentamicin 40mg/ml 2ml',0,'admin','2020-11-23 19:43:15','admin','2020-11-23 19:43:15',1);
INSERT INTO `prices` VALUES (17297,1,'MED','185','Getian Violet 25g Tin',0,'admin','2020-11-23 19:43:15','admin','2020-11-23 19:43:15',1);
INSERT INTO `prices` VALUES (17298,1,'MED','237','Giemsa Stain',0,'admin','2020-11-23 19:43:15','admin','2020-11-23 19:43:15',1);
INSERT INTO `prices` VALUES (17299,1,'MED','158','Glibeclamide 5mg Tab',0,'admin','2020-11-23 19:43:15','admin','2020-11-23 19:43:15',1);
INSERT INTO `prices` VALUES (17300,1,'MED','308','Gloves Domestic',0,'admin','2020-11-23 19:43:15','admin','2020-11-23 19:43:15',1);
INSERT INTO `prices` VALUES (17301,1,'MED','310','Gloves Gynaecological 7.5-8',0,'admin','2020-11-23 19:43:15','admin','2020-11-23 19:43:15',1);
INSERT INTO `prices` VALUES (17302,1,'MED','309','Gloves High risk non sterile Medium',0,'admin','2020-11-23 19:43:15','admin','2020-11-23 19:43:15',1);
INSERT INTO `prices` VALUES (17303,1,'MED','312','Gloves Non Sterile Large Disposable',0,'admin','2020-11-23 19:43:15','admin','2020-11-23 19:43:15',1);
INSERT INTO `prices` VALUES (17304,1,'MED','311','Gloves Non Sterile Medium Disposable',0,'admin','2020-11-23 19:43:15','admin','2020-11-23 19:43:15',1);
INSERT INTO `prices` VALUES (17305,1,'MED','313','Gloves Surgical Sterile 6',2,'admin','2020-11-23 19:43:15','admin','2020-11-23 19:43:15',1);
INSERT INTO `prices` VALUES (17306,1,'MED','314','Gloves Surgical Sterile 6.5',2,'admin','2020-11-23 19:43:15','admin','2020-11-23 19:43:15',1);
INSERT INTO `prices` VALUES (17307,1,'MED','315','Gloves Surgical Sterile 7',2,'admin','2020-11-23 19:43:15','admin','2020-11-23 19:43:15',1);
INSERT INTO `prices` VALUES (17308,1,'MED','316','Gloves Surgical Sterile 7.5',2,'admin','2020-11-23 19:43:15','admin','2020-11-23 19:43:15',1);
INSERT INTO `prices` VALUES (17309,1,'MED','317','Gloves Surgical Sterile 8',2,'admin','2020-11-23 19:43:15','admin','2020-11-23 19:43:15',1);
INSERT INTO `prices` VALUES (17310,1,'MED','318','Gloves Surgical Sterile 8.5',2,'admin','2020-11-23 19:43:15','admin','2020-11-23 19:43:15',1);
INSERT INTO `prices` VALUES (17311,1,'MED','411','Glucose GOD PAD  6 x 100ml (Colorimetric)',8,'admin','2020-11-23 19:43:15','admin','2020-11-23 19:43:15',1);
INSERT INTO `prices` VALUES (17312,1,'MED','1','Glucose Test Strip ( Sure Step)',6,'admin','2020-11-23 19:43:15','admin','2020-11-23 19:43:15',1);
INSERT INTO `prices` VALUES (17313,1,'MED','412','Glucose Test Strips (Hyloguard)',7,'admin','2020-11-23 19:43:15','admin','2020-11-23 19:43:15',1);
INSERT INTO `prices` VALUES (17314,1,'MED','32','GOT ( AST) 200ml (Calorimetric) AS 147',0,'admin','2020-11-23 19:43:15','admin','2020-11-23 19:43:15',1);
INSERT INTO `prices` VALUES (17315,1,'MED','31','GOT ( AST) 200ml has no NAOH) AS 101',0,'admin','2020-11-23 19:43:15','admin','2020-11-23 19:43:15',1);
INSERT INTO `prices` VALUES (17316,1,'MED','30','GPT (ALT) 200ml ( Does not have NAOH)',0,'admin','2020-11-23 19:43:15','admin','2020-11-23 19:43:15',1);
INSERT INTO `prices` VALUES (17317,1,'MED','159','Griseofulvin 500mg Tab',0,'admin','2020-11-23 19:43:15','admin','2020-11-23 19:43:15',1);
INSERT INTO `prices` VALUES (17318,1,'MED','161','Haloperdol 5mg',0,'admin','2020-11-23 19:43:15','admin','2020-11-23 19:43:15',1);
INSERT INTO `prices` VALUES (17319,1,'MED','160','Haloperidol 5mg Tab',0,'admin','2020-11-23 19:43:15','admin','2020-11-23 19:43:15',1);
INSERT INTO `prices` VALUES (17320,1,'MED','59','Haloperidol 5mg/ml 1ml Amp',0,'admin','2020-11-23 19:43:15','admin','2020-11-23 19:43:15',1);
INSERT INTO `prices` VALUES (17321,1,'MED','60','Haloperidol Decanoate 50mg/ml 1ml Amp',0,'admin','2020-11-23 19:43:15','admin','2020-11-23 19:43:15',1);
INSERT INTO `prices` VALUES (17322,1,'MED','374','Handle for surgical blade No 3',0,'admin','2020-11-23 19:43:15','admin','2020-11-23 19:43:15',1);
INSERT INTO `prices` VALUES (17323,1,'MED','375','Handle for surgical blade No 4',0,'admin','2020-11-23 19:43:15','admin','2020-11-23 19:43:15',1);
INSERT INTO `prices` VALUES (17324,1,'MED','33','HIV 1/2 Capillus Kit 100Tests',0,'admin','2020-11-23 19:43:15','admin','2020-11-23 19:43:15',1);
INSERT INTO `prices` VALUES (17325,1,'MED','34','HIV Buffer for determine Kit',0,'admin','2020-11-23 19:43:15','admin','2020-11-23 19:43:15',1);
INSERT INTO `prices` VALUES (17326,1,'MED','35','HIV Determine 1/11 (Abbott) 100Tests',0,'admin','2020-11-23 19:43:15','admin','2020-11-23 19:43:15',1);
INSERT INTO `prices` VALUES (17327,1,'MED','36','HIV UNIGOLD 1/11 Test Kits 20 Tests',0,'admin','2020-11-23 19:43:15','admin','2020-11-23 19:43:15',1);
INSERT INTO `prices` VALUES (17328,1,'MED','334','Hot water Bottle 2Ltr',0,'admin','2020-11-23 19:43:15','admin','2020-11-23 19:43:15',1);
INSERT INTO `prices` VALUES (17329,1,'MED','61','Hydralazine 20mg Vial',10,'admin','2020-11-23 19:43:15','admin','2020-11-23 19:43:15',1);
INSERT INTO `prices` VALUES (17330,1,'MED','162','Hydralazine 25mg Tab',12,'admin','2020-11-23 19:43:15','admin','2020-11-23 19:43:15',1);
INSERT INTO `prices` VALUES (17331,1,'MED','8','Hydrochloric Acid 30-33% 1ltr',0,'admin','2020-11-23 19:43:15','admin','2020-11-23 19:43:15',1);
INSERT INTO `prices` VALUES (17332,1,'MED','217','Hydrocortisone 1% Cream 15g',5,'admin','2020-11-23 19:43:15','admin','2020-11-23 19:43:15',1);
INSERT INTO `prices` VALUES (17333,1,'MED','216','Hydrocortisone 1% Cream 200g',20,'admin','2020-11-23 19:43:15','admin','2020-11-23 19:43:15',1);
INSERT INTO `prices` VALUES (17334,1,'MED','199','Hydrocortisone 1% eye drops 5ml',6,'admin','2020-11-23 19:43:15','admin','2020-11-23 19:43:15',1);
INSERT INTO `prices` VALUES (17335,1,'MED','219','Hydrocortisone 1% Ointment 15g',8,'admin','2020-11-23 19:43:15','admin','2020-11-23 19:43:15',1);
INSERT INTO `prices` VALUES (17336,1,'MED','218','Hydrocortisone 1% Ointment 200g',0,'admin','2020-11-23 19:43:15','admin','2020-11-23 19:43:15',1);
INSERT INTO `prices` VALUES (17337,1,'MED','62','Hydrocortisone 100mg Vial',0,'admin','2020-11-23 19:43:15','admin','2020-11-23 19:43:15',1);
INSERT INTO `prices` VALUES (17338,1,'MED','186','Hydrogen Peroxide 6% 250ml',0,'admin','2020-11-23 19:43:15','admin','2020-11-23 19:43:15',1);
INSERT INTO `prices` VALUES (17339,1,'MED','163','Hyoscine 10mg Tab',13,'admin','2020-11-23 19:43:15','admin','2020-11-23 19:43:15',1);
INSERT INTO `prices` VALUES (17340,1,'MED','63','Hyoscine Butyl Bromide 20mg/ml/ Amp',0,'admin','2020-11-23 19:43:15','admin','2020-11-23 19:43:15',1);
INSERT INTO `prices` VALUES (17341,1,'MED','164','Ibuprofen 200mg Tab',0,'admin','2020-11-23 19:43:15','admin','2020-11-23 19:43:15',1);
INSERT INTO `prices` VALUES (17342,1,'MED','165','Impramine 25mg Tab',0,'admin','2020-11-23 19:43:15','admin','2020-11-23 19:43:15',1);
INSERT INTO `prices` VALUES (17343,1,'MED','166','Indomethacin 25mg Tab',0,'admin','2020-11-23 19:43:15','admin','2020-11-23 19:43:15',1);
INSERT INTO `prices` VALUES (17344,1,'MED','366','Insectcide Spray 400g',0,'admin','2020-11-23 19:43:15','admin','2020-11-23 19:43:15',1);
INSERT INTO `prices` VALUES (17345,1,'MED','335','Instrument Box With Lid 20x10x5cm',0,'admin','2020-11-23 19:43:15','admin','2020-11-23 19:43:15',1);
INSERT INTO `prices` VALUES (17346,1,'MED','336','Instrument Tray 30 x 20 x 2cm',0,'admin','2020-11-23 19:43:15','admin','2020-11-23 19:43:15',1);
INSERT INTO `prices` VALUES (17347,1,'MED','65','Insulin Isophane 100IU/ml 10ml Vial',8,'admin','2020-11-23 19:43:15','admin','2020-11-23 19:43:15',1);
INSERT INTO `prices` VALUES (17348,1,'MED','68','Insulin Isophane 40IU/ml 10ml',18,'admin','2020-11-23 19:43:15','admin','2020-11-23 19:43:15',1);
INSERT INTO `prices` VALUES (17349,1,'MED','66','Insulin Mixtard 30/70 100IU/ml 10ml Vial',26,'admin','2020-11-23 19:43:15','admin','2020-11-23 19:43:15',1);
INSERT INTO `prices` VALUES (17350,1,'MED','67','Insulin Mixtard 30/70 100IU/ml 5x3ml catridges',30,'admin','2020-11-23 19:43:15','admin','2020-11-23 19:43:15',1);
INSERT INTO `prices` VALUES (17351,1,'MED','64','Insulin Soluble 100IU/ml 10ml Vial',8,'admin','2020-11-23 19:43:15','admin','2020-11-23 19:43:15',1);
INSERT INTO `prices` VALUES (17352,1,'MED','241','Insulin Syringe 100IU with Needle G26/29',0,'admin','2020-11-23 19:43:15','admin','2020-11-23 19:43:15',1);
INSERT INTO `prices` VALUES (17353,1,'MED','9','Iodin Crystal 100g',0,'admin','2020-11-23 19:43:15','admin','2020-11-23 19:43:15',1);
INSERT INTO `prices` VALUES (17354,1,'MED','187','Iodine Solution 2% 500ml',0,'admin','2020-11-23 19:43:15','admin','2020-11-23 19:43:15',1);
INSERT INTO `prices` VALUES (17355,1,'MED','69','Iron Dextran 10mg/ml 2ml Vial',0,'admin','2020-11-23 19:43:15','admin','2020-11-23 19:43:15',1);
INSERT INTO `prices` VALUES (17356,1,'MED','337','Irrigation can with acsessories',0,'admin','2020-11-23 19:43:15','admin','2020-11-23 19:43:15',1);
INSERT INTO `prices` VALUES (17357,1,'MED','167','Isoniazid 300mg Tab',0,'admin','2020-11-23 19:43:15','admin','2020-11-23 19:43:15',1);
INSERT INTO `prices` VALUES (17358,1,'MED','242','IV Canula G16 with Port',0,'admin','2020-11-23 19:43:15','admin','2020-11-23 19:43:15',1);
INSERT INTO `prices` VALUES (17359,1,'MED','243','IV Canula G18 with Port',0,'admin','2020-11-23 19:43:15','admin','2020-11-23 19:43:15',1);
INSERT INTO `prices` VALUES (17360,1,'MED','244','IV Canula G20 with Port',0,'admin','2020-11-23 19:43:15','admin','2020-11-23 19:43:15',1);
INSERT INTO `prices` VALUES (17361,1,'MED','245','IV Canula G22 with Port',0,'admin','2020-11-23 19:43:15','admin','2020-11-23 19:43:15',1);
INSERT INTO `prices` VALUES (17362,1,'MED','247','IV Canula G24 with Port',0,'admin','2020-11-23 19:43:15','admin','2020-11-23 19:43:15',1);
INSERT INTO `prices` VALUES (17363,1,'MED','246','IV Canula G24 without Port',0,'admin','2020-11-23 19:43:15','admin','2020-11-23 19:43:15',1);
INSERT INTO `prices` VALUES (17364,1,'MED','248','IV Giving set Disposable',0,'admin','2020-11-23 19:43:15','admin','2020-11-23 19:43:15',1);
INSERT INTO `prices` VALUES (17365,1,'MED','71','Ketamine 10mg/ml 10ml Vial',20,'admin','2020-11-23 19:43:15','admin','2020-11-23 19:43:15',1);
INSERT INTO `prices` VALUES (17366,1,'MED','70','Ketamine 10mg/ml 20ml Vial',35,'admin','2020-11-23 19:43:15','admin','2020-11-23 19:43:15',1);
INSERT INTO `prices` VALUES (17367,1,'MED','168','Ketocanazole 200mg Tab',0,'admin','2020-11-23 19:43:15','admin','2020-11-23 19:43:15',1);
INSERT INTO `prices` VALUES (17368,1,'MED','340','Kidney Dish Polypropylene 24cm',0,'admin','2020-11-23 19:43:15','admin','2020-11-23 19:43:15',1);
INSERT INTO `prices` VALUES (17369,1,'MED','339','Kidney Dish stainless Steel 20cm',0,'admin','2020-11-23 19:43:15','admin','2020-11-23 19:43:15',1);
INSERT INTO `prices` VALUES (17370,1,'MED','338','Kidney Dish stainless Steel 24cm',0,'admin','2020-11-23 19:43:15','admin','2020-11-23 19:43:15',1);
INSERT INTO `prices` VALUES (17371,1,'MED','391','Lead Apron 100cmx60cm',0,'admin','2020-11-23 19:43:15','admin','2020-11-23 19:43:15',1);
INSERT INTO `prices` VALUES (17372,1,'MED','72','Lignocaine 2% 20ml Vial',0,'admin','2020-11-23 19:43:15','admin','2020-11-23 19:43:15',1);
INSERT INTO `prices` VALUES (17373,1,'MED','73','Lignocaine 2% Adrenaline Dent.cartridges',0,'admin','2020-11-23 19:43:15','admin','2020-11-23 19:43:15',1);
INSERT INTO `prices` VALUES (17374,1,'MED','74','Lignocaine spinal 50mg/ml 2ml Amp',0,'admin','2020-11-23 19:43:15','admin','2020-11-23 19:43:15',1);
INSERT INTO `prices` VALUES (17375,1,'MED','191','Liquid detergent 20Ltr',0,'admin','2020-11-23 19:43:15','admin','2020-11-23 19:43:15',1);
INSERT INTO `prices` VALUES (17376,1,'MED','189','liquid detergent 5Ltr Perfumed',0,'admin','2020-11-23 19:43:15','admin','2020-11-23 19:43:15',1);
INSERT INTO `prices` VALUES (17377,1,'MED','220','lubricating Jelly 42g',0,'admin','2020-11-23 19:43:15','admin','2020-11-23 19:43:15',1);
INSERT INTO `prices` VALUES (17378,1,'MED','341','Mackintosh Plastic (Apron) per 1m',0,'admin','2020-11-23 19:43:15','admin','2020-11-23 19:43:15',1);
INSERT INTO `prices` VALUES (17379,1,'MED','342','Mackintosh Rubber Brown (sheeting) per 1m',0,'admin','2020-11-23 19:43:15','admin','2020-11-23 19:43:15',1);
INSERT INTO `prices` VALUES (17380,1,'MED','343','Measuring Cup Graduated 25ml',0,'admin','2020-11-23 19:43:15','admin','2020-11-23 19:43:15',1);
INSERT INTO `prices` VALUES (17381,1,'MED','10','Methanol 99% 1ltr',0,'admin','2020-11-23 19:43:15','admin','2020-11-23 19:43:15',1);
INSERT INTO `prices` VALUES (17382,1,'MED','75','Methylergomatrine 0.2mg/ml 1ml Amp',0,'admin','2020-11-23 19:43:15','admin','2020-11-23 19:43:15',1);
INSERT INTO `prices` VALUES (17383,1,'MED','76','Methylergomatrine 0.5mg/ml 1ml Amp',0,'admin','2020-11-23 19:43:15','admin','2020-11-23 19:43:15',1);
INSERT INTO `prices` VALUES (17384,1,'MED','77','Metoclopramide 5mg/ml 100ml Amp',0,'admin','2020-11-23 19:43:15','admin','2020-11-23 19:43:15',1);
INSERT INTO `prices` VALUES (17385,1,'MED','78','Metronidazole 5mg/ml 2ml IV',0,'admin','2020-11-23 19:43:15','admin','2020-11-23 19:43:15',1);
INSERT INTO `prices` VALUES (17386,1,'MED','79','Morphine 15mg/ml 1ml Amp',0,'admin','2020-11-23 19:43:15','admin','2020-11-23 19:43:15',1);
INSERT INTO `prices` VALUES (17387,1,'MED','368','Mosquito Net Impregnated Large',0,'admin','2020-11-23 19:43:15','admin','2020-11-23 19:43:15',1);
INSERT INTO `prices` VALUES (17388,1,'MED','367','Mosquito Net Impregnated Medium',0,'admin','2020-11-23 19:43:15','admin','2020-11-23 19:43:15',1);
INSERT INTO `prices` VALUES (17389,1,'MED','372','Mosquito Net Impregnation Liquid 500ml',0,'admin','2020-11-23 19:43:15','admin','2020-11-23 19:43:15',1);
INSERT INTO `prices` VALUES (17390,1,'MED','371','Mosquito Net Impregnation Tablet',0,'admin','2020-11-23 19:43:15','admin','2020-11-23 19:43:15',1);
INSERT INTO `prices` VALUES (17391,1,'MED','370','Mosquito Net Non Impregnated Large',0,'admin','2020-11-23 19:43:15','admin','2020-11-23 19:43:15',1);
INSERT INTO `prices` VALUES (17392,1,'MED','369','Mosquito Net Non Impregnated Medium',0,'admin','2020-11-23 19:43:15','admin','2020-11-23 19:43:15',1);
INSERT INTO `prices` VALUES (17393,1,'MED','373','Mosquito Wal spray Powder 80g',0,'admin','2020-11-23 19:43:15','admin','2020-11-23 19:43:15',1);
INSERT INTO `prices` VALUES (17394,1,'MED','297','Nasogastric Tube G10 (Children)',0,'admin','2020-11-23 19:43:15','admin','2020-11-23 19:43:15',1);
INSERT INTO `prices` VALUES (17395,1,'MED','298','Nasogastric Tube G14 (Children)',0,'admin','2020-11-23 19:43:15','admin','2020-11-23 19:43:15',1);
INSERT INTO `prices` VALUES (17396,1,'MED','299','Nasogastric Tube G16 (Children)',0,'admin','2020-11-23 19:43:15','admin','2020-11-23 19:43:15',1);
INSERT INTO `prices` VALUES (17397,1,'MED','294','Nasogastric Tube G5 (Children)',0,'admin','2020-11-23 19:43:15','admin','2020-11-23 19:43:15',1);
INSERT INTO `prices` VALUES (17398,1,'MED','296','Nasogastric Tube G6 (Children)',0,'admin','2020-11-23 19:43:15','admin','2020-11-23 19:43:15',1);
INSERT INTO `prices` VALUES (17399,1,'MED','295','Nasogastric Tube G8 (Children)',0,'admin','2020-11-23 19:43:15','admin','2020-11-23 19:43:15',1);
INSERT INTO `prices` VALUES (17400,1,'MED','346','Neck Support Large',0,'admin','2020-11-23 19:43:15','admin','2020-11-23 19:43:15',1);
INSERT INTO `prices` VALUES (17401,1,'MED','345','Neck Support Medium',0,'admin','2020-11-23 19:43:15','admin','2020-11-23 19:43:15',1);
INSERT INTO `prices` VALUES (17402,1,'MED','249','Needle container disposable of contaminated',0,'admin','2020-11-23 19:43:15','admin','2020-11-23 19:43:15',1);
INSERT INTO `prices` VALUES (17403,1,'MED','381','Needle suture No 5 cutting',0,'admin','2020-11-23 19:43:15','admin','2020-11-23 19:43:15',1);
INSERT INTO `prices` VALUES (17404,1,'MED','380','Needle suture No 5 round',0,'admin','2020-11-23 19:43:15','admin','2020-11-23 19:43:15',1);
INSERT INTO `prices` VALUES (17405,1,'MED','382','Needle suture No 6 Round',0,'admin','2020-11-23 19:43:15','admin','2020-11-23 19:43:15',1);
INSERT INTO `prices` VALUES (17406,1,'MED','250','Needles Luer G20 Disposable',0,'admin','2020-11-23 19:43:15','admin','2020-11-23 19:43:15',1);
INSERT INTO `prices` VALUES (17407,1,'MED','251','Needles Luer G21 Disposable',0,'admin','2020-11-23 19:43:15','admin','2020-11-23 19:43:15',1);
INSERT INTO `prices` VALUES (17408,1,'MED','252','Needles Luer G22 Disposable',0,'admin','2020-11-23 19:43:15','admin','2020-11-23 19:43:15',1);
INSERT INTO `prices` VALUES (17409,1,'MED','253','Needles Luer G23 Disposable',0,'admin','2020-11-23 19:43:15','admin','2020-11-23 19:43:15',1);
INSERT INTO `prices` VALUES (17410,1,'MED','254','Needles Spinal G20x75-120mm',0,'admin','2020-11-23 19:43:15','admin','2020-11-23 19:43:15',1);
INSERT INTO `prices` VALUES (17411,1,'MED','257','Needles Spinal G22x40mm',0,'admin','2020-11-23 19:43:15','admin','2020-11-23 19:43:15',1);
INSERT INTO `prices` VALUES (17412,1,'MED','255','Needles Spinal G22x75-120mm',0,'admin','2020-11-23 19:43:15','admin','2020-11-23 19:43:15',1);
INSERT INTO `prices` VALUES (17413,1,'MED','256','Needles Spinal G25x75-120mm',0,'admin','2020-11-23 19:43:15','admin','2020-11-23 19:43:15',1);
INSERT INTO `prices` VALUES (17414,1,'MED','344','Nesk Support Small',20,'admin','2020-11-23 19:43:15','admin','2020-11-23 19:43:15',1);
INSERT INTO `prices` VALUES (17415,1,'MED','235','Neutral Red',0,'admin','2020-11-23 19:43:15','admin','2020-11-23 19:43:15',1);
INSERT INTO `prices` VALUES (17416,1,'MED','26','Non 111 Chloride (Ferric chloride)',0,'admin','2020-11-23 19:43:15','admin','2020-11-23 19:43:15',1);
INSERT INTO `prices` VALUES (17417,1,'MED','221','Nystatin 100,000 IU/g Ointment 30g',0,'admin','2020-11-23 19:43:15','admin','2020-11-23 19:43:15',1);
INSERT INTO `prices` VALUES (17418,1,'MED','209','Nystatin 100.000 IU Pessaries',0,'admin','2020-11-23 19:43:15','admin','2020-11-23 19:43:15',1);
INSERT INTO `prices` VALUES (17419,1,'MED','231','Nystatin 500.000IU/ Susp/ Drops',0,'admin','2020-11-23 19:43:15','admin','2020-11-23 19:43:15',1);
INSERT INTO `prices` VALUES (17420,1,'MED','178','Oral Rehydration Salt (ORS)',0,'admin','2020-11-23 19:43:15','admin','2020-11-23 19:43:15',1);
INSERT INTO `prices` VALUES (17421,1,'MED','80','Oxytocin 10 IU/ml 1ml Amp',0,'admin','2020-11-23 19:43:15','admin','2020-11-23 19:43:15',1);
INSERT INTO `prices` VALUES (17422,1,'MED','180','Paracetamol 120mg/5ml 100ml',10,'admin','2020-11-23 19:43:15','admin','2020-11-23 19:43:15',1);
INSERT INTO `prices` VALUES (17423,1,'MED','179','Paracetamol 120mg/5ml Syrup',10,'admin','2020-11-23 19:43:15','admin','2020-11-23 19:43:15',1);
INSERT INTO `prices` VALUES (17424,1,'MED','415','Paracetamol 500 MG',22,'admin','2020-11-23 19:43:15','admin','2020-11-23 19:43:15',1);
INSERT INTO `prices` VALUES (17425,1,'MED','81','Pethidine 100mg/ml 2ml Amp',32,'admin','2020-11-23 19:43:15','admin','2020-11-23 19:43:15',1);
INSERT INTO `prices` VALUES (17426,1,'MED','82','Pethidine 50mg/ml 1ml Amp',20,'admin','2020-11-23 19:43:15','admin','2020-11-23 19:43:15',1);
INSERT INTO `prices` VALUES (17427,1,'MED','83','Phenobarbital 100mg/ml 2ml Amp',0,'admin','2020-11-23 19:43:15','admin','2020-11-23 19:43:15',1);
INSERT INTO `prices` VALUES (17428,1,'MED','11','Phenol crystals 1kg',0,'admin','2020-11-23 19:43:15','admin','2020-11-23 19:43:15',1);
INSERT INTO `prices` VALUES (17429,1,'MED','84','Phytomenadione 10mg/ml 1ml Amp',0,'admin','2020-11-23 19:43:15','admin','2020-11-23 19:43:15',1);
INSERT INTO `prices` VALUES (17430,1,'MED','85','Phytomenadione 1mg/ml 1ml Amp',0,'admin','2020-11-23 19:43:15','admin','2020-11-23 19:43:15',1);
INSERT INTO `prices` VALUES (17431,1,'MED','284','Plaster of Paris 10cm',0,'admin','2020-11-23 19:43:15','admin','2020-11-23 19:43:15',1);
INSERT INTO `prices` VALUES (17432,1,'MED','285','Plaster of Paris 15cm',0,'admin','2020-11-23 19:43:15','admin','2020-11-23 19:43:15',1);
INSERT INTO `prices` VALUES (17433,1,'MED','12','Potassium iodide 100g',0,'admin','2020-11-23 19:43:15','admin','2020-11-23 19:43:15',1);
INSERT INTO `prices` VALUES (17434,1,'MED','21','Potassium Oxalate',22,'admin','2020-11-23 19:43:15','admin','2020-11-23 19:43:15',1);
INSERT INTO `prices` VALUES (17435,1,'MED','37','Pregnacy ( HGG Latex) 50 tests',0,'admin','2020-11-23 19:43:15','admin','2020-11-23 19:43:15',1);
INSERT INTO `prices` VALUES (17436,1,'MED','86','Procaine Penicillin Fortified 4 MIU Vial',0,'admin','2020-11-23 19:43:15','admin','2020-11-23 19:43:15',1);
INSERT INTO `prices` VALUES (17437,1,'MED','87','Promethazine 25mg/ml 2ml Amp',0,'admin','2020-11-23 19:43:15','admin','2020-11-23 19:43:15',1);
INSERT INTO `prices` VALUES (17438,1,'MED','169','Pyridoxine 50mg Tab',0,'admin','2020-11-23 19:43:15','admin','2020-11-23 19:43:15',1);
INSERT INTO `prices` VALUES (17439,1,'MED','181','Quinine 100mg/5ml Syrup 100ml',0,'admin','2020-11-23 19:43:15','admin','2020-11-23 19:43:15',1);
INSERT INTO `prices` VALUES (17440,1,'MED','170','Quinine 300mg Tab',0,'admin','2020-11-23 19:43:15','admin','2020-11-23 19:43:15',1);
INSERT INTO `prices` VALUES (17441,1,'MED','88','Quinine Di-HCI 300mg/ml 2ml Amp',0,'admin','2020-11-23 19:43:15','admin','2020-11-23 19:43:15',1);
INSERT INTO `prices` VALUES (17442,1,'MED','171','Ranitidine 150mg Tab',27,'admin','2020-11-23 19:43:15','admin','2020-11-23 19:43:15',1);
INSERT INTO `prices` VALUES (17443,1,'MED','89','Ranitidine 25mg/ml 2ml Amp',0,'admin','2020-11-23 19:43:15','admin','2020-11-23 19:43:15',1);
INSERT INTO `prices` VALUES (17444,1,'MED','351','Razor Blades Disposable 5pc',0,'admin','2020-11-23 19:43:15','admin','2020-11-23 19:43:15',1);
INSERT INTO `prices` VALUES (17445,1,'MED','300','Rectal Tube CH24',0,'admin','2020-11-23 19:43:15','admin','2020-11-23 19:43:15',1);
INSERT INTO `prices` VALUES (17446,1,'MED','301','Rectal Tube CH26',0,'admin','2020-11-23 19:43:15','admin','2020-11-23 19:43:15',1);
INSERT INTO `prices` VALUES (17447,1,'MED','172','Rifampicin/Isoniazid 150/100 Tab',0,'admin','2020-11-23 19:43:15','admin','2020-11-23 19:43:15',1);
INSERT INTO `prices` VALUES (17448,1,'MED','39','RPR ( VDRL Carbon ) Antigen 5ml',0,'admin','2020-11-23 19:43:15','admin','2020-11-23 19:43:15',1);
INSERT INTO `prices` VALUES (17449,1,'MED','38','RPR 125mm x 75mm',0,'admin','2020-11-23 19:43:15','admin','2020-11-23 19:43:15',1);
INSERT INTO `prices` VALUES (17450,1,'MED','173','Salbutamol 4mg Tab',0,'admin','2020-11-23 19:43:15','admin','2020-11-23 19:43:15',1);
INSERT INTO `prices` VALUES (17451,1,'MED','204','Salbutamol Inhaler 10ml',0,'admin','2020-11-23 19:43:15','admin','2020-11-23 19:43:15',1);
INSERT INTO `prices` VALUES (17452,1,'MED','203','Salbutamol solution for inhalation 5ml',0,'admin','2020-11-23 19:43:15','admin','2020-11-23 19:43:15',1);
INSERT INTO `prices` VALUES (17453,1,'MED','258','Scalp Vein G19 Infusion set',0,'admin','2020-11-23 19:43:15','admin','2020-11-23 19:43:15',1);
INSERT INTO `prices` VALUES (17454,1,'MED','259','Scalp Vein G21 Infusion set',0,'admin','2020-11-23 19:43:15','admin','2020-11-23 19:43:15',1);
INSERT INTO `prices` VALUES (17455,1,'MED','260','Scalp Vein G23 Infusion set',0,'admin','2020-11-23 19:43:15','admin','2020-11-23 19:43:15',1);
INSERT INTO `prices` VALUES (17456,1,'MED','261','Scalp Vein G25 Infusion set',0,'admin','2020-11-23 19:43:15','admin','2020-11-23 19:43:15',1);
INSERT INTO `prices` VALUES (17457,1,'MED','190','Soap Blue Bar 550g',0,'admin','2020-11-23 19:43:15','admin','2020-11-23 19:43:15',1);
INSERT INTO `prices` VALUES (17458,1,'MED','192','Soap Powder Hand wash 5kg',0,'admin','2020-11-23 19:43:15','admin','2020-11-23 19:43:15',1);
INSERT INTO `prices` VALUES (17459,1,'MED','27','Sodium Carbonate Anhydrous',0,'admin','2020-11-23 19:43:15','admin','2020-11-23 19:43:15',1);
INSERT INTO `prices` VALUES (17460,1,'MED','13','Sodium Carbonate Anhydrous 500g',0,'admin','2020-11-23 19:43:15','admin','2020-11-23 19:43:15',1);
INSERT INTO `prices` VALUES (17461,1,'MED','96','Sodium Chloride 0.9% IV 500ml',0,'admin','2020-11-23 19:43:15','admin','2020-11-23 19:43:15',1);
INSERT INTO `prices` VALUES (17462,1,'MED','232','Sodium Chloride Apyrogen 50kg',0,'admin','2020-11-23 19:43:15','admin','2020-11-23 19:43:15',1);
INSERT INTO `prices` VALUES (17463,1,'MED','14','Sodium Citrate 100g',0,'admin','2020-11-23 19:43:15','admin','2020-11-23 19:43:15',1);
INSERT INTO `prices` VALUES (17464,1,'MED','20','Sodium Flouride',0,'admin','2020-11-23 19:43:15','admin','2020-11-23 19:43:15',1);
INSERT INTO `prices` VALUES (17465,1,'MED','188','Sodium Hypochloride solution 0.75 Ltr',0,'admin','2020-11-23 19:43:15','admin','2020-11-23 19:43:15',1);
INSERT INTO `prices` VALUES (17466,1,'MED','193','Sodium Hypochlorite solution 5Ltr',0,'admin','2020-11-23 19:43:15','admin','2020-11-23 19:43:15',1);
INSERT INTO `prices` VALUES (17467,1,'MED','97','Sodium Lactate Compound IV 500ml',0,'admin','2020-11-23 19:43:15','admin','2020-11-23 19:43:15',1);
INSERT INTO `prices` VALUES (17468,1,'MED','16','Sodium Nitrate 25g',0,'admin','2020-11-23 19:43:15','admin','2020-11-23 19:43:15',1);
INSERT INTO `prices` VALUES (17469,1,'MED','15','Sodium Sulphate 500g',0,'admin','2020-11-23 19:43:15','admin','2020-11-23 19:43:15',1);
INSERT INTO `prices` VALUES (17470,1,'MED','174','Spironolactone 25mg Tab',0,'admin','2020-11-23 19:43:15','admin','2020-11-23 19:43:15',1);
INSERT INTO `prices` VALUES (17471,1,'MED','347','Spoon Medicine 5ml',0,'admin','2020-11-23 19:43:15','admin','2020-11-23 19:43:15',1);
INSERT INTO `prices` VALUES (17472,1,'MED','352','Stethoscope Foetal Metal',0,'admin','2020-11-23 19:43:15','admin','2020-11-23 19:43:15',1);
INSERT INTO `prices` VALUES (17473,1,'MED','353','Stethoscope Foetal Wood',0,'admin','2020-11-23 19:43:15','admin','2020-11-23 19:43:15',1);
INSERT INTO `prices` VALUES (17474,1,'MED','90','Streptomycin 1g Vial',0,'admin','2020-11-23 19:43:15','admin','2020-11-23 19:43:15',1);
INSERT INTO `prices` VALUES (17475,1,'MED','307','Suction Cathether Size 10 Disposable',0,'admin','2020-11-23 19:43:15','admin','2020-11-23 19:43:15',1);
INSERT INTO `prices` VALUES (17476,1,'MED','305','Suction Cathether Size 12 Disposable',0,'admin','2020-11-23 19:43:15','admin','2020-11-23 19:43:15',1);
INSERT INTO `prices` VALUES (17477,1,'MED','306','Suction Cathether Size 14 Disposable',0,'admin','2020-11-23 19:43:15','admin','2020-11-23 19:43:15',1);
INSERT INTO `prices` VALUES (17478,1,'MED','304','Suction Cathether Size 16 Disposable',0,'admin','2020-11-23 19:43:15','admin','2020-11-23 19:43:15',1);
INSERT INTO `prices` VALUES (17479,1,'MED','302','Suction Cathether Size 6 Disposable',0,'admin','2020-11-23 19:43:15','admin','2020-11-23 19:43:15',1);
INSERT INTO `prices` VALUES (17480,1,'MED','303','Suction Cathether Size 8 Disposable',0,'admin','2020-11-23 19:43:15','admin','2020-11-23 19:43:15',1);
INSERT INTO `prices` VALUES (17481,1,'MED','17','Sulphosalicylic Acid 500g',0,'admin','2020-11-23 19:43:15','admin','2020-11-23 19:43:15',1);
INSERT INTO `prices` VALUES (17482,1,'MED','18','Sulphuric Acid Conc 1ltr',0,'admin','2020-11-23 19:43:15','admin','2020-11-23 19:43:15',1);
INSERT INTO `prices` VALUES (17483,1,'MED','376','Surgical Blades No 20',0,'admin','2020-11-23 19:43:15','admin','2020-11-23 19:43:15',1);
INSERT INTO `prices` VALUES (17484,1,'MED','377','Surgical Blades No 21',0,'admin','2020-11-23 19:43:15','admin','2020-11-23 19:43:15',1);
INSERT INTO `prices` VALUES (17485,1,'MED','378','Surgical Blades No 22',0,'admin','2020-11-23 19:43:15','admin','2020-11-23 19:43:15',1);
INSERT INTO `prices` VALUES (17486,1,'MED','379','Surgical Blades No 23',0,'admin','2020-11-23 19:43:15','admin','2020-11-23 19:43:15',1);
INSERT INTO `prices` VALUES (17487,1,'MED','354','Surgical Brush (Scrubbing)',0,'admin','2020-11-23 19:43:15','admin','2020-11-23 19:43:15',1);
INSERT INTO `prices` VALUES (17488,1,'MED','355','Surgical Mop 12 x 15',0,'admin','2020-11-23 19:43:15','admin','2020-11-23 19:43:15',1);
INSERT INTO `prices` VALUES (17489,1,'MED','383','Suture Cutgut Chromic (0)',0,'admin','2020-11-23 19:43:15','admin','2020-11-23 19:43:15',1);
INSERT INTO `prices` VALUES (17490,1,'MED','384','Suture Cutgut Chromic (2) RN22240TH',15,'admin','2020-11-23 19:43:15','admin','2020-11-23 19:43:15',1);
INSERT INTO `prices` VALUES (17491,1,'MED','385','Suture Cutgut Chromic (2/0) RN22230TH',0,'admin','2020-11-23 19:43:15','admin','2020-11-23 19:43:15',1);
INSERT INTO `prices` VALUES (17492,1,'MED','386','Suture Cutgut Chromic (3/0) RN2325TF',0,'admin','2020-11-23 19:43:15','admin','2020-11-23 19:43:15',1);
INSERT INTO `prices` VALUES (17493,1,'MED','387','Suture Cutgut Plain (2/0) RN1230TF',0,'admin','2020-11-23 19:43:15','admin','2020-11-23 19:43:15',1);
INSERT INTO `prices` VALUES (17494,1,'MED','390','Suture PGA (3/0) RN3330TF',0,'admin','2020-11-23 19:43:15','admin','2020-11-23 19:43:15',1);
INSERT INTO `prices` VALUES (17495,1,'MED','388','Suture Silk (1) S595',6,'admin','2020-11-23 19:43:15','admin','2020-11-23 19:43:15',1);
INSERT INTO `prices` VALUES (17496,1,'MED','389','Suture Silk (2/0) RN5230TF',6,'admin','2020-11-23 19:43:15','admin','2020-11-23 19:43:15',1);
INSERT INTO `prices` VALUES (17497,1,'MED','91','Suxamethonium 500mg Vial',40,'admin','2020-11-23 19:43:15','admin','2020-11-23 19:43:15',1);
INSERT INTO `prices` VALUES (17498,1,'MED','92','Suxamethonium 500mg/ml 2ml Amp',45,'admin','2020-11-23 19:43:15','admin','2020-11-23 19:43:15',1);
INSERT INTO `prices` VALUES (17499,1,'MED','262','Syringe Feeding/Irrigation 50/60ml',0,'admin','2020-11-23 19:43:15','admin','2020-11-23 19:43:15',1);
INSERT INTO `prices` VALUES (17500,1,'MED','264','Syringe Luer 10ml With Needle Disposable',0,'admin','2020-11-23 19:43:15','admin','2020-11-23 19:43:15',1);
INSERT INTO `prices` VALUES (17501,1,'MED','265','Syringe Luer 20ml With Needle Disposable',0,'admin','2020-11-23 19:43:15','admin','2020-11-23 19:43:15',1);
INSERT INTO `prices` VALUES (17502,1,'MED','263','Syringe Luer 2ml With Needle Disposable',0,'admin','2020-11-23 19:43:15','admin','2020-11-23 19:43:15',1);
INSERT INTO `prices` VALUES (17503,1,'MED','266','Syringe Luer 5ml With Needle Disposable',0,'admin','2020-11-23 19:43:15','admin','2020-11-23 19:43:15',1);
INSERT INTO `prices` VALUES (17504,1,'MED','356','Tablet Counting Tray',0,'admin','2020-11-23 19:43:15','admin','2020-11-23 19:43:15',1);
INSERT INTO `prices` VALUES (17505,1,'MED','93','tetanus Antitoxin 1500 IU 1ml Amp',0,'admin','2020-11-23 19:43:15','admin','2020-11-23 19:43:15',1);
INSERT INTO `prices` VALUES (17506,1,'MED','200','Tetracycline eye ointment 1% 3.5g',0,'admin','2020-11-23 19:43:15','admin','2020-11-23 19:43:15',1);
INSERT INTO `prices` VALUES (17507,1,'MED','360','Thermometer Clinical Flat Type',0,'admin','2020-11-23 19:43:15','admin','2020-11-23 19:43:15',1);
INSERT INTO `prices` VALUES (17508,1,'MED','361','Thermometer Clinical Prismatic Type',0,'admin','2020-11-23 19:43:15','admin','2020-11-23 19:43:15',1);
INSERT INTO `prices` VALUES (17509,1,'MED','94','Thiopental Sodium 500mg Vial',0,'admin','2020-11-23 19:43:15','admin','2020-11-23 19:43:15',1);
INSERT INTO `prices` VALUES (17510,1,'MED','357','Toilet Paper Rolls',0,'admin','2020-11-23 19:43:15','admin','2020-11-23 19:43:15',1);
INSERT INTO `prices` VALUES (17511,1,'MED','175','Tolbutamide 500mg tab',0,'admin','2020-11-23 19:43:15','admin','2020-11-23 19:43:15',1);
INSERT INTO `prices` VALUES (17512,1,'MED','319','Tongue depressor Disposable',0,'admin','2020-11-23 19:43:15','admin','2020-11-23 19:43:15',1);
INSERT INTO `prices` VALUES (17513,1,'MED','359','Traction Kit Adult',0,'admin','2020-11-23 19:43:15','admin','2020-11-23 19:43:15',1);
INSERT INTO `prices` VALUES (17514,1,'MED','358','Traction Kit Children',0,'admin','2020-11-23 19:43:15','admin','2020-11-23 19:43:15',1);
INSERT INTO `prices` VALUES (17515,1,'MED','25','Trichloro acetic Acid',0,'admin','2020-11-23 19:43:15','admin','2020-11-23 19:43:15',1);
INSERT INTO `prices` VALUES (17516,1,'MED','28','Trisodium Citrate',38,'admin','2020-11-23 19:43:15','admin','2020-11-23 19:43:15',1);
INSERT INTO `prices` VALUES (17517,1,'MED','223','Ultrasound Gel 5Ltr',0,'admin','2020-11-23 19:43:15','admin','2020-11-23 19:43:15',1);
INSERT INTO `prices` VALUES (17518,1,'MED','222','Ultrasound Gel 800g',0,'admin','2020-11-23 19:43:15','admin','2020-11-23 19:43:15',1);
INSERT INTO `prices` VALUES (17519,1,'MED','362','Umbilical Cord Tie non sterile 100m',0,'admin','2020-11-23 19:43:15','admin','2020-11-23 19:43:15',1);
INSERT INTO `prices` VALUES (17520,1,'MED','363','Umbilical Cord Tie sterile 22m',0,'admin','2020-11-23 19:43:15','admin','2020-11-23 19:43:15',1);
INSERT INTO `prices` VALUES (17521,1,'MED','122','UREA Calorimetric 300 Tests',0,'admin','2020-11-23 19:43:15','admin','2020-11-23 19:43:15',1);
INSERT INTO `prices` VALUES (17522,1,'MED','364','Urinal 1Ltr / 2Ltr',0,'admin','2020-11-23 19:43:15','admin','2020-11-23 19:43:15',1);
INSERT INTO `prices` VALUES (17523,1,'MED','365','Urine Collecting Bag sterile 2Ltr',0,'admin','2020-11-23 19:43:15','admin','2020-11-23 19:43:15',1);
INSERT INTO `prices` VALUES (17524,1,'MED','202','Urine Test Strips 3 Parameters 100 tests',0,'admin','2020-11-23 19:43:15','admin','2020-11-23 19:43:15',1);
INSERT INTO `prices` VALUES (17525,1,'MED','176','Vitamin A 200.000 IU Caps',0,'admin','2020-11-23 19:43:15','admin','2020-11-23 19:43:15',1);
INSERT INTO `prices` VALUES (17526,1,'MED','177','Vitamin B Complex Tab',0,'admin','2020-11-23 19:43:15','admin','2020-11-23 19:43:15',1);
INSERT INTO `prices` VALUES (17527,1,'MED','95','Water for Injection 10ml Vial',0,'admin','2020-11-23 19:43:15','admin','2020-11-23 19:43:15',1);
INSERT INTO `prices` VALUES (17528,1,'MED','224','Whitfield Oinment 200g',0,'admin','2020-11-23 19:43:15','admin','2020-11-23 19:43:15',1);
INSERT INTO `prices` VALUES (17529,1,'MED','225','Whitfield Oinment 25g',0,'admin','2020-11-23 19:43:15','admin','2020-11-23 19:43:15',1);
INSERT INTO `prices` VALUES (17530,1,'MED','392','X-Ray Developer 2.6kg for 22.5Ltr',0,'admin','2020-11-23 19:43:15','admin','2020-11-23 19:43:15',1);
INSERT INTO `prices` VALUES (17531,1,'MED','393','X-Ray Film 18x24cm',0,'admin','2020-11-23 19:43:15','admin','2020-11-23 19:43:15',1);
INSERT INTO `prices` VALUES (17532,1,'MED','394','X-Ray Film 20x40cm',0,'admin','2020-11-23 19:43:15','admin','2020-11-23 19:43:15',1);
INSERT INTO `prices` VALUES (17533,1,'MED','395','X-Ray Film 24x30cm',0,'admin','2020-11-23 19:43:15','admin','2020-11-23 19:43:15',1);
INSERT INTO `prices` VALUES (17534,1,'MED','396','X-Ray Film 30x40cm',0,'admin','2020-11-23 19:43:15','admin','2020-11-23 19:43:15',1);
INSERT INTO `prices` VALUES (17535,1,'MED','397','X-Ray Film 35x35cm',0,'admin','2020-11-23 19:43:15','admin','2020-11-23 19:43:15',1);
INSERT INTO `prices` VALUES (17536,1,'MED','398','X-Ray Film 43x35cm',0,'admin','2020-11-23 19:43:15','admin','2020-11-23 19:43:15',1);
INSERT INTO `prices` VALUES (17537,1,'MED','399','X-Ray Film Cassette  18x24cm with screen',0,'admin','2020-11-23 19:43:15','admin','2020-11-23 19:43:15',1);
INSERT INTO `prices` VALUES (17538,1,'MED','400','X-Ray Film Cassette  24x30cm with screen',0,'admin','2020-11-23 19:43:15','admin','2020-11-23 19:43:15',1);
INSERT INTO `prices` VALUES (17539,1,'MED','401','X-Ray Film Cassette  30x40cm with screen',0,'admin','2020-11-23 19:43:15','admin','2020-11-23 19:43:15',1);
INSERT INTO `prices` VALUES (17540,1,'MED','402','X-Ray Film Cassette  35x35cm with screen',0,'admin','2020-11-23 19:43:15','admin','2020-11-23 19:43:15',1);
INSERT INTO `prices` VALUES (17541,1,'MED','403','X-Ray Film Cassette  35x43cm with screen',0,'admin','2020-11-23 19:43:15','admin','2020-11-23 19:43:15',1);
INSERT INTO `prices` VALUES (17542,1,'MED','404','X-Ray Fixer 3.3kg for 22.5 Ltr',0,'admin','2020-11-23 19:43:15','admin','2020-11-23 19:43:15',1);
INSERT INTO `prices` VALUES (17543,1,'MED','19','Xylene 2.5 ltrs',30,'admin','2020-11-23 19:43:15','admin','2020-11-23 19:43:15',1);
INSERT INTO `prices` VALUES (17544,1,'OTH','1','Amount per day',0,'admin','2020-11-23 19:43:15','admin','2020-11-23 19:43:15',1);
/*!40000 ALTER TABLE `prices` ENABLE KEYS */;
UNLOCK TABLES;

--
-- Table structure for table `pricesothers`
--

DROP TABLE IF EXISTS `pricesothers`;
/*!40101 SET @saved_cs_client     = @@character_set_client */;
/*!40101 SET character_set_client = utf8 */;
CREATE TABLE `pricesothers` (
  `OTH_ID` int(11) NOT NULL AUTO_INCREMENT,
  `OTH_CODE` varchar(10) NOT NULL,
  `OTH_DESC` varchar(100) NOT NULL,
  `OTH_OPD_INCLUDE` int(11) NOT NULL DEFAULT 0,
  `OTH_IPD_INCLUDE` int(11) NOT NULL DEFAULT 0,
  `OTH_DAILY` int(11) NOT NULL DEFAULT 0,
  `OTH_DISCHARGE` int(11) DEFAULT 0,
  `OTH_UNDEFINED` int(11) DEFAULT 0,
  `OTH_CREATED_BY` varchar(50) DEFAULT NULL,
  `OTH_CREATED_DATE` datetime DEFAULT NULL,
  `OTH_LAST_MODIFIED_BY` varchar(50) DEFAULT NULL,
  `OTH_LAST_MODIFIED_DATE` datetime DEFAULT NULL,
  `OTH_ACTIVE` tinyint(1) NOT NULL DEFAULT 1,
  PRIMARY KEY (`OTH_ID`)
) ENGINE=MyISAM AUTO_INCREMENT=2 DEFAULT CHARSET=utf8;
/*!40101 SET character_set_client = @saved_cs_client */;

--
-- Dumping data for table `pricesothers`
--

LOCK TABLES `pricesothers` WRITE;
/*!40000 ALTER TABLE `pricesothers` DISABLE KEYS */;
INSERT INTO `pricesothers` VALUES (1,'OTH001','Amount per day',0,1,1,0,0,NULL,NULL,NULL,NULL,1);
/*!40000 ALTER TABLE `pricesothers` ENABLE KEYS */;
UNLOCK TABLES;

--
-- Table structure for table `sms`
--

DROP TABLE IF EXISTS `sms`;
/*!40101 SET @saved_cs_client     = @@character_set_client */;
/*!40101 SET character_set_client = utf8 */;
CREATE TABLE `sms` (
  `SMS_ID` int(11) NOT NULL AUTO_INCREMENT,
  `SMS_DATE` timestamp NOT NULL DEFAULT current_timestamp(),
  `SMS_DATE_SCHED` datetime NOT NULL,
  `SMS_NUMBER` varchar(45) NOT NULL,
  `SMS_TEXT` varchar(160) NOT NULL,
  `SMS_DATE_SENT` datetime DEFAULT NULL,
  `SMS_USER` varchar(50) NOT NULL DEFAULT 'admin',
  `SMS_MOD` varchar(45) NOT NULL DEFAULT 'smsmanager',
  `SMS_MOD_ID` varchar(45) DEFAULT NULL,
  PRIMARY KEY (`SMS_ID`)
) ENGINE=InnoDB DEFAULT CHARSET=utf8;
/*!40101 SET character_set_client = @saved_cs_client */;

--
-- Dumping data for table `sms`
--

LOCK TABLES `sms` WRITE;
/*!40000 ALTER TABLE `sms` DISABLE KEYS */;
/*!40000 ALTER TABLE `sms` ENABLE KEYS */;
UNLOCK TABLES;

--
-- Table structure for table `supplier`
--

DROP TABLE IF EXISTS `supplier`;
/*!40101 SET @saved_cs_client     = @@character_set_client */;
/*!40101 SET character_set_client = utf8 */;
CREATE TABLE `supplier` (
  `SUP_ID` int(11) NOT NULL AUTO_INCREMENT,
  `SUP_NAME` varchar(100) NOT NULL,
  `SUP_ADDRESS` varchar(150) DEFAULT NULL,
  `SUP_TAXCODE` varchar(50) DEFAULT NULL,
  `SUP_PHONE` varchar(20) DEFAULT NULL,
  `SUP_FAX` varchar(20) DEFAULT NULL,
  `SUP_EMAIL` varchar(100) DEFAULT NULL,
  `SUP_NOTE` varchar(200) DEFAULT NULL,
  `SUP_DELETED` char(1) DEFAULT 'N',
  `SUP_CREATED_BY` varchar(50) DEFAULT NULL,
  `SUP_CREATED_DATE` datetime DEFAULT NULL,
  `SUP_LAST_MODIFIED_BY` varchar(50) DEFAULT NULL,
  `SUP_LAST_MODIFIED_DATE` datetime DEFAULT NULL,
  `SUP_ACTIVE` tinyint(1) NOT NULL DEFAULT 1,
  PRIMARY KEY (`SUP_ID`)
) ENGINE=InnoDB AUTO_INCREMENT=3 DEFAULT CHARSET=utf8;
/*!40101 SET character_set_client = @saved_cs_client */;

--
-- Dumping data for table `supplier`
--

LOCK TABLES `supplier` WRITE;
/*!40000 ALTER TABLE `supplier` DISABLE KEYS */;
INSERT INTO `supplier` VALUES (1,'JMS',NULL,NULL,NULL,NULL,NULL,NULL,'N',NULL,NULL,NULL,NULL,1);
INSERT INTO `supplier` VALUES (2,'Enterpise Limited','Sesame Strett - 73149 New Harrington 23','','+22.243454252','+22.243454252','info@enterprise.com','','N','admin','2020-11-20 00:23:58','admin','2020-11-20 00:23:58',1);
/*!40000 ALTER TABLE `supplier` ENABLE KEYS */;
UNLOCK TABLES;

--
-- Table structure for table `therapies`
--

DROP TABLE IF EXISTS `therapies`;
/*!40101 SET @saved_cs_client     = @@character_set_client */;
/*!40101 SET character_set_client = utf8 */;
CREATE TABLE `therapies` (
  `THR_ID` int(11) NOT NULL AUTO_INCREMENT,
  `THR_PAT_ID` int(11) NOT NULL,
  `THR_STARTDATE` datetime NOT NULL,
  `THR_ENDDATE` datetime NOT NULL,
  `THR_MDSR_ID` int(11) NOT NULL,
  `THR_QTY` double NOT NULL,
  `THR_UNT_ID` int(11) NOT NULL,
  `THR_FREQINDAY` int(11) NOT NULL,
  `THR_FREQINPRD` int(11) NOT NULL,
  `THR_NOTE` text DEFAULT NULL,
  `THR_NOTIFY` tinyint(1) NOT NULL DEFAULT 0,
  `THR_SMS` tinyint(1) NOT NULL DEFAULT 0,
  `THR_CREATED_BY` varchar(50) DEFAULT NULL,
  `THR_CREATED_DATE` datetime DEFAULT NULL,
  `THR_LAST_MODIFIED_BY` varchar(50) DEFAULT NULL,
  `THR_LAST_MODIFIED_DATE` datetime DEFAULT NULL,
  `THR_ACTIVE` tinyint(1) NOT NULL DEFAULT 1,
  PRIMARY KEY (`THR_ID`),
  KEY `FK_THERAPIES_PATIENT` (`THR_PAT_ID`),
  KEY `FK_THERAPIES_MDSR` (`THR_MDSR_ID`),
  CONSTRAINT `FK_THERAPIES_MDSR` FOREIGN KEY (`THR_MDSR_ID`) REFERENCES `medicaldsr` (`MDSR_ID`) ON DELETE NO ACTION ON UPDATE NO ACTION,
  CONSTRAINT `FK_THERAPIES_PATIENT` FOREIGN KEY (`THR_PAT_ID`) REFERENCES `patient` (`PAT_ID`) ON DELETE CASCADE ON UPDATE CASCADE
) ENGINE=InnoDB AUTO_INCREMENT=10 DEFAULT CHARSET=utf8;
/*!40101 SET character_set_client = @saved_cs_client */;

--
-- Dumping data for table `therapies`
--

LOCK TABLES `therapies` WRITE;
/*!40000 ALTER TABLE `therapies` DISABLE KEYS */;
INSERT INTO `therapies` VALUES (1,471,'2020-11-20 02:31:38','2021-03-04 02:31:38',414,0.5,0,2,2,'',0,0,'admin','2020-11-20 02:31:54','admin','2020-11-20 02:31:54',1);
INSERT INTO `therapies` VALUES (2,467,'2020-11-20 02:32:13','2021-02-12 02:32:13',114,1,0,1,1,'',0,0,'admin','2020-11-20 02:32:24','admin','2020-11-20 02:32:24',1);
INSERT INTO `therapies` VALUES (3,161,'2020-11-20 14:27:46','2021-02-12 14:27:46',128,0.5,0,1,3,'',0,0,'admin','2020-11-20 14:27:58','admin','2020-11-20 14:27:58',1);
INSERT INTO `therapies` VALUES (4,526,'2021-03-15 01:00:06','2021-04-19 01:00:06',103,0.5,0,2,1,'',0,0,'admin','2021-03-15 01:00:23','admin','2021-03-15 01:00:23',1);
INSERT INTO `therapies` VALUES (5,447,'2021-03-15 01:10:42','2021-06-16 01:10:42',12,1,0,2,1,'',0,0,'admin','2021-03-15 01:11:03','admin','2021-03-15 01:11:03',1);
INSERT INTO `therapies` VALUES (6,447,'2021-03-15 00:00:00','2021-06-15 00:00:00',21,1,0,2,1,'',0,0,'admin','2021-03-15 01:12:50','admin','2021-03-15 01:13:24',1);
INSERT INTO `therapies` VALUES (7,447,'2021-03-15 00:00:00','2021-06-14 00:00:00',170,1,0,2,1,'',0,0,'admin','2021-03-15 01:13:02','admin','2021-03-15 01:13:24',1);
INSERT INTO `therapies` VALUES (8,447,'2021-03-15 00:00:00','2021-05-05 00:00:00',14,1,0,2,1,'',0,0,'admin','2021-03-15 01:13:17','admin','2021-03-15 01:13:24',1);
INSERT INTO `therapies` VALUES (9,529,'2021-03-15 12:20:53','2021-03-22 12:20:53',113,1,0,1,2,'',0,0,'admin','2021-03-15 12:21:03','admin','2021-03-15 12:21:03',1);
/*!40000 ALTER TABLE `therapies` ENABLE KEYS */;
UNLOCK TABLES;

--
-- Table structure for table `user`
--

DROP TABLE IF EXISTS `user`;
/*!40101 SET @saved_cs_client     = @@character_set_client */;
/*!40101 SET character_set_client = utf8 */;
CREATE TABLE `user` (
  `US_ID_A` varchar(50) NOT NULL DEFAULT '',
  `US_UG_ID_A` varchar(50) NOT NULL DEFAULT '',
  `US_PASSWD` varchar(60) NOT NULL DEFAULT '',
  `US_DESC` varchar(128) DEFAULT NULL,
  `US_CREATED_BY` varchar(50) DEFAULT NULL,
  `US_CREATED_DATE` datetime DEFAULT NULL,
  `US_LAST_MODIFIED_BY` varchar(50) DEFAULT NULL,
  `US_LAST_MODIFIED_DATE` datetime DEFAULT NULL,
  `US_ACTIVE` tinyint(1) NOT NULL DEFAULT 1,
  PRIMARY KEY (`US_ID_A`),
  KEY `FK_USER_USERGROUP` (`US_UG_ID_A`),
  CONSTRAINT `FK_USER_USERGROUP` FOREIGN KEY (`US_UG_ID_A`) REFERENCES `usergroup` (`UG_ID_A`) ON DELETE NO ACTION ON UPDATE CASCADE
) ENGINE=InnoDB DEFAULT CHARSET=utf8;
/*!40101 SET character_set_client = @saved_cs_client */;

--
-- Dumping data for table `user`
--

LOCK TABLES `user` WRITE;
/*!40000 ALTER TABLE `user` DISABLE KEYS */;
INSERT INTO `user` VALUES ('admin','admin','$2a$10$FI/PMO0oSHHosF2PX8l3QuB0DJepVfnynbLZ9Zm2711bF2ch8db2S','administrator',NULL,NULL,NULL,NULL,1);
INSERT INTO `user` VALUES ('guest','guest','$2a$10$b0WlANdaNV7Ukn/klFGt3.euZ7PaHuJI6TtBSM2vdxkavvkUDbpo2','guest',NULL,NULL,NULL,NULL,1);
/*!40000 ALTER TABLE `user` ENABLE KEYS */;
UNLOCK TABLES;

--
-- Table structure for table `usergroup`
--

DROP TABLE IF EXISTS `usergroup`;
/*!40101 SET @saved_cs_client     = @@character_set_client */;
/*!40101 SET character_set_client = utf8 */;
CREATE TABLE `usergroup` (
  `UG_ID_A` varchar(50) NOT NULL DEFAULT '',
  `UG_DESC` varchar(128) DEFAULT NULL,
  `UG_CREATED_BY` varchar(50) DEFAULT NULL,
  `UG_CREATED_DATE` datetime DEFAULT NULL,
  `UG_LAST_MODIFIED_BY` varchar(50) DEFAULT NULL,
  `UG_LAST_MODIFIED_DATE` datetime DEFAULT NULL,
  `UG_ACTIVE` tinyint(1) NOT NULL DEFAULT 1,
  PRIMARY KEY (`UG_ID_A`)
) ENGINE=InnoDB DEFAULT CHARSET=utf8;
/*!40101 SET character_set_client = @saved_cs_client */;

--
-- Dumping data for table `usergroup`
--

LOCK TABLES `usergroup` WRITE;
/*!40000 ALTER TABLE `usergroup` DISABLE KEYS */;
INSERT INTO `usergroup` VALUES ('admin','USER with all the privileges',NULL,NULL,NULL,NULL,1);
INSERT INTO `usergroup` VALUES ('guest','Read Only Users',NULL,NULL,NULL,NULL,1);
/*!40000 ALTER TABLE `usergroup` ENABLE KEYS */;
UNLOCK TABLES;

--
-- Table structure for table `vaccine`
--

DROP TABLE IF EXISTS `vaccine`;
/*!40101 SET @saved_cs_client     = @@character_set_client */;
/*!40101 SET character_set_client = utf8 */;
CREATE TABLE `vaccine` (
  `VAC_ID_A` varchar(10) NOT NULL,
  `VAC_DESC` varchar(50) NOT NULL,
  `VAC_VACT_ID_A` char(1) NOT NULL,
  `VAC_LOCK` int(11) NOT NULL DEFAULT 0,
  `VAC_CREATED_BY` varchar(50) DEFAULT NULL,
  `VAC_CREATED_DATE` datetime DEFAULT NULL,
  `VAC_LAST_MODIFIED_BY` varchar(50) DEFAULT NULL,
  `VAC_LAST_MODIFIED_DATE` datetime DEFAULT NULL,
  `VAC_ACTIVE` tinyint(1) NOT NULL DEFAULT 1,
  PRIMARY KEY (`VAC_ID_A`),
  KEY `FK_VACCINE_VACCINETYPE` (`VAC_VACT_ID_A`),
  CONSTRAINT `FK_VACCINE_VACCINETYPE` FOREIGN KEY (`VAC_VACT_ID_A`) REFERENCES `vaccinetype` (`VACT_ID_A`) ON DELETE NO ACTION ON UPDATE CASCADE
) ENGINE=InnoDB DEFAULT CHARSET=utf8;
/*!40101 SET character_set_client = @saved_cs_client */;

--
-- Dumping data for table `vaccine`
--

LOCK TABLES `vaccine` WRITE;
/*!40000 ALTER TABLE `vaccine` DISABLE KEYS */;
INSERT INTO `vaccine` VALUES ('1','BCG','C',0,NULL,NULL,NULL,NULL,0);
INSERT INTO `vaccine` VALUES ('10','TT VACCINE DOSE 1','P',0,NULL,NULL,NULL,NULL,0);
INSERT INTO `vaccine` VALUES ('11','TT VACCINE DOSE 2','P',0,NULL,NULL,NULL,NULL,0);
INSERT INTO `vaccine` VALUES ('12','TT VACCINE DOSE 3','P',0,NULL,NULL,NULL,NULL,0);
INSERT INTO `vaccine` VALUES ('13','TT VACCINE DOSE 4','P',0,NULL,NULL,NULL,NULL,0);
INSERT INTO `vaccine` VALUES ('14','TT VACCINE DOSE 5','P',0,NULL,NULL,NULL,NULL,0);
INSERT INTO `vaccine` VALUES ('15','TT VACCINE DOSE 2','N',0,NULL,NULL,NULL,NULL,0);
INSERT INTO `vaccine` VALUES ('16','TT VACCINE DOSE 3','N',0,NULL,NULL,NULL,NULL,0);
INSERT INTO `vaccine` VALUES ('17','TT VACCINE DOSE 4','N',0,NULL,NULL,NULL,NULL,0);
INSERT INTO `vaccine` VALUES ('18','TT VACCINE DOSE 5','N',0,NULL,NULL,NULL,NULL,0);
INSERT INTO `vaccine` VALUES ('2','POLIO 0 C','C',0,NULL,NULL,NULL,NULL,0);
INSERT INTO `vaccine` VALUES ('3','POLIO 1 C','C',0,NULL,NULL,NULL,NULL,0);
INSERT INTO `vaccine` VALUES ('4','POLIO 2 C','C',0,NULL,NULL,NULL,NULL,0);
INSERT INTO `vaccine` VALUES ('5','POLIO 3 C','C',0,NULL,NULL,NULL,NULL,0);
INSERT INTO `vaccine` VALUES ('6','DPT 1 - HepB + Hib 1','C',0,NULL,NULL,NULL,NULL,0);
INSERT INTO `vaccine` VALUES ('7','DPT 2 - HepB + Hib 1','C',0,NULL,NULL,NULL,NULL,0);
INSERT INTO `vaccine` VALUES ('8','DPT 3 - HepB + Hib 1','C',0,NULL,NULL,NULL,NULL,0);
INSERT INTO `vaccine` VALUES ('9','MEASLES','C',0,NULL,NULL,NULL,NULL,0);
/*!40000 ALTER TABLE `vaccine` ENABLE KEYS */;
UNLOCK TABLES;

--
-- Table structure for table `vaccinetype`
--

DROP TABLE IF EXISTS `vaccinetype`;
/*!40101 SET @saved_cs_client     = @@character_set_client */;
/*!40101 SET character_set_client = utf8 */;
CREATE TABLE `vaccinetype` (
  `VACT_ID_A` char(1) NOT NULL,
  `VACT_DESC` varchar(50) NOT NULL,
  `VACT_CREATED_BY` varchar(50) DEFAULT NULL,
  `VACT_CREATED_DATE` datetime DEFAULT NULL,
  `VACT_LAST_MODIFIED_BY` varchar(50) DEFAULT NULL,
  `VACT_LAST_MODIFIED_DATE` datetime DEFAULT NULL,
  `VACT_ACTIVE` tinyint(1) NOT NULL DEFAULT 1,
  PRIMARY KEY (`VACT_ID_A`)
) ENGINE=InnoDB DEFAULT CHARSET=utf8;
/*!40101 SET character_set_client = @saved_cs_client */;

--
-- Dumping data for table `vaccinetype`
--

LOCK TABLES `vaccinetype` WRITE;
/*!40000 ALTER TABLE `vaccinetype` DISABLE KEYS */;
INSERT INTO `vaccinetype` VALUES ('C','Child',NULL,NULL,NULL,NULL,0);
INSERT INTO `vaccinetype` VALUES ('N','No pregnant',NULL,NULL,NULL,NULL,0);
INSERT INTO `vaccinetype` VALUES ('P','Pregnant',NULL,NULL,NULL,NULL,0);
/*!40000 ALTER TABLE `vaccinetype` ENABLE KEYS */;
UNLOCK TABLES;

--
-- Table structure for table `version`
--

DROP TABLE IF EXISTS `version`;
/*!40101 SET @saved_cs_client     = @@character_set_client */;
/*!40101 SET character_set_client = utf8 */;
CREATE TABLE `version` (
  `VER_MAJOR` int(11) NOT NULL,
  `VER_MINOR` int(11) NOT NULL,
  `VER_SOURCE` longblob DEFAULT NULL,
  `VER_DATE` datetime NOT NULL,
  `VER_CURRENT` char(1) NOT NULL DEFAULT 'N',
  PRIMARY KEY (`VER_MAJOR`,`VER_MINOR`)
) ENGINE=MyISAM DEFAULT CHARSET=utf8;
/*!40101 SET character_set_client = @saved_cs_client */;

--
-- Dumping data for table `version`
--

LOCK TABLES `version` WRITE;
/*!40000 ALTER TABLE `version` DISABLE KEYS */;
/*!40000 ALTER TABLE `version` ENABLE KEYS */;
UNLOCK TABLES;

--
-- Table structure for table `visits`
--

DROP TABLE IF EXISTS `visits`;
/*!40101 SET @saved_cs_client     = @@character_set_client */;
/*!40101 SET character_set_client = utf8 */;
CREATE TABLE `visits` (
  `VST_ID` int(11) NOT NULL AUTO_INCREMENT,
  `VST_PAT_ID` int(11) NOT NULL,
  `VST_DATE` datetime NOT NULL,
  `VST_NOTE` text DEFAULT NULL,
  `VST_SMS` tinyint(1) DEFAULT 0,
  `VST_CREATED_BY` varchar(50) DEFAULT NULL,
  `VST_CREATED_DATE` datetime DEFAULT NULL,
  `VST_LAST_MODIFIED_BY` varchar(50) DEFAULT NULL,
  `VST_LAST_MODIFIED_DATE` datetime DEFAULT NULL,
  `VST_ACTIVE` tinyint(1) NOT NULL DEFAULT 1,
  `VST_WRD_ID_A` char(1) DEFAULT NULL,
  `VST_DURATION` int(11) DEFAULT NULL,
  `VST_SERVICE` varchar(45) DEFAULT NULL,
  PRIMARY KEY (`VST_ID`),
  KEY `FK_VISITS_PATIENT` (`VST_PAT_ID`),
  KEY `FK_VISITS_WARD` (`VST_WRD_ID_A`),
  CONSTRAINT `FK_VISITS_PATIENT` FOREIGN KEY (`VST_PAT_ID`) REFERENCES `patient` (`PAT_ID`) ON DELETE CASCADE ON UPDATE CASCADE,
  CONSTRAINT `FK_VISITS_WARD` FOREIGN KEY (`VST_WRD_ID_A`) REFERENCES `ward` (`WRD_ID_A`) ON DELETE NO ACTION ON UPDATE NO ACTION
) ENGINE=InnoDB AUTO_INCREMENT=20 DEFAULT CHARSET=utf8;
/*!40101 SET character_set_client = @saved_cs_client */;

--
-- Dumping data for table `visits`
--

LOCK TABLES `visits` WRITE;
/*!40000 ALTER TABLE `visits` DISABLE KEYS */;
INSERT INTO `visits` VALUES (1,59,'2020-11-20 00:01:22',NULL,0,'admin','2020-11-20 00:01:33','admin','2020-11-20 00:01:33',1,'C',0,'');
INSERT INTO `visits` VALUES (2,295,'2020-11-21 02:06:25',NULL,0,'admin','2020-11-20 02:07:17','admin','2020-11-20 02:07:17',1,'I',60,'Visit');
INSERT INTO `visits` VALUES (3,467,'2020-11-21 02:32:28',NULL,0,'admin','2020-11-20 02:32:43','admin','2020-11-20 02:32:43',1,'I',60,'');
INSERT INTO `visits` VALUES (4,61,'2020-11-20 19:56:34',NULL,0,'admin','2020-11-20 19:58:51','admin','2020-11-20 19:58:51',1,'F',100,'');
INSERT INTO `visits` VALUES (5,53,'2020-11-20 19:56:34',NULL,0,'admin','2020-11-20 20:01:46','admin','2020-11-20 20:01:46',1,'F',0,'');
INSERT INTO `visits` VALUES (6,57,'2020-11-20 20:06:53',NULL,0,'admin','2020-11-20 20:07:05','admin','2020-11-20 20:07:05',1,'F',0,'');
INSERT INTO `visits` VALUES (7,307,'2020-11-28 23:30:08',NULL,0,'admin','2020-11-20 23:30:10','admin','2020-11-20 23:30:10',1,NULL,NULL,NULL);
INSERT INTO `visits` VALUES (8,83,'2020-11-21 02:04:43',NULL,0,'admin','2020-11-21 02:04:51','admin','2020-11-21 02:04:51',1,'F',0,'');
INSERT INTO `visits` VALUES (9,299,'2020-11-21 02:04:43',NULL,0,'admin','2020-11-21 02:04:58','admin','2020-11-21 02:04:58',1,'F',0,'');
INSERT INTO `visits` VALUES (10,54,'2020-11-21 02:22:51',NULL,0,'admin','2020-11-21 02:23:14','admin','2020-11-21 02:23:14',1,'C',180,'');
INSERT INTO `visits` VALUES (11,373,'2020-11-22 22:05:45',NULL,0,'admin','2020-11-21 22:06:13','admin','2020-11-21 22:06:13',1,'F',120,'');
INSERT INTO `visits` VALUES (12,97,'2020-11-23 02:37:13',NULL,0,'admin','2020-11-22 02:37:30','admin','2020-11-22 02:37:30',1,'F',30,'');
INSERT INTO `visits` VALUES (13,408,'2021-07-06 11:10:00',NULL,0,'admin','2021-03-15 01:11:44','admin','2021-03-15 01:11:44',1,'F',60,'Visit');
INSERT INTO `visits` VALUES (14,284,'2021-06-18 14:30:00',NULL,0,'admin','2021-03-15 01:12:20','admin','2021-03-15 01:12:20',1,'I',45,'Visit');
INSERT INTO `visits` VALUES (15,528,'2021-05-09 18:10:00',NULL,0,'admin','2021-03-15 01:18:32','admin','2021-03-15 01:18:32',1,'F',0,'');
INSERT INTO `visits` VALUES (16,529,'2021-03-15 12:31:10',NULL,0,'admin','2021-03-15 12:31:17','admin','2021-03-15 12:31:17',1,'F',0,'');
INSERT INTO `visits` VALUES (17,257,'2021-05-19 10:30:00',NULL,0,'admin','2021-03-15 12:32:07','admin','2021-03-15 12:32:07',1,'F',45,'Visit');
INSERT INTO `visits` VALUES (18,504,'2021-05-27 12:10:00',NULL,0,'admin','2021-03-15 14:44:07','admin','2021-03-15 14:44:07',1,'M',30,'Control visit');
INSERT INTO `visits` VALUES (19,114,'2021-07-02 12:40:00',NULL,0,'admin','2021-03-15 14:44:52','admin','2021-03-15 14:44:52',1,'M',40,'Visit');
/*!40000 ALTER TABLE `visits` ENABLE KEYS */;
UNLOCK TABLES;

--
-- Table structure for table `ward`
--

DROP TABLE IF EXISTS `ward`;
/*!40101 SET @saved_cs_client     = @@character_set_client */;
/*!40101 SET character_set_client = utf8 */;
CREATE TABLE `ward` (
  `WRD_ID_A` char(1) NOT NULL,
  `WRD_NAME` varchar(50) NOT NULL,
  `WRD_TELE` varchar(50) DEFAULT NULL,
  `WRD_FAX` varchar(50) DEFAULT NULL,
  `WRD_EMAIL` varchar(50) DEFAULT NULL,
  `WRD_NBEDS` int(11) NOT NULL,
  `WRD_NQUA_NURS` int(11) NOT NULL,
  `WRD_NDOC` int(11) NOT NULL,
  `WRD_IS_PHARMACY` tinyint(1) NOT NULL DEFAULT 1,
  `WRD_IS_MALE` tinyint(1) NOT NULL DEFAULT 1,
  `WRD_IS_FEMALE` tinyint(1) NOT NULL DEFAULT 1,
  `WRD_LOCK` int(11) NOT NULL DEFAULT 0,
  `WRD_CREATED_BY` varchar(50) DEFAULT NULL,
  `WRD_CREATED_DATE` datetime DEFAULT NULL,
  `WRD_LAST_MODIFIED_BY` varchar(50) DEFAULT NULL,
  `WRD_LAST_MODIFIED_DATE` datetime DEFAULT NULL,
  `WRD_ACTIVE` tinyint(1) NOT NULL DEFAULT 1,
  PRIMARY KEY (`WRD_ID_A`)
) ENGINE=InnoDB DEFAULT CHARSET=utf8;
/*!40101 SET character_set_client = @saved_cs_client */;

--
-- Dumping data for table `ward`
--

LOCK TABLES `ward` WRITE;
/*!40000 ALTER TABLE `ward` DISABLE KEYS */;
INSERT INTO `ward` VALUES ('C','CHILDREN WARD','219','','',35,18,2,1,1,1,3,NULL,NULL,'admin','2020-11-22 02:41:08',1);
INSERT INTO `ward` VALUES ('F','FEMALE WARD','218','','',41,15,4,1,0,1,5,NULL,NULL,'admin','2020-11-22 02:45:20',1);
INSERT INTO `ward` VALUES ('I','MALE WARD','210','','',53,14,4,1,1,0,3,NULL,NULL,'admin','2020-11-22 02:45:11',1);
INSERT INTO `ward` VALUES ('M','MATERNITY WARD','211','','',67,19,4,1,0,1,2,NULL,NULL,'admin','2020-11-22 02:45:40',1);
/*!40000 ALTER TABLE `ward` ENABLE KEYS */;
UNLOCK TABLES;
/*!40103 SET TIME_ZONE=@OLD_TIME_ZONE */;

/*!40101 SET SQL_MODE=@OLD_SQL_MODE */;
/*!40014 SET FOREIGN_KEY_CHECKS=@OLD_FOREIGN_KEY_CHECKS */;
/*!40014 SET UNIQUE_CHECKS=@OLD_UNIQUE_CHECKS */;
/*!40101 SET CHARACTER_SET_CLIENT=@OLD_CHARACTER_SET_CLIENT */;
/*!40101 SET CHARACTER_SET_RESULTS=@OLD_CHARACTER_SET_RESULTS */;
/*!40101 SET COLLATION_CONNECTION=@OLD_COLLATION_CONNECTION */;
/*!40111 SET SQL_NOTES=@OLD_SQL_NOTES */;

-- Dump completed on 2021-03-15 22:37:53
